# Log excerpt; complete raw log retained locally under build/p0/runs.
# Original lines: 1828
# Marker counts: {'ERROR': 3, 'CW_RENDER': 1, 'Exception': 2, 'P0_AUDIO': 64, 'CW_VIEW': 14, 'CW_ENGAGEMENT': 2, 'P0_APPEARANCE': 2, 'P0_VIEW_SEQUENCE': 40, 'P0_LOCAL_AUDIO': 20, 'CW_LOCAL_SWING': 20, 'P0_REQUEST': 61, 'CW_ALIGN': 20, 'CW_PRESENT': 188, 'P0_VIEW_START': 61, 'CW_FEEDBACK': 63, 'CW_FRAME': 63, 'P0_VIEW': 1087}
[07:44:26] [main/ERROR] [FML]: The binary patch set is missing. Either you are in a development environment, or things are not going to work!
[07:44:27] [main/ERROR] [FML]: FML appears to be missing any signature data. This is not a good thing
This is just a prompt for computer specs to be printed. THIS IS NOT A ERROR
[07:44:31] [Client thread/INFO] [STDOUT]: [com.layue13.clashweave.client.KatanaRendering:load:35]: CW_RENDER models loaded units=block blade=+Y sheath=downwardBipedY angle=45.0
[07:44:31] [Forge Version Check/INFO] [STDERR]: [java.lang.Throwable$WrappedPrintStream:println:749]: com.google.gson.JsonSyntaxException: java.lang.IllegalStateException: Expected BEGIN_OBJECT but was STRING at line 1 column 1
[07:44:31] [Forge Version Check/INFO] [STDERR]: [java.lang.Throwable$WrappedPrintStream:println:749]: Caused by: java.lang.IllegalStateException: Expected BEGIN_OBJECT but was STRING at line 1 column 1
[07:44:31] [Client thread/INFO] [STDOUT]: [com.layue13.clashweave.validation.ClientReplay:<init>:69]: P0_AUDIO initial loader settled
[07:44:37] [Client thread/INFO] [STDOUT]: [com.layue13.clashweave.client.ViewPreservingCorrections$Preserved:processPacket:140]: CW_VIEW packet=1 marker=0 protected=false yawDelta=180.0 pitchDelta=0.0 requestedYawDelta=180.0 requestedPitchDelta=0.0 nano=89492738987000
[07:44:37] [Client thread/INFO] [STDOUT]: [com.layue13.clashweave.client.ViewPreservingCorrections$Preserved:processPacket:140]: CW_VIEW packet=1 marker=0 protected=false yawDelta=0.0 pitchDelta=0.0 requestedYawDelta=0.0 requestedPitchDelta=0.0 nano=89493178814400
[07:44:37] [Client thread/INFO] [STDOUT]: [com.layue13.clashweave.client.ViewPreservingCorrections$Preserved:processPacket:140]: CW_VIEW packet=1 marker=0 protected=false yawDelta=0.0 pitchDelta=0.0 requestedYawDelta=0.0 requestedPitchDelta=0.0 nano=89493179079900
[07:44:37] [Client thread/INFO] [STDOUT]: [com.layue13.clashweave.client.ViewPreservingCorrections$Preserved:processPacket:140]: CW_VIEW packet=1 marker=0 protected=false yawDelta=0.0 pitchDelta=0.0 requestedYawDelta=0.0 requestedPitchDelta=0.0 nano=89493179307700
[07:44:37] [Client thread/INFO] [STDOUT]: [com.layue13.clashweave.client.ViewPreservingCorrections$Preserved:processPacket:140]: CW_VIEW packet=1 marker=0 protected=false yawDelta=0.0 pitchDelta=0.0 requestedYawDelta=0.0 requestedPitchDelta=0.0 nano=89493179489000
[07:44:37] [Client thread/INFO] [STDOUT]: [com.layue13.clashweave.client.ViewPreservingCorrections$Preserved:processPacket:140]: CW_VIEW packet=1 marker=0 protected=false yawDelta=0.0 pitchDelta=0.0 requestedYawDelta=0.0 requestedPitchDelta=0.0 nano=89493179706100
[07:44:37] [Client thread/INFO] [STDOUT]: [com.layue13.clashweave.client.ViewPreservingCorrections$Preserved:processPacket:140]: CW_VIEW packet=1 marker=0 protected=false yawDelta=0.0 pitchDelta=0.0 requestedYawDelta=0.0 requestedPitchDelta=0.0 nano=89493179931900
[07:44:37] [Client thread/INFO] [STDOUT]: [com.layue13.clashweave.client.ViewPreservingCorrections$Preserved:processPacket:140]: CW_VIEW packet=1 marker=0 protected=false yawDelta=0.0 pitchDelta=0.0 requestedYawDelta=0.0 requestedPitchDelta=0.0 nano=89493180112600
[07:44:37] [Client thread/INFO] [STDOUT]: [com.layue13.clashweave.client.ViewPreservingCorrections$Preserved:processPacket:140]: CW_VIEW packet=1 marker=0 protected=false yawDelta=0.0 pitchDelta=0.0 requestedYawDelta=0.0 requestedPitchDelta=0.0 nano=89493180320400
[07:44:37] [Client thread/INFO] [STDOUT]: [com.layue13.clashweave.client.ViewPreservingCorrections$Preserved:processPacket:140]: CW_VIEW packet=1 marker=0 protected=false yawDelta=0.0 pitchDelta=0.0 requestedYawDelta=0.0 requestedPitchDelta=0.0 nano=89493180522000
[07:44:37] [Client thread/INFO] [STDOUT]: [com.layue13.clashweave.client.ViewPreservingCorrections$Preserved:processPacket:140]: CW_VIEW packet=1 marker=0 protected=false yawDelta=0.0 pitchDelta=0.0 requestedYawDelta=0.0 requestedPitchDelta=0.0 nano=89493180720100
[07:44:37] [Client thread/INFO] [STDOUT]: [com.layue13.clashweave.client.ViewPreservingCorrections$Preserved:processPacket:140]: CW_VIEW packet=1 marker=0 protected=false yawDelta=0.0 pitchDelta=0.0 requestedYawDelta=0.0 requestedPitchDelta=0.0 nano=89493180903900
[07:44:37] [Client thread/INFO] [STDOUT]: [com.layue13.clashweave.client.ClientProxy:apply:251]: CW_ENGAGEMENT player=P0A engaged=false revision=1 tick=206 receive=89493575308500
[07:44:37] [Client thread/INFO] [STDOUT]: [com.layue13.clashweave.validation.ClientReplay:tick:97]: P0_APPEARANCE entity=0 skin=clashweave:katana effects=clashweave:default animations=clashweave:katana style=katana
[07:44:47] [Client thread/INFO] [STDOUT]: [com.layue13.clashweave.client.ClientProxy:apply:251]: CW_ENGAGEMENT player=P0A engaged=true revision=3 tick=427 receive=89503535880200
[07:44:47] [Client thread/INFO] [STDOUT]: [com.layue13.clashweave.validation.ClientReplay:tick:97]: P0_APPEARANCE entity=69841 skin=clashweave:katana effects=clashweave:default animations=clashweave:katana style=katana
[07:44:53] [Client thread/INFO] [STDOUT]: [com.layue13.clashweave.validation.ClientReplay:viewReplay:305]: P0_VIEW_SEQUENCE begin=1 nano=89508802542200
[07:44:53] [Client thread/INFO] [STDOUT]: [com.layue13.clashweave.validation.ClientReplay:audio:418]: P0_LOCAL_AUDIO nano=89508803058900
[07:44:53] [Client thread/INFO] [STDOUT]: [com.layue13.clashweave.client.ClientProxy:send:166]: CW_LOCAL_SWING seq=4 press=89508802825900 feedback=89508805191500
[07:44:53] [Client thread/INFO] [STDOUT]: [com.layue13.clashweave.validation.ClientReplay:request:320]: P0_REQUEST intent=LIGHT yaw=8.368053 pitch=-1.5961332 nano=89508805434200
[07:44:53] [Client thread/INFO] [STDOUT]: [com.layue13.clashweave.client.ClientProxy:apply:265]: CW_ALIGN player=P0A seq=4 predicted=0 authoritative=0 sameAction=true
[07:44:53] [Client thread/INFO] [STDOUT]: [com.layue13.clashweave.client.ClientProxy:tick:194]: CW_PRESENT id=1 kind=DRAW actor=0 owner=0
[07:44:53] [Client thread/INFO] [STDOUT]: [com.layue13.clashweave.client.ClientProxy:tick:194]: CW_PRESENT id=2 kind=SWING actor=0 owner=0
[07:44:53] [Client thread/INFO] [STDOUT]: [com.layue13.clashweave.validation.ClientReplay:viewReplay:284]: P0_VIEW_START sequence=1 instance=1 yawDelta=0.0 pitchDelta=0.0 yaw=8.368053 pitch=-1.5961332 nano=89508854799800
[07:44:53] [Client thread/INFO] [STDOUT]: [com.layue13.clashweave.client.ClientProxy:apply:310]: CW_FEEDBACK player=P0A result=HIT frozen=89509071225500 receive=89509103633800 corrections=0
[07:44:53] [Client thread/INFO] [STDOUT]: [com.layue13.clashweave.validation.ClientReplay:audio:419]: P0_AUDIO source=random.successful_hit frozen=89509071225500 nano=89509104031300
[07:44:53] [Client thread/INFO] [STDOUT]: [com.layue13.clashweave.client.ClientProxy:tick:194]: CW_PRESENT id=3 kind=HIT actor=0 owner=0
[07:44:53] [Client thread/INFO] [STDOUT]: [com.layue13.clashweave.client.ClientProxy:tick:194]: CW_PRESENT id=4 kind=HURT actor=70598 owner=0
[07:44:53] [Client thread/INFO] [STDOUT]: [com.layue13.clashweave.client.ClientProxy:hud:381]: CW_FRAME frozen=89509071225500 frame=89509107040400
[07:44:53] [Client thread/INFO] [STDOUT]: [com.layue13.clashweave.validation.ClientReplay:request:320]: P0_REQUEST intent=LIGHT yaw=8.763294 pitch=-2.0021517 nano=89509153498000
[07:44:53] [Client thread/INFO] [STDOUT]: [com.layue13.clashweave.client.ClientProxy:apply:310]: CW_FEEDBACK player=P0A result=HIT frozen=89509071626200 receive=89509256137300 corrections=0
[07:44:53] [Client thread/INFO] [STDOUT]: [com.layue13.clashweave.client.ClientProxy:tick:194]: CW_PRESENT id=5 kind=SWING actor=0 owner=0
[07:44:53] [Client thread/INFO] [STDOUT]: [com.layue13.clashweave.validation.ClientReplay:audio:419]: P0_AUDIO source=random.successful_hit frozen=89509071626200 nano=89509256614200
[07:44:53] [Client thread/INFO] [STDOUT]: [com.layue13.clashweave.client.ClientProxy:tick:194]: CW_PRESENT id=6 kind=HIT actor=0 owner=0
[07:44:53] [Client thread/INFO] [STDOUT]: [com.layue13.clashweave.client.ClientProxy:tick:194]: CW_PRESENT id=7 kind=HURT actor=69841 owner=0
[07:44:53] [Client thread/INFO] [STDOUT]: [com.layue13.clashweave.validation.ClientReplay:viewReplay:284]: P0_VIEW_START sequence=1 instance=2 yawDelta=0.0 pitchDelta=0.0 yaw=8.797803 pitch=-2.061442 nano=89509257241600
[07:44:53] [Client thread/INFO] [STDOUT]: [com.layue13.clashweave.client.ClientProxy:hud:381]: CW_FRAME frozen=89509071626200 frame=89509257719300
[07:44:53] [Client thread/INFO] [STDOUT]: [com.layue13.clashweave.client.ClientProxy:apply:310]: CW_FEEDBACK player=P0A result=HIT frozen=89509411723400 receive=89509452989800 corrections=0
[07:44:53] [Client thread/INFO] [STDOUT]: [com.layue13.clashweave.validation.ClientReplay:audio:419]: P0_AUDIO source=random.successful_hit frozen=89509411723400 nano=89509453300200
[07:44:53] [Client thread/INFO] [STDOUT]: [com.layue13.clashweave.client.ClientProxy:tick:194]: CW_PRESENT id=8 kind=HIT actor=0 owner=0
[07:44:53] [Client thread/INFO] [STDOUT]: [com.layue13.clashweave.client.ClientProxy:tick:194]: CW_PRESENT id=9 kind=HURT actor=70598 owner=0
[07:44:53] [Client thread/INFO] [STDOUT]: [com.layue13.clashweave.client.ClientProxy:hud:381]: CW_FRAME frozen=89509411723400 frame=89509454049600
[07:44:53] [Client thread/INFO] [STDOUT]: [com.layue13.clashweave.validation.ClientReplay:request:320]: P0_REQUEST intent=LIGHT yaw=8.887405 pitch=-2.4203196 nano=89509502814400
[07:44:53] [Client thread/INFO] [STDOUT]: [com.layue13.clashweave.client.ClientProxy:apply:310]: CW_FEEDBACK player=P0A result=HIT frozen=89509412066600 receive=89509604908800 corrections=0
[07:44:53] [Client thread/INFO] [STDOUT]: [com.layue13.clashweave.client.ClientProxy:tick:194]: CW_PRESENT id=10 kind=SWING actor=0 owner=0
[07:44:53] [Client thread/INFO] [STDOUT]: [com.layue13.clashweave.validation.ClientReplay:audio:419]: P0_AUDIO source=random.successful_hit frozen=89509412066600 nano=89509605411500
[07:44:53] [Client thread/INFO] [STDOUT]: [com.layue13.clashweave.client.ClientProxy:tick:194]: CW_PRESENT id=11 kind=HIT actor=0 owner=0
[07:44:53] [Client thread/INFO] [STDOUT]: [com.layue13.clashweave.client.ClientProxy:tick:194]: CW_PRESENT id=12 kind=HURT actor=69841 owner=0
[07:44:53] [Client thread/INFO] [STDOUT]: [com.layue13.clashweave.validation.ClientReplay:viewReplay:284]: P0_VIEW_START sequence=1 instance=3 yawDelta=0.0 pitchDelta=0.0 yaw=8.882677 pitch=-2.4803064 nano=89509606013500
[07:44:53] [Client thread/INFO] [STDOUT]: [com.layue13.clashweave.client.ClientProxy:hud:381]: CW_FRAME frozen=89509412066600 frame=89509606582400
[07:44:54] [Client thread/INFO] [STDOUT]: [com.layue13.clashweave.client.ClientProxy:apply:310]: CW_FEEDBACK player=P0A result=HIT frozen=89509719150100 receive=89509752698300 corrections=0
[07:44:54] [Client thread/INFO] [STDOUT]: [com.layue13.clashweave.validation.ClientReplay:audio:419]: P0_AUDIO source=random.successful_hit frozen=89509719150100 nano=89509753029700
[07:44:54] [Client thread/INFO] [STDOUT]: [com.layue13.clashweave.client.ClientProxy:hud:381]: CW_FRAME frozen=89509719150100 frame=89509753994100
[07:44:54] [Client thread/INFO] [STDOUT]: [com.layue13.clashweave.validation.ClientReplay:request:320]: P0_REQUEST intent=LIGHT yaw=8.77489 pitch=-2.778738 nano=89509804110300
[07:44:54] [Client thread/INFO] [STDOUT]: [com.layue13.clashweave.validation.ClientReplay:viewReplay:284]: P0_VIEW_START sequence=1 instance=4 yawDelta=0.0 pitchDelta=0.0 yaw=8.736598 pitch=-2.8378627 nano=89509903914700
[07:44:54] [Client thread/INFO] [STDOUT]: [com.layue13.clashweave.client.ClientProxy:apply:310]: CW_FEEDBACK player=P0A result=HIT frozen=89510075457400 receive=89510104527300 corrections=0
[07:44:54] [Client thread/INFO] [STDOUT]: [com.layue13.clashweave.validation.ClientReplay:audio:419]: P0_AUDIO source=random.successful_hit frozen=89510075457400 nano=89510104866500
[07:44:54] [Client thread/INFO] [STDOUT]: [com.layue13.clashweave.client.ClientProxy:hud:381]: CW_FRAME frozen=89510075457400 frame=89510105713000
[07:44:54] [Client thread/INFO] [STDOUT]: [com.layue13.clashweave.validation.ClientReplay:viewReplay:297]: P0_VIEW_SEQUENCE completed=1 nano=89510602940500
[07:44:55] [Client thread/INFO] [STDOUT]: [com.layue13.clashweave.validation.ClientReplay:viewReplay:305]: P0_VIEW_SEQUENCE begin=2 nano=89510802813600
[07:44:55] [Client thread/INFO] [STDOUT]: [com.layue13.clashweave.validation.ClientReplay:audio:418]: P0_LOCAL_AUDIO nano=89510803217400
[07:44:55] [Client thread/INFO] [STDOUT]: [com.layue13.clashweave.client.ClientProxy:send:166]: CW_LOCAL_SWING seq=12 press=89510803086500 feedback=89510803414600
[07:44:55] [Client thread/INFO] [STDOUT]: [com.layue13.clashweave.validation.ClientReplay:request:320]: P0_REQUEST intent=LIGHT yaw=7.0057817 pitch=-3.8685834 nano=89510803606500
[07:44:55] [Client thread/INFO] [STDOUT]: [com.layue13.clashweave.client.ClientProxy:apply:265]: CW_ALIGN player=P0A seq=12 predicted=0 authoritative=0 sameAction=true
[07:44:55] [Client thread/INFO] [STDOUT]: [com.layue13.clashweave.validation.ClientReplay:viewReplay:284]: P0_VIEW_START sequence=2 instance=5 yawDelta=0.0 pitchDelta=0.0 yaw=7.0057817 pitch=-3.8685834 nano=89510853254300
[07:44:55] [Client thread/INFO] [STDOUT]: [com.layue13.clashweave.client.ClientProxy:apply:310]: CW_FEEDBACK player=P0A result=HIT frozen=89511014590800 receive=89511052809500 corrections=0
[07:44:55] [Client thread/INFO] [STDOUT]: [com.layue13.clashweave.validation.ClientReplay:audio:419]: P0_AUDIO source=random.successful_hit frozen=89511014590800 nano=89511053172100
[07:44:55] [Client thread/INFO] [STDOUT]: [com.layue13.clashweave.client.ClientProxy:hud:381]: CW_FRAME frozen=89511014590800 frame=89511053903400
[07:44:55] [Client thread/INFO] [STDOUT]: [com.layue13.clashweave.validation.ClientReplay:request:320]: P0_REQUEST intent=LIGHT yaw=6.1027975 pitch=-4.135757 nano=89511105115200
[07:44:55] [Client thread/INFO] [STDOUT]: [com.layue13.clashweave.validation.ClientReplay:viewReplay:284]: P0_VIEW_START sequence=2 instance=6 yawDelta=0.0 pitchDelta=0.0 yaw=5.9381332 pitch=-4.1766458 nano=89511202984800
[07:44:55] [Client thread/INFO] [STDOUT]: [com.layue13.clashweave.client.ClientProxy:apply:310]: CW_FEEDBACK player=P0A result=HIT frozen=89511325163900 receive=89511352784300 corrections=0
[07:44:55] [Client thread/INFO] [STDOUT]: [com.layue13.clashweave.validation.ClientReplay:audio:419]: P0_AUDIO source=random.successful_hit frozen=89511325163900 nano=89511353124600
[07:44:55] [Client thread/INFO] [STDOUT]: [com.layue13.clashweave.client.ClientProxy:hud:381]: CW_FRAME frozen=89511325163900 frame=89511386051400
[07:44:55] [Client thread/INFO] [STDOUT]: [com.layue13.clashweave.validation.ClientReplay:request:320]: P0_REQUEST intent=LIGHT yaw=5.0602307 pitch=-4.363946 nano=89511403599600
[07:44:55] [Client thread/INFO] [STDOUT]: [com.layue13.clashweave.validation.ClientReplay:viewReplay:284]: P0_VIEW_START sequence=2 instance=7 yawDelta=0.0 pitchDelta=0.0 yaw=4.874502 pitch=-4.3978133 nano=89511504019800
[07:44:56] [Client thread/INFO] [STDOUT]: [com.layue13.clashweave.client.ClientProxy:apply:310]: CW_FEEDBACK player=P0A result=HIT frozen=89511666811300 receive=89511703772200 corrections=0
[07:44:56] [Client thread/INFO] [STDOUT]: [com.layue13.clashweave.validation.ClientReplay:audio:419]: P0_AUDIO source=random.successful_hit frozen=89511666811300 nano=89511704092900
[07:44:56] [Client thread/INFO] [STDOUT]: [com.layue13.clashweave.client.ClientProxy:hud:381]: CW_FRAME frozen=89511666811300 frame=89511704970800
[07:44:56] [Client thread/INFO] [STDOUT]: [com.layue13.clashweave.validation.ClientReplay:viewReplay:297]: P0_VIEW_SEQUENCE completed=2 nano=89512203660600
[07:44:56] [Client thread/INFO] [STDOUT]: [com.layue13.clashweave.validation.ClientReplay:viewReplay:305]: P0_VIEW_SEQUENCE begin=3 nano=89512303620100
[07:44:56] [Client thread/INFO] [STDOUT]: [com.layue13.clashweave.validation.ClientReplay:audio:418]: P0_LOCAL_AUDIO nano=89512304037800
[07:44:56] [Client thread/INFO] [STDOUT]: [com.layue13.clashweave.client.ClientProxy:send:166]: CW_LOCAL_SWING seq=18 press=89512303887900 feedback=89512304274700
[07:44:56] [Client thread/INFO] [STDOUT]: [com.layue13.clashweave.validation.ClientReplay:request:320]: P0_REQUEST intent=LIGHT yaw=1.3416356 pitch=-4.7684064 nano=89512304474700
[07:44:56] [Client thread/INFO] [STDOUT]: [com.layue13.clashweave.client.ClientProxy:apply:265]: CW_ALIGN player=P0A seq=18 predicted=0 authoritative=0 sameAction=true
[07:44:56] [Client thread/INFO] [STDOUT]: [com.layue13.clashweave.validation.ClientReplay:viewReplay:284]: P0_VIEW_START sequence=3 instance=8 yawDelta=0.0 pitchDelta=0.0 yaw=1.3416356 pitch=-4.7684064 nano=89512359639900
[07:44:56] [Client thread/INFO] [STDOUT]: [com.layue13.clashweave.client.ClientProxy:apply:310]: CW_FEEDBACK player=P0A result=HIT frozen=89512518628500 receive=89512554149700 corrections=0
[07:44:56] [Client thread/INFO] [STDOUT]: [com.layue13.clashweave.validation.ClientReplay:audio:419]: P0_AUDIO source=random.successful_hit frozen=89512518628500 nano=89512554451100
[07:44:56] [Client thread/INFO] [STDOUT]: [com.layue13.clashweave.client.ClientProxy:hud:381]: CW_FRAME frozen=89512518628500 frame=89512555361200
[07:44:56] [Client thread/INFO] [STDOUT]: [com.layue13.clashweave.validation.ClientReplay:request:320]: P0_REQUEST intent=LIGHT yaw=-0.002000466 pitch=-4.7997575 nano=89512603937800
[07:44:57] [Client thread/INFO] [STDOUT]: [com.layue13.clashweave.validation.ClientReplay:viewReplay:284]: P0_VIEW_START sequence=3 instance=9 yawDelta=0.0 pitchDelta=0.0 yaw=-0.22700046 pitch=-4.799744 nano=89512705062600
[07:44:57] [Client thread/INFO] [STDOUT]: [com.layue13.clashweave.client.ClientProxy:apply:310]: CW_FEEDBACK player=P0A result=HIT frozen=89512813721500 receive=89512853712100 corrections=0
[07:44:57] [Client thread/INFO] [STDOUT]: [com.layue13.clashweave.validation.ClientReplay:audio:419]: P0_AUDIO source=random.successful_hit frozen=89512813721500 nano=89512891545400
[07:44:57] [Client thread/INFO] [STDOUT]: [com.layue13.clashweave.client.ClientProxy:hud:381]: CW_FRAME frozen=89512813721500 frame=89512906227000
[07:44:57] [Client thread/INFO] [STDOUT]: [com.layue13.clashweave.validation.ClientReplay:request:320]: P0_REQUEST intent=LIGHT yaw=-1.3481182 pitch=-4.777213 nano=89512907620900
[07:44:57] [Client thread/INFO] [STDOUT]: [com.layue13.clashweave.validation.ClientReplay:viewReplay:284]: P0_VIEW_START sequence=3 instance=10 yawDelta=0.0 pitchDelta=0.0 yaw=-1.5705842 pitch=-4.768234 nano=89513007179600
[07:44:57] [Client thread/INFO] [STDOUT]: [com.layue13.clashweave.client.ClientProxy:apply:310]: CW_FEEDBACK player=P0A result=HIT frozen=89513169680500 receive=89513206730900 corrections=0
[07:44:57] [Client thread/INFO] [STDOUT]: [com.layue13.clashweave.client.ClientProxy:hud:381]: CW_FRAME frozen=89513169680500 frame=89513207764300
[07:44:58] [Client thread/INFO] [STDOUT]: [com.layue13.clashweave.validation.ClientReplay:viewReplay:297]: P0_VIEW_SEQUENCE completed=3 nano=89513707373500
[07:44:58] [Client thread/INFO] [STDOUT]: [com.layue13.clashweave.validation.ClientReplay:viewReplay:305]: P0_VIEW_SEQUENCE begin=4 nano=89513806505200
[07:44:58] [Client thread/INFO] [STDOUT]: [com.layue13.clashweave.validation.ClientReplay:audio:418]: P0_LOCAL_AUDIO nano=89513806978600
[07:44:58] [Client thread/INFO] [STDOUT]: [com.layue13.clashweave.client.ClientProxy:send:166]: CW_LOCAL_SWING seq=24 press=89513806831700 feedback=89513807228500
[07:44:58] [Client thread/INFO] [STDOUT]: [com.layue13.clashweave.validation.ClientReplay:request:320]: P0_REQUEST intent=LIGHT yaw=-5.1028333 pitch=-4.3972225 nano=89513807393500
[07:44:58] [Client thread/INFO] [STDOUT]: [com.layue13.clashweave.client.ClientProxy:apply:265]: CW_ALIGN player=P0A seq=24 predicted=0 authoritative=0 sameAction=true
[07:44:58] [Client thread/INFO] [STDOUT]: [com.layue13.clashweave.validation.ClientReplay:viewReplay:284]: P0_VIEW_START sequence=4 instance=11 yawDelta=0.0 pitchDelta=0.0 yaw=-5.1028333 pitch=-4.3972225 nano=89513857393100
[07:44:58] [Client thread/INFO] [STDOUT]: [com.layue13.clashweave.validation.ClientReplay:request:320]: P0_REQUEST intent=LIGHT yaw=-6.1660957 pitch=-4.1759286 nano=89514106641100
[07:44:58] [Client thread/INFO] [STDOUT]: [com.layue13.clashweave.validation.ClientReplay:viewReplay:284]: P0_VIEW_START sequence=4 instance=12 yawDelta=0.0 pitchDelta=0.0 yaw=-6.330692 pitch=-4.1350207 nano=89514208848800
[07:44:59] [Client thread/INFO] [STDOUT]: [com.layue13.clashweave.validation.ClientReplay:viewReplay:297]: P0_VIEW_SEQUENCE completed=4 nano=89515206715300
[07:44:59] [Client thread/INFO] [STDOUT]: [com.layue13.clashweave.validation.ClientReplay:viewReplay:305]: P0_VIEW_SEQUENCE begin=5 nano=89515306482200
[07:44:59] [Client thread/INFO] [STDOUT]: [com.layue13.clashweave.validation.ClientReplay:audio:418]: P0_LOCAL_AUDIO nano=89515307004700
[07:44:59] [Client thread/INFO] [STDOUT]: [com.layue13.clashweave.client.ClientProxy:send:166]: CW_LOCAL_SWING seq=30 press=89515306796900 feedback=89515307249400
[07:44:59] [Client thread/INFO] [STDOUT]: [com.layue13.clashweave.client.ClientProxy:apply:265]: CW_ALIGN player=P0A seq=30 predicted=0 authoritative=0 sameAction=true
[07:45:01] [Client thread/INFO] [STDOUT]: [com.layue13.clashweave.validation.ClientReplay:viewReplay:297]: P0_VIEW_SEQUENCE completed=5 nano=89516706820100
[07:45:01] [Client thread/INFO] [STDOUT]: [com.layue13.clashweave.validation.ClientReplay:viewReplay:305]: P0_VIEW_SEQUENCE begin=6 nano=89516807259900
[07:45:01] [Client thread/INFO] [STDOUT]: [com.layue13.clashweave.validation.ClientReplay:audio:418]: P0_LOCAL_AUDIO nano=89516807621100
[07:45:01] [Client thread/INFO] [STDOUT]: [com.layue13.clashweave.client.ClientProxy:send:166]: CW_LOCAL_SWING seq=36 press=89516807484400 feedback=89516807800400
[07:45:01] [Client thread/INFO] [STDOUT]: [com.layue13.clashweave.client.ClientProxy:apply:265]: CW_ALIGN player=P0A seq=36 predicted=0 authoritative=0 sameAction=true
[07:45:02] [Client thread/INFO] [STDOUT]: [com.layue13.clashweave.validation.ClientReplay:viewReplay:297]: P0_VIEW_SEQUENCE completed=6 nano=89518207070700
[07:45:02] [Client thread/INFO] [STDOUT]: [com.layue13.clashweave.validation.ClientReplay:audio:418]: P0_LOCAL_AUDIO nano=89518306964600
[07:45:02] [Client thread/INFO] [STDOUT]: [com.layue13.clashweave.client.ClientProxy:send:166]: CW_LOCAL_SWING seq=42 press=89518306737800 feedback=89518307138600
[07:45:02] [Client thread/INFO] [STDOUT]: [com.layue13.clashweave.client.ClientProxy:apply:265]: CW_ALIGN player=P0A seq=42 predicted=0 authoritative=0 sameAction=true
[07:45:04] [Client thread/INFO] [STDOUT]: [com.layue13.clashweave.validation.ClientReplay:audio:418]: P0_LOCAL_AUDIO nano=89519806918000
[07:45:04] [Client thread/INFO] [STDOUT]: [com.layue13.clashweave.client.ClientProxy:send:166]: CW_LOCAL_SWING seq=48 press=89519806783600 feedback=89519807112900
[07:45:04] [Client thread/INFO] [STDOUT]: [com.layue13.clashweave.client.ClientProxy:apply:265]: CW_ALIGN player=P0A seq=48 predicted=0 authoritative=0 sameAction=true
[07:45:05] [Client thread/INFO] [STDOUT]: [com.layue13.clashweave.validation.ClientReplay:audio:418]: P0_LOCAL_AUDIO nano=89521308165700
[07:45:05] [Client thread/INFO] [STDOUT]: [com.layue13.clashweave.client.ClientProxy:send:166]: CW_LOCAL_SWING seq=54 press=89521308023600 feedback=89521308502500
[07:45:05] [Client thread/INFO] [STDOUT]: [com.layue13.clashweave.client.ClientProxy:apply:265]: CW_ALIGN player=P0A seq=54 predicted=0 authoritative=0 sameAction=true
[07:45:07] [Client thread/INFO] [STDOUT]: [com.layue13.clashweave.validation.ClientReplay:audio:418]: P0_LOCAL_AUDIO nano=89522807073600
[07:45:07] [Client thread/INFO] [STDOUT]: [com.layue13.clashweave.client.ClientProxy:send:166]: CW_LOCAL_SWING seq=60 press=89522806898900 feedback=89522807260900
[07:45:07] [Client thread/INFO] [STDOUT]: [com.layue13.clashweave.client.ClientProxy:apply:265]: CW_ALIGN player=P0A seq=60 predicted=0 authoritative=0 sameAction=true
[07:45:08] [Client thread/INFO] [STDOUT]: [com.layue13.clashweave.validation.ClientReplay:audio:418]: P0_LOCAL_AUDIO nano=89524307634100
[07:45:08] [Client thread/INFO] [STDOUT]: [com.layue13.clashweave.client.ClientProxy:send:166]: CW_LOCAL_SWING seq=66 press=89524307466600 feedback=89524307874800
[07:45:08] [Client thread/INFO] [STDOUT]: [com.layue13.clashweave.client.ClientProxy:apply:265]: CW_ALIGN player=P0A seq=66 predicted=0 authoritative=0 sameAction=true
[07:45:10] [Client thread/INFO] [STDOUT]: [com.layue13.clashweave.validation.ClientReplay:audio:418]: P0_LOCAL_AUDIO nano=89525817130600
[07:45:10] [Client thread/INFO] [STDOUT]: [com.layue13.clashweave.client.ClientProxy:send:166]: CW_LOCAL_SWING seq=72 press=89525816996700 feedback=89525817315400
[07:45:10] [Client thread/INFO] [STDOUT]: [com.layue13.clashweave.client.ClientProxy:apply:265]: CW_ALIGN player=P0A seq=72 predicted=0 authoritative=0 sameAction=true
[07:45:23] [Client thread/INFO] [STDOUT]: [com.layue13.clashweave.validation.ClientReplay:viewReplay:314]: P0_VIEW COMPLETE nano=89539168939600
[07:45:23] [Client thread/INFO] [STDOUT]: [com.layue13.clashweave.validation.ClientReplay:viewReplay:314]: P0_VIEW COMPLETE nano=89539218379000
[07:45:23] [Client thread/INFO] [STDOUT]: [com.layue13.clashweave.validation.ClientReplay:viewReplay:314]: P0_VIEW COMPLETE nano=89539269097100
[07:45:23] [Client thread/INFO] [STDOUT]: [com.layue13.clashweave.validation.ClientReplay:viewReplay:314]: P0_VIEW COMPLETE nano=89539318881500
[07:45:23] [Client thread/INFO] [STDOUT]: [com.layue13.clashweave.validation.ClientReplay:viewReplay:314]: P0_VIEW COMPLETE nano=89539368803800
[07:45:23] [Client thread/INFO] [STDOUT]: [com.layue13.clashweave.validation.ClientReplay:viewReplay:314]: P0_VIEW COMPLETE nano=89539419230300
[07:45:23] [Client thread/INFO] [STDOUT]: [com.layue13.clashweave.validation.ClientReplay:viewReplay:314]: P0_VIEW COMPLETE nano=89539469173500
[07:45:23] [Client thread/INFO] [STDOUT]: [com.layue13.clashweave.validation.ClientReplay:viewReplay:314]: P0_VIEW COMPLETE nano=89539519132400
[07:45:23] [Client thread/INFO] [STDOUT]: [com.layue13.clashweave.validation.ClientReplay:viewReplay:314]: P0_VIEW COMPLETE nano=89539568362700
[07:45:23] [Client thread/INFO] [STDOUT]: [com.layue13.clashweave.validation.ClientReplay:viewReplay:314]: P0_VIEW COMPLETE nano=89539618509400
[07:45:24] [Client thread/INFO] [STDOUT]: [com.layue13.clashweave.validation.ClientReplay:viewReplay:314]: P0_VIEW COMPLETE nano=89539668871600
[07:45:24] [Client thread/INFO] [STDOUT]: [com.layue13.clashweave.validation.ClientReplay:viewReplay:314]: P0_VIEW COMPLETE nano=89539718499000
[07:45:24] [Client thread/INFO] [STDOUT]: [com.layue13.clashweave.validation.ClientReplay:viewReplay:314]: P0_VIEW COMPLETE nano=89539768423000
[07:45:24] [Client thread/INFO] [STDOUT]: [com.layue13.clashweave.validation.ClientReplay:viewReplay:314]: P0_VIEW COMPLETE nano=89539818467400
[07:45:24] [Client thread/INFO] [STDOUT]: [com.layue13.clashweave.validation.ClientReplay:viewReplay:314]: P0_VIEW COMPLETE nano=89539868820600
[07:45:24] [Client thread/INFO] [STDOUT]: [com.layue13.clashweave.validation.ClientReplay:viewReplay:314]: P0_VIEW COMPLETE nano=89539918835600
[07:45:24] [Client thread/INFO] [STDOUT]: [com.layue13.clashweave.validation.ClientReplay:viewReplay:314]: P0_VIEW COMPLETE nano=89539968701700
[07:45:24] [Client thread/INFO] [STDOUT]: [com.layue13.clashweave.validation.ClientReplay:viewReplay:314]: P0_VIEW COMPLETE nano=89540018432900
[07:45:24] [Client thread/INFO] [STDOUT]: [com.layue13.clashweave.validation.ClientReplay:viewReplay:314]: P0_VIEW COMPLETE nano=89540069581600
[07:45:24] [Client thread/INFO] [STDOUT]: [com.layue13.clashweave.validation.ClientReplay:viewReplay:314]: P0_VIEW COMPLETE nano=89540118871000
[07:45:24] [Client thread/INFO] [STDOUT]: [com.layue13.clashweave.validation.ClientReplay:viewReplay:314]: P0_VIEW COMPLETE nano=89540168768800
[07:45:24] [Client thread/INFO] [STDOUT]: [com.layue13.clashweave.validation.ClientReplay:viewReplay:314]: P0_VIEW COMPLETE nano=89540218916900
[07:45:24] [Client thread/INFO] [STDOUT]: [com.layue13.clashweave.validation.ClientReplay:viewReplay:314]: P0_VIEW COMPLETE nano=89540531337900
[07:45:24] [Client thread/INFO] [STDOUT]: [com.layue13.clashweave.validation.ClientReplay:viewReplay:314]: P0_VIEW COMPLETE nano=89540569335700
[07:45:24] [Client thread/INFO] [STDOUT]: [com.layue13.clashweave.validation.ClientReplay:viewReplay:314]: P0_VIEW COMPLETE nano=89540569800400
[07:45:24] [Client thread/INFO] [STDOUT]: [com.layue13.clashweave.validation.ClientReplay:viewReplay:314]: P0_VIEW COMPLETE nano=89540570271100
[07:45:24] [Client thread/INFO] [STDOUT]: [com.layue13.clashweave.validation.ClientReplay:viewReplay:314]: P0_VIEW COMPLETE nano=89540570652000
[07:45:24] [Client thread/INFO] [STDOUT]: [com.layue13.clashweave.validation.ClientReplay:viewReplay:314]: P0_VIEW COMPLETE nano=89540571009200
[07:45:24] [Client thread/INFO] [STDOUT]: [com.layue13.clashweave.validation.ClientReplay:viewReplay:314]: P0_VIEW COMPLETE nano=89540571984700
[07:45:24] [Client thread/INFO] [STDOUT]: [com.layue13.clashweave.validation.ClientReplay:viewReplay:314]: P0_VIEW COMPLETE nano=89540621681700
[07:45:25] [Client thread/INFO] [STDOUT]: [com.layue13.clashweave.validation.ClientReplay:viewReplay:314]: P0_VIEW COMPLETE nano=89540656275200
[07:45:25] [Client thread/INFO] [STDOUT]: [com.layue13.clashweave.validation.ClientReplay:viewReplay:314]: P0_VIEW COMPLETE nano=89540721973700
[07:45:25] [Client thread/INFO] [STDOUT]: [com.layue13.clashweave.validation.ClientReplay:viewReplay:314]: P0_VIEW COMPLETE nano=89540772014900
[07:45:25] [Client thread/INFO] [STDOUT]: [com.layue13.clashweave.validation.ClientReplay:viewReplay:314]: P0_VIEW COMPLETE nano=89540821838600
[07:45:25] [Client thread/INFO] [STDOUT]: [com.layue13.clashweave.validation.ClientReplay:viewReplay:314]: P0_VIEW COMPLETE nano=89540871820000
[07:45:25] [Client thread/INFO] [STDOUT]: [com.layue13.clashweave.validation.ClientReplay:viewReplay:314]: P0_VIEW COMPLETE nano=89540921948700
[07:45:25] [Client thread/INFO] [STDOUT]: [com.layue13.clashweave.validation.ClientReplay:viewReplay:314]: P0_VIEW COMPLETE nano=89540971610500
[07:45:25] [Client thread/INFO] [STDOUT]: [com.layue13.clashweave.validation.ClientReplay:viewReplay:314]: P0_VIEW COMPLETE nano=89541021662800
[07:45:25] [Client thread/INFO] [STDOUT]: [com.layue13.clashweave.validation.ClientReplay:viewReplay:314]: P0_VIEW COMPLETE nano=89541071786500
[07:45:25] [Client thread/INFO] [STDOUT]: [com.layue13.clashweave.validation.ClientReplay:viewReplay:314]: P0_VIEW COMPLETE nano=89541121857900
[07:45:25] [Client thread/INFO] [STDOUT]: [com.layue13.clashweave.validation.ClientReplay:viewReplay:314]: P0_VIEW COMPLETE nano=89541171672200
[07:45:25] [Client thread/INFO] [STDOUT]: [com.layue13.clashweave.validation.ClientReplay:viewReplay:314]: P0_VIEW COMPLETE nano=89541221946800
[07:45:25] [Client thread/INFO] [STDOUT]: [com.layue13.clashweave.validation.ClientReplay:viewReplay:314]: P0_VIEW COMPLETE nano=89541271815000
[07:45:25] [Client thread/INFO] [STDOUT]: [com.layue13.clashweave.validation.ClientReplay:viewReplay:314]: P0_VIEW COMPLETE nano=89541321628400
[07:45:25] [Client thread/INFO] [STDOUT]: [com.layue13.clashweave.validation.ClientReplay:viewReplay:314]: P0_VIEW COMPLETE nano=89541371539100
[07:45:25] [Client thread/INFO] [STDOUT]: [com.layue13.clashweave.validation.ClientReplay:viewReplay:314]: P0_VIEW COMPLETE nano=89541421743900
[07:45:25] [Client thread/INFO] [STDOUT]: [com.layue13.clashweave.validation.ClientReplay:viewReplay:314]: P0_VIEW COMPLETE nano=89541472311000
[07:45:25] [Client thread/INFO] [STDOUT]: [com.layue13.clashweave.validation.ClientReplay:viewReplay:314]: P0_VIEW COMPLETE nano=89541521560800
[07:45:25] [Client thread/INFO] [STDOUT]: [com.layue13.clashweave.validation.ClientReplay:viewReplay:314]: P0_VIEW COMPLETE nano=89541571434200
[07:45:25] [Client thread/INFO] [STDOUT]: [com.layue13.clashweave.validation.ClientReplay:viewReplay:314]: P0_VIEW COMPLETE nano=89541621597500
[07:45:26] [Client thread/INFO] [STDOUT]: [com.layue13.clashweave.validation.ClientReplay:viewReplay:314]: P0_VIEW COMPLETE nano=89541657420800
[07:45:26] [Client thread/INFO] [STDOUT]: [com.layue13.clashweave.validation.ClientReplay:viewReplay:314]: P0_VIEW COMPLETE nano=89541721850200
[07:45:26] [Client thread/INFO] [STDOUT]: [com.layue13.clashweave.validation.ClientReplay:viewReplay:314]: P0_VIEW COMPLETE nano=89541772236800
[07:45:26] [Client thread/INFO] [STDOUT]: [com.layue13.clashweave.validation.ClientReplay:viewReplay:314]: P0_VIEW COMPLETE nano=89541821534300
[07:45:26] [Client thread/INFO] [STDOUT]: [com.layue13.clashweave.validation.ClientReplay:viewReplay:314]: P0_VIEW COMPLETE nano=89541872258100
[07:45:26] [Client thread/INFO] [STDOUT]: [com.layue13.clashweave.validation.ClientReplay:viewReplay:314]: P0_VIEW COMPLETE nano=89541922363900
[07:45:26] [Client thread/INFO] [STDOUT]: [com.layue13.clashweave.validation.ClientReplay:viewReplay:314]: P0_VIEW COMPLETE nano=89541971706400
[07:45:26] [Client thread/INFO] [STDOUT]: [com.layue13.clashweave.validation.ClientReplay:viewReplay:314]: P0_VIEW COMPLETE nano=89542021432300
[07:45:26] [Client thread/INFO] [STDOUT]: [com.layue13.clashweave.validation.ClientReplay:viewReplay:314]: P0_VIEW COMPLETE nano=89542071466700
[07:45:26] [Client thread/INFO] [STDOUT]: [com.layue13.clashweave.validation.ClientReplay:viewReplay:314]: P0_VIEW COMPLETE nano=89542122422600
[07:45:26] [Client thread/INFO] [STDOUT]: [com.layue13.clashweave.validation.ClientReplay:viewReplay:314]: P0_VIEW COMPLETE nano=89542156709300
[07:45:26] [Client thread/INFO] [STDOUT]: [com.layue13.clashweave.validation.ClientReplay:viewReplay:314]: P0_VIEW COMPLETE nano=89542221650400
[07:45:26] [Client thread/INFO] [STDOUT]: [com.layue13.clashweave.validation.ClientReplay:viewReplay:314]: P0_VIEW COMPLETE nano=89542256525900
[07:45:26] [Client thread/INFO] [STDOUT]: [com.layue13.clashweave.validation.ClientReplay:viewReplay:314]: P0_VIEW COMPLETE nano=89542321781800
[07:45:26] [Client thread/INFO] [STDOUT]: [com.layue13.clashweave.validation.ClientReplay:viewReplay:314]: P0_VIEW COMPLETE nano=89542372049800
[07:45:26] [Client thread/INFO] [STDOUT]: [com.layue13.clashweave.validation.ClientReplay:viewReplay:314]: P0_VIEW COMPLETE nano=89542422088800
[07:45:26] [Client thread/INFO] [STDOUT]: [com.layue13.clashweave.validation.ClientReplay:viewReplay:314]: P0_VIEW COMPLETE nano=89542471450300
[07:45:26] [Client thread/INFO] [STDOUT]: [com.layue13.clashweave.validation.ClientReplay:viewReplay:314]: P0_VIEW COMPLETE nano=89542521735200
[07:45:26] [Client thread/INFO] [STDOUT]: [com.layue13.clashweave.validation.ClientReplay:viewReplay:314]: P0_VIEW COMPLETE nano=89542571370100
[07:45:26] [Client thread/INFO] [STDOUT]: [com.layue13.clashweave.validation.ClientReplay:viewReplay:314]: P0_VIEW COMPLETE nano=89542621323500
[07:45:27] [Client thread/INFO] [STDOUT]: [com.layue13.clashweave.validation.ClientReplay:viewReplay:314]: P0_VIEW COMPLETE nano=89542672314000
[07:45:27] [Client thread/INFO] [STDOUT]: [com.layue13.clashweave.validation.ClientReplay:viewReplay:314]: P0_VIEW COMPLETE nano=89542722132500
[07:45:27] [Client thread/INFO] [STDOUT]: [com.layue13.clashweave.validation.ClientReplay:viewReplay:314]: P0_VIEW COMPLETE nano=89542771811600
[07:45:27] [Client thread/INFO] [STDOUT]: [com.layue13.clashweave.validation.ClientReplay:viewReplay:314]: P0_VIEW COMPLETE nano=89542822484100
[07:45:27] [Client thread/INFO] [STDOUT]: [com.layue13.clashweave.validation.ClientReplay:viewReplay:314]: P0_VIEW COMPLETE nano=89542872133100
[07:45:27] [Client thread/INFO] [STDOUT]: [com.layue13.clashweave.validation.ClientReplay:viewReplay:314]: P0_VIEW COMPLETE nano=89542921407700
[07:45:27] [Client thread/INFO] [STDOUT]: [com.layue13.clashweave.validation.ClientReplay:viewReplay:314]: P0_VIEW COMPLETE nano=89542971527300
[07:45:27] [Client thread/INFO] [STDOUT]: [com.layue13.clashweave.validation.ClientReplay:viewReplay:314]: P0_VIEW COMPLETE nano=89543021521500
[07:45:27] [Client thread/INFO] [STDOUT]: [com.layue13.clashweave.validation.ClientReplay:viewReplay:314]: P0_VIEW COMPLETE nano=89543071801000
[07:45:27] [Client thread/INFO] [STDOUT]: [com.layue13.clashweave.validation.ClientReplay:viewReplay:314]: P0_VIEW COMPLETE nano=89543121543300
[07:45:27] [Client thread/INFO] [STDOUT]: [com.layue13.clashweave.validation.ClientReplay:viewReplay:314]: P0_VIEW COMPLETE nano=89543171533800
[07:45:27] [Client thread/INFO] [STDOUT]: [com.layue13.clashweave.validation.ClientReplay:viewReplay:314]: P0_VIEW COMPLETE nano=89543221783600
[07:45:27] [Client thread/INFO] [STDOUT]: [com.layue13.clashweave.validation.ClientReplay:viewReplay:314]: P0_VIEW COMPLETE nano=89543271610800
[07:45:27] [Client thread/INFO] [STDOUT]: [com.layue13.clashweave.validation.ClientReplay:viewReplay:314]: P0_VIEW COMPLETE nano=89543322192200
[07:45:27] [Client thread/INFO] [STDOUT]: [com.layue13.clashweave.validation.ClientReplay:viewReplay:314]: P0_VIEW COMPLETE nano=89543371723800
[07:45:27] [Client thread/INFO] [STDOUT]: [com.layue13.clashweave.validation.ClientReplay:viewReplay:314]: P0_VIEW COMPLETE nano=89543421781800
[07:45:27] [Client thread/INFO] [STDOUT]: [com.layue13.clashweave.validation.ClientReplay:viewReplay:314]: P0_VIEW COMPLETE nano=89543471372600
[07:45:27] [Client thread/INFO] [STDOUT]: [com.layue13.clashweave.validation.ClientReplay:viewReplay:314]: P0_VIEW COMPLETE nano=89543522484300
[07:45:27] [Client thread/INFO] [STDOUT]: [com.layue13.clashweave.validation.ClientReplay:viewReplay:314]: P0_VIEW COMPLETE nano=89543571633200
[07:45:27] [Client thread/INFO] [STDOUT]: [com.layue13.clashweave.validation.ClientReplay:viewReplay:314]: P0_VIEW COMPLETE nano=89543606320600
[07:45:28] [Client thread/INFO] [STDOUT]: [com.layue13.clashweave.validation.ClientReplay:viewReplay:314]: P0_VIEW COMPLETE nano=89543671517200
[07:45:28] [Client thread/INFO] [STDOUT]: [com.layue13.clashweave.validation.ClientReplay:viewReplay:314]: P0_VIEW COMPLETE nano=89543721681300
[07:45:28] [Client thread/INFO] [STDOUT]: [com.layue13.clashweave.validation.ClientReplay:viewReplay:314]: P0_VIEW COMPLETE nano=89543772245100
[07:45:28] [Client thread/INFO] [STDOUT]: [com.layue13.clashweave.validation.ClientReplay:viewReplay:314]: P0_VIEW COMPLETE nano=89543821787400
[07:45:28] [Client thread/INFO] [STDOUT]: [com.layue13.clashweave.validation.ClientReplay:viewReplay:314]: P0_VIEW COMPLETE nano=89543871546100
[07:45:28] [Client thread/INFO] [STDOUT]: [com.layue13.clashweave.validation.ClientReplay:viewReplay:314]: P0_VIEW COMPLETE nano=89543921743100
[07:45:28] [Client thread/INFO] [STDOUT]: [com.layue13.clashweave.validation.ClientReplay:viewReplay:314]: P0_VIEW COMPLETE nano=89543971640600
[07:45:28] [Client thread/INFO] [STDOUT]: [com.layue13.clashweave.validation.ClientReplay:viewReplay:314]: P0_VIEW COMPLETE nano=89544021599300
[07:45:28] [Client thread/INFO] [STDOUT]: [com.layue13.clashweave.validation.ClientReplay:viewReplay:314]: P0_VIEW COMPLETE nano=89544071879300
[07:45:28] [Client thread/INFO] [STDOUT]: [com.layue13.clashweave.validation.ClientReplay:viewReplay:314]: P0_VIEW COMPLETE nano=89544122612200
[07:45:28] [Client thread/INFO] [STDOUT]: [com.layue13.clashweave.validation.ClientReplay:viewReplay:314]: P0_VIEW COMPLETE nano=89544171534400
[07:45:28] [Client thread/INFO] [STDOUT]: [com.layue13.clashweave.validation.ClientReplay:viewReplay:314]: P0_VIEW COMPLETE nano=89544221951200
[07:45:28] [Client thread/INFO] [STDOUT]: [com.layue13.clashweave.validation.ClientReplay:viewReplay:314]: P0_VIEW COMPLETE nano=89544271801800
[07:45:28] [Client thread/INFO] [STDOUT]: [com.layue13.clashweave.validation.ClientReplay:viewReplay:314]: P0_VIEW COMPLETE nano=89544322067700
[07:45:28] [Client thread/INFO] [STDOUT]: [com.layue13.clashweave.validation.ClientReplay:viewReplay:314]: P0_VIEW COMPLETE nano=89544372475800
[07:45:28] [Client thread/INFO] [STDOUT]: [com.layue13.clashweave.validation.ClientReplay:viewReplay:314]: P0_VIEW COMPLETE nano=89544422389600
[07:45:28] [Client thread/INFO] [STDOUT]: [com.layue13.clashweave.validation.ClientReplay:viewReplay:314]: P0_VIEW COMPLETE nano=89544471612100
[07:45:28] [Client thread/INFO] [STDOUT]: [com.layue13.clashweave.validation.ClientReplay:viewReplay:314]: P0_VIEW COMPLETE nano=89544521390300
[07:45:28] [Client thread/INFO] [STDOUT]: [com.layue13.clashweave.validation.ClientReplay:viewReplay:314]: P0_VIEW COMPLETE nano=89544572416300
[07:45:28] [Client thread/INFO] [STDOUT]: [com.layue13.clashweave.validation.ClientReplay:viewReplay:314]: P0_VIEW COMPLETE nano=89544621349200
[07:45:29] [Client thread/INFO] [STDOUT]: [com.layue13.clashweave.validation.ClientReplay:viewReplay:314]: P0_VIEW COMPLETE nano=89544672274900
[07:45:29] [Client thread/INFO] [STDOUT]: [com.layue13.clashweave.validation.ClientReplay:viewReplay:314]: P0_VIEW COMPLETE nano=89544722244900
[07:45:29] [Client thread/INFO] [STDOUT]: [com.layue13.clashweave.validation.ClientReplay:viewReplay:314]: P0_VIEW COMPLETE nano=89544771408500
[07:45:29] [Client thread/INFO] [STDOUT]: [com.layue13.clashweave.validation.ClientReplay:viewReplay:314]: P0_VIEW COMPLETE nano=89544821340100
[07:45:29] [Client thread/INFO] [STDOUT]: [com.layue13.clashweave.validation.ClientReplay:viewReplay:314]: P0_VIEW COMPLETE nano=89544872172200
[07:45:29] [Client thread/INFO] [STDOUT]: [com.layue13.clashweave.validation.ClientReplay:viewReplay:314]: P0_VIEW COMPLETE nano=89544906582300
[07:45:29] [Client thread/INFO] [STDOUT]: [com.layue13.clashweave.validation.ClientReplay:viewReplay:314]: P0_VIEW COMPLETE nano=89544972032100
[07:45:29] [Client thread/INFO] [STDOUT]: [com.layue13.clashweave.validation.ClientReplay:viewReplay:314]: P0_VIEW COMPLETE nano=89545021407300
[07:45:29] [Client thread/INFO] [STDOUT]: [com.layue13.clashweave.validation.ClientReplay:viewReplay:314]: P0_VIEW COMPLETE nano=89545072378300
[07:45:29] [Client thread/INFO] [STDOUT]: [com.layue13.clashweave.validation.ClientReplay:viewReplay:314]: P0_VIEW COMPLETE nano=89545121547500
[07:45:29] [Client thread/INFO] [STDOUT]: [com.layue13.clashweave.validation.ClientReplay:viewReplay:314]: P0_VIEW COMPLETE nano=89545172405800
[07:45:29] [Client thread/INFO] [STDOUT]: [com.layue13.clashweave.validation.ClientReplay:viewReplay:314]: P0_VIEW COMPLETE nano=89545221690500
[07:45:29] [Client thread/INFO] [STDOUT]: [com.layue13.clashweave.validation.ClientReplay:viewReplay:314]: P0_VIEW COMPLETE nano=89545271608400
[07:45:29] [Client thread/INFO] [STDOUT]: [com.layue13.clashweave.validation.ClientReplay:viewReplay:314]: P0_VIEW COMPLETE nano=89545321653100
[07:45:29] [Client thread/INFO] [STDOUT]: [com.layue13.clashweave.validation.ClientReplay:viewReplay:314]: P0_VIEW COMPLETE nano=89545371601500
[07:45:29] [Client thread/INFO] [STDOUT]: [com.layue13.clashweave.validation.ClientReplay:viewReplay:314]: P0_VIEW COMPLETE nano=89545421523400
[07:45:29] [Client thread/INFO] [STDOUT]: [com.layue13.clashweave.validation.ClientReplay:viewReplay:314]: P0_VIEW COMPLETE nano=89545472455900
[07:45:29] [Client thread/INFO] [STDOUT]: [com.layue13.clashweave.validation.ClientReplay:viewReplay:314]: P0_VIEW COMPLETE nano=89545522187700
[07:45:29] [Client thread/INFO] [STDOUT]: [com.layue13.clashweave.validation.ClientReplay:viewReplay:314]: P0_VIEW COMPLETE nano=89545572062500
[07:45:29] [Client thread/INFO] [STDOUT]: [com.layue13.clashweave.validation.ClientReplay:viewReplay:314]: P0_VIEW COMPLETE nano=89545622408600
[07:45:30] [Client thread/INFO] [STDOUT]: [com.layue13.clashweave.validation.ClientReplay:viewReplay:314]: P0_VIEW COMPLETE nano=89545672363900
[07:45:30] [Client thread/INFO] [STDOUT]: [com.layue13.clashweave.validation.ClientReplay:viewReplay:314]: P0_VIEW COMPLETE nano=89545722296200
[07:45:30] [Client thread/INFO] [STDOUT]: [com.layue13.clashweave.validation.ClientReplay:viewReplay:314]: P0_VIEW COMPLETE nano=89545772085600
[07:45:30] [Client thread/INFO] [STDOUT]: [com.layue13.clashweave.validation.ClientReplay:viewReplay:314]: P0_VIEW COMPLETE nano=89545821615500
[07:45:30] [Client thread/INFO] [STDOUT]: [com.layue13.clashweave.validation.ClientReplay:viewReplay:314]: P0_VIEW COMPLETE nano=89545871737300
[07:45:30] [Client thread/INFO] [STDOUT]: [com.layue13.clashweave.validation.ClientReplay:viewReplay:314]: P0_VIEW COMPLETE nano=89545921814800
[07:45:30] [Client thread/INFO] [STDOUT]: [com.layue13.clashweave.validation.ClientReplay:viewReplay:314]: P0_VIEW COMPLETE nano=89545972553600
[07:45:30] [Client thread/INFO] [STDOUT]: [com.layue13.clashweave.validation.ClientReplay:viewReplay:314]: P0_VIEW COMPLETE nano=89546022088400
[07:45:30] [Client thread/INFO] [STDOUT]: [com.layue13.clashweave.validation.ClientReplay:viewReplay:314]: P0_VIEW COMPLETE nano=89546071381200
[07:45:30] [Client thread/INFO] [STDOUT]: [com.layue13.clashweave.validation.ClientReplay:viewReplay:314]: P0_VIEW COMPLETE nano=89546122122000
[07:45:30] [Client thread/INFO] [STDOUT]: [com.layue13.clashweave.validation.ClientReplay:viewReplay:314]: P0_VIEW COMPLETE nano=89546172438200
[07:45:30] [Client thread/INFO] [STDOUT]: [com.layue13.clashweave.validation.ClientReplay:viewReplay:314]: P0_VIEW COMPLETE nano=89546222457400
[07:45:30] [Client thread/INFO] [STDOUT]: [com.layue13.clashweave.validation.ClientReplay:viewReplay:314]: P0_VIEW COMPLETE nano=89546273484400
[07:45:30] [Client thread/INFO] [STDOUT]: [com.layue13.clashweave.validation.ClientReplay:viewReplay:314]: P0_VIEW COMPLETE nano=89546321649800
[07:45:30] [Client thread/INFO] [STDOUT]: [com.layue13.clashweave.validation.ClientReplay:viewReplay:314]: P0_VIEW COMPLETE nano=89546371368800
[07:45:30] [Client thread/INFO] [STDOUT]: [com.layue13.clashweave.validation.ClientReplay:viewReplay:314]: P0_VIEW COMPLETE nano=89546422378200
[07:45:30] [Client thread/INFO] [STDOUT]: [com.layue13.clashweave.validation.ClientReplay:viewReplay:314]: P0_VIEW COMPLETE nano=89546471338800
[07:45:30] [Client thread/INFO] [STDOUT]: [com.layue13.clashweave.validation.ClientReplay:viewReplay:314]: P0_VIEW COMPLETE nano=89546521411400
[07:45:30] [Client thread/INFO] [STDOUT]: [com.layue13.clashweave.validation.ClientReplay:viewReplay:314]: P0_VIEW COMPLETE nano=89546571434100
[07:45:30] [Client thread/INFO] [STDOUT]: [com.layue13.clashweave.validation.ClientReplay:viewReplay:314]: P0_VIEW COMPLETE nano=89546622316000
[07:45:31] [Client thread/INFO] [STDOUT]: [com.layue13.clashweave.validation.ClientReplay:viewReplay:314]: P0_VIEW COMPLETE nano=89546656460600
[07:45:31] [Client thread/INFO] [STDOUT]: [com.layue13.clashweave.validation.ClientReplay:viewReplay:314]: P0_VIEW COMPLETE nano=89546722233800
[07:45:31] [Client thread/INFO] [STDOUT]: [com.layue13.clashweave.validation.ClientReplay:viewReplay:314]: P0_VIEW COMPLETE nano=89546771572600
[07:45:31] [Client thread/INFO] [STDOUT]: [com.layue13.clashweave.validation.ClientReplay:viewReplay:314]: P0_VIEW COMPLETE nano=89546821453500
[07:45:31] [Client thread/INFO] [STDOUT]: [com.layue13.clashweave.validation.ClientReplay:viewReplay:314]: P0_VIEW COMPLETE nano=89546871660600
[07:45:31] [Client thread/INFO] [STDOUT]: [com.layue13.clashweave.validation.ClientReplay:viewReplay:314]: P0_VIEW COMPLETE nano=89546922242600
[07:45:31] [Client thread/INFO] [STDOUT]: [com.layue13.clashweave.validation.ClientReplay:viewReplay:314]: P0_VIEW COMPLETE nano=89546971847000
[07:45:31] [Client thread/INFO] [STDOUT]: [com.layue13.clashweave.validation.ClientReplay:viewReplay:314]: P0_VIEW COMPLETE nano=89547021558400
[07:45:31] [Client thread/INFO] [STDOUT]: [com.layue13.clashweave.validation.ClientReplay:viewReplay:314]: P0_VIEW COMPLETE nano=89547071409700
[07:45:31] [Client thread/INFO] [STDOUT]: [com.layue13.clashweave.validation.ClientReplay:viewReplay:314]: P0_VIEW COMPLETE nano=89547122262100
[07:45:31] [Client thread/INFO] [STDOUT]: [com.layue13.clashweave.validation.ClientReplay:viewReplay:314]: P0_VIEW COMPLETE nano=89547171461600
[07:45:31] [Client thread/INFO] [STDOUT]: [com.layue13.clashweave.validation.ClientReplay:viewReplay:314]: P0_VIEW COMPLETE nano=89547221547100
[07:45:31] [Client thread/INFO] [STDOUT]: [com.layue13.clashweave.validation.ClientReplay:viewReplay:314]: P0_VIEW COMPLETE nano=89547271822500
[07:45:31] [Client thread/INFO] [STDOUT]: [com.layue13.clashweave.validation.ClientReplay:viewReplay:314]: P0_VIEW COMPLETE nano=89547321544100
[07:45:31] [Client thread/INFO] [STDOUT]: [com.layue13.clashweave.validation.ClientReplay:viewReplay:314]: P0_VIEW COMPLETE nano=89547371761500
[07:45:31] [Client thread/INFO] [STDOUT]: [com.layue13.clashweave.validation.ClientReplay:viewReplay:314]: P0_VIEW COMPLETE nano=89547421484100
[07:45:31] [Client thread/INFO] [STDOUT]: [com.layue13.clashweave.validation.ClientReplay:viewReplay:314]: P0_VIEW COMPLETE nano=89547471566700
[07:45:31] [Client thread/INFO] [STDOUT]: [com.layue13.clashweave.validation.ClientReplay:viewReplay:314]: P0_VIEW COMPLETE nano=89547521556600
[07:45:31] [Client thread/INFO] [STDOUT]: [com.layue13.clashweave.validation.ClientReplay:viewReplay:314]: P0_VIEW COMPLETE nano=89547571526200
[07:45:31] [Client thread/INFO] [STDOUT]: [com.layue13.clashweave.validation.ClientReplay:viewReplay:314]: P0_VIEW COMPLETE nano=89547621547700
[07:45:32] [Client thread/INFO] [STDOUT]: [com.layue13.clashweave.validation.ClientReplay:viewReplay:314]: P0_VIEW COMPLETE nano=89547671553800
[07:45:32] [Client thread/INFO] [STDOUT]: [com.layue13.clashweave.validation.ClientReplay:viewReplay:314]: P0_VIEW COMPLETE nano=89547722328100
[07:45:32] [Client thread/INFO] [STDOUT]: [com.layue13.clashweave.validation.ClientReplay:viewReplay:314]: P0_VIEW COMPLETE nano=89547771560000
[07:45:32] [Client thread/INFO] [STDOUT]: [com.layue13.clashweave.validation.ClientReplay:viewReplay:314]: P0_VIEW COMPLETE nano=89547822260900
[07:45:32] [Client thread/INFO] [STDOUT]: [com.layue13.clashweave.validation.ClientReplay:viewReplay:314]: P0_VIEW COMPLETE nano=89547871771200
[07:45:32] [Client thread/INFO] [STDOUT]: [com.layue13.clashweave.validation.ClientReplay:viewReplay:314]: P0_VIEW COMPLETE nano=89547922241000
[07:45:32] [Client thread/INFO] [STDOUT]: [com.layue13.clashweave.validation.ClientReplay:viewReplay:314]: P0_VIEW COMPLETE nano=89547972348300
[07:45:32] [Client thread/INFO] [STDOUT]: [com.layue13.clashweave.validation.ClientReplay:viewReplay:314]: P0_VIEW COMPLETE nano=89548021609900
[07:45:32] [Client thread/INFO] [STDOUT]: [com.layue13.clashweave.validation.ClientReplay:viewReplay:314]: P0_VIEW COMPLETE nano=89548071711200
[07:45:32] [Client thread/INFO] [STDOUT]: [com.layue13.clashweave.validation.ClientReplay:viewReplay:314]: P0_VIEW COMPLETE nano=89548121903700
[07:45:32] [Client thread/INFO] [STDOUT]: [com.layue13.clashweave.validation.ClientReplay:viewReplay:314]: P0_VIEW COMPLETE nano=89548171536700
[07:45:32] [Client thread/INFO] [STDOUT]: [com.layue13.clashweave.validation.ClientReplay:viewReplay:314]: P0_VIEW COMPLETE nano=89548207040600
[07:45:32] [Client thread/INFO] [STDOUT]: [com.layue13.clashweave.validation.ClientReplay:viewReplay:314]: P0_VIEW COMPLETE nano=89548272042900
[07:45:32] [Client thread/INFO] [STDOUT]: [com.layue13.clashweave.validation.ClientReplay:viewReplay:314]: P0_VIEW COMPLETE nano=89548321869900
[07:45:32] [Client thread/INFO] [STDOUT]: [com.layue13.clashweave.validation.ClientReplay:viewReplay:314]: P0_VIEW COMPLETE nano=89548372021900
[07:45:32] [Client thread/INFO] [STDOUT]: [com.layue13.clashweave.validation.ClientReplay:viewReplay:314]: P0_VIEW COMPLETE nano=89548421695500
[07:45:32] [Client thread/INFO] [STDOUT]: [com.layue13.clashweave.validation.ClientReplay:viewReplay:314]: P0_VIEW COMPLETE nano=89548471870900
[07:45:32] [Client thread/INFO] [STDOUT]: [com.layue13.clashweave.validation.ClientReplay:viewReplay:314]: P0_VIEW COMPLETE nano=89548521806400
[07:45:32] [Client thread/INFO] [STDOUT]: [com.layue13.clashweave.validation.ClientReplay:viewReplay:314]: P0_VIEW COMPLETE nano=89548571779700
[07:45:32] [Client thread/INFO] [STDOUT]: [com.layue13.clashweave.validation.ClientReplay:viewReplay:314]: P0_VIEW COMPLETE nano=89548621453400
[07:45:33] [Client thread/INFO] [STDOUT]: [com.layue13.clashweave.validation.ClientReplay:viewReplay:314]: P0_VIEW COMPLETE nano=89548671417600
[07:45:33] [Client thread/INFO] [STDOUT]: [com.layue13.clashweave.validation.ClientReplay:viewReplay:314]: P0_VIEW COMPLETE nano=89548722002500
[07:45:33] [Client thread/INFO] [STDOUT]: [com.layue13.clashweave.validation.ClientReplay:viewReplay:314]: P0_VIEW COMPLETE nano=89548756648000
[07:45:33] [Client thread/INFO] [STDOUT]: [com.layue13.clashweave.validation.ClientReplay:viewReplay:314]: P0_VIEW COMPLETE nano=89548822439500
[07:45:33] [Client thread/INFO] [STDOUT]: [com.layue13.clashweave.validation.ClientReplay:viewReplay:314]: P0_VIEW COMPLETE nano=89548871773200
[07:45:33] [Client thread/INFO] [STDOUT]: [com.layue13.clashweave.validation.ClientReplay:viewReplay:314]: P0_VIEW COMPLETE nano=89548922612500
[07:45:33] [Client thread/INFO] [STDOUT]: [com.layue13.clashweave.validation.ClientReplay:viewReplay:314]: P0_VIEW COMPLETE nano=89548972130000
[07:45:33] [Client thread/INFO] [STDOUT]: [com.layue13.clashweave.validation.ClientReplay:viewReplay:314]: P0_VIEW COMPLETE nano=89549021833000
[07:45:33] [Client thread/INFO] [STDOUT]: [com.layue13.clashweave.validation.ClientReplay:viewReplay:314]: P0_VIEW COMPLETE nano=89549071639700
[07:45:33] [Client thread/INFO] [STDOUT]: [com.layue13.clashweave.validation.ClientReplay:viewReplay:314]: P0_VIEW COMPLETE nano=89549121675200
[07:45:33] [Client thread/INFO] [STDOUT]: [com.layue13.clashweave.validation.ClientReplay:viewReplay:314]: P0_VIEW COMPLETE nano=89549171870600
[07:45:33] [Client thread/INFO] [STDOUT]: [com.layue13.clashweave.validation.ClientReplay:viewReplay:314]: P0_VIEW COMPLETE nano=89549222105900
[07:45:33] [Client thread/INFO] [STDOUT]: [com.layue13.clashweave.validation.ClientReplay:viewReplay:314]: P0_VIEW COMPLETE nano=89549271665400
[07:45:33] [Client thread/INFO] [STDOUT]: [com.layue13.clashweave.validation.ClientReplay:viewReplay:314]: P0_VIEW COMPLETE nano=89549322246300
[07:45:33] [Client thread/INFO] [STDOUT]: [com.layue13.clashweave.validation.ClientReplay:viewReplay:314]: P0_VIEW COMPLETE nano=89549371930600
[07:45:33] [Client thread/INFO] [STDOUT]: [com.layue13.clashweave.validation.ClientReplay:viewReplay:314]: P0_VIEW COMPLETE nano=89549421768300
[07:45:33] [Client thread/INFO] [STDOUT]: [com.layue13.clashweave.validation.ClientReplay:viewReplay:314]: P0_VIEW COMPLETE nano=89549471685300
[07:45:33] [Client thread/INFO] [STDOUT]: [com.layue13.clashweave.validation.ClientReplay:viewReplay:314]: P0_VIEW COMPLETE nano=89549522005200
[07:45:33] [Client thread/INFO] [STDOUT]: [com.layue13.clashweave.validation.ClientReplay:viewReplay:314]: P0_VIEW COMPLETE nano=89549571744900
[07:45:33] [Client thread/INFO] [STDOUT]: [com.layue13.clashweave.validation.ClientReplay:viewReplay:314]: P0_VIEW COMPLETE nano=89549621467800
[07:45:34] [Client thread/INFO] [STDOUT]: [com.layue13.clashweave.validation.ClientReplay:viewReplay:314]: P0_VIEW COMPLETE nano=89549671615900
[07:45:34] [Client thread/INFO] [STDOUT]: [com.layue13.clashweave.validation.ClientReplay:viewReplay:314]: P0_VIEW COMPLETE nano=89549721619200
[07:45:34] [Client thread/INFO] [STDOUT]: [com.layue13.clashweave.validation.ClientReplay:viewReplay:314]: P0_VIEW COMPLETE nano=89549771372600
[07:45:34] [Client thread/INFO] [STDOUT]: [com.layue13.clashweave.validation.ClientReplay:viewReplay:314]: P0_VIEW COMPLETE nano=89549821422000
[07:45:34] [Client thread/INFO] [STDOUT]: [com.layue13.clashweave.validation.ClientReplay:viewReplay:314]: P0_VIEW COMPLETE nano=89549872367000
[07:45:34] [Client thread/INFO] [STDOUT]: [com.layue13.clashweave.validation.ClientReplay:viewReplay:314]: P0_VIEW COMPLETE nano=89549921499700
[07:45:34] [Client thread/INFO] [STDOUT]: [com.layue13.clashweave.validation.ClientReplay:viewReplay:314]: P0_VIEW COMPLETE nano=89549956373700
[07:45:34] [Client thread/INFO] [STDOUT]: [com.layue13.clashweave.validation.ClientReplay:viewReplay:314]: P0_VIEW COMPLETE nano=89550021894400
[07:45:34] [Client thread/INFO] [STDOUT]: [com.layue13.clashweave.validation.ClientReplay:viewReplay:314]: P0_VIEW COMPLETE nano=89550071753200
[07:45:34] [Client thread/INFO] [STDOUT]: [com.layue13.clashweave.validation.ClientReplay:viewReplay:314]: P0_VIEW COMPLETE nano=89550121863800
[07:45:34] [Client thread/INFO] [STDOUT]: [com.layue13.clashweave.validation.ClientReplay:viewReplay:314]: P0_VIEW COMPLETE nano=89550171751600
[07:45:34] [Client thread/INFO] [STDOUT]: [com.layue13.clashweave.validation.ClientReplay:viewReplay:314]: P0_VIEW COMPLETE nano=89550221634000
[07:45:34] [Client thread/INFO] [STDOUT]: [com.layue13.clashweave.validation.ClientReplay:viewReplay:314]: P0_VIEW COMPLETE nano=89550271438300
[07:45:34] [Client thread/INFO] [STDOUT]: [com.layue13.clashweave.validation.ClientReplay:viewReplay:314]: P0_VIEW COMPLETE nano=89550321948600
[07:45:34] [Client thread/INFO] [STDOUT]: [com.layue13.clashweave.validation.ClientReplay:viewReplay:314]: P0_VIEW COMPLETE nano=89550356798100
[07:45:34] [Client thread/INFO] [STDOUT]: [com.layue13.clashweave.validation.ClientReplay:viewReplay:314]: P0_VIEW COMPLETE nano=89550421783100
[07:45:34] [Client thread/INFO] [STDOUT]: [com.layue13.clashweave.validation.ClientReplay:viewReplay:314]: P0_VIEW COMPLETE nano=89550471838300
[07:45:34] [Client thread/INFO] [STDOUT]: [com.layue13.clashweave.validation.ClientReplay:viewReplay:314]: P0_VIEW COMPLETE nano=89550521874800
[07:45:34] [Client thread/INFO] [STDOUT]: [com.layue13.clashweave.validation.ClientReplay:viewReplay:314]: P0_VIEW COMPLETE nano=89550571867800
[07:45:34] [Client thread/INFO] [STDOUT]: [com.layue13.clashweave.validation.ClientReplay:viewReplay:314]: P0_VIEW COMPLETE nano=89550621832000
[07:45:35] [Client thread/INFO] [STDOUT]: [com.layue13.clashweave.validation.ClientReplay:viewReplay:314]: P0_VIEW COMPLETE nano=89550671901000
[07:45:35] [Client thread/INFO] [STDOUT]: [com.layue13.clashweave.validation.ClientReplay:viewReplay:314]: P0_VIEW COMPLETE nano=89550722077100
[07:45:35] [Client thread/INFO] [STDOUT]: [com.layue13.clashweave.validation.ClientReplay:viewReplay:314]: P0_VIEW COMPLETE nano=89550771473100
[07:45:35] [Client thread/INFO] [STDOUT]: [com.layue13.clashweave.validation.ClientReplay:viewReplay:314]: P0_VIEW COMPLETE nano=89550821916400
[07:45:35] [Client thread/INFO] [STDOUT]: [com.layue13.clashweave.validation.ClientReplay:viewReplay:314]: P0_VIEW COMPLETE nano=89550871479000
[07:45:35] [Client thread/INFO] [STDOUT]: [com.layue13.clashweave.validation.ClientReplay:viewReplay:314]: P0_VIEW COMPLETE nano=89550922056200
[07:45:35] [Client thread/INFO] [STDOUT]: [com.layue13.clashweave.validation.ClientReplay:viewReplay:314]: P0_VIEW COMPLETE nano=89550972373900
[07:45:35] [Client thread/INFO] [STDOUT]: [com.layue13.clashweave.validation.ClientReplay:viewReplay:314]: P0_VIEW COMPLETE nano=89551022139300
[07:45:35] [Client thread/INFO] [STDOUT]: [com.layue13.clashweave.validation.ClientReplay:viewReplay:314]: P0_VIEW COMPLETE nano=89551072267600
[07:45:35] [Client thread/INFO] [STDOUT]: [com.layue13.clashweave.validation.ClientReplay:viewReplay:314]: P0_VIEW COMPLETE nano=89551122651300
[07:45:35] [Client thread/INFO] [STDOUT]: [com.layue13.clashweave.validation.ClientReplay:viewReplay:314]: P0_VIEW COMPLETE nano=89551171717600
[07:45:35] [Client thread/INFO] [STDOUT]: [com.layue13.clashweave.validation.ClientReplay:viewReplay:314]: P0_VIEW COMPLETE nano=89551221611600
[07:45:35] [Client thread/INFO] [STDOUT]: [com.layue13.clashweave.validation.ClientReplay:viewReplay:314]: P0_VIEW COMPLETE nano=89551271752100
[07:45:35] [Client thread/INFO] [STDOUT]: [com.layue13.clashweave.validation.ClientReplay:viewReplay:314]: P0_VIEW COMPLETE nano=89551321598900
[07:45:35] [Client thread/INFO] [STDOUT]: [com.layue13.clashweave.validation.ClientReplay:viewReplay:314]: P0_VIEW COMPLETE nano=89551372644500
[07:45:35] [Client thread/INFO] [STDOUT]: [com.layue13.clashweave.validation.ClientReplay:viewReplay:314]: P0_VIEW COMPLETE nano=89551422788500
[07:45:35] [Client thread/INFO] [STDOUT]: [com.layue13.clashweave.validation.ClientReplay:viewReplay:314]: P0_VIEW COMPLETE nano=89551471670100
[07:45:35] [Client thread/INFO] [STDOUT]: [com.layue13.clashweave.validation.ClientReplay:viewReplay:314]: P0_VIEW COMPLETE nano=89551521512100
[07:45:35] [Client thread/INFO] [STDOUT]: [com.layue13.clashweave.validation.ClientReplay:viewReplay:314]: P0_VIEW COMPLETE nano=89551571323200
[07:45:35] [Client thread/INFO] [STDOUT]: [com.layue13.clashweave.validation.ClientReplay:viewReplay:314]: P0_VIEW COMPLETE nano=89551621685200
[07:45:36] [Client thread/INFO] [STDOUT]: [com.layue13.clashweave.validation.ClientReplay:viewReplay:314]: P0_VIEW COMPLETE nano=89551671554500
[07:45:36] [Client thread/INFO] [STDOUT]: [com.layue13.clashweave.validation.ClientReplay:viewReplay:314]: P0_VIEW COMPLETE nano=89551722431700
[07:45:36] [Client thread/INFO] [STDOUT]: [com.layue13.clashweave.validation.ClientReplay:viewReplay:314]: P0_VIEW COMPLETE nano=89551771514100
[07:45:36] [Client thread/INFO] [STDOUT]: [com.layue13.clashweave.validation.ClientReplay:viewReplay:314]: P0_VIEW COMPLETE nano=89551821650000
[07:45:36] [Client thread/INFO] [STDOUT]: [com.layue13.clashweave.validation.ClientReplay:viewReplay:314]: P0_VIEW COMPLETE nano=89551871663000
[07:45:36] [Client thread/INFO] [STDOUT]: [com.layue13.clashweave.validation.ClientReplay:viewReplay:314]: P0_VIEW COMPLETE nano=89551921667000
[07:45:36] [Client thread/INFO] [STDOUT]: [com.layue13.clashweave.validation.ClientReplay:viewReplay:314]: P0_VIEW COMPLETE nano=89551971717500
[07:45:36] [Client thread/INFO] [STDOUT]: [com.layue13.clashweave.validation.ClientReplay:viewReplay:314]: P0_VIEW COMPLETE nano=89552021580700
[07:45:36] [Client thread/INFO] [STDOUT]: [com.layue13.clashweave.validation.ClientReplay:viewReplay:314]: P0_VIEW COMPLETE nano=89552071678500
[07:45:36] [Client thread/INFO] [STDOUT]: [com.layue13.clashweave.validation.ClientReplay:viewReplay:314]: P0_VIEW COMPLETE nano=89552121439200
[07:45:36] [Client thread/INFO] [STDOUT]: [com.layue13.clashweave.validation.ClientReplay:viewReplay:314]: P0_VIEW COMPLETE nano=89552171633600
[07:45:36] [Client thread/INFO] [STDOUT]: [com.layue13.clashweave.validation.ClientReplay:viewReplay:314]: P0_VIEW COMPLETE nano=89552221616600
[07:45:36] [Client thread/INFO] [STDOUT]: [com.layue13.clashweave.validation.ClientReplay:viewReplay:314]: P0_VIEW COMPLETE nano=89552271543200
[07:45:36] [Client thread/INFO] [STDOUT]: [com.layue13.clashweave.validation.ClientReplay:viewReplay:314]: P0_VIEW COMPLETE nano=89552322415800
[07:45:36] [Client thread/INFO] [STDOUT]: [com.layue13.clashweave.validation.ClientReplay:viewReplay:314]: P0_VIEW COMPLETE nano=89552371464900
[07:45:36] [Client thread/INFO] [STDOUT]: [com.layue13.clashweave.validation.ClientReplay:viewReplay:314]: P0_VIEW COMPLETE nano=89552422019300
[07:45:36] [Client thread/INFO] [STDOUT]: [com.layue13.clashweave.validation.ClientReplay:viewReplay:314]: P0_VIEW COMPLETE nano=89552471638400
[07:45:36] [Client thread/INFO] [STDOUT]: [com.layue13.clashweave.validation.ClientReplay:viewReplay:314]: P0_VIEW COMPLETE nano=89552522554600
[07:45:36] [Client thread/INFO] [STDOUT]: [com.layue13.clashweave.validation.ClientReplay:viewReplay:314]: P0_VIEW COMPLETE nano=89552572228400
[07:45:36] [Client thread/INFO] [STDOUT]: [com.layue13.clashweave.validation.ClientReplay:viewReplay:314]: P0_VIEW COMPLETE nano=89552622281500
[07:45:37] [Client thread/INFO] [STDOUT]: [com.layue13.clashweave.validation.ClientReplay:viewReplay:314]: P0_VIEW COMPLETE nano=89552671643700
[07:45:37] [Client thread/INFO] [STDOUT]: [com.layue13.clashweave.validation.ClientReplay:viewReplay:314]: P0_VIEW COMPLETE nano=89552721636400
[07:45:37] [Client thread/INFO] [STDOUT]: [com.layue13.clashweave.validation.ClientReplay:viewReplay:314]: P0_VIEW COMPLETE nano=89552771848300
[07:45:37] [Client thread/INFO] [STDOUT]: [com.layue13.clashweave.validation.ClientReplay:viewReplay:314]: P0_VIEW COMPLETE nano=89552822290100
[07:45:37] [Client thread/INFO] [STDOUT]: [com.layue13.clashweave.validation.ClientReplay:viewReplay:314]: P0_VIEW COMPLETE nano=89552872225700
[07:45:37] [Client thread/INFO] [STDOUT]: [com.layue13.clashweave.validation.ClientReplay:viewReplay:314]: P0_VIEW COMPLETE nano=89552922537300
[07:45:37] [Client thread/INFO] [STDOUT]: [com.layue13.clashweave.validation.ClientReplay:viewReplay:314]: P0_VIEW COMPLETE nano=89552972254200
[07:45:37] [Client thread/INFO] [STDOUT]: [com.layue13.clashweave.validation.ClientReplay:viewReplay:314]: P0_VIEW COMPLETE nano=89553021292800
[07:45:37] [Client thread/INFO] [STDOUT]: [com.layue13.clashweave.validation.ClientReplay:viewReplay:314]: P0_VIEW COMPLETE nano=89553072206500
[07:45:37] [Client thread/INFO] [STDOUT]: [com.layue13.clashweave.validation.ClientReplay:viewReplay:314]: P0_VIEW COMPLETE nano=89553122232600
[07:45:37] [Client thread/INFO] [STDOUT]: [com.layue13.clashweave.validation.ClientReplay:viewReplay:314]: P0_VIEW COMPLETE nano=89553171399400
[07:45:37] [Client thread/INFO] [STDOUT]: [com.layue13.clashweave.validation.ClientReplay:viewReplay:314]: P0_VIEW COMPLETE nano=89553222607300
[07:45:37] [Client thread/INFO] [STDOUT]: [com.layue13.clashweave.validation.ClientReplay:viewReplay:314]: P0_VIEW COMPLETE nano=89553271514600
[07:45:37] [Client thread/INFO] [STDOUT]: [com.layue13.clashweave.validation.ClientReplay:viewReplay:314]: P0_VIEW COMPLETE nano=89553322321300
[07:45:37] [Client thread/INFO] [STDOUT]: [com.layue13.clashweave.validation.ClientReplay:viewReplay:314]: P0_VIEW COMPLETE nano=89553372504900
[07:45:37] [Client thread/INFO] [STDOUT]: [com.layue13.clashweave.validation.ClientReplay:viewReplay:314]: P0_VIEW COMPLETE nano=89553421579400
[07:45:37] [Client thread/INFO] [STDOUT]: [com.layue13.clashweave.validation.ClientReplay:viewReplay:314]: P0_VIEW COMPLETE nano=89553471535200
[07:45:37] [Client thread/INFO] [STDOUT]: [com.layue13.clashweave.validation.ClientReplay:viewReplay:314]: P0_VIEW COMPLETE nano=89553506696500
[07:45:37] [Client thread/INFO] [STDOUT]: [com.layue13.clashweave.validation.ClientReplay:viewReplay:314]: P0_VIEW COMPLETE nano=89553572074800
[07:45:37] [Client thread/INFO] [STDOUT]: [com.layue13.clashweave.validation.ClientReplay:viewReplay:314]: P0_VIEW COMPLETE nano=89553621670700
[07:45:38] [Client thread/INFO] [STDOUT]: [com.layue13.clashweave.validation.ClientReplay:viewReplay:314]: P0_VIEW COMPLETE nano=89553671590600
[07:45:38] [Client thread/INFO] [STDOUT]: [com.layue13.clashweave.validation.ClientReplay:viewReplay:314]: P0_VIEW COMPLETE nano=89553706730800
[07:45:38] [Client thread/INFO] [STDOUT]: [com.layue13.clashweave.validation.ClientReplay:viewReplay:314]: P0_VIEW COMPLETE nano=89553772466800
[07:45:38] [Client thread/INFO] [STDOUT]: [com.layue13.clashweave.validation.ClientReplay:viewReplay:314]: P0_VIEW COMPLETE nano=89553821710800
[07:45:38] [Client thread/INFO] [STDOUT]: [com.layue13.clashweave.validation.ClientReplay:viewReplay:314]: P0_VIEW COMPLETE nano=89553872366100
[07:45:38] [Client thread/INFO] [STDOUT]: [com.layue13.clashweave.validation.ClientReplay:viewReplay:314]: P0_VIEW COMPLETE nano=89553921533400
[07:45:38] [Client thread/INFO] [STDOUT]: [com.layue13.clashweave.validation.ClientReplay:viewReplay:314]: P0_VIEW COMPLETE nano=89553971689700
[07:45:38] [Client thread/INFO] [STDOUT]: [com.layue13.clashweave.validation.ClientReplay:viewReplay:314]: P0_VIEW COMPLETE nano=89554022054700
[07:45:38] [Client thread/INFO] [STDOUT]: [com.layue13.clashweave.validation.ClientReplay:viewReplay:314]: P0_VIEW COMPLETE nano=89554056694200
[07:45:38] [Client thread/INFO] [STDOUT]: [com.layue13.clashweave.validation.ClientReplay:viewReplay:314]: P0_VIEW COMPLETE nano=89554122083100
[07:45:38] [Client thread/INFO] [STDOUT]: [com.layue13.clashweave.validation.ClientReplay:viewReplay:314]: P0_VIEW COMPLETE nano=89554171627600
[07:45:38] [Client thread/INFO] [STDOUT]: [com.layue13.clashweave.validation.ClientReplay:viewReplay:314]: P0_VIEW COMPLETE nano=89554221631500
[07:45:38] [Client thread/INFO] [STDOUT]: [com.layue13.clashweave.validation.ClientReplay:viewReplay:314]: P0_VIEW COMPLETE nano=89554271480000
[07:45:38] [Client thread/INFO] [STDOUT]: [com.layue13.clashweave.validation.ClientReplay:viewReplay:314]: P0_VIEW COMPLETE nano=89554321949800
[07:45:38] [Client thread/INFO] [STDOUT]: [com.layue13.clashweave.validation.ClientReplay:viewReplay:314]: P0_VIEW COMPLETE nano=89554356337700
[07:45:38] [Client thread/INFO] [STDOUT]: [com.layue13.clashweave.validation.ClientReplay:viewReplay:314]: P0_VIEW COMPLETE nano=89554421691600
[07:45:38] [Client thread/INFO] [STDOUT]: [com.layue13.clashweave.validation.ClientReplay:viewReplay:314]: P0_VIEW COMPLETE nano=89554456541300
[07:45:38] [Client thread/INFO] [STDOUT]: [com.layue13.clashweave.validation.ClientReplay:viewReplay:314]: P0_VIEW COMPLETE nano=89554522238200
[07:45:38] [Client thread/INFO] [STDOUT]: [com.layue13.clashweave.validation.ClientReplay:viewReplay:314]: P0_VIEW COMPLETE nano=89554572171600
[07:45:38] [Client thread/INFO] [STDOUT]: [com.layue13.clashweave.validation.ClientReplay:viewReplay:314]: P0_VIEW COMPLETE nano=89554621764100
[07:45:39] [Client thread/INFO] [STDOUT]: [com.layue13.clashweave.validation.ClientReplay:viewReplay:314]: P0_VIEW COMPLETE nano=89554672073600
[07:45:39] [Client thread/INFO] [STDOUT]: [com.layue13.clashweave.validation.ClientReplay:viewReplay:314]: P0_VIEW COMPLETE nano=89554722006400
[07:45:39] [Client thread/INFO] [STDOUT]: [com.layue13.clashweave.validation.ClientReplay:viewReplay:314]: P0_VIEW COMPLETE nano=89554771471400
[07:45:39] [Client thread/INFO] [STDOUT]: [com.layue13.clashweave.validation.ClientReplay:viewReplay:314]: P0_VIEW COMPLETE nano=89554821556300
[07:45:39] [Client thread/INFO] [STDOUT]: [com.layue13.clashweave.validation.ClientReplay:viewReplay:314]: P0_VIEW COMPLETE nano=89554872451000
[07:45:39] [Client thread/INFO] [STDOUT]: [com.layue13.clashweave.validation.ClientReplay:viewReplay:314]: P0_VIEW COMPLETE nano=89554922549400
[07:45:39] [Client thread/INFO] [STDOUT]: [com.layue13.clashweave.validation.ClientReplay:viewReplay:314]: P0_VIEW COMPLETE nano=89554972078500
[07:45:39] [Client thread/INFO] [STDOUT]: [com.layue13.clashweave.validation.ClientReplay:viewReplay:314]: P0_VIEW COMPLETE nano=89555022356500
[07:45:39] [Client thread/INFO] [STDOUT]: [com.layue13.clashweave.validation.ClientReplay:viewReplay:314]: P0_VIEW COMPLETE nano=89555071709800
[07:45:39] [Client thread/INFO] [STDOUT]: [com.layue13.clashweave.validation.ClientReplay:viewReplay:314]: P0_VIEW COMPLETE nano=89555122348800
[07:45:39] [Client thread/INFO] [STDOUT]: [com.layue13.clashweave.validation.ClientReplay:viewReplay:314]: P0_VIEW COMPLETE nano=89555171528800
[07:45:39] [Client thread/INFO] [STDOUT]: [com.layue13.clashweave.validation.ClientReplay:viewReplay:314]: P0_VIEW COMPLETE nano=89555221407300
[07:45:39] [Client thread/INFO] [STDOUT]: [com.layue13.clashweave.validation.ClientReplay:viewReplay:314]: P0_VIEW COMPLETE nano=89555271350100
[07:45:39] [Client thread/INFO] [STDOUT]: [com.layue13.clashweave.validation.ClientReplay:viewReplay:314]: P0_VIEW COMPLETE nano=89555322284900
[07:45:39] [Client thread/INFO] [STDOUT]: [com.layue13.clashweave.validation.ClientReplay:viewReplay:314]: P0_VIEW COMPLETE nano=89555371571300
[07:45:39] [Client thread/INFO] [STDOUT]: [com.layue13.clashweave.validation.ClientReplay:viewReplay:314]: P0_VIEW COMPLETE nano=89555421871300
[07:45:39] [Client thread/INFO] [STDOUT]: [com.layue13.clashweave.validation.ClientReplay:viewReplay:314]: P0_VIEW COMPLETE nano=89555471673600
[07:45:39] [Client thread/INFO] [STDOUT]: [com.layue13.clashweave.validation.ClientReplay:viewReplay:314]: P0_VIEW COMPLETE nano=89555521466200
[07:45:39] [Client thread/INFO] [STDOUT]: [com.layue13.clashweave.validation.ClientReplay:viewReplay:314]: P0_VIEW COMPLETE nano=89555571823300
[07:45:39] [Client thread/INFO] [STDOUT]: [com.layue13.clashweave.validation.ClientReplay:viewReplay:314]: P0_VIEW COMPLETE nano=89555621517300
[07:45:40] [Client thread/INFO] [STDOUT]: [com.layue13.clashweave.validation.ClientReplay:viewReplay:314]: P0_VIEW COMPLETE nano=89555671858900
[07:45:40] [Client thread/INFO] [STDOUT]: [com.layue13.clashweave.validation.ClientReplay:viewReplay:314]: P0_VIEW COMPLETE nano=89555722711800
[07:45:40] [Client thread/INFO] [STDOUT]: [com.layue13.clashweave.validation.ClientReplay:viewReplay:314]: P0_VIEW COMPLETE nano=89555771575200
[07:45:40] [Client thread/INFO] [STDOUT]: [com.layue13.clashweave.validation.ClientReplay:viewReplay:314]: P0_VIEW COMPLETE nano=89555821963900
[07:45:40] [Client thread/INFO] [STDOUT]: [com.layue13.clashweave.validation.ClientReplay:viewReplay:314]: P0_VIEW COMPLETE nano=89555871434900
[07:45:40] [Client thread/INFO] [STDOUT]: [com.layue13.clashweave.validation.ClientReplay:viewReplay:314]: P0_VIEW COMPLETE nano=89555921507100
[07:45:40] [Client thread/INFO] [STDOUT]: [com.layue13.clashweave.validation.ClientReplay:viewReplay:314]: P0_VIEW COMPLETE nano=89555971596800
[07:45:40] [Client thread/INFO] [STDOUT]: [com.layue13.clashweave.validation.ClientReplay:viewReplay:314]: P0_VIEW COMPLETE nano=89556022341800
[07:45:40] [Client thread/INFO] [STDOUT]: [com.layue13.clashweave.validation.ClientReplay:viewReplay:314]: P0_VIEW COMPLETE nano=89556071516400
[07:45:40] [Client thread/INFO] [STDOUT]: [com.layue13.clashweave.validation.ClientReplay:viewReplay:314]: P0_VIEW COMPLETE nano=89556122295500
[07:45:40] [Client thread/INFO] [STDOUT]: [com.layue13.clashweave.validation.ClientReplay:viewReplay:314]: P0_VIEW COMPLETE nano=89556171498800
[07:45:40] [Client thread/INFO] [STDOUT]: [com.layue13.clashweave.validation.ClientReplay:viewReplay:314]: P0_VIEW COMPLETE nano=89556221702400
[07:45:40] [Client thread/INFO] [STDOUT]: [com.layue13.clashweave.validation.ClientReplay:viewReplay:314]: P0_VIEW COMPLETE nano=89556271810900
[07:45:40] [Client thread/INFO] [STDOUT]: [com.layue13.clashweave.validation.ClientReplay:viewReplay:314]: P0_VIEW COMPLETE nano=89556321498100
[07:45:40] [Client thread/INFO] [STDOUT]: [com.layue13.clashweave.validation.ClientReplay:viewReplay:314]: P0_VIEW COMPLETE nano=89556371674300
[07:45:40] [Client thread/INFO] [STDOUT]: [com.layue13.clashweave.validation.ClientReplay:viewReplay:314]: P0_VIEW COMPLETE nano=89556406477200
[07:45:40] [Client thread/INFO] [STDOUT]: [com.layue13.clashweave.validation.ClientReplay:viewReplay:314]: P0_VIEW COMPLETE nano=89556471803800
[07:45:40] [Client thread/INFO] [STDOUT]: [com.layue13.clashweave.validation.ClientReplay:viewReplay:314]: P0_VIEW COMPLETE nano=89556521777600
[07:45:40] [Client thread/INFO] [STDOUT]: [com.layue13.clashweave.validation.ClientReplay:viewReplay:314]: P0_VIEW COMPLETE nano=89556572146000
[07:45:40] [Client thread/INFO] [STDOUT]: [com.layue13.clashweave.validation.ClientReplay:viewReplay:314]: P0_VIEW COMPLETE nano=89556622719800
[07:45:41] [Client thread/INFO] [STDOUT]: [com.layue13.clashweave.validation.ClientReplay:viewReplay:314]: P0_VIEW COMPLETE nano=89556671688700
[07:45:41] [Client thread/INFO] [STDOUT]: [com.layue13.clashweave.validation.ClientReplay:viewReplay:314]: P0_VIEW COMPLETE nano=89556721526500
[07:45:41] [Client thread/INFO] [STDOUT]: [com.layue13.clashweave.validation.ClientReplay:viewReplay:314]: P0_VIEW COMPLETE nano=89556771417300
[07:45:41] [Client thread/INFO] [STDOUT]: [com.layue13.clashweave.validation.ClientReplay:viewReplay:314]: P0_VIEW COMPLETE nano=89556821503100
[07:45:41] [Client thread/INFO] [STDOUT]: [com.layue13.clashweave.validation.ClientReplay:viewReplay:314]: P0_VIEW COMPLETE nano=89556871774200
[07:45:41] [Client thread/INFO] [STDOUT]: [com.layue13.clashweave.validation.ClientReplay:viewReplay:314]: P0_VIEW COMPLETE nano=89556921622300
[07:45:41] [Client thread/INFO] [STDOUT]: [com.layue13.clashweave.validation.ClientReplay:viewReplay:314]: P0_VIEW COMPLETE nano=89556971834500
[07:45:41] [Client thread/INFO] [STDOUT]: [com.layue13.clashweave.validation.ClientReplay:viewReplay:314]: P0_VIEW COMPLETE nano=89557021691200
[07:45:41] [Client thread/INFO] [STDOUT]: [com.layue13.clashweave.validation.ClientReplay:viewReplay:314]: P0_VIEW COMPLETE nano=89557071876900
[07:45:41] [Client thread/INFO] [STDOUT]: [com.layue13.clashweave.validation.ClientReplay:viewReplay:314]: P0_VIEW COMPLETE nano=89557121730300
[07:45:41] [Client thread/INFO] [STDOUT]: [com.layue13.clashweave.validation.ClientReplay:viewReplay:314]: P0_VIEW COMPLETE nano=89557171855700
[07:45:41] [Client thread/INFO] [STDOUT]: [com.layue13.clashweave.validation.ClientReplay:viewReplay:314]: P0_VIEW COMPLETE nano=89557221315400
[07:45:41] [Client thread/INFO] [STDOUT]: [com.layue13.clashweave.validation.ClientReplay:viewReplay:314]: P0_VIEW COMPLETE nano=89557256563800
[07:45:41] [Client thread/INFO] [STDOUT]: [com.layue13.clashweave.validation.ClientReplay:viewReplay:314]: P0_VIEW COMPLETE nano=89557321849100
[07:45:41] [Client thread/INFO] [STDOUT]: [com.layue13.clashweave.validation.ClientReplay:viewReplay:314]: P0_VIEW COMPLETE nano=89557371720800
[07:45:41] [Client thread/INFO] [STDOUT]: [com.layue13.clashweave.validation.ClientReplay:viewReplay:314]: P0_VIEW COMPLETE nano=89557421614800
[07:45:41] [Client thread/INFO] [STDOUT]: [com.layue13.clashweave.validation.ClientReplay:viewReplay:314]: P0_VIEW COMPLETE nano=89557472648000
[07:45:41] [Client thread/INFO] [STDOUT]: [com.layue13.clashweave.validation.ClientReplay:viewReplay:314]: P0_VIEW COMPLETE nano=89557521328700
[07:45:41] [Client thread/INFO] [STDOUT]: [com.layue13.clashweave.validation.ClientReplay:viewReplay:314]: P0_VIEW COMPLETE nano=89557571489500
[07:45:41] [Client thread/INFO] [STDOUT]: [com.layue13.clashweave.validation.ClientReplay:viewReplay:314]: P0_VIEW COMPLETE nano=89557621423000
[07:45:42] [Client thread/INFO] [STDOUT]: [com.layue13.clashweave.validation.ClientReplay:viewReplay:314]: P0_VIEW COMPLETE nano=89557671705800
[07:45:42] [Client thread/INFO] [STDOUT]: [com.layue13.clashweave.validation.ClientReplay:viewReplay:314]: P0_VIEW COMPLETE nano=89557721994700
[07:45:42] [Client thread/INFO] [STDOUT]: [com.layue13.clashweave.validation.ClientReplay:viewReplay:314]: P0_VIEW COMPLETE nano=89557771721900
[07:45:42] [Client thread/INFO] [STDOUT]: [com.layue13.clashweave.validation.ClientReplay:viewReplay:314]: P0_VIEW COMPLETE nano=89557821636800
[07:45:42] [Client thread/INFO] [STDOUT]: [com.layue13.clashweave.validation.ClientReplay:viewReplay:314]: P0_VIEW COMPLETE nano=89557872423800
[07:45:42] [Client thread/INFO] [STDOUT]: [com.layue13.clashweave.validation.ClientReplay:viewReplay:314]: P0_VIEW COMPLETE nano=89557921427300
[07:45:42] [Client thread/INFO] [STDOUT]: [com.layue13.clashweave.validation.ClientReplay:viewReplay:314]: P0_VIEW COMPLETE nano=89557972548000
[07:45:42] [Client thread/INFO] [STDOUT]: [com.layue13.clashweave.validation.ClientReplay:viewReplay:314]: P0_VIEW COMPLETE nano=89558022617600
[07:45:42] [Client thread/INFO] [STDOUT]: [com.layue13.clashweave.validation.ClientReplay:viewReplay:314]: P0_VIEW COMPLETE nano=89558056622400
[07:45:42] [Client thread/INFO] [STDOUT]: [com.layue13.clashweave.validation.ClientReplay:viewReplay:314]: P0_VIEW COMPLETE nano=89558121612000
[07:45:42] [Client thread/INFO] [STDOUT]: [com.layue13.clashweave.validation.ClientReplay:viewReplay:314]: P0_VIEW COMPLETE nano=89558171604800
[07:45:42] [Client thread/INFO] [STDOUT]: [com.layue13.clashweave.validation.ClientReplay:viewReplay:314]: P0_VIEW COMPLETE nano=89558221728700
[07:45:42] [Client thread/INFO] [STDOUT]: [com.layue13.clashweave.validation.ClientReplay:viewReplay:314]: P0_VIEW COMPLETE nano=89558271480000
[07:45:42] [Client thread/INFO] [STDOUT]: [com.layue13.clashweave.validation.ClientReplay:viewReplay:314]: P0_VIEW COMPLETE nano=89558306708500
[07:45:42] [Client thread/INFO] [STDOUT]: [com.layue13.clashweave.validation.ClientReplay:viewReplay:314]: P0_VIEW COMPLETE nano=89558372811200
[07:45:42] [Client thread/INFO] [STDOUT]: [com.layue13.clashweave.validation.ClientReplay:viewReplay:314]: P0_VIEW COMPLETE nano=89558565316600
[07:45:42] [Client thread/INFO] [STDOUT]: [com.layue13.clashweave.validation.ClientReplay:viewReplay:314]: P0_VIEW COMPLETE nano=89558565730300
[07:45:42] [Client thread/INFO] [STDOUT]: [com.layue13.clashweave.validation.ClientReplay:viewReplay:314]: P0_VIEW COMPLETE nano=89558566109900
[07:45:42] [Client thread/INFO] [STDOUT]: [com.layue13.clashweave.validation.ClientReplay:viewReplay:314]: P0_VIEW COMPLETE nano=89558566467500
[07:45:42] [Client thread/INFO] [STDOUT]: [com.layue13.clashweave.validation.ClientReplay:viewReplay:314]: P0_VIEW COMPLETE nano=89558614320100
[07:45:43] [Client thread/INFO] [STDOUT]: [com.layue13.clashweave.validation.ClientReplay:viewReplay:314]: P0_VIEW COMPLETE nano=89558664477100
[07:45:43] [Client thread/INFO] [STDOUT]: [com.layue13.clashweave.validation.ClientReplay:viewReplay:314]: P0_VIEW COMPLETE nano=89558714702900
[07:45:43] [Client thread/INFO] [STDOUT]: [com.layue13.clashweave.validation.ClientReplay:viewReplay:314]: P0_VIEW COMPLETE nano=89558765310400
[07:45:43] [Client thread/INFO] [STDOUT]: [com.layue13.clashweave.validation.ClientReplay:viewReplay:314]: P0_VIEW COMPLETE nano=89558814801000
[07:45:43] [Client thread/INFO] [STDOUT]: [com.layue13.clashweave.validation.ClientReplay:viewReplay:314]: P0_VIEW COMPLETE nano=89558864575500
[07:45:43] [Client thread/INFO] [STDOUT]: [com.layue13.clashweave.validation.ClientReplay:viewReplay:314]: P0_VIEW COMPLETE nano=89558914683500
[07:45:43] [Client thread/INFO] [STDOUT]: [com.layue13.clashweave.validation.ClientReplay:viewReplay:314]: P0_VIEW COMPLETE nano=89558964739500
[07:45:43] [Client thread/INFO] [STDOUT]: [com.layue13.clashweave.validation.ClientReplay:viewReplay:314]: P0_VIEW COMPLETE nano=89559014468300
[07:45:43] [Client thread/INFO] [STDOUT]: [com.layue13.clashweave.validation.ClientReplay:viewReplay:314]: P0_VIEW COMPLETE nano=89559064539800
[07:45:43] [Client thread/INFO] [STDOUT]: [com.layue13.clashweave.validation.ClientReplay:viewReplay:314]: P0_VIEW COMPLETE nano=89559115323200
[07:45:43] [Client thread/INFO] [STDOUT]: [com.layue13.clashweave.validation.ClientReplay:viewReplay:314]: P0_VIEW COMPLETE nano=89559164824900
[07:45:43] [Client thread/INFO] [STDOUT]: [com.layue13.clashweave.validation.ClientReplay:viewReplay:314]: P0_VIEW COMPLETE nano=89559214968900
[07:45:43] [Client thread/INFO] [STDOUT]: [com.layue13.clashweave.validation.ClientReplay:viewReplay:314]: P0_VIEW COMPLETE nano=89559264701500
[07:45:43] [Client thread/INFO] [STDOUT]: [com.layue13.clashweave.validation.ClientReplay:viewReplay:314]: P0_VIEW COMPLETE nano=89559314879800
[07:45:43] [Client thread/INFO] [STDOUT]: [com.layue13.clashweave.validation.ClientReplay:viewReplay:314]: P0_VIEW COMPLETE nano=89559364671400
[07:45:43] [Client thread/INFO] [STDOUT]: [com.layue13.clashweave.validation.ClientReplay:viewReplay:314]: P0_VIEW COMPLETE nano=89559415250300
[07:45:43] [Client thread/INFO] [STDOUT]: [com.layue13.clashweave.validation.ClientReplay:viewReplay:314]: P0_VIEW COMPLETE nano=89559464572700
[07:45:43] [Client thread/INFO] [STDOUT]: [com.layue13.clashweave.validation.ClientReplay:viewReplay:314]: P0_VIEW COMPLETE nano=89559515699500
[07:45:43] [Client thread/INFO] [STDOUT]: [com.layue13.clashweave.validation.ClientReplay:viewReplay:314]: P0_VIEW COMPLETE nano=89559564610900
[07:45:43] [Client thread/INFO] [STDOUT]: [com.layue13.clashweave.validation.ClientReplay:viewReplay:314]: P0_VIEW COMPLETE nano=89559614248500
[07:45:44] [Client thread/INFO] [STDOUT]: [com.layue13.clashweave.validation.ClientReplay:viewReplay:314]: P0_VIEW COMPLETE nano=89559664693800
[07:45:44] [Client thread/INFO] [STDOUT]: [com.layue13.clashweave.validation.ClientReplay:viewReplay:314]: P0_VIEW COMPLETE nano=89559714455300
[07:45:44] [Client thread/INFO] [STDOUT]: [com.layue13.clashweave.validation.ClientReplay:viewReplay:314]: P0_VIEW COMPLETE nano=89559764381200
[07:45:44] [Client thread/INFO] [STDOUT]: [com.layue13.clashweave.validation.ClientReplay:viewReplay:314]: P0_VIEW COMPLETE nano=89559814575100
[07:45:44] [Client thread/INFO] [STDOUT]: [com.layue13.clashweave.validation.ClientReplay:viewReplay:314]: P0_VIEW COMPLETE nano=89559864678600
[07:45:44] [Client thread/INFO] [STDOUT]: [com.layue13.clashweave.validation.ClientReplay:viewReplay:314]: P0_VIEW COMPLETE nano=89559914756900
[07:45:44] [Client thread/INFO] [STDOUT]: [com.layue13.clashweave.validation.ClientReplay:viewReplay:314]: P0_VIEW COMPLETE nano=89559964641800
[07:45:44] [Client thread/INFO] [STDOUT]: [com.layue13.clashweave.validation.ClientReplay:viewReplay:314]: P0_VIEW COMPLETE nano=89560014824500
[07:45:44] [Client thread/INFO] [STDOUT]: [com.layue13.clashweave.validation.ClientReplay:viewReplay:314]: P0_VIEW COMPLETE nano=89560064725100
[07:45:44] [Client thread/INFO] [STDOUT]: [com.layue13.clashweave.validation.ClientReplay:viewReplay:314]: P0_VIEW COMPLETE nano=89560114474900
[07:45:44] [Client thread/INFO] [STDOUT]: [com.layue13.clashweave.validation.ClientReplay:viewReplay:314]: P0_VIEW COMPLETE nano=89560164695500
[07:45:44] [Client thread/INFO] [STDOUT]: [com.layue13.clashweave.validation.ClientReplay:viewReplay:314]: P0_VIEW COMPLETE nano=89560214399400
[07:45:44] [Client thread/INFO] [STDOUT]: [com.layue13.clashweave.validation.ClientReplay:viewReplay:314]: P0_VIEW COMPLETE nano=89560264713500
[07:45:44] [Client thread/INFO] [STDOUT]: [com.layue13.clashweave.validation.ClientReplay:viewReplay:314]: P0_VIEW COMPLETE nano=89560315817600
[07:45:44] [Client thread/INFO] [STDOUT]: [com.layue13.clashweave.validation.ClientReplay:viewReplay:314]: P0_VIEW COMPLETE nano=89560364843900
[07:45:44] [Client thread/INFO] [STDOUT]: [com.layue13.clashweave.validation.ClientReplay:viewReplay:314]: P0_VIEW COMPLETE nano=89560414749900
[07:45:44] [Client thread/INFO] [STDOUT]: [com.layue13.clashweave.validation.ClientReplay:viewReplay:314]: P0_VIEW COMPLETE nano=89560465125600
[07:45:44] [Client thread/INFO] [STDOUT]: [com.layue13.clashweave.validation.ClientReplay:viewReplay:314]: P0_VIEW COMPLETE nano=89560514514700
[07:45:44] [Client thread/INFO] [STDOUT]: [com.layue13.clashweave.validation.ClientReplay:viewReplay:314]: P0_VIEW COMPLETE nano=89560564952800
[07:45:44] [Client thread/INFO] [STDOUT]: [com.layue13.clashweave.validation.ClientReplay:viewReplay:314]: P0_VIEW COMPLETE nano=89560614423600
[07:45:45] [Client thread/INFO] [STDOUT]: [com.layue13.clashweave.validation.ClientReplay:viewReplay:314]: P0_VIEW COMPLETE nano=89560664754900
[07:45:45] [Client thread/INFO] [STDOUT]: [com.layue13.clashweave.validation.ClientReplay:viewReplay:314]: P0_VIEW COMPLETE nano=89560714492400
[07:45:45] [Client thread/INFO] [STDOUT]: [com.layue13.clashweave.validation.ClientReplay:viewReplay:314]: P0_VIEW COMPLETE nano=89560764710100
[07:45:45] [Client thread/INFO] [STDOUT]: [com.layue13.clashweave.validation.ClientReplay:viewReplay:314]: P0_VIEW COMPLETE nano=89560815113500
[07:45:45] [Client thread/INFO] [STDOUT]: [com.layue13.clashweave.validation.ClientReplay:viewReplay:314]: P0_VIEW COMPLETE nano=89560865244500
[07:45:45] [Client thread/INFO] [STDOUT]: [com.layue13.clashweave.validation.ClientReplay:viewReplay:314]: P0_VIEW COMPLETE nano=89560914829400
[07:45:45] [Client thread/INFO] [STDOUT]: [com.layue13.clashweave.validation.ClientReplay:viewReplay:314]: P0_VIEW COMPLETE nano=89560964740700
[07:45:45] [Client thread/INFO] [STDOUT]: [com.layue13.clashweave.validation.ClientReplay:viewReplay:314]: P0_VIEW COMPLETE nano=89561014562600
[07:45:45] [Client thread/INFO] [STDOUT]: [com.layue13.clashweave.validation.ClientReplay:viewReplay:314]: P0_VIEW COMPLETE nano=89561064562100
[07:45:45] [Client thread/INFO] [STDOUT]: [com.layue13.clashweave.validation.ClientReplay:viewReplay:314]: P0_VIEW COMPLETE nano=89561114570900
[07:45:45] [Client thread/INFO] [STDOUT]: [com.layue13.clashweave.validation.ClientReplay:viewReplay:314]: P0_VIEW COMPLETE nano=89561164422800
[07:45:45] [Client thread/INFO] [STDOUT]: [com.layue13.clashweave.validation.ClientReplay:viewReplay:314]: P0_VIEW COMPLETE nano=89561214582700
[07:45:45] [Client thread/INFO] [STDOUT]: [com.layue13.clashweave.validation.ClientReplay:viewReplay:314]: P0_VIEW COMPLETE nano=89561268670000
[07:45:45] [Client thread/INFO] [STDOUT]: [com.layue13.clashweave.validation.ClientReplay:viewReplay:314]: P0_VIEW COMPLETE nano=89561315420400
[07:45:45] [Client thread/INFO] [STDOUT]: [com.layue13.clashweave.validation.ClientReplay:viewReplay:314]: P0_VIEW COMPLETE nano=89561364750900
[07:45:45] [Client thread/INFO] [STDOUT]: [com.layue13.clashweave.validation.ClientReplay:viewReplay:314]: P0_VIEW COMPLETE nano=89561415088600
[07:45:45] [Client thread/INFO] [STDOUT]: [com.layue13.clashweave.validation.ClientReplay:viewReplay:314]: P0_VIEW COMPLETE nano=89561464592200
[07:45:45] [Client thread/INFO] [STDOUT]: [com.layue13.clashweave.validation.ClientReplay:viewReplay:314]: P0_VIEW COMPLETE nano=89561514845200
[07:45:45] [Client thread/INFO] [STDOUT]: [com.layue13.clashweave.validation.ClientReplay:viewReplay:314]: P0_VIEW COMPLETE nano=89561564443900
[07:45:45] [Client thread/INFO] [STDOUT]: [com.layue13.clashweave.validation.ClientReplay:viewReplay:314]: P0_VIEW COMPLETE nano=89561614740900
[07:45:46] [Client thread/INFO] [STDOUT]: [com.layue13.clashweave.validation.ClientReplay:viewReplay:314]: P0_VIEW COMPLETE nano=89561664656500
[07:45:46] [Client thread/INFO] [STDOUT]: [com.layue13.clashweave.validation.ClientReplay:viewReplay:314]: P0_VIEW COMPLETE nano=89561714359400
[07:45:46] [Client thread/INFO] [STDOUT]: [com.layue13.clashweave.validation.ClientReplay:viewReplay:314]: P0_VIEW COMPLETE nano=89561765044500
[07:45:46] [Client thread/INFO] [STDOUT]: [com.layue13.clashweave.validation.ClientReplay:viewReplay:314]: P0_VIEW COMPLETE nano=89561814669500
[07:45:46] [Client thread/INFO] [STDOUT]: [com.layue13.clashweave.validation.ClientReplay:viewReplay:314]: P0_VIEW COMPLETE nano=89561864519800
[07:45:46] [Client thread/INFO] [STDOUT]: [com.layue13.clashweave.validation.ClientReplay:viewReplay:314]: P0_VIEW COMPLETE nano=89561915644400
[07:45:46] [Client thread/INFO] [STDOUT]: [com.layue13.clashweave.validation.ClientReplay:viewReplay:314]: P0_VIEW COMPLETE nano=89561964905400
[07:45:46] [Client thread/INFO] [STDOUT]: [com.layue13.clashweave.validation.ClientReplay:viewReplay:314]: P0_VIEW COMPLETE nano=89562015609900
[07:45:46] [Client thread/INFO] [STDOUT]: [com.layue13.clashweave.validation.ClientReplay:viewReplay:314]: P0_VIEW COMPLETE nano=89562064729200
[07:45:46] [Client thread/INFO] [STDOUT]: [com.layue13.clashweave.validation.ClientReplay:viewReplay:314]: P0_VIEW COMPLETE nano=89562114760200
[07:45:46] [Client thread/INFO] [STDOUT]: [com.layue13.clashweave.validation.ClientReplay:viewReplay:314]: P0_VIEW COMPLETE nano=89562164355100
[07:45:46] [Client thread/INFO] [STDOUT]: [com.layue13.clashweave.validation.ClientReplay:viewReplay:314]: P0_VIEW COMPLETE nano=89562214336700
[07:45:46] [Client thread/INFO] [STDOUT]: [com.layue13.clashweave.validation.ClientReplay:viewReplay:314]: P0_VIEW COMPLETE nano=89562265285300
[07:45:46] [Client thread/INFO] [STDOUT]: [com.layue13.clashweave.validation.ClientReplay:viewReplay:314]: P0_VIEW COMPLETE nano=89562314789200
[07:45:46] [Client thread/INFO] [STDOUT]: [com.layue13.clashweave.validation.ClientReplay:viewReplay:314]: P0_VIEW COMPLETE nano=89562365717200
[07:45:46] [Client thread/INFO] [STDOUT]: [com.layue13.clashweave.validation.ClientReplay:viewReplay:314]: P0_VIEW COMPLETE nano=89562414495800
[07:45:46] [Client thread/INFO] [STDOUT]: [com.layue13.clashweave.validation.ClientReplay:viewReplay:314]: P0_VIEW COMPLETE nano=89562464659200
[07:45:46] [Client thread/INFO] [STDOUT]: [com.layue13.clashweave.validation.ClientReplay:viewReplay:314]: P0_VIEW COMPLETE nano=89562514390100
[07:45:46] [Client thread/INFO] [STDOUT]: [com.layue13.clashweave.validation.ClientReplay:viewReplay:314]: P0_VIEW COMPLETE nano=89562565344100
[07:45:46] [Client thread/INFO] [STDOUT]: [com.layue13.clashweave.validation.ClientReplay:viewReplay:314]: P0_VIEW COMPLETE nano=89562614480600
[07:45:47] [Client thread/INFO] [STDOUT]: [com.layue13.clashweave.validation.ClientReplay:viewReplay:314]: P0_VIEW COMPLETE nano=89562664809700
[07:45:47] [Client thread/INFO] [STDOUT]: [com.layue13.clashweave.validation.ClientReplay:viewReplay:314]: P0_VIEW COMPLETE nano=89562714633800
[07:45:47] [Client thread/INFO] [STDOUT]: [com.layue13.clashweave.validation.ClientReplay:viewReplay:314]: P0_VIEW COMPLETE nano=89562764868900
[07:45:47] [Client thread/INFO] [STDOUT]: [com.layue13.clashweave.validation.ClientReplay:viewReplay:314]: P0_VIEW COMPLETE nano=89562814398300
[07:45:47] [Client thread/INFO] [STDOUT]: [com.layue13.clashweave.validation.ClientReplay:viewReplay:314]: P0_VIEW COMPLETE nano=89562864479500
[07:45:47] [Client thread/INFO] [STDOUT]: [com.layue13.clashweave.validation.ClientReplay:viewReplay:314]: P0_VIEW COMPLETE nano=89562915000300
[07:45:47] [Client thread/INFO] [STDOUT]: [com.layue13.clashweave.validation.ClientReplay:viewReplay:314]: P0_VIEW COMPLETE nano=89562965200200
[07:45:47] [Client thread/INFO] [STDOUT]: [com.layue13.clashweave.validation.ClientReplay:viewReplay:314]: P0_VIEW COMPLETE nano=89563014867700
[07:45:47] [Client thread/INFO] [STDOUT]: [com.layue13.clashweave.validation.ClientReplay:viewReplay:314]: P0_VIEW COMPLETE nano=89563064515100
[07:45:47] [Client thread/INFO] [STDOUT]: [com.layue13.clashweave.validation.ClientReplay:viewReplay:314]: P0_VIEW COMPLETE nano=89563114788600
[07:45:47] [Client thread/INFO] [STDOUT]: [com.layue13.clashweave.validation.ClientReplay:viewReplay:314]: P0_VIEW COMPLETE nano=89563164648300
[07:45:47] [Client thread/INFO] [STDOUT]: [com.layue13.clashweave.validation.ClientReplay:viewReplay:314]: P0_VIEW COMPLETE nano=89563214536700
[07:45:47] [Client thread/INFO] [STDOUT]: [com.layue13.clashweave.validation.ClientReplay:viewReplay:314]: P0_VIEW COMPLETE nano=89563264558000
[07:45:47] [Client thread/INFO] [STDOUT]: [com.layue13.clashweave.validation.ClientReplay:viewReplay:314]: P0_VIEW COMPLETE nano=89563315311300
[07:45:47] [Client thread/INFO] [STDOUT]: [com.layue13.clashweave.validation.ClientReplay:viewReplay:314]: P0_VIEW COMPLETE nano=89563364764100
[07:45:47] [Client thread/INFO] [STDOUT]: [com.layue13.clashweave.validation.ClientReplay:viewReplay:314]: P0_VIEW COMPLETE nano=89563414322900
[07:45:47] [Client thread/INFO] [STDOUT]: [com.layue13.clashweave.validation.ClientReplay:viewReplay:314]: P0_VIEW COMPLETE nano=89563464373400
[07:45:47] [Client thread/INFO] [STDOUT]: [com.layue13.clashweave.validation.ClientReplay:viewReplay:314]: P0_VIEW COMPLETE nano=89563514280600
[07:45:47] [Client thread/INFO] [STDOUT]: [com.layue13.clashweave.validation.ClientReplay:viewReplay:314]: P0_VIEW COMPLETE nano=89563564669800
[07:45:47] [Client thread/INFO] [STDOUT]: [com.layue13.clashweave.validation.ClientReplay:viewReplay:314]: P0_VIEW COMPLETE nano=89563614760200
[07:45:48] [Client thread/INFO] [STDOUT]: [com.layue13.clashweave.validation.ClientReplay:viewReplay:314]: P0_VIEW COMPLETE nano=89563664645400
[07:45:48] [Client thread/INFO] [STDOUT]: [com.layue13.clashweave.validation.ClientReplay:viewReplay:314]: P0_VIEW COMPLETE nano=89563714286600
[07:45:48] [Client thread/INFO] [STDOUT]: [com.layue13.clashweave.validation.ClientReplay:viewReplay:314]: P0_VIEW COMPLETE nano=89563764966500
[07:45:48] [Client thread/INFO] [STDOUT]: [com.layue13.clashweave.validation.ClientReplay:viewReplay:314]: P0_VIEW COMPLETE nano=89563814880000
[07:45:48] [Client thread/INFO] [STDOUT]: [com.layue13.clashweave.validation.ClientReplay:viewReplay:314]: P0_VIEW COMPLETE nano=89563864719800
[07:45:48] [Client thread/INFO] [STDOUT]: [com.layue13.clashweave.validation.ClientReplay:viewReplay:314]: P0_VIEW COMPLETE nano=89563914702700
[07:45:48] [Client thread/INFO] [STDOUT]: [com.layue13.clashweave.validation.ClientReplay:viewReplay:314]: P0_VIEW COMPLETE nano=89563964303400
[07:45:48] [Client thread/INFO] [STDOUT]: [com.layue13.clashweave.validation.ClientReplay:viewReplay:314]: P0_VIEW COMPLETE nano=89564014283800
[07:45:48] [Client thread/INFO] [STDOUT]: [com.layue13.clashweave.validation.ClientReplay:viewReplay:314]: P0_VIEW COMPLETE nano=89564064722900
[07:45:48] [Client thread/INFO] [STDOUT]: [com.layue13.clashweave.validation.ClientReplay:viewReplay:314]: P0_VIEW COMPLETE nano=89564114293200
[07:45:48] [Client thread/INFO] [STDOUT]: [com.layue13.clashweave.validation.ClientReplay:viewReplay:314]: P0_VIEW COMPLETE nano=89564164675800
[07:45:48] [Client thread/INFO] [STDOUT]: [com.layue13.clashweave.validation.ClientReplay:viewReplay:314]: P0_VIEW COMPLETE nano=89564214818100
[07:45:48] [Client thread/INFO] [STDOUT]: [com.layue13.clashweave.validation.ClientReplay:viewReplay:314]: P0_VIEW COMPLETE nano=89564264619300
[07:45:48] [Client thread/INFO] [STDOUT]: [com.layue13.clashweave.validation.ClientReplay:viewReplay:314]: P0_VIEW COMPLETE nano=89564314444200
[07:45:48] [Client thread/INFO] [STDOUT]: [com.layue13.clashweave.validation.ClientReplay:viewReplay:314]: P0_VIEW COMPLETE nano=89564365096200
[07:45:48] [Client thread/INFO] [STDOUT]: [com.layue13.clashweave.validation.ClientReplay:viewReplay:314]: P0_VIEW COMPLETE nano=89564414508600
[07:45:48] [Client thread/INFO] [STDOUT]: [com.layue13.clashweave.validation.ClientReplay:viewReplay:314]: P0_VIEW COMPLETE nano=89564464623000
[07:45:48] [Client thread/INFO] [STDOUT]: [com.layue13.clashweave.validation.ClientReplay:viewReplay:314]: P0_VIEW COMPLETE nano=89564514514100
[07:45:48] [Client thread/INFO] [STDOUT]: [com.layue13.clashweave.validation.ClientReplay:viewReplay:314]: P0_VIEW COMPLETE nano=89564564694800
[07:45:48] [Client thread/INFO] [STDOUT]: [com.layue13.clashweave.validation.ClientReplay:viewReplay:314]: P0_VIEW COMPLETE nano=89564614480700
[07:45:49] [Client thread/INFO] [STDOUT]: [com.layue13.clashweave.validation.ClientReplay:viewReplay:314]: P0_VIEW COMPLETE nano=89564664576900
[07:45:49] [Client thread/INFO] [STDOUT]: [com.layue13.clashweave.validation.ClientReplay:viewReplay:314]: P0_VIEW COMPLETE nano=89564714599700
[07:45:49] [Client thread/INFO] [STDOUT]: [com.layue13.clashweave.validation.ClientReplay:viewReplay:314]: P0_VIEW COMPLETE nano=89564764736900
[07:45:49] [Client thread/INFO] [STDOUT]: [com.layue13.clashweave.validation.ClientReplay:viewReplay:314]: P0_VIEW COMPLETE nano=89564814482000
[07:45:49] [Client thread/INFO] [STDOUT]: [com.layue13.clashweave.validation.ClientReplay:viewReplay:314]: P0_VIEW COMPLETE nano=89564864782900
[07:45:49] [Client thread/INFO] [STDOUT]: [com.layue13.clashweave.validation.ClientReplay:viewReplay:314]: P0_VIEW COMPLETE nano=89564914808600
[07:45:49] [Client thread/INFO] [STDOUT]: [com.layue13.clashweave.validation.ClientReplay:viewReplay:314]: P0_VIEW COMPLETE nano=89564964738400
[07:45:49] [Client thread/INFO] [STDOUT]: [com.layue13.clashweave.validation.ClientReplay:viewReplay:314]: P0_VIEW COMPLETE nano=89565014819500
[07:45:49] [Client thread/INFO] [STDOUT]: [com.layue13.clashweave.validation.ClientReplay:viewReplay:314]: P0_VIEW COMPLETE nano=89565064743000
[07:45:49] [Client thread/INFO] [STDOUT]: [com.layue13.clashweave.validation.ClientReplay:viewReplay:314]: P0_VIEW COMPLETE nano=89565114582400
[07:45:49] [Client thread/INFO] [STDOUT]: [com.layue13.clashweave.validation.ClientReplay:viewReplay:314]: P0_VIEW COMPLETE nano=89565165170000
[07:45:49] [Client thread/INFO] [STDOUT]: [com.layue13.clashweave.validation.ClientReplay:viewReplay:314]: P0_VIEW COMPLETE nano=89565214506000
[07:45:49] [Client thread/INFO] [STDOUT]: [com.layue13.clashweave.validation.ClientReplay:viewReplay:314]: P0_VIEW COMPLETE nano=89565264776400
[07:45:49] [Client thread/INFO] [STDOUT]: [com.layue13.clashweave.validation.ClientReplay:viewReplay:314]: P0_VIEW COMPLETE nano=89565314563800
[07:45:49] [Client thread/INFO] [STDOUT]: [com.layue13.clashweave.validation.ClientReplay:viewReplay:314]: P0_VIEW COMPLETE nano=89565364359900
[07:45:49] [Client thread/INFO] [STDOUT]: [com.layue13.clashweave.validation.ClientReplay:viewReplay:314]: P0_VIEW COMPLETE nano=89565414329200
[07:45:49] [Client thread/INFO] [STDOUT]: [com.layue13.clashweave.validation.ClientReplay:viewReplay:314]: P0_VIEW COMPLETE nano=89565464518700
[07:45:49] [Client thread/INFO] [STDOUT]: [com.layue13.clashweave.validation.ClientReplay:viewReplay:314]: P0_VIEW COMPLETE nano=89565514570600
[07:45:49] [Client thread/INFO] [STDOUT]: [com.layue13.clashweave.validation.ClientReplay:viewReplay:314]: P0_VIEW COMPLETE nano=89565564767500
[07:45:49] [Client thread/INFO] [STDOUT]: [com.layue13.clashweave.validation.ClientReplay:viewReplay:314]: P0_VIEW COMPLETE nano=89565614520800
[07:45:50] [Client thread/INFO] [STDOUT]: [com.layue13.clashweave.validation.ClientReplay:viewReplay:314]: P0_VIEW COMPLETE nano=89565664542000
[07:45:50] [Client thread/INFO] [STDOUT]: [com.layue13.clashweave.validation.ClientReplay:viewReplay:314]: P0_VIEW COMPLETE nano=89565715112100
[07:45:50] [Client thread/INFO] [STDOUT]: [com.layue13.clashweave.validation.ClientReplay:viewReplay:314]: P0_VIEW COMPLETE nano=89565764459300
[07:45:50] [Client thread/INFO] [STDOUT]: [com.layue13.clashweave.validation.ClientReplay:viewReplay:314]: P0_VIEW COMPLETE nano=89565814783700
[07:45:50] [Client thread/INFO] [STDOUT]: [com.layue13.clashweave.validation.ClientReplay:viewReplay:314]: P0_VIEW COMPLETE nano=89565864346800
[07:45:50] [Client thread/INFO] [STDOUT]: [com.layue13.clashweave.validation.ClientReplay:viewReplay:314]: P0_VIEW COMPLETE nano=89565914620800
[07:45:50] [Client thread/INFO] [STDOUT]: [com.layue13.clashweave.validation.ClientReplay:viewReplay:314]: P0_VIEW COMPLETE nano=89565964672500
[07:45:50] [Client thread/INFO] [STDOUT]: [com.layue13.clashweave.validation.ClientReplay:viewReplay:314]: P0_VIEW COMPLETE nano=89566014524700
[07:45:50] [Client thread/INFO] [STDOUT]: [com.layue13.clashweave.validation.ClientReplay:viewReplay:314]: P0_VIEW COMPLETE nano=89566064679600
[07:45:50] [Client thread/INFO] [STDOUT]: [com.layue13.clashweave.validation.ClientReplay:viewReplay:314]: P0_VIEW COMPLETE nano=89566114753900
[07:45:50] [Client thread/INFO] [STDOUT]: [com.layue13.clashweave.validation.ClientReplay:viewReplay:314]: P0_VIEW COMPLETE nano=89566165228900
[07:45:50] [Client thread/INFO] [STDOUT]: [com.layue13.clashweave.validation.ClientReplay:viewReplay:314]: P0_VIEW COMPLETE nano=89566214598400
[07:45:50] [Client thread/INFO] [STDOUT]: [com.layue13.clashweave.validation.ClientReplay:viewReplay:314]: P0_VIEW COMPLETE nano=89566264669800
[07:45:50] [Client thread/INFO] [STDOUT]: [com.layue13.clashweave.validation.ClientReplay:viewReplay:314]: P0_VIEW COMPLETE nano=89566314765500
[07:45:50] [Client thread/INFO] [STDOUT]: [com.layue13.clashweave.validation.ClientReplay:viewReplay:314]: P0_VIEW COMPLETE nano=89566364497900
[07:45:50] [Client thread/INFO] [STDOUT]: [com.layue13.clashweave.validation.ClientReplay:viewReplay:314]: P0_VIEW COMPLETE nano=89566414640400
[07:45:50] [Client thread/INFO] [STDOUT]: [com.layue13.clashweave.validation.ClientReplay:viewReplay:314]: P0_VIEW COMPLETE nano=89566464425800
[07:45:50] [Client thread/INFO] [STDOUT]: [com.layue13.clashweave.validation.ClientReplay:viewReplay:314]: P0_VIEW COMPLETE nano=89566515307600
[07:45:50] [Client thread/INFO] [STDOUT]: [com.layue13.clashweave.validation.ClientReplay:viewReplay:314]: P0_VIEW COMPLETE nano=89566564408000
[07:45:50] [Client thread/INFO] [STDOUT]: [com.layue13.clashweave.validation.ClientReplay:viewReplay:314]: P0_VIEW COMPLETE nano=89566614733500
[07:45:51] [Client thread/INFO] [STDOUT]: [com.layue13.clashweave.validation.ClientReplay:viewReplay:314]: P0_VIEW COMPLETE nano=89566664624400
[07:45:51] [Client thread/INFO] [STDOUT]: [com.layue13.clashweave.validation.ClientReplay:viewReplay:314]: P0_VIEW COMPLETE nano=89566714841500
[07:45:51] [Client thread/INFO] [STDOUT]: [com.layue13.clashweave.validation.ClientReplay:viewReplay:314]: P0_VIEW COMPLETE nano=89566764541600
[07:45:51] [Client thread/INFO] [STDOUT]: [com.layue13.clashweave.validation.ClientReplay:viewReplay:314]: P0_VIEW COMPLETE nano=89566814875300
[07:45:51] [Client thread/INFO] [STDOUT]: [com.layue13.clashweave.validation.ClientReplay:viewReplay:314]: P0_VIEW COMPLETE nano=89566864578600
[07:45:51] [Client thread/INFO] [STDOUT]: [com.layue13.clashweave.validation.ClientReplay:viewReplay:314]: P0_VIEW COMPLETE nano=89566914799700
[07:45:51] [Client thread/INFO] [STDOUT]: [com.layue13.clashweave.validation.ClientReplay:viewReplay:314]: P0_VIEW COMPLETE nano=89566964717400
[07:45:51] [Client thread/INFO] [STDOUT]: [com.layue13.clashweave.validation.ClientReplay:viewReplay:314]: P0_VIEW COMPLETE nano=89567014500500
[07:45:51] [Client thread/INFO] [STDOUT]: [com.layue13.clashweave.validation.ClientReplay:viewReplay:314]: P0_VIEW COMPLETE nano=89567064498700
[07:45:51] [Client thread/INFO] [STDOUT]: [com.layue13.clashweave.validation.ClientReplay:viewReplay:314]: P0_VIEW COMPLETE nano=89567114290900
[07:45:51] [Client thread/INFO] [STDOUT]: [com.layue13.clashweave.validation.ClientReplay:viewReplay:314]: P0_VIEW COMPLETE nano=89567164810700
[07:45:51] [Client thread/INFO] [STDOUT]: [com.layue13.clashweave.validation.ClientReplay:viewReplay:314]: P0_VIEW COMPLETE nano=89567214329800
[07:45:51] [Client thread/INFO] [STDOUT]: [com.layue13.clashweave.validation.ClientReplay:viewReplay:314]: P0_VIEW COMPLETE nano=89567264405600
[07:45:51] [Client thread/INFO] [STDOUT]: [com.layue13.clashweave.validation.ClientReplay:viewReplay:314]: P0_VIEW COMPLETE nano=89567314774000
[07:45:51] [Client thread/INFO] [STDOUT]: [com.layue13.clashweave.validation.ClientReplay:viewReplay:314]: P0_VIEW COMPLETE nano=89567364360100
[07:45:51] [Client thread/INFO] [STDOUT]: [com.layue13.clashweave.validation.ClientReplay:viewReplay:314]: P0_VIEW COMPLETE nano=89567414325000
[07:45:51] [Client thread/INFO] [STDOUT]: [com.layue13.clashweave.validation.ClientReplay:viewReplay:314]: P0_VIEW COMPLETE nano=89567464891700
[07:45:51] [Client thread/INFO] [STDOUT]: [com.layue13.clashweave.validation.ClientReplay:viewReplay:314]: P0_VIEW COMPLETE nano=89567515119900
[07:45:51] [Client thread/INFO] [STDOUT]: [com.layue13.clashweave.validation.ClientReplay:viewReplay:314]: P0_VIEW COMPLETE nano=89567564255100
[07:45:51] [Client thread/INFO] [STDOUT]: [com.layue13.clashweave.validation.ClientReplay:viewReplay:314]: P0_VIEW COMPLETE nano=89567615243100
[07:45:52] [Client thread/INFO] [STDOUT]: [com.layue13.clashweave.validation.ClientReplay:viewReplay:314]: P0_VIEW COMPLETE nano=89567664733300
[07:45:52] [Client thread/INFO] [STDOUT]: [com.layue13.clashweave.validation.ClientReplay:viewReplay:314]: P0_VIEW COMPLETE nano=89567714632700
[07:45:52] [Client thread/INFO] [STDOUT]: [com.layue13.clashweave.validation.ClientReplay:viewReplay:314]: P0_VIEW COMPLETE nano=89567764390300
[07:45:52] [Client thread/INFO] [STDOUT]: [com.layue13.clashweave.validation.ClientReplay:viewReplay:314]: P0_VIEW COMPLETE nano=89567815059000
[07:45:52] [Client thread/INFO] [STDOUT]: [com.layue13.clashweave.validation.ClientReplay:viewReplay:314]: P0_VIEW COMPLETE nano=89567864476100
[07:45:52] [Client thread/INFO] [STDOUT]: [com.layue13.clashweave.validation.ClientReplay:viewReplay:314]: P0_VIEW COMPLETE nano=89567914640400
[07:45:52] [Client thread/INFO] [STDOUT]: [com.layue13.clashweave.validation.ClientReplay:viewReplay:314]: P0_VIEW COMPLETE nano=89567964434200
[07:45:52] [Client thread/INFO] [STDOUT]: [com.layue13.clashweave.validation.ClientReplay:viewReplay:314]: P0_VIEW COMPLETE nano=89568014367000
[07:45:52] [Client thread/INFO] [STDOUT]: [com.layue13.clashweave.validation.ClientReplay:viewReplay:314]: P0_VIEW COMPLETE nano=89568064825000
[07:45:52] [Client thread/INFO] [STDOUT]: [com.layue13.clashweave.validation.ClientReplay:viewReplay:314]: P0_VIEW COMPLETE nano=89568114603600
[07:45:52] [Client thread/INFO] [STDOUT]: [com.layue13.clashweave.validation.ClientReplay:viewReplay:314]: P0_VIEW COMPLETE nano=89568164615600
[07:45:52] [Client thread/INFO] [STDOUT]: [com.layue13.clashweave.validation.ClientReplay:viewReplay:314]: P0_VIEW COMPLETE nano=89568214632300
[07:45:52] [Client thread/INFO] [STDOUT]: [com.layue13.clashweave.validation.ClientReplay:viewReplay:314]: P0_VIEW COMPLETE nano=89568264732700
[07:45:52] [Client thread/INFO] [STDOUT]: [com.layue13.clashweave.validation.ClientReplay:viewReplay:314]: P0_VIEW COMPLETE nano=89568314673200
[07:45:52] [Client thread/INFO] [STDOUT]: [com.layue13.clashweave.validation.ClientReplay:viewReplay:314]: P0_VIEW COMPLETE nano=89568364398600
[07:45:52] [Client thread/INFO] [STDOUT]: [com.layue13.clashweave.validation.ClientReplay:viewReplay:314]: P0_VIEW COMPLETE nano=89568414581500
[07:45:52] [Client thread/INFO] [STDOUT]: [com.layue13.clashweave.validation.ClientReplay:viewReplay:314]: P0_VIEW COMPLETE nano=89568464429700
[07:45:52] [Client thread/INFO] [STDOUT]: [com.layue13.clashweave.validation.ClientReplay:viewReplay:314]: P0_VIEW COMPLETE nano=89568514736300
[07:45:52] [Client thread/INFO] [STDOUT]: [com.layue13.clashweave.validation.ClientReplay:viewReplay:314]: P0_VIEW COMPLETE nano=89568564428300
[07:45:52] [Client thread/INFO] [STDOUT]: [com.layue13.clashweave.validation.ClientReplay:viewReplay:314]: P0_VIEW COMPLETE nano=89568614830100
[07:45:53] [Client thread/INFO] [STDOUT]: [com.layue13.clashweave.validation.ClientReplay:viewReplay:314]: P0_VIEW COMPLETE nano=89568664860400
[07:45:53] [Client thread/INFO] [STDOUT]: [com.layue13.clashweave.validation.ClientReplay:viewReplay:314]: P0_VIEW COMPLETE nano=89568714364700
[07:45:53] [Client thread/INFO] [STDOUT]: [com.layue13.clashweave.validation.ClientReplay:viewReplay:314]: P0_VIEW COMPLETE nano=89568764341000
[07:45:53] [Client thread/INFO] [STDOUT]: [com.layue13.clashweave.validation.ClientReplay:viewReplay:314]: P0_VIEW COMPLETE nano=89568814829200
[07:45:53] [Client thread/INFO] [STDOUT]: [com.layue13.clashweave.validation.ClientReplay:viewReplay:314]: P0_VIEW COMPLETE nano=89568864623700
[07:45:53] [Client thread/INFO] [STDOUT]: [com.layue13.clashweave.validation.ClientReplay:viewReplay:314]: P0_VIEW COMPLETE nano=89568914443200
[07:45:53] [Client thread/INFO] [STDOUT]: [com.layue13.clashweave.validation.ClientReplay:viewReplay:314]: P0_VIEW COMPLETE nano=89568964354900
[07:45:53] [Client thread/INFO] [STDOUT]: [com.layue13.clashweave.validation.ClientReplay:viewReplay:314]: P0_VIEW COMPLETE nano=89569014747200
[07:45:53] [Client thread/INFO] [STDOUT]: [com.layue13.clashweave.validation.ClientReplay:viewReplay:314]: P0_VIEW COMPLETE nano=89569065090800
[07:45:53] [Client thread/INFO] [STDOUT]: [com.layue13.clashweave.validation.ClientReplay:viewReplay:314]: P0_VIEW COMPLETE nano=89569114662000
[07:45:53] [Client thread/INFO] [STDOUT]: [com.layue13.clashweave.validation.ClientReplay:viewReplay:314]: P0_VIEW COMPLETE nano=89569164828600
[07:45:53] [Client thread/INFO] [STDOUT]: [com.layue13.clashweave.validation.ClientReplay:viewReplay:314]: P0_VIEW COMPLETE nano=89569214781600
[07:45:53] [Client thread/INFO] [STDOUT]: [com.layue13.clashweave.validation.ClientReplay:viewReplay:314]: P0_VIEW COMPLETE nano=89569264836400
[07:45:53] [Client thread/INFO] [STDOUT]: [com.layue13.clashweave.validation.ClientReplay:viewReplay:314]: P0_VIEW COMPLETE nano=89569314738500
[07:45:53] [Client thread/INFO] [STDOUT]: [com.layue13.clashweave.validation.ClientReplay:viewReplay:314]: P0_VIEW COMPLETE nano=89569364399200
[07:45:53] [Client thread/INFO] [STDOUT]: [com.layue13.clashweave.validation.ClientReplay:viewReplay:314]: P0_VIEW COMPLETE nano=89569415062700
[07:45:53] [Client thread/INFO] [STDOUT]: [com.layue13.clashweave.validation.ClientReplay:viewReplay:314]: P0_VIEW COMPLETE nano=89569464624500
[07:45:53] [Client thread/INFO] [STDOUT]: [com.layue13.clashweave.validation.ClientReplay:viewReplay:314]: P0_VIEW COMPLETE nano=89569514906400
[07:45:53] [Client thread/INFO] [STDOUT]: [com.layue13.clashweave.validation.ClientReplay:viewReplay:314]: P0_VIEW COMPLETE nano=89569564661500
[07:45:53] [Client thread/INFO] [STDOUT]: [com.layue13.clashweave.validation.ClientReplay:viewReplay:314]: P0_VIEW COMPLETE nano=89569614735000
[07:45:54] [Client thread/INFO] [STDOUT]: [com.layue13.clashweave.validation.ClientReplay:viewReplay:314]: P0_VIEW COMPLETE nano=89569664716300
[07:45:54] [Client thread/INFO] [STDOUT]: [com.layue13.clashweave.validation.ClientReplay:viewReplay:314]: P0_VIEW COMPLETE nano=89569714291500
[07:45:54] [Client thread/INFO] [STDOUT]: [com.layue13.clashweave.validation.ClientReplay:viewReplay:314]: P0_VIEW COMPLETE nano=89569764424700
[07:45:54] [Client thread/INFO] [STDOUT]: [com.layue13.clashweave.validation.ClientReplay:viewReplay:314]: P0_VIEW COMPLETE nano=89569814781000
[07:45:54] [Client thread/INFO] [STDOUT]: [com.layue13.clashweave.validation.ClientReplay:viewReplay:314]: P0_VIEW COMPLETE nano=89569864447900
[07:45:54] [Client thread/INFO] [STDOUT]: [com.layue13.clashweave.validation.ClientReplay:viewReplay:314]: P0_VIEW COMPLETE nano=89569914556100
[07:45:54] [Client thread/INFO] [STDOUT]: [com.layue13.clashweave.validation.ClientReplay:viewReplay:314]: P0_VIEW COMPLETE nano=89569964663100
[07:45:54] [Client thread/INFO] [STDOUT]: [com.layue13.clashweave.validation.ClientReplay:viewReplay:314]: P0_VIEW COMPLETE nano=89570014435600
[07:45:54] [Client thread/INFO] [STDOUT]: [com.layue13.clashweave.validation.ClientReplay:viewReplay:314]: P0_VIEW COMPLETE nano=89570065493100
[07:45:54] [Client thread/INFO] [STDOUT]: [com.layue13.clashweave.validation.ClientReplay:viewReplay:314]: P0_VIEW COMPLETE nano=89570114447600
[07:45:54] [Client thread/INFO] [STDOUT]: [com.layue13.clashweave.validation.ClientReplay:viewReplay:314]: P0_VIEW COMPLETE nano=89570164526900
[07:45:54] [Client thread/INFO] [STDOUT]: [com.layue13.clashweave.validation.ClientReplay:viewReplay:314]: P0_VIEW COMPLETE nano=89570214606800
[07:45:54] [Client thread/INFO] [STDOUT]: [com.layue13.clashweave.validation.ClientReplay:viewReplay:314]: P0_VIEW COMPLETE nano=89570264359700
[07:45:54] [Client thread/INFO] [STDOUT]: [com.layue13.clashweave.validation.ClientReplay:viewReplay:314]: P0_VIEW COMPLETE nano=89570314687500
[07:45:54] [Client thread/INFO] [STDOUT]: [com.layue13.clashweave.validation.ClientReplay:viewReplay:314]: P0_VIEW COMPLETE nano=89570365230700
[07:45:54] [Client thread/INFO] [STDOUT]: [com.layue13.clashweave.validation.ClientReplay:viewReplay:314]: P0_VIEW COMPLETE nano=89570415294900
[07:45:54] [Client thread/INFO] [STDOUT]: [com.layue13.clashweave.validation.ClientReplay:viewReplay:314]: P0_VIEW COMPLETE nano=89570464783500
[07:45:54] [Client thread/INFO] [STDOUT]: [com.layue13.clashweave.validation.ClientReplay:viewReplay:314]: P0_VIEW COMPLETE nano=89570514621600
[07:45:54] [Client thread/INFO] [STDOUT]: [com.layue13.clashweave.validation.ClientReplay:viewReplay:314]: P0_VIEW COMPLETE nano=89570564550300
[07:45:54] [Client thread/INFO] [STDOUT]: [com.layue13.clashweave.validation.ClientReplay:viewReplay:314]: P0_VIEW COMPLETE nano=89570615844000
[07:45:55] [Client thread/INFO] [STDOUT]: [com.layue13.clashweave.validation.ClientReplay:viewReplay:314]: P0_VIEW COMPLETE nano=89570664518800
[07:45:55] [Client thread/INFO] [STDOUT]: [com.layue13.clashweave.validation.ClientReplay:viewReplay:314]: P0_VIEW COMPLETE nano=89570714653400
[07:45:55] [Client thread/INFO] [STDOUT]: [com.layue13.clashweave.validation.ClientReplay:viewReplay:314]: P0_VIEW COMPLETE nano=89570764883800
[07:45:55] [Client thread/INFO] [STDOUT]: [com.layue13.clashweave.validation.ClientReplay:viewReplay:314]: P0_VIEW COMPLETE nano=89570814591500
[07:45:55] [Client thread/INFO] [STDOUT]: [com.layue13.clashweave.validation.ClientReplay:viewReplay:314]: P0_VIEW COMPLETE nano=89570864327600
[07:45:55] [Client thread/INFO] [STDOUT]: [com.layue13.clashweave.validation.ClientReplay:viewReplay:314]: P0_VIEW COMPLETE nano=89570914696400
[07:45:55] [Client thread/INFO] [STDOUT]: [com.layue13.clashweave.validation.ClientReplay:viewReplay:314]: P0_VIEW COMPLETE nano=89570965073400
[07:45:55] [Client thread/INFO] [STDOUT]: [com.layue13.clashweave.validation.ClientReplay:viewReplay:314]: P0_VIEW COMPLETE nano=89571014854000
[07:45:55] [Client thread/INFO] [STDOUT]: [com.layue13.clashweave.validation.ClientReplay:viewReplay:314]: P0_VIEW COMPLETE nano=89571064988000
[07:45:55] [Client thread/INFO] [STDOUT]: [com.layue13.clashweave.validation.ClientReplay:viewReplay:314]: P0_VIEW COMPLETE nano=89571114706200
[07:45:55] [Client thread/INFO] [STDOUT]: [com.layue13.clashweave.validation.ClientReplay:viewReplay:314]: P0_VIEW COMPLETE nano=89571164884900
[07:45:55] [Client thread/INFO] [STDOUT]: [com.layue13.clashweave.validation.ClientReplay:viewReplay:314]: P0_VIEW COMPLETE nano=89571215232900
[07:45:55] [Client thread/INFO] [STDOUT]: [com.layue13.clashweave.validation.ClientReplay:viewReplay:314]: P0_VIEW COMPLETE nano=89571264683800
[07:45:55] [Client thread/INFO] [STDOUT]: [com.layue13.clashweave.validation.ClientReplay:viewReplay:314]: P0_VIEW COMPLETE nano=89571314807800
[07:45:55] [Client thread/INFO] [STDOUT]: [com.layue13.clashweave.validation.ClientReplay:viewReplay:314]: P0_VIEW COMPLETE nano=89571365075900
[07:45:55] [Client thread/INFO] [STDOUT]: [com.layue13.clashweave.validation.ClientReplay:viewReplay:314]: P0_VIEW COMPLETE nano=89571415161000
[07:45:55] [Client thread/INFO] [STDOUT]: [com.layue13.clashweave.validation.ClientReplay:viewReplay:314]: P0_VIEW COMPLETE nano=89571464484100
[07:45:55] [Client thread/INFO] [STDOUT]: [com.layue13.clashweave.validation.ClientReplay:viewReplay:314]: P0_VIEW COMPLETE nano=89571514983100
[07:45:55] [Client thread/INFO] [STDOUT]: [com.layue13.clashweave.validation.ClientReplay:viewReplay:314]: P0_VIEW COMPLETE nano=89571564901900
[07:45:55] [Client thread/INFO] [STDOUT]: [com.layue13.clashweave.validation.ClientReplay:viewReplay:314]: P0_VIEW COMPLETE nano=89571614555700
[07:45:56] [Client thread/INFO] [STDOUT]: [com.layue13.clashweave.validation.ClientReplay:viewReplay:314]: P0_VIEW COMPLETE nano=89571664644300
[07:45:56] [Client thread/INFO] [STDOUT]: [com.layue13.clashweave.validation.ClientReplay:viewReplay:314]: P0_VIEW COMPLETE nano=89571714377300
[07:45:56] [Client thread/INFO] [STDOUT]: [com.layue13.clashweave.validation.ClientReplay:viewReplay:314]: P0_VIEW COMPLETE nano=89571764424900
[07:45:56] [Client thread/INFO] [STDOUT]: [com.layue13.clashweave.validation.ClientReplay:viewReplay:314]: P0_VIEW COMPLETE nano=89571814677800
[07:45:56] [Client thread/INFO] [STDOUT]: [com.layue13.clashweave.validation.ClientReplay:viewReplay:314]: P0_VIEW COMPLETE nano=89571865232400
[07:45:56] [Client thread/INFO] [STDOUT]: [com.layue13.clashweave.validation.ClientReplay:viewReplay:314]: P0_VIEW COMPLETE nano=89571915084300
[07:45:56] [Client thread/INFO] [STDOUT]: [com.layue13.clashweave.validation.ClientReplay:viewReplay:314]: P0_VIEW COMPLETE nano=89571964881100
[07:45:56] [Client thread/INFO] [STDOUT]: [com.layue13.clashweave.validation.ClientReplay:viewReplay:314]: P0_VIEW COMPLETE nano=89572014555500
[07:45:56] [Client thread/INFO] [STDOUT]: [com.layue13.clashweave.validation.ClientReplay:viewReplay:314]: P0_VIEW COMPLETE nano=89572064519800
[07:45:56] [Client thread/INFO] [STDOUT]: [com.layue13.clashweave.validation.ClientReplay:viewReplay:314]: P0_VIEW COMPLETE nano=89572114643200
[07:45:56] [Client thread/INFO] [STDOUT]: [com.layue13.clashweave.validation.ClientReplay:viewReplay:314]: P0_VIEW COMPLETE nano=89572164535600
[07:45:56] [Client thread/INFO] [STDOUT]: [com.layue13.clashweave.validation.ClientReplay:viewReplay:314]: P0_VIEW COMPLETE nano=89572214726100
[07:45:56] [Client thread/INFO] [STDOUT]: [com.layue13.clashweave.validation.ClientReplay:viewReplay:314]: P0_VIEW COMPLETE nano=89572264571900
[07:45:56] [Client thread/INFO] [STDOUT]: [com.layue13.clashweave.validation.ClientReplay:viewReplay:314]: P0_VIEW COMPLETE nano=89572315018300
[07:45:56] [Client thread/INFO] [STDOUT]: [com.layue13.clashweave.validation.ClientReplay:viewReplay:314]: P0_VIEW COMPLETE nano=89572364607900
[07:45:56] [Client thread/INFO] [STDOUT]: [com.layue13.clashweave.validation.ClientReplay:viewReplay:314]: P0_VIEW COMPLETE nano=89572414563800
[07:45:56] [Client thread/INFO] [STDOUT]: [com.layue13.clashweave.validation.ClientReplay:viewReplay:314]: P0_VIEW COMPLETE nano=89572464516000
[07:45:56] [Client thread/INFO] [STDOUT]: [com.layue13.clashweave.validation.ClientReplay:viewReplay:314]: P0_VIEW COMPLETE nano=89572514421700
[07:45:56] [Client thread/INFO] [STDOUT]: [com.layue13.clashweave.validation.ClientReplay:viewReplay:314]: P0_VIEW COMPLETE nano=89572564335000
[07:45:56] [Client thread/INFO] [STDOUT]: [com.layue13.clashweave.validation.ClientReplay:viewReplay:314]: P0_VIEW COMPLETE nano=89572614481700
[07:45:57] [Client thread/INFO] [STDOUT]: [com.layue13.clashweave.validation.ClientReplay:viewReplay:314]: P0_VIEW COMPLETE nano=89572664668000
[07:45:57] [Client thread/INFO] [STDOUT]: [com.layue13.clashweave.validation.ClientReplay:viewReplay:314]: P0_VIEW COMPLETE nano=89572714426800
[07:45:57] [Client thread/INFO] [STDOUT]: [com.layue13.clashweave.validation.ClientReplay:viewReplay:314]: P0_VIEW COMPLETE nano=89572764477200
[07:45:57] [Client thread/INFO] [STDOUT]: [com.layue13.clashweave.validation.ClientReplay:viewReplay:314]: P0_VIEW COMPLETE nano=89572814602700
[07:45:57] [Client thread/INFO] [STDOUT]: [com.layue13.clashweave.validation.ClientReplay:viewReplay:314]: P0_VIEW COMPLETE nano=89572864772000
[07:45:57] [Client thread/INFO] [STDOUT]: [com.layue13.clashweave.validation.ClientReplay:viewReplay:314]: P0_VIEW COMPLETE nano=89572915109200
[07:45:57] [Client thread/INFO] [STDOUT]: [com.layue13.clashweave.validation.ClientReplay:viewReplay:314]: P0_VIEW COMPLETE nano=89572964715500
[07:45:57] [Client thread/INFO] [STDOUT]: [com.layue13.clashweave.validation.ClientReplay:viewReplay:314]: P0_VIEW COMPLETE nano=89573015110100
[07:45:57] [Client thread/INFO] [STDOUT]: [com.layue13.clashweave.validation.ClientReplay:viewReplay:314]: P0_VIEW COMPLETE nano=89573064689700
[07:45:57] [Client thread/INFO] [STDOUT]: [com.layue13.clashweave.validation.ClientReplay:viewReplay:314]: P0_VIEW COMPLETE nano=89573114648800
[07:45:57] [Client thread/INFO] [STDOUT]: [com.layue13.clashweave.validation.ClientReplay:viewReplay:314]: P0_VIEW COMPLETE nano=89573164848700
[07:45:57] [Client thread/INFO] [STDOUT]: [com.layue13.clashweave.validation.ClientReplay:viewReplay:314]: P0_VIEW COMPLETE nano=89573214720000
[07:45:57] [Client thread/INFO] [STDOUT]: [com.layue13.clashweave.validation.ClientReplay:viewReplay:314]: P0_VIEW COMPLETE nano=89573264615100
[07:45:57] [Client thread/INFO] [STDOUT]: [com.layue13.clashweave.validation.ClientReplay:viewReplay:314]: P0_VIEW COMPLETE nano=89573314664200
[07:45:57] [Client thread/INFO] [STDOUT]: [com.layue13.clashweave.validation.ClientReplay:viewReplay:314]: P0_VIEW COMPLETE nano=89573364767600
[07:45:57] [Client thread/INFO] [STDOUT]: [com.layue13.clashweave.validation.ClientReplay:viewReplay:314]: P0_VIEW COMPLETE nano=89573414438100
[07:45:57] [Client thread/INFO] [STDOUT]: [com.layue13.clashweave.validation.ClientReplay:viewReplay:314]: P0_VIEW COMPLETE nano=89573464687500
[07:45:57] [Client thread/INFO] [STDOUT]: [com.layue13.clashweave.validation.ClientReplay:viewReplay:314]: P0_VIEW COMPLETE nano=89573514594700
[07:45:57] [Client thread/INFO] [STDOUT]: [com.layue13.clashweave.validation.ClientReplay:viewReplay:314]: P0_VIEW COMPLETE nano=89573564505200
[07:45:57] [Client thread/INFO] [STDOUT]: [com.layue13.clashweave.validation.ClientReplay:viewReplay:314]: P0_VIEW COMPLETE nano=89573614569800
[07:45:58] [Client thread/INFO] [STDOUT]: [com.layue13.clashweave.validation.ClientReplay:viewReplay:314]: P0_VIEW COMPLETE nano=89573664650400
[07:45:58] [Client thread/INFO] [STDOUT]: [com.layue13.clashweave.validation.ClientReplay:viewReplay:314]: P0_VIEW COMPLETE nano=89573714534700
[07:45:58] [Client thread/INFO] [STDOUT]: [com.layue13.clashweave.validation.ClientReplay:viewReplay:314]: P0_VIEW COMPLETE nano=89573764509900
[07:45:58] [Client thread/INFO] [STDOUT]: [com.layue13.clashweave.validation.ClientReplay:viewReplay:314]: P0_VIEW COMPLETE nano=89573814834300
[07:45:58] [Client thread/INFO] [STDOUT]: [com.layue13.clashweave.validation.ClientReplay:viewReplay:314]: P0_VIEW COMPLETE nano=89573864316000
[07:45:58] [Client thread/INFO] [STDOUT]: [com.layue13.clashweave.validation.ClientReplay:viewReplay:314]: P0_VIEW COMPLETE nano=89573914618400
[07:45:58] [Client thread/INFO] [STDOUT]: [com.layue13.clashweave.validation.ClientReplay:viewReplay:314]: P0_VIEW COMPLETE nano=89573965666000
[07:45:58] [Client thread/INFO] [STDOUT]: [com.layue13.clashweave.validation.ClientReplay:viewReplay:314]: P0_VIEW COMPLETE nano=89574014495300
[07:45:58] [Client thread/INFO] [STDOUT]: [com.layue13.clashweave.validation.ClientReplay:viewReplay:314]: P0_VIEW COMPLETE nano=89574064677500
[07:45:58] [Client thread/INFO] [STDOUT]: [com.layue13.clashweave.validation.ClientReplay:viewReplay:314]: P0_VIEW COMPLETE nano=89574114383400
[07:45:58] [Client thread/INFO] [STDOUT]: [com.layue13.clashweave.validation.ClientReplay:viewReplay:314]: P0_VIEW COMPLETE nano=89574164519600
[07:45:58] [Client thread/INFO] [STDOUT]: [com.layue13.clashweave.validation.ClientReplay:viewReplay:314]: P0_VIEW COMPLETE nano=89574215634600
[07:45:58] [Client thread/INFO] [STDOUT]: [com.layue13.clashweave.validation.ClientReplay:viewReplay:314]: P0_VIEW COMPLETE nano=89574264421700
[07:45:58] [Client thread/INFO] [STDOUT]: [com.layue13.clashweave.validation.ClientReplay:viewReplay:314]: P0_VIEW COMPLETE nano=89574315247000
[07:45:58] [Client thread/INFO] [STDOUT]: [com.layue13.clashweave.validation.ClientReplay:viewReplay:314]: P0_VIEW COMPLETE nano=89574364439400
[07:45:58] [Client thread/INFO] [STDOUT]: [com.layue13.clashweave.validation.ClientReplay:viewReplay:314]: P0_VIEW COMPLETE nano=89574414610900
[07:45:58] [Client thread/INFO] [STDOUT]: [com.layue13.clashweave.validation.ClientReplay:viewReplay:314]: P0_VIEW COMPLETE nano=89574465110000
[07:45:58] [Client thread/INFO] [STDOUT]: [com.layue13.clashweave.validation.ClientReplay:viewReplay:314]: P0_VIEW COMPLETE nano=89574515124100
[07:45:58] [Client thread/INFO] [STDOUT]: [com.layue13.clashweave.validation.ClientReplay:viewReplay:314]: P0_VIEW COMPLETE nano=89574564325400
[07:45:58] [Client thread/INFO] [STDOUT]: [com.layue13.clashweave.validation.ClientReplay:viewReplay:314]: P0_VIEW COMPLETE nano=89574614942600
[07:45:59] [Client thread/INFO] [STDOUT]: [com.layue13.clashweave.validation.ClientReplay:viewReplay:314]: P0_VIEW COMPLETE nano=89574664566000
[07:45:59] [Client thread/INFO] [STDOUT]: [com.layue13.clashweave.validation.ClientReplay:viewReplay:314]: P0_VIEW COMPLETE nano=89574715100300
[07:45:59] [Client thread/INFO] [STDOUT]: [com.layue13.clashweave.validation.ClientReplay:viewReplay:314]: P0_VIEW COMPLETE nano=89574764301700
[07:45:59] [Client thread/INFO] [STDOUT]: [com.layue13.clashweave.validation.ClientReplay:viewReplay:314]: P0_VIEW COMPLETE nano=89574814370500
[07:45:59] [Client thread/INFO] [STDOUT]: [com.layue13.clashweave.validation.ClientReplay:viewReplay:314]: P0_VIEW COMPLETE nano=89574865538400
[07:45:59] [Client thread/INFO] [STDOUT]: [com.layue13.clashweave.validation.ClientReplay:viewReplay:314]: P0_VIEW COMPLETE nano=89574914381800
[07:45:59] [Client thread/INFO] [STDOUT]: [com.layue13.clashweave.validation.ClientReplay:viewReplay:314]: P0_VIEW COMPLETE nano=89574964761900
[07:45:59] [Client thread/INFO] [STDOUT]: [com.layue13.clashweave.validation.ClientReplay:viewReplay:314]: P0_VIEW COMPLETE nano=89575014715100
[07:45:59] [Client thread/INFO] [STDOUT]: [com.layue13.clashweave.validation.ClientReplay:viewReplay:314]: P0_VIEW COMPLETE nano=89575064543900
[07:45:59] [Client thread/INFO] [STDOUT]: [com.layue13.clashweave.validation.ClientReplay:viewReplay:314]: P0_VIEW COMPLETE nano=89575114548100
[07:45:59] [Client thread/INFO] [STDOUT]: [com.layue13.clashweave.validation.ClientReplay:viewReplay:314]: P0_VIEW COMPLETE nano=89575164733000
[07:45:59] [Client thread/INFO] [STDOUT]: [com.layue13.clashweave.validation.ClientReplay:viewReplay:314]: P0_VIEW COMPLETE nano=89575214962900
[07:45:59] [Client thread/INFO] [STDOUT]: [com.layue13.clashweave.validation.ClientReplay:viewReplay:314]: P0_VIEW COMPLETE nano=89575265100100
[07:45:59] [Client thread/INFO] [STDOUT]: [com.layue13.clashweave.validation.ClientReplay:viewReplay:314]: P0_VIEW COMPLETE nano=89575315073400
[07:45:59] [Client thread/INFO] [STDOUT]: [com.layue13.clashweave.validation.ClientReplay:viewReplay:314]: P0_VIEW COMPLETE nano=89575364856500
[07:45:59] [Client thread/INFO] [STDOUT]: [com.layue13.clashweave.validation.ClientReplay:viewReplay:314]: P0_VIEW COMPLETE nano=89575414702200
[07:45:59] [Client thread/INFO] [STDOUT]: [com.layue13.clashweave.validation.ClientReplay:viewReplay:314]: P0_VIEW COMPLETE nano=89575464310000
[07:45:59] [Client thread/INFO] [STDOUT]: [com.layue13.clashweave.validation.ClientReplay:viewReplay:314]: P0_VIEW COMPLETE nano=89575515002900
[07:45:59] [Client thread/INFO] [STDOUT]: [com.layue13.clashweave.validation.ClientReplay:viewReplay:314]: P0_VIEW COMPLETE nano=89575564391300
[07:45:59] [Client thread/INFO] [STDOUT]: [com.layue13.clashweave.validation.ClientReplay:viewReplay:314]: P0_VIEW COMPLETE nano=89575614586600
[07:46:00] [Client thread/INFO] [STDOUT]: [com.layue13.clashweave.validation.ClientReplay:viewReplay:314]: P0_VIEW COMPLETE nano=89575664366800
[07:46:00] [Client thread/INFO] [STDOUT]: [com.layue13.clashweave.validation.ClientReplay:viewReplay:314]: P0_VIEW COMPLETE nano=89575714803700
[07:46:00] [Client thread/INFO] [STDOUT]: [com.layue13.clashweave.validation.ClientReplay:viewReplay:314]: P0_VIEW COMPLETE nano=89575764606600
[07:46:00] [Client thread/INFO] [STDOUT]: [com.layue13.clashweave.validation.ClientReplay:viewReplay:314]: P0_VIEW COMPLETE nano=89575814703100
[07:46:00] [Client thread/INFO] [STDOUT]: [com.layue13.clashweave.validation.ClientReplay:viewReplay:314]: P0_VIEW COMPLETE nano=89575864385900
[07:46:00] [Client thread/INFO] [STDOUT]: [com.layue13.clashweave.validation.ClientReplay:viewReplay:314]: P0_VIEW COMPLETE nano=89575914446900
[07:46:00] [Client thread/INFO] [STDOUT]: [com.layue13.clashweave.validation.ClientReplay:viewReplay:314]: P0_VIEW COMPLETE nano=89575965394600
[07:46:00] [Client thread/INFO] [STDOUT]: [com.layue13.clashweave.validation.ClientReplay:viewReplay:314]: P0_VIEW COMPLETE nano=89576015052900
[07:46:00] [Client thread/INFO] [STDOUT]: [com.layue13.clashweave.validation.ClientReplay:viewReplay:314]: P0_VIEW COMPLETE nano=89576065091400
[07:46:00] [Client thread/INFO] [STDOUT]: [com.layue13.clashweave.validation.ClientReplay:viewReplay:314]: P0_VIEW COMPLETE nano=89576114617100
[07:46:00] [Client thread/INFO] [STDOUT]: [com.layue13.clashweave.validation.ClientReplay:viewReplay:314]: P0_VIEW COMPLETE nano=89576165015600
[07:46:00] [Client thread/INFO] [STDOUT]: [com.layue13.clashweave.validation.ClientReplay:viewReplay:314]: P0_VIEW COMPLETE nano=89576214516200
[07:46:00] [Client thread/INFO] [STDOUT]: [com.layue13.clashweave.validation.ClientReplay:viewReplay:314]: P0_VIEW COMPLETE nano=89576265053400
[07:46:00] [Client thread/INFO] [STDOUT]: [com.layue13.clashweave.validation.ClientReplay:viewReplay:314]: P0_VIEW COMPLETE nano=89576314531500
[07:46:00] [Client thread/INFO] [STDOUT]: [com.layue13.clashweave.validation.ClientReplay:viewReplay:314]: P0_VIEW COMPLETE nano=89576364838800
[07:46:00] [Client thread/INFO] [STDOUT]: [com.layue13.clashweave.validation.ClientReplay:viewReplay:314]: P0_VIEW COMPLETE nano=89576414433600
[07:46:00] [Client thread/INFO] [STDOUT]: [com.layue13.clashweave.validation.ClientReplay:viewReplay:314]: P0_VIEW COMPLETE nano=89576464594300
[07:46:00] [Client thread/INFO] [STDOUT]: [com.layue13.clashweave.validation.ClientReplay:viewReplay:314]: P0_VIEW COMPLETE nano=89576515161500
[07:46:00] [Client thread/INFO] [STDOUT]: [com.layue13.clashweave.validation.ClientReplay:viewReplay:314]: P0_VIEW COMPLETE nano=89576564408100
[07:46:00] [Client thread/INFO] [STDOUT]: [com.layue13.clashweave.validation.ClientReplay:viewReplay:314]: P0_VIEW COMPLETE nano=89576614401100
[07:46:01] [Client thread/INFO] [STDOUT]: [com.layue13.clashweave.validation.ClientReplay:viewReplay:314]: P0_VIEW COMPLETE nano=89576664674800
[07:46:01] [Client thread/INFO] [STDOUT]: [com.layue13.clashweave.validation.ClientReplay:viewReplay:314]: P0_VIEW COMPLETE nano=89576714920200
[07:46:01] [Client thread/INFO] [STDOUT]: [com.layue13.clashweave.validation.ClientReplay:viewReplay:314]: P0_VIEW COMPLETE nano=89576765037700
[07:46:01] [Client thread/INFO] [STDOUT]: [com.layue13.clashweave.validation.ClientReplay:viewReplay:314]: P0_VIEW COMPLETE nano=89576814684900
[07:46:01] [Client thread/INFO] [STDOUT]: [com.layue13.clashweave.validation.ClientReplay:viewReplay:314]: P0_VIEW COMPLETE nano=89576864419000
[07:46:01] [Client thread/INFO] [STDOUT]: [com.layue13.clashweave.validation.ClientReplay:viewReplay:314]: P0_VIEW COMPLETE nano=89576914650500
[07:46:01] [Client thread/INFO] [STDOUT]: [com.layue13.clashweave.validation.ClientReplay:viewReplay:314]: P0_VIEW COMPLETE nano=89576965240800
[07:46:01] [Client thread/INFO] [STDOUT]: [com.layue13.clashweave.validation.ClientReplay:viewReplay:314]: P0_VIEW COMPLETE nano=89577014478000
[07:46:01] [Client thread/INFO] [STDOUT]: [com.layue13.clashweave.validation.ClientReplay:viewReplay:314]: P0_VIEW COMPLETE nano=89577064435200
[07:46:01] [Client thread/INFO] [STDOUT]: [com.layue13.clashweave.validation.ClientReplay:viewReplay:314]: P0_VIEW COMPLETE nano=89577114791800
[07:46:01] [Client thread/INFO] [STDOUT]: [com.layue13.clashweave.validation.ClientReplay:viewReplay:314]: P0_VIEW COMPLETE nano=89577165416500
[07:46:01] [Client thread/INFO] [STDOUT]: [com.layue13.clashweave.validation.ClientReplay:viewReplay:314]: P0_VIEW COMPLETE nano=89577215303900
[07:46:01] [Client thread/INFO] [STDOUT]: [com.layue13.clashweave.validation.ClientReplay:viewReplay:314]: P0_VIEW COMPLETE nano=89577264458000
[07:46:01] [Client thread/INFO] [STDOUT]: [com.layue13.clashweave.validation.ClientReplay:viewReplay:314]: P0_VIEW COMPLETE nano=89577314373700
[07:46:01] [Client thread/INFO] [STDOUT]: [com.layue13.clashweave.validation.ClientReplay:viewReplay:314]: P0_VIEW COMPLETE nano=89577364556500
[07:46:01] [Client thread/INFO] [STDOUT]: [com.layue13.clashweave.validation.ClientReplay:viewReplay:314]: P0_VIEW COMPLETE nano=89577414600600
[07:46:01] [Client thread/INFO] [STDOUT]: [com.layue13.clashweave.validation.ClientReplay:viewReplay:314]: P0_VIEW COMPLETE nano=89577464694600
[07:46:01] [Client thread/INFO] [STDOUT]: [com.layue13.clashweave.validation.ClientReplay:viewReplay:314]: P0_VIEW COMPLETE nano=89577514552600
[07:46:01] [Client thread/INFO] [STDOUT]: [com.layue13.clashweave.validation.ClientReplay:viewReplay:314]: P0_VIEW COMPLETE nano=89577564672500
[07:46:01] [Client thread/INFO] [STDOUT]: [com.layue13.clashweave.validation.ClientReplay:viewReplay:314]: P0_VIEW COMPLETE nano=89577614557700
[07:46:02] [Client thread/INFO] [STDOUT]: [com.layue13.clashweave.validation.ClientReplay:viewReplay:314]: P0_VIEW COMPLETE nano=89577664639900
[07:46:02] [Client thread/INFO] [STDOUT]: [com.layue13.clashweave.validation.ClientReplay:viewReplay:314]: P0_VIEW COMPLETE nano=89577714326700
[07:46:02] [Client thread/INFO] [STDOUT]: [com.layue13.clashweave.validation.ClientReplay:viewReplay:314]: P0_VIEW COMPLETE nano=89577764750000
[07:46:02] [Client thread/INFO] [STDOUT]: [com.layue13.clashweave.validation.ClientReplay:viewReplay:314]: P0_VIEW COMPLETE nano=89577815222300
[07:46:02] [Client thread/INFO] [STDOUT]: [com.layue13.clashweave.validation.ClientReplay:viewReplay:314]: P0_VIEW COMPLETE nano=89577864422600
[07:46:02] [Client thread/INFO] [STDOUT]: [com.layue13.clashweave.validation.ClientReplay:viewReplay:314]: P0_VIEW COMPLETE nano=89577914689300
[07:46:02] [Client thread/INFO] [STDOUT]: [com.layue13.clashweave.validation.ClientReplay:viewReplay:314]: P0_VIEW COMPLETE nano=89577964802500
[07:46:02] [Client thread/INFO] [STDOUT]: [com.layue13.clashweave.validation.ClientReplay:viewReplay:314]: P0_VIEW COMPLETE nano=89578014709100
[07:46:02] [Client thread/INFO] [STDOUT]: [com.layue13.clashweave.validation.ClientReplay:viewReplay:314]: P0_VIEW COMPLETE nano=89578064714200
[07:46:02] [Client thread/INFO] [STDOUT]: [com.layue13.clashweave.validation.ClientReplay:viewReplay:314]: P0_VIEW COMPLETE nano=89578115499100
[07:46:02] [Client thread/INFO] [STDOUT]: [com.layue13.clashweave.validation.ClientReplay:viewReplay:314]: P0_VIEW COMPLETE nano=89578164864100
[07:46:02] [Client thread/INFO] [STDOUT]: [com.layue13.clashweave.validation.ClientReplay:viewReplay:314]: P0_VIEW COMPLETE nano=89578215124100
[07:46:02] [Client thread/INFO] [STDOUT]: [com.layue13.clashweave.validation.ClientReplay:viewReplay:314]: P0_VIEW COMPLETE nano=89578264441900
[07:46:02] [Client thread/INFO] [STDOUT]: [com.layue13.clashweave.validation.ClientReplay:viewReplay:314]: P0_VIEW COMPLETE nano=89578315025400
[07:46:02] [Client thread/INFO] [STDOUT]: [com.layue13.clashweave.validation.ClientReplay:viewReplay:314]: P0_VIEW COMPLETE nano=89578364630300
[07:46:02] [Client thread/INFO] [STDOUT]: [com.layue13.clashweave.validation.ClientReplay:viewReplay:314]: P0_VIEW COMPLETE nano=89578414361400
[07:46:02] [Client thread/INFO] [STDOUT]: [com.layue13.clashweave.validation.ClientReplay:viewReplay:314]: P0_VIEW COMPLETE nano=89578464543300
[07:46:02] [Client thread/INFO] [STDOUT]: [com.layue13.clashweave.validation.ClientReplay:viewReplay:314]: P0_VIEW COMPLETE nano=89578514479100
[07:46:02] [Client thread/INFO] [STDOUT]: [com.layue13.clashweave.validation.ClientReplay:viewReplay:314]: P0_VIEW COMPLETE nano=89578564546700
[07:46:02] [Client thread/INFO] [STDOUT]: [com.layue13.clashweave.validation.ClientReplay:viewReplay:314]: P0_VIEW COMPLETE nano=89578614746400
[07:46:03] [Client thread/INFO] [STDOUT]: [com.layue13.clashweave.validation.ClientReplay:viewReplay:314]: P0_VIEW COMPLETE nano=89578664512400
[07:46:03] [Client thread/INFO] [STDOUT]: [com.layue13.clashweave.validation.ClientReplay:viewReplay:314]: P0_VIEW COMPLETE nano=89578714676800
[07:46:03] [Client thread/INFO] [STDOUT]: [com.layue13.clashweave.validation.ClientReplay:viewReplay:314]: P0_VIEW COMPLETE nano=89578764546100
[07:46:03] [Client thread/INFO] [STDOUT]: [com.layue13.clashweave.validation.ClientReplay:viewReplay:314]: P0_VIEW COMPLETE nano=89578814751800
[07:46:03] [Client thread/INFO] [STDOUT]: [com.layue13.clashweave.validation.ClientReplay:viewReplay:314]: P0_VIEW COMPLETE nano=89578864335000
[07:46:03] [Client thread/INFO] [STDOUT]: [com.layue13.clashweave.validation.ClientReplay:viewReplay:314]: P0_VIEW COMPLETE nano=89578914679100
[07:46:03] [Client thread/INFO] [STDOUT]: [com.layue13.clashweave.validation.ClientReplay:viewReplay:314]: P0_VIEW COMPLETE nano=89578964802900
[07:46:03] [Client thread/INFO] [STDOUT]: [com.layue13.clashweave.validation.ClientReplay:viewReplay:314]: P0_VIEW COMPLETE nano=89579014614100
[07:46:03] [Client thread/INFO] [STDOUT]: [com.layue13.clashweave.validation.ClientReplay:viewReplay:314]: P0_VIEW COMPLETE nano=89579064477900
[07:46:03] [Client thread/INFO] [STDOUT]: [com.layue13.clashweave.validation.ClientReplay:viewReplay:314]: P0_VIEW COMPLETE nano=89579114646000
[07:46:03] [Client thread/INFO] [STDOUT]: [com.layue13.clashweave.validation.ClientReplay:viewReplay:314]: P0_VIEW COMPLETE nano=89579164873600
[07:46:03] [Client thread/INFO] [STDOUT]: [com.layue13.clashweave.validation.ClientReplay:viewReplay:314]: P0_VIEW COMPLETE nano=89579214293900
[07:46:03] [Client thread/INFO] [STDOUT]: [com.layue13.clashweave.validation.ClientReplay:viewReplay:314]: P0_VIEW COMPLETE nano=89579264702100
[07:46:03] [Client thread/INFO] [STDOUT]: [com.layue13.clashweave.validation.ClientReplay:viewReplay:314]: P0_VIEW COMPLETE nano=89579314650400
[07:46:03] [Client thread/INFO] [STDOUT]: [com.layue13.clashweave.validation.ClientReplay:viewReplay:314]: P0_VIEW COMPLETE nano=89579364631400
[07:46:03] [Client thread/INFO] [STDOUT]: [com.layue13.clashweave.validation.ClientReplay:viewReplay:314]: P0_VIEW COMPLETE nano=89579414641800
[07:46:03] [Client thread/INFO] [STDOUT]: [com.layue13.clashweave.validation.ClientReplay:viewReplay:314]: P0_VIEW COMPLETE nano=89579464465600
[07:46:03] [Client thread/INFO] [STDOUT]: [com.layue13.clashweave.validation.ClientReplay:viewReplay:314]: P0_VIEW COMPLETE nano=89579514767800
[07:46:03] [Client thread/INFO] [STDOUT]: [com.layue13.clashweave.validation.ClientReplay:viewReplay:314]: P0_VIEW COMPLETE nano=89579564760900
[07:46:03] [Client thread/INFO] [STDOUT]: [com.layue13.clashweave.validation.ClientReplay:viewReplay:314]: P0_VIEW COMPLETE nano=89579615058800
[07:46:04] [Client thread/INFO] [STDOUT]: [com.layue13.clashweave.validation.ClientReplay:viewReplay:314]: P0_VIEW COMPLETE nano=89579664516900
[07:46:04] [Client thread/INFO] [STDOUT]: [com.layue13.clashweave.validation.ClientReplay:viewReplay:314]: P0_VIEW COMPLETE nano=89579714317800
[07:46:04] [Client thread/INFO] [STDOUT]: [com.layue13.clashweave.validation.ClientReplay:viewReplay:314]: P0_VIEW COMPLETE nano=89579764751300
[07:46:04] [Client thread/INFO] [STDOUT]: [com.layue13.clashweave.validation.ClientReplay:viewReplay:314]: P0_VIEW COMPLETE nano=89579814525100
[07:46:04] [Client thread/INFO] [STDOUT]: [com.layue13.clashweave.validation.ClientReplay:viewReplay:314]: P0_VIEW COMPLETE nano=89579864514900
[07:46:04] [Client thread/INFO] [STDOUT]: [com.layue13.clashweave.validation.ClientReplay:viewReplay:314]: P0_VIEW COMPLETE nano=89579914506400
[07:46:04] [Client thread/INFO] [STDOUT]: [com.layue13.clashweave.validation.ClientReplay:viewReplay:314]: P0_VIEW COMPLETE nano=89579964607600
[07:46:04] [Client thread/INFO] [STDOUT]: [com.layue13.clashweave.validation.ClientReplay:viewReplay:314]: P0_VIEW COMPLETE nano=89580014280400
[07:46:04] [Client thread/INFO] [STDOUT]: [com.layue13.clashweave.validation.ClientReplay:viewReplay:314]: P0_VIEW COMPLETE nano=89580064658900
[07:46:04] [Client thread/INFO] [STDOUT]: [com.layue13.clashweave.validation.ClientReplay:viewReplay:314]: P0_VIEW COMPLETE nano=89580114641600
[07:46:04] [Client thread/INFO] [STDOUT]: [com.layue13.clashweave.validation.ClientReplay:viewReplay:314]: P0_VIEW COMPLETE nano=89580164685900
[07:46:04] [Client thread/INFO] [STDOUT]: [com.layue13.clashweave.validation.ClientReplay:viewReplay:314]: P0_VIEW COMPLETE nano=89580214615700
[07:46:04] [Client thread/INFO] [STDOUT]: [com.layue13.clashweave.validation.ClientReplay:viewReplay:314]: P0_VIEW COMPLETE nano=89580264728800
[07:46:04] [Client thread/INFO] [STDOUT]: [com.layue13.clashweave.validation.ClientReplay:viewReplay:314]: P0_VIEW COMPLETE nano=89580314358200
[07:46:04] [Client thread/INFO] [STDOUT]: [com.layue13.clashweave.validation.ClientReplay:viewReplay:314]: P0_VIEW COMPLETE nano=89580365140700
[07:46:04] [Client thread/INFO] [STDOUT]: [com.layue13.clashweave.validation.ClientReplay:viewReplay:314]: P0_VIEW COMPLETE nano=89580415224100
[07:46:04] [Client thread/INFO] [STDOUT]: [com.layue13.clashweave.validation.ClientReplay:viewReplay:314]: P0_VIEW COMPLETE nano=89580464913800
[07:46:04] [Client thread/INFO] [STDOUT]: [com.layue13.clashweave.validation.ClientReplay:viewReplay:314]: P0_VIEW COMPLETE nano=89580514442700
[07:46:04] [Client thread/INFO] [STDOUT]: [com.layue13.clashweave.validation.ClientReplay:viewReplay:314]: P0_VIEW COMPLETE nano=89580564291000
[07:46:04] [Client thread/INFO] [STDOUT]: [com.layue13.clashweave.validation.ClientReplay:viewReplay:314]: P0_VIEW COMPLETE nano=89580615587100
[07:46:05] [Client thread/INFO] [STDOUT]: [com.layue13.clashweave.validation.ClientReplay:viewReplay:314]: P0_VIEW COMPLETE nano=89580664499400
[07:46:05] [Client thread/INFO] [STDOUT]: [com.layue13.clashweave.validation.ClientReplay:viewReplay:314]: P0_VIEW COMPLETE nano=89580714924700
[07:46:05] [Client thread/INFO] [STDOUT]: [com.layue13.clashweave.validation.ClientReplay:viewReplay:314]: P0_VIEW COMPLETE nano=89580765016900
[07:46:05] [Client thread/INFO] [STDOUT]: [com.layue13.clashweave.validation.ClientReplay:viewReplay:314]: P0_VIEW COMPLETE nano=89580814462000
[07:46:05] [Client thread/INFO] [STDOUT]: [com.layue13.clashweave.validation.ClientReplay:viewReplay:314]: P0_VIEW COMPLETE nano=89580865032500
[07:46:05] [Client thread/INFO] [STDOUT]: [com.layue13.clashweave.validation.ClientReplay:viewReplay:314]: P0_VIEW COMPLETE nano=89580914604100
[07:46:05] [Client thread/INFO] [STDOUT]: [com.layue13.clashweave.validation.ClientReplay:viewReplay:314]: P0_VIEW COMPLETE nano=89580964896800
[07:46:05] [Client thread/INFO] [STDOUT]: [com.layue13.clashweave.validation.ClientReplay:viewReplay:314]: P0_VIEW COMPLETE nano=89581015042300
[07:46:05] [Client thread/INFO] [STDOUT]: [com.layue13.clashweave.validation.ClientReplay:viewReplay:314]: P0_VIEW COMPLETE nano=89581065603300
[07:46:05] [Client thread/INFO] [STDOUT]: [com.layue13.clashweave.validation.ClientReplay:viewReplay:314]: P0_VIEW COMPLETE nano=89581114492800
[07:46:05] [Client thread/INFO] [STDOUT]: [com.layue13.clashweave.validation.ClientReplay:viewReplay:314]: P0_VIEW COMPLETE nano=89581164498500
[07:46:05] [Client thread/INFO] [STDOUT]: [com.layue13.clashweave.validation.ClientReplay:viewReplay:314]: P0_VIEW COMPLETE nano=89581214791300
[07:46:05] [Client thread/INFO] [STDOUT]: [com.layue13.clashweave.validation.ClientReplay:viewReplay:314]: P0_VIEW COMPLETE nano=89581264850100
[07:46:05] [Client thread/INFO] [STDOUT]: [com.layue13.clashweave.validation.ClientReplay:viewReplay:314]: P0_VIEW COMPLETE nano=89581314538700
[07:46:05] [Client thread/INFO] [STDOUT]: [com.layue13.clashweave.validation.ClientReplay:viewReplay:314]: P0_VIEW COMPLETE nano=89581364604000
[07:46:05] [Client thread/INFO] [STDOUT]: [com.layue13.clashweave.validation.ClientReplay:viewReplay:314]: P0_VIEW COMPLETE nano=89581414401000
[07:46:05] [Client thread/INFO] [STDOUT]: [com.layue13.clashweave.validation.ClientReplay:viewReplay:314]: P0_VIEW COMPLETE nano=89581464922700
[07:46:05] [Client thread/INFO] [STDOUT]: [com.layue13.clashweave.validation.ClientReplay:viewReplay:314]: P0_VIEW COMPLETE nano=89581514731600
[07:46:05] [Client thread/INFO] [STDOUT]: [com.layue13.clashweave.validation.ClientReplay:viewReplay:314]: P0_VIEW COMPLETE nano=89581564653400
[07:46:05] [Client thread/INFO] [STDOUT]: [com.layue13.clashweave.validation.ClientReplay:viewReplay:314]: P0_VIEW COMPLETE nano=89581614655400
[07:46:06] [Client thread/INFO] [STDOUT]: [com.layue13.clashweave.validation.ClientReplay:viewReplay:314]: P0_VIEW COMPLETE nano=89581664854600
[07:46:06] [Client thread/INFO] [STDOUT]: [com.layue13.clashweave.validation.ClientReplay:viewReplay:314]: P0_VIEW COMPLETE nano=89581714356000
[07:46:06] [Client thread/INFO] [STDOUT]: [com.layue13.clashweave.validation.ClientReplay:viewReplay:314]: P0_VIEW COMPLETE nano=89581764622000
[07:46:06] [Client thread/INFO] [STDOUT]: [com.layue13.clashweave.validation.ClientReplay:viewReplay:314]: P0_VIEW COMPLETE nano=89581814976800
[07:46:06] [Client thread/INFO] [STDOUT]: [com.layue13.clashweave.validation.ClientReplay:viewReplay:314]: P0_VIEW COMPLETE nano=89581864508600
[07:46:06] [Client thread/INFO] [STDOUT]: [com.layue13.clashweave.validation.ClientReplay:viewReplay:314]: P0_VIEW COMPLETE nano=89581914640600
[07:46:06] [Client thread/INFO] [STDOUT]: [com.layue13.clashweave.validation.ClientReplay:viewReplay:314]: P0_VIEW COMPLETE nano=89581964259000
[07:46:06] [Client thread/INFO] [STDOUT]: [com.layue13.clashweave.validation.ClientReplay:viewReplay:314]: P0_VIEW COMPLETE nano=89582014327400
[07:46:06] [Client thread/INFO] [STDOUT]: [com.layue13.clashweave.validation.ClientReplay:viewReplay:314]: P0_VIEW COMPLETE nano=89582064840800
[07:46:06] [Client thread/INFO] [STDOUT]: [com.layue13.clashweave.validation.ClientReplay:viewReplay:314]: P0_VIEW COMPLETE nano=89582114835400
[07:46:06] [Client thread/INFO] [STDOUT]: [com.layue13.clashweave.validation.ClientReplay:viewReplay:314]: P0_VIEW COMPLETE nano=89582164652000
[07:46:06] [Client thread/INFO] [STDOUT]: [com.layue13.clashweave.validation.ClientReplay:viewReplay:314]: P0_VIEW COMPLETE nano=89582214673000
[07:46:06] [Client thread/INFO] [STDOUT]: [com.layue13.clashweave.validation.ClientReplay:viewReplay:314]: P0_VIEW COMPLETE nano=89582264717200
[07:46:06] [Client thread/INFO] [STDOUT]: [com.layue13.clashweave.validation.ClientReplay:viewReplay:314]: P0_VIEW COMPLETE nano=89582314601000
[07:46:06] [Client thread/INFO] [STDOUT]: [com.layue13.clashweave.validation.ClientReplay:viewReplay:314]: P0_VIEW COMPLETE nano=89582364572300
[07:46:06] [Client thread/INFO] [STDOUT]: [com.layue13.clashweave.validation.ClientReplay:viewReplay:314]: P0_VIEW COMPLETE nano=89582414385700
[07:46:06] [Client thread/INFO] [STDOUT]: [com.layue13.clashweave.validation.ClientReplay:viewReplay:314]: P0_VIEW COMPLETE nano=89582464545500
[07:46:06] [Client thread/INFO] [STDOUT]: [com.layue13.clashweave.validation.ClientReplay:viewReplay:314]: P0_VIEW COMPLETE nano=89582514596800
[07:46:06] [Client thread/INFO] [STDOUT]: [com.layue13.clashweave.validation.ClientReplay:viewReplay:314]: P0_VIEW COMPLETE nano=89582565029800
[07:46:06] [Client thread/INFO] [STDOUT]: [com.layue13.clashweave.validation.ClientReplay:viewReplay:314]: P0_VIEW COMPLETE nano=89582614400900
[07:46:07] [Client thread/INFO] [STDOUT]: [com.layue13.clashweave.validation.ClientReplay:viewReplay:314]: P0_VIEW COMPLETE nano=89582664531400
[07:46:07] [Client thread/INFO] [STDOUT]: [com.layue13.clashweave.validation.ClientReplay:viewReplay:314]: P0_VIEW COMPLETE nano=89582714473800
[07:46:07] [Client thread/INFO] [STDOUT]: [com.layue13.clashweave.validation.ClientReplay:viewReplay:314]: P0_VIEW COMPLETE nano=89582764950500
[07:46:07] [Client thread/INFO] [STDOUT]: [com.layue13.clashweave.validation.ClientReplay:viewReplay:314]: P0_VIEW COMPLETE nano=89582815232900
[07:46:07] [Client thread/INFO] [STDOUT]: [com.layue13.clashweave.validation.ClientReplay:viewReplay:314]: P0_VIEW COMPLETE nano=89582864795300
[07:46:07] [Client thread/INFO] [STDOUT]: [com.layue13.clashweave.validation.ClientReplay:viewReplay:314]: P0_VIEW COMPLETE nano=89582914450500
[07:46:07] [Client thread/INFO] [STDOUT]: [com.layue13.clashweave.validation.ClientReplay:viewReplay:314]: P0_VIEW COMPLETE nano=89582964659000
[07:46:07] [Client thread/INFO] [STDOUT]: [com.layue13.clashweave.validation.ClientReplay:viewReplay:314]: P0_VIEW COMPLETE nano=89583014979200
[07:46:07] [Client thread/INFO] [STDOUT]: [com.layue13.clashweave.validation.ClientReplay:viewReplay:314]: P0_VIEW COMPLETE nano=89583065424800
[07:46:07] [Client thread/INFO] [STDOUT]: [com.layue13.clashweave.validation.ClientReplay:viewReplay:314]: P0_VIEW COMPLETE nano=89583115189700
[07:46:07] [Client thread/INFO] [STDOUT]: [com.layue13.clashweave.validation.ClientReplay:viewReplay:314]: P0_VIEW COMPLETE nano=89583164954100
[07:46:07] [Client thread/INFO] [STDOUT]: [com.layue13.clashweave.validation.ClientReplay:viewReplay:314]: P0_VIEW COMPLETE nano=89583214372200
[07:46:07] [Client thread/INFO] [STDOUT]: [com.layue13.clashweave.validation.ClientReplay:viewReplay:314]: P0_VIEW COMPLETE nano=89583264458900
[07:46:07] [Client thread/INFO] [STDOUT]: [com.layue13.clashweave.validation.ClientReplay:viewReplay:314]: P0_VIEW COMPLETE nano=89583319305200
[07:46:07] [Client thread/INFO] [STDOUT]: [com.layue13.clashweave.validation.ClientReplay:viewReplay:314]: P0_VIEW COMPLETE nano=89583365295500
[07:46:07] [Client thread/INFO] [STDOUT]: [com.layue13.clashweave.validation.ClientReplay:viewReplay:314]: P0_VIEW COMPLETE nano=89583414810300
[07:46:07] [Client thread/INFO] [STDOUT]: [com.layue13.clashweave.validation.ClientReplay:viewReplay:314]: P0_VIEW COMPLETE nano=89583465191100
[07:46:07] [Client thread/INFO] [STDOUT]: [com.layue13.clashweave.validation.ClientReplay:viewReplay:314]: P0_VIEW COMPLETE nano=89583514374100
[07:46:07] [Client thread/INFO] [STDOUT]: [com.layue13.clashweave.validation.ClientReplay:viewReplay:314]: P0_VIEW COMPLETE nano=89583564317300
[07:46:07] [Client thread/INFO] [STDOUT]: [com.layue13.clashweave.validation.ClientReplay:viewReplay:314]: P0_VIEW COMPLETE nano=89583614701300
[07:46:08] [Client thread/INFO] [STDOUT]: [com.layue13.clashweave.validation.ClientReplay:viewReplay:314]: P0_VIEW COMPLETE nano=89583664281900
[07:46:08] [Client thread/INFO] [STDOUT]: [com.layue13.clashweave.validation.ClientReplay:viewReplay:314]: P0_VIEW COMPLETE nano=89583714553800
[07:46:08] [Client thread/INFO] [STDOUT]: [com.layue13.clashweave.validation.ClientReplay:viewReplay:314]: P0_VIEW COMPLETE nano=89583764784000
[07:46:08] [Client thread/INFO] [STDOUT]: [com.layue13.clashweave.validation.ClientReplay:viewReplay:314]: P0_VIEW COMPLETE nano=89583814886700
[07:46:08] [Client thread/INFO] [STDOUT]: [com.layue13.clashweave.validation.ClientReplay:viewReplay:314]: P0_VIEW COMPLETE nano=89583864395800
[07:46:08] [Client thread/INFO] [STDOUT]: [com.layue13.clashweave.validation.ClientReplay:viewReplay:314]: P0_VIEW COMPLETE nano=89583914315600
[07:46:08] [Client thread/INFO] [STDOUT]: [com.layue13.clashweave.validation.ClientReplay:viewReplay:314]: P0_VIEW COMPLETE nano=89583964447100
[07:46:08] [Client thread/INFO] [STDOUT]: [com.layue13.clashweave.validation.ClientReplay:viewReplay:314]: P0_VIEW COMPLETE nano=89584014819800
[07:46:08] [Client thread/INFO] [STDOUT]: [com.layue13.clashweave.validation.ClientReplay:viewReplay:314]: P0_VIEW COMPLETE nano=89584065030900
[07:46:08] [Client thread/INFO] [STDOUT]: [com.layue13.clashweave.validation.ClientReplay:viewReplay:314]: P0_VIEW COMPLETE nano=89584114849400
[07:46:08] [Client thread/INFO] [STDOUT]: [com.layue13.clashweave.validation.ClientReplay:viewReplay:314]: P0_VIEW COMPLETE nano=89584164744500
[07:46:08] [Client thread/INFO] [STDOUT]: [com.layue13.clashweave.validation.ClientReplay:viewReplay:314]: P0_VIEW COMPLETE nano=89584214368100
[07:46:08] [Client thread/INFO] [STDOUT]: [com.layue13.clashweave.validation.ClientReplay:viewReplay:314]: P0_VIEW COMPLETE nano=89584264366500
[07:46:08] [Client thread/INFO] [STDOUT]: [com.layue13.clashweave.validation.ClientReplay:viewReplay:314]: P0_VIEW COMPLETE nano=89584315558100
[07:46:08] [Client thread/INFO] [STDOUT]: [com.layue13.clashweave.validation.ClientReplay:viewReplay:314]: P0_VIEW COMPLETE nano=89584365214600
[07:46:08] [Client thread/INFO] [STDOUT]: [com.layue13.clashweave.validation.ClientReplay:viewReplay:314]: P0_VIEW COMPLETE nano=89584414704900
[07:46:08] [Client thread/INFO] [STDOUT]: [com.layue13.clashweave.validation.ClientReplay:viewReplay:314]: P0_VIEW COMPLETE nano=89584465012700
[07:46:08] [Client thread/INFO] [STDOUT]: [com.layue13.clashweave.validation.ClientReplay:viewReplay:314]: P0_VIEW COMPLETE nano=89584515688800
[07:46:08] [Client thread/INFO] [STDOUT]: [com.layue13.clashweave.validation.ClientReplay:viewReplay:314]: P0_VIEW COMPLETE nano=89584565063900
[07:46:08] [Client thread/INFO] [STDOUT]: [com.layue13.clashweave.validation.ClientReplay:viewReplay:314]: P0_VIEW COMPLETE nano=89584614488600
[07:46:09] [Client thread/INFO] [STDOUT]: [com.layue13.clashweave.validation.ClientReplay:viewReplay:314]: P0_VIEW COMPLETE nano=89584664682700
[07:46:09] [Client thread/INFO] [STDOUT]: [com.layue13.clashweave.validation.ClientReplay:viewReplay:314]: P0_VIEW COMPLETE nano=89584714532800
[07:46:09] [Client thread/INFO] [STDOUT]: [com.layue13.clashweave.validation.ClientReplay:viewReplay:314]: P0_VIEW COMPLETE nano=89584764653000
[07:46:09] [Client thread/INFO] [STDOUT]: [com.layue13.clashweave.validation.ClientReplay:viewReplay:314]: P0_VIEW COMPLETE nano=89584814405900
[07:46:09] [Client thread/INFO] [STDOUT]: [com.layue13.clashweave.validation.ClientReplay:viewReplay:314]: P0_VIEW COMPLETE nano=89584864376000
[07:46:09] [Client thread/INFO] [STDOUT]: [com.layue13.clashweave.validation.ClientReplay:viewReplay:314]: P0_VIEW COMPLETE nano=89584914424700
[07:46:09] [Client thread/INFO] [STDOUT]: [com.layue13.clashweave.validation.ClientReplay:viewReplay:314]: P0_VIEW COMPLETE nano=89584964398800
[07:46:09] [Client thread/INFO] [STDOUT]: [com.layue13.clashweave.validation.ClientReplay:viewReplay:314]: P0_VIEW COMPLETE nano=89585015043700
[07:46:09] [Client thread/INFO] [STDOUT]: [com.layue13.clashweave.validation.ClientReplay:viewReplay:314]: P0_VIEW COMPLETE nano=89585064784200
[07:46:09] [Client thread/INFO] [STDOUT]: [com.layue13.clashweave.validation.ClientReplay:viewReplay:314]: P0_VIEW COMPLETE nano=89585114391800
[07:46:09] [Client thread/INFO] [STDOUT]: [com.layue13.clashweave.validation.ClientReplay:viewReplay:314]: P0_VIEW COMPLETE nano=89585165301400
[07:46:09] [Client thread/INFO] [STDOUT]: [com.layue13.clashweave.validation.ClientReplay:viewReplay:314]: P0_VIEW COMPLETE nano=89585214434900
[07:46:09] [Client thread/INFO] [STDOUT]: [com.layue13.clashweave.validation.ClientReplay:viewReplay:314]: P0_VIEW COMPLETE nano=89585264360900
[07:46:09] [Client thread/INFO] [STDOUT]: [com.layue13.clashweave.validation.ClientReplay:viewReplay:314]: P0_VIEW COMPLETE nano=89585314504300
[07:46:09] [Client thread/INFO] [STDOUT]: [com.layue13.clashweave.validation.ClientReplay:viewReplay:314]: P0_VIEW COMPLETE nano=89585364905500
[07:46:09] [Client thread/INFO] [STDOUT]: [com.layue13.clashweave.validation.ClientReplay:viewReplay:314]: P0_VIEW COMPLETE nano=89585414562700
[07:46:09] [Client thread/INFO] [STDOUT]: [com.layue13.clashweave.validation.ClientReplay:viewReplay:314]: P0_VIEW COMPLETE nano=89585464354100
[07:46:09] [Client thread/INFO] [STDOUT]: [com.layue13.clashweave.validation.ClientReplay:viewReplay:314]: P0_VIEW COMPLETE nano=89585514729800
[07:46:09] [Client thread/INFO] [STDOUT]: [com.layue13.clashweave.validation.ClientReplay:viewReplay:314]: P0_VIEW COMPLETE nano=89585564793100
[07:46:09] [Client thread/INFO] [STDOUT]: [com.layue13.clashweave.validation.ClientReplay:viewReplay:314]: P0_VIEW COMPLETE nano=89585614419600
[07:46:10] [Client thread/INFO] [STDOUT]: [com.layue13.clashweave.validation.ClientReplay:viewReplay:314]: P0_VIEW COMPLETE nano=89585664664500
[07:46:10] [Client thread/INFO] [STDOUT]: [com.layue13.clashweave.validation.ClientReplay:viewReplay:314]: P0_VIEW COMPLETE nano=89585715373900
[07:46:10] [Client thread/INFO] [STDOUT]: [com.layue13.clashweave.validation.ClientReplay:viewReplay:314]: P0_VIEW COMPLETE nano=89585764275400
[07:46:10] [Client thread/INFO] [STDOUT]: [com.layue13.clashweave.validation.ClientReplay:viewReplay:314]: P0_VIEW COMPLETE nano=89585814288100
[07:46:10] [Client thread/INFO] [STDOUT]: [com.layue13.clashweave.validation.ClientReplay:viewReplay:314]: P0_VIEW COMPLETE nano=89585864730400
[07:46:10] [Client thread/INFO] [STDOUT]: [com.layue13.clashweave.validation.ClientReplay:viewReplay:314]: P0_VIEW COMPLETE nano=89585914611400
[07:46:10] [Client thread/INFO] [STDOUT]: [com.layue13.clashweave.validation.ClientReplay:viewReplay:314]: P0_VIEW COMPLETE nano=89585964616600
[07:46:10] [Client thread/INFO] [STDOUT]: [com.layue13.clashweave.validation.ClientReplay:viewReplay:314]: P0_VIEW COMPLETE nano=89586015159200
[07:46:10] [Client thread/INFO] [STDOUT]: [com.layue13.clashweave.validation.ClientReplay:viewReplay:314]: P0_VIEW COMPLETE nano=89586065161900
[07:46:10] [Client thread/INFO] [STDOUT]: [com.layue13.clashweave.validation.ClientReplay:viewReplay:314]: P0_VIEW COMPLETE nano=89586115588500
[07:46:10] [Client thread/INFO] [STDOUT]: [com.layue13.clashweave.validation.ClientReplay:viewReplay:314]: P0_VIEW COMPLETE nano=89586164543000
[07:46:10] [Client thread/INFO] [STDOUT]: [com.layue13.clashweave.validation.ClientReplay:viewReplay:314]: P0_VIEW COMPLETE nano=89586214686500
[07:46:10] [Client thread/INFO] [STDOUT]: [com.layue13.clashweave.validation.ClientReplay:viewReplay:314]: P0_VIEW COMPLETE nano=89586265050100
[07:46:10] [Client thread/INFO] [STDOUT]: [com.layue13.clashweave.validation.ClientReplay:viewReplay:314]: P0_VIEW COMPLETE nano=89586314810200
[07:46:10] [Client thread/INFO] [STDOUT]: [com.layue13.clashweave.validation.ClientReplay:viewReplay:314]: P0_VIEW COMPLETE nano=89586364346800
[07:46:10] [Client thread/INFO] [STDOUT]: [com.layue13.clashweave.validation.ClientReplay:viewReplay:314]: P0_VIEW COMPLETE nano=89586414616400
[07:46:10] [Client thread/INFO] [STDOUT]: [com.layue13.clashweave.validation.ClientReplay:viewReplay:314]: P0_VIEW COMPLETE nano=89586465945400
[07:46:10] [Client thread/INFO] [STDOUT]: [com.layue13.clashweave.validation.ClientReplay:viewReplay:314]: P0_VIEW COMPLETE nano=89586514585400
[07:46:10] [Client thread/INFO] [STDOUT]: [com.layue13.clashweave.validation.ClientReplay:viewReplay:314]: P0_VIEW COMPLETE nano=89586565529500
[07:46:10] [Client thread/INFO] [STDOUT]: [com.layue13.clashweave.validation.ClientReplay:viewReplay:314]: P0_VIEW COMPLETE nano=89586614301500
[07:46:11] [Client thread/INFO] [STDOUT]: [com.layue13.clashweave.validation.ClientReplay:viewReplay:314]: P0_VIEW COMPLETE nano=89586664597700
[07:46:11] [Client thread/INFO] [STDOUT]: [com.layue13.clashweave.validation.ClientReplay:viewReplay:314]: P0_VIEW COMPLETE nano=89586714753000
[07:46:11] [Client thread/INFO] [STDOUT]: [com.layue13.clashweave.validation.ClientReplay:viewReplay:314]: P0_VIEW COMPLETE nano=89586764521800
[07:46:11] [Client thread/INFO] [STDOUT]: [com.layue13.clashweave.validation.ClientReplay:viewReplay:314]: P0_VIEW COMPLETE nano=89586814555600
[07:46:11] [Client thread/INFO] [STDOUT]: [com.layue13.clashweave.validation.ClientReplay:viewReplay:314]: P0_VIEW COMPLETE nano=89586864361300
[07:46:11] [Client thread/INFO] [STDOUT]: [com.layue13.clashweave.validation.ClientReplay:viewReplay:314]: P0_VIEW COMPLETE nano=89586914471000
[07:46:11] [Client thread/INFO] [STDOUT]: [com.layue13.clashweave.validation.ClientReplay:viewReplay:314]: P0_VIEW COMPLETE nano=89586964506100
[07:46:11] [Client thread/INFO] [STDOUT]: [com.layue13.clashweave.validation.ClientReplay:viewReplay:314]: P0_VIEW COMPLETE nano=89587014824900
[07:46:11] [Client thread/INFO] [STDOUT]: [com.layue13.clashweave.validation.ClientReplay:viewReplay:314]: P0_VIEW COMPLETE nano=89587064530600
[07:46:11] [Client thread/INFO] [STDOUT]: [com.layue13.clashweave.validation.ClientReplay:viewReplay:314]: P0_VIEW COMPLETE nano=89587114599300
[07:46:11] [Client thread/INFO] [STDOUT]: [com.layue13.clashweave.validation.ClientReplay:viewReplay:314]: P0_VIEW COMPLETE nano=89587164406000
[07:46:11] [Client thread/INFO] [STDOUT]: [com.layue13.clashweave.validation.ClientReplay:viewReplay:314]: P0_VIEW COMPLETE nano=89587214534100
[07:46:11] [Client thread/INFO] [STDOUT]: [com.layue13.clashweave.validation.ClientReplay:viewReplay:314]: P0_VIEW COMPLETE nano=89587264455300
[07:46:11] [Client thread/INFO] [STDOUT]: [com.layue13.clashweave.validation.ClientReplay:viewReplay:314]: P0_VIEW COMPLETE nano=89587314816200
[07:46:11] [Client thread/INFO] [STDOUT]: [com.layue13.clashweave.validation.ClientReplay:viewReplay:314]: P0_VIEW COMPLETE nano=89587364648100
[07:46:11] [Client thread/INFO] [STDOUT]: [com.layue13.clashweave.validation.ClientReplay:viewReplay:314]: P0_VIEW COMPLETE nano=89587414840500
[07:46:11] [Client thread/INFO] [STDOUT]: [com.layue13.clashweave.validation.ClientReplay:viewReplay:314]: P0_VIEW COMPLETE nano=89587465309100
[07:46:11] [Client thread/INFO] [STDOUT]: [com.layue13.clashweave.validation.ClientReplay:viewReplay:314]: P0_VIEW COMPLETE nano=89587515117800
[07:46:11] [Client thread/INFO] [STDOUT]: [com.layue13.clashweave.validation.ClientReplay:viewReplay:314]: P0_VIEW COMPLETE nano=89587564584300
[07:46:11] [Client thread/INFO] [STDOUT]: [com.layue13.clashweave.validation.ClientReplay:viewReplay:314]: P0_VIEW COMPLETE nano=89587614766300
[07:46:12] [Client thread/INFO] [STDOUT]: [com.layue13.clashweave.validation.ClientReplay:viewReplay:314]: P0_VIEW COMPLETE nano=89587664572700
[07:46:12] [Client thread/INFO] [STDOUT]: [com.layue13.clashweave.validation.ClientReplay:viewReplay:314]: P0_VIEW COMPLETE nano=89587714501900
[07:46:12] [Client thread/INFO] [STDOUT]: [com.layue13.clashweave.validation.ClientReplay:viewReplay:314]: P0_VIEW COMPLETE nano=89587764539100
[07:46:12] [Client thread/INFO] [STDOUT]: [com.layue13.clashweave.validation.ClientReplay:viewReplay:314]: P0_VIEW COMPLETE nano=89587814405400
[07:46:12] [Client thread/INFO] [STDOUT]: [com.layue13.clashweave.validation.ClientReplay:viewReplay:314]: P0_VIEW COMPLETE nano=89587864450300
[07:46:12] [Client thread/INFO] [STDOUT]: [com.layue13.clashweave.validation.ClientReplay:viewReplay:314]: P0_VIEW COMPLETE nano=89587914620400
[07:46:12] [Client thread/INFO] [STDOUT]: [com.layue13.clashweave.validation.ClientReplay:viewReplay:314]: P0_VIEW COMPLETE nano=89587964694200
[07:46:12] [Client thread/INFO] [STDOUT]: [com.layue13.clashweave.validation.ClientReplay:viewReplay:314]: P0_VIEW COMPLETE nano=89588014492500
[07:46:12] [Client thread/INFO] [STDOUT]: [com.layue13.clashweave.validation.ClientReplay:viewReplay:314]: P0_VIEW COMPLETE nano=89588065673700
[07:46:12] [Client thread/INFO] [STDOUT]: [com.layue13.clashweave.validation.ClientReplay:viewReplay:314]: P0_VIEW COMPLETE nano=89588114428800
[07:46:12] [Client thread/INFO] [STDOUT]: [com.layue13.clashweave.validation.ClientReplay:viewReplay:314]: P0_VIEW COMPLETE nano=89588164335300
[07:46:12] [Client thread/INFO] [STDOUT]: [com.layue13.clashweave.validation.ClientReplay:viewReplay:314]: P0_VIEW COMPLETE nano=89588214627500
[07:46:12] [Client thread/INFO] [STDOUT]: [com.layue13.clashweave.validation.ClientReplay:viewReplay:314]: P0_VIEW COMPLETE nano=89588264278100
[07:46:12] [Client thread/INFO] [STDOUT]: [com.layue13.clashweave.validation.ClientReplay:viewReplay:314]: P0_VIEW COMPLETE nano=89588314446300
[07:46:12] [Client thread/INFO] [STDOUT]: [com.layue13.clashweave.validation.ClientReplay:viewReplay:314]: P0_VIEW COMPLETE nano=89588364455400
[07:46:12] [Client thread/INFO] [STDOUT]: [com.layue13.clashweave.validation.ClientReplay:viewReplay:314]: P0_VIEW COMPLETE nano=89588414738400
[07:46:12] [Client thread/INFO] [STDOUT]: [com.layue13.clashweave.validation.ClientReplay:viewReplay:314]: P0_VIEW COMPLETE nano=89588464641000
[07:46:12] [Client thread/INFO] [STDOUT]: [com.layue13.clashweave.validation.ClientReplay:viewReplay:314]: P0_VIEW COMPLETE nano=89588514735400
[07:46:12] [Client thread/INFO] [STDOUT]: [com.layue13.clashweave.validation.ClientReplay:viewReplay:314]: P0_VIEW COMPLETE nano=89588564665300
[07:46:12] [Client thread/INFO] [STDOUT]: [com.layue13.clashweave.validation.ClientReplay:viewReplay:314]: P0_VIEW COMPLETE nano=89588614636200
[07:46:13] [Client thread/INFO] [STDOUT]: [com.layue13.clashweave.validation.ClientReplay:viewReplay:314]: P0_VIEW COMPLETE nano=89588664571600
[07:46:13] [Client thread/INFO] [STDOUT]: [com.layue13.clashweave.validation.ClientReplay:viewReplay:314]: P0_VIEW COMPLETE nano=89588714597400
[07:46:13] [Client thread/INFO] [STDOUT]: [com.layue13.clashweave.validation.ClientReplay:viewReplay:314]: P0_VIEW COMPLETE nano=89588765051700
[07:46:13] [Client thread/INFO] [STDOUT]: [com.layue13.clashweave.validation.ClientReplay:viewReplay:314]: P0_VIEW COMPLETE nano=89588814769600
[07:46:13] [Client thread/INFO] [STDOUT]: [com.layue13.clashweave.validation.ClientReplay:viewReplay:314]: P0_VIEW COMPLETE nano=89588864634600
[07:46:13] [Client thread/INFO] [STDOUT]: [com.layue13.clashweave.validation.ClientReplay:viewReplay:314]: P0_VIEW COMPLETE nano=89588914588000
[07:46:13] [Client thread/INFO] [STDOUT]: [com.layue13.clashweave.validation.ClientReplay:viewReplay:314]: P0_VIEW COMPLETE nano=89588964560100
[07:46:13] [Client thread/INFO] [STDOUT]: [com.layue13.clashweave.validation.ClientReplay:viewReplay:314]: P0_VIEW COMPLETE nano=89589014607000
[07:46:13] [Client thread/INFO] [STDOUT]: [com.layue13.clashweave.validation.ClientReplay:viewReplay:314]: P0_VIEW COMPLETE nano=89589064342100
[07:46:13] [Client thread/INFO] [STDOUT]: [com.layue13.clashweave.validation.ClientReplay:viewReplay:314]: P0_VIEW COMPLETE nano=89589114460600
[07:46:13] [Client thread/INFO] [STDOUT]: [com.layue13.clashweave.validation.ClientReplay:viewReplay:314]: P0_VIEW COMPLETE nano=89589164432400
[07:46:13] [Client thread/INFO] [STDOUT]: [com.layue13.clashweave.validation.ClientReplay:viewReplay:314]: P0_VIEW COMPLETE nano=89589214484600
[07:46:13] [Client thread/INFO] [STDOUT]: [com.layue13.clashweave.validation.ClientReplay:viewReplay:314]: P0_VIEW COMPLETE nano=89589264508800
[07:46:13] [Client thread/INFO] [STDOUT]: [com.layue13.clashweave.validation.ClientReplay:viewReplay:314]: P0_VIEW COMPLETE nano=89589315170500
[07:46:13] [Client thread/INFO] [STDOUT]: [com.layue13.clashweave.validation.ClientReplay:viewReplay:314]: P0_VIEW COMPLETE nano=89589364772100
[07:46:13] [Client thread/INFO] [STDOUT]: [com.layue13.clashweave.validation.ClientReplay:viewReplay:314]: P0_VIEW COMPLETE nano=89589414437400
[07:46:13] [Client thread/INFO] [STDOUT]: [com.layue13.clashweave.validation.ClientReplay:viewReplay:314]: P0_VIEW COMPLETE nano=89589464650300
[07:46:13] [Client thread/INFO] [STDOUT]: [com.layue13.clashweave.validation.ClientReplay:viewReplay:314]: P0_VIEW COMPLETE nano=89589515087600
[07:46:13] [Client thread/INFO] [STDOUT]: [com.layue13.clashweave.validation.ClientReplay:viewReplay:314]: P0_VIEW COMPLETE nano=89589564735900
[07:46:13] [Client thread/INFO] [STDOUT]: [com.layue13.clashweave.validation.ClientReplay:viewReplay:314]: P0_VIEW COMPLETE nano=89589614695400
[07:46:14] [Client thread/INFO] [STDOUT]: [com.layue13.clashweave.validation.ClientReplay:viewReplay:314]: P0_VIEW COMPLETE nano=89589665153200
[07:46:14] [Client thread/INFO] [STDOUT]: [com.layue13.clashweave.validation.ClientReplay:viewReplay:314]: P0_VIEW COMPLETE nano=89589714613000
[07:46:14] [Client thread/INFO] [STDOUT]: [com.layue13.clashweave.validation.ClientReplay:viewReplay:314]: P0_VIEW COMPLETE nano=89589764521600
[07:46:14] [Client thread/INFO] [STDOUT]: [com.layue13.clashweave.validation.ClientReplay:viewReplay:314]: P0_VIEW COMPLETE nano=89589814724000
[07:46:14] [Client thread/INFO] [STDOUT]: [com.layue13.clashweave.validation.ClientReplay:viewReplay:314]: P0_VIEW COMPLETE nano=89589864843800
[07:46:14] [Client thread/INFO] [STDOUT]: [com.layue13.clashweave.validation.ClientReplay:viewReplay:314]: P0_VIEW COMPLETE nano=89589914892700
[07:46:14] [Client thread/INFO] [STDOUT]: [com.layue13.clashweave.validation.ClientReplay:viewReplay:314]: P0_VIEW COMPLETE nano=89589964395700
[07:46:14] [Client thread/INFO] [STDOUT]: [com.layue13.clashweave.validation.ClientReplay:viewReplay:314]: P0_VIEW COMPLETE nano=89590015001600
[07:46:14] [Client thread/INFO] [STDOUT]: [com.layue13.clashweave.validation.ClientReplay:viewReplay:314]: P0_VIEW COMPLETE nano=89590064514100
[07:46:14] [Client thread/INFO] [STDOUT]: [com.layue13.clashweave.validation.ClientReplay:viewReplay:314]: P0_VIEW COMPLETE nano=89590114481200
[07:46:14] [Client thread/INFO] [STDOUT]: [com.layue13.clashweave.validation.ClientReplay:viewReplay:314]: P0_VIEW COMPLETE nano=89590164435900
[07:46:14] [Client thread/INFO] [STDOUT]: [com.layue13.clashweave.validation.ClientReplay:viewReplay:314]: P0_VIEW COMPLETE nano=89590215016600
[07:46:14] [Client thread/INFO] [STDOUT]: [com.layue13.clashweave.validation.ClientReplay:viewReplay:314]: P0_VIEW COMPLETE nano=89590265892800
[07:46:14] [Client thread/INFO] [STDOUT]: [com.layue13.clashweave.validation.ClientReplay:viewReplay:314]: P0_VIEW COMPLETE nano=89590314595300
[07:46:14] [Client thread/INFO] [STDOUT]: [com.layue13.clashweave.validation.ClientReplay:viewReplay:314]: P0_VIEW COMPLETE nano=89590365062900
[07:46:14] [Client thread/INFO] [STDOUT]: [com.layue13.clashweave.validation.ClientReplay:viewReplay:314]: P0_VIEW COMPLETE nano=89590414292600
[07:46:14] [Client thread/INFO] [STDOUT]: [com.layue13.clashweave.validation.ClientReplay:viewReplay:314]: P0_VIEW COMPLETE nano=89590464614400
[07:46:14] [Client thread/INFO] [STDOUT]: [com.layue13.clashweave.validation.ClientReplay:viewReplay:314]: P0_VIEW COMPLETE nano=89590514539500
[07:46:14] [Client thread/INFO] [STDOUT]: [com.layue13.clashweave.validation.ClientReplay:viewReplay:314]: P0_VIEW COMPLETE nano=89590564332200
[07:46:14] [Client thread/INFO] [STDOUT]: [com.layue13.clashweave.validation.ClientReplay:viewReplay:314]: P0_VIEW COMPLETE nano=89590614564600
[07:46:15] [Client thread/INFO] [STDOUT]: [com.layue13.clashweave.validation.ClientReplay:viewReplay:314]: P0_VIEW COMPLETE nano=89590664348800
[07:46:15] [Client thread/INFO] [STDOUT]: [com.layue13.clashweave.validation.ClientReplay:viewReplay:314]: P0_VIEW COMPLETE nano=89590714449900
[07:46:15] [Client thread/INFO] [STDOUT]: [com.layue13.clashweave.validation.ClientReplay:viewReplay:314]: P0_VIEW COMPLETE nano=89590764519400
[07:46:15] [Client thread/INFO] [STDOUT]: [com.layue13.clashweave.validation.ClientReplay:viewReplay:314]: P0_VIEW COMPLETE nano=89590814716400
[07:46:15] [Client thread/INFO] [STDOUT]: [com.layue13.clashweave.validation.ClientReplay:viewReplay:314]: P0_VIEW COMPLETE nano=89590864830300
[07:46:15] [Client thread/INFO] [STDOUT]: [com.layue13.clashweave.validation.ClientReplay:viewReplay:314]: P0_VIEW COMPLETE nano=89590915100600
[07:46:15] [Client thread/INFO] [STDOUT]: [com.layue13.clashweave.validation.ClientReplay:viewReplay:314]: P0_VIEW COMPLETE nano=89590965670100
[07:46:15] [Client thread/INFO] [STDOUT]: [com.layue13.clashweave.validation.ClientReplay:viewReplay:314]: P0_VIEW COMPLETE nano=89591014394000
[07:46:15] [Client thread/INFO] [STDOUT]: [com.layue13.clashweave.validation.ClientReplay:viewReplay:314]: P0_VIEW COMPLETE nano=89591064646000
[07:46:15] [Client thread/INFO] [STDOUT]: [com.layue13.clashweave.validation.ClientReplay:viewReplay:314]: P0_VIEW COMPLETE nano=89591115263100
[07:46:15] [Client thread/INFO] [STDOUT]: [com.layue13.clashweave.validation.ClientReplay:viewReplay:314]: P0_VIEW COMPLETE nano=89591164471500
[07:46:15] [Client thread/INFO] [STDOUT]: [com.layue13.clashweave.validation.ClientReplay:viewReplay:314]: P0_VIEW COMPLETE nano=89591215005300
[07:46:15] [Client thread/INFO] [STDOUT]: [com.layue13.clashweave.validation.ClientReplay:viewReplay:314]: P0_VIEW COMPLETE nano=89591265580200
[07:46:15] [Client thread/INFO] [STDOUT]: [com.layue13.clashweave.validation.ClientReplay:viewReplay:314]: P0_VIEW COMPLETE nano=89591314676800
[07:46:15] [Client thread/INFO] [STDOUT]: [com.layue13.clashweave.validation.ClientReplay:viewReplay:314]: P0_VIEW COMPLETE nano=89591364648900
[07:46:15] [Client thread/INFO] [STDOUT]: [com.layue13.clashweave.validation.ClientReplay:viewReplay:314]: P0_VIEW COMPLETE nano=89591414296700
[07:46:15] [Client thread/INFO] [STDOUT]: [com.layue13.clashweave.validation.ClientReplay:viewReplay:314]: P0_VIEW COMPLETE nano=89591464840200
[07:46:15] [Client thread/INFO] [STDOUT]: [com.layue13.clashweave.validation.ClientReplay:viewReplay:314]: P0_VIEW COMPLETE nano=89591514543400
[07:46:15] [Client thread/INFO] [STDOUT]: [com.layue13.clashweave.validation.ClientReplay:viewReplay:314]: P0_VIEW COMPLETE nano=89591564796000
[07:46:15] [Client thread/INFO] [STDOUT]: [com.layue13.clashweave.validation.ClientReplay:viewReplay:314]: P0_VIEW COMPLETE nano=89591615335000
[07:46:16] [Client thread/INFO] [STDOUT]: [com.layue13.clashweave.validation.ClientReplay:viewReplay:314]: P0_VIEW COMPLETE nano=89591664483800
[07:46:16] [Client thread/INFO] [STDOUT]: [com.layue13.clashweave.validation.ClientReplay:viewReplay:314]: P0_VIEW COMPLETE nano=89591714505500
[07:46:16] [Client thread/INFO] [STDOUT]: [com.layue13.clashweave.validation.ClientReplay:viewReplay:314]: P0_VIEW COMPLETE nano=89591764466000
[07:46:16] [Client thread/INFO] [STDOUT]: [com.layue13.clashweave.validation.ClientReplay:viewReplay:314]: P0_VIEW COMPLETE nano=89591814694100
[07:46:16] [Client thread/INFO] [STDOUT]: [com.layue13.clashweave.validation.ClientReplay:viewReplay:314]: P0_VIEW COMPLETE nano=89591864764100
[07:46:16] [Client thread/INFO] [STDOUT]: [com.layue13.clashweave.validation.ClientReplay:viewReplay:314]: P0_VIEW COMPLETE nano=89591914570200
[07:46:16] [Client thread/INFO] [STDOUT]: [com.layue13.clashweave.validation.ClientReplay:viewReplay:314]: P0_VIEW COMPLETE nano=89591964604200
[07:46:16] [Client thread/INFO] [STDOUT]: [com.layue13.clashweave.validation.ClientReplay:viewReplay:314]: P0_VIEW COMPLETE nano=89592014303400
[07:46:16] [Client thread/INFO] [STDOUT]: [com.layue13.clashweave.validation.ClientReplay:viewReplay:314]: P0_VIEW COMPLETE nano=89592064593800
[07:46:16] [Client thread/INFO] [STDOUT]: [com.layue13.clashweave.validation.ClientReplay:viewReplay:314]: P0_VIEW COMPLETE nano=89592114472600
[07:46:16] [Client thread/INFO] [STDOUT]: [com.layue13.clashweave.validation.ClientReplay:viewReplay:314]: P0_VIEW COMPLETE nano=89592164703600
[07:46:16] [Client thread/INFO] [STDOUT]: [com.layue13.clashweave.validation.ClientReplay:viewReplay:314]: P0_VIEW COMPLETE nano=89592214533700
[07:46:16] [Client thread/INFO] [STDOUT]: [com.layue13.clashweave.validation.ClientReplay:viewReplay:314]: P0_VIEW COMPLETE nano=89592264625700
[07:46:16] [Client thread/INFO] [STDOUT]: [com.layue13.clashweave.validation.ClientReplay:viewReplay:314]: P0_VIEW COMPLETE nano=89592314457800
[07:46:16] [Client thread/INFO] [STDOUT]: [com.layue13.clashweave.validation.ClientReplay:viewReplay:314]: P0_VIEW COMPLETE nano=89592365253900
[07:46:16] [Client thread/INFO] [STDOUT]: [com.layue13.clashweave.validation.ClientReplay:viewReplay:314]: P0_VIEW COMPLETE nano=89592414733600
[07:46:16] [Client thread/INFO] [STDOUT]: [com.layue13.clashweave.validation.ClientReplay:viewReplay:314]: P0_VIEW COMPLETE nano=89592464445200
[07:46:16] [Client thread/INFO] [STDOUT]: [com.layue13.clashweave.validation.ClientReplay:viewReplay:314]: P0_VIEW COMPLETE nano=89592514627500
[07:46:16] [Client thread/INFO] [STDOUT]: [com.layue13.clashweave.validation.ClientReplay:viewReplay:314]: P0_VIEW COMPLETE nano=89592564485900
[07:46:16] [Client thread/INFO] [STDOUT]: [com.layue13.clashweave.validation.ClientReplay:viewReplay:314]: P0_VIEW COMPLETE nano=89592614510400
[07:46:17] [Client thread/INFO] [STDOUT]: [com.layue13.clashweave.validation.ClientReplay:viewReplay:314]: P0_VIEW COMPLETE nano=89592664681700
[07:46:17] [Client thread/INFO] [STDOUT]: [com.layue13.clashweave.validation.ClientReplay:viewReplay:314]: P0_VIEW COMPLETE nano=89592714509800
[07:46:17] [Client thread/INFO] [STDOUT]: [com.layue13.clashweave.validation.ClientReplay:viewReplay:314]: P0_VIEW COMPLETE nano=89592764423300
[07:46:17] [Client thread/INFO] [STDOUT]: [com.layue13.clashweave.validation.ClientReplay:viewReplay:314]: P0_VIEW COMPLETE nano=89592814279300
[07:46:17] [Client thread/INFO] [STDOUT]: [com.layue13.clashweave.validation.ClientReplay:viewReplay:314]: P0_VIEW COMPLETE nano=89592864745900
[07:46:17] [Client thread/INFO] [STDOUT]: [com.layue13.clashweave.validation.ClientReplay:viewReplay:314]: P0_VIEW COMPLETE nano=89592915408500
[07:46:17] [Client thread/INFO] [STDOUT]: [com.layue13.clashweave.validation.ClientReplay:viewReplay:314]: P0_VIEW COMPLETE nano=89592964345400
[07:46:17] [Client thread/INFO] [STDOUT]: [com.layue13.clashweave.validation.ClientReplay:viewReplay:314]: P0_VIEW COMPLETE nano=89593014551600
[07:46:17] [Client thread/INFO] [STDOUT]: [com.layue13.clashweave.validation.ClientReplay:viewReplay:314]: P0_VIEW COMPLETE nano=89593064347800
[07:46:17] [Client thread/INFO] [STDOUT]: [com.layue13.clashweave.validation.ClientReplay:viewReplay:314]: P0_VIEW COMPLETE nano=89593114558900
[07:46:17] [Client thread/INFO] [STDOUT]: [com.layue13.clashweave.validation.ClientReplay:viewReplay:314]: P0_VIEW COMPLETE nano=89593164403100
[07:46:17] [Client thread/INFO] [STDOUT]: [com.layue13.clashweave.validation.ClientReplay:viewReplay:314]: P0_VIEW COMPLETE nano=89593214465900
[07:46:17] [Client thread/INFO] [STDOUT]: [com.layue13.clashweave.validation.ClientReplay:viewReplay:314]: P0_VIEW COMPLETE nano=89593264313000
[07:46:17] [Client thread/INFO] [STDOUT]: [com.layue13.clashweave.validation.ClientReplay:viewReplay:314]: P0_VIEW COMPLETE nano=89593314413400
[07:46:17] [Client thread/INFO] [STDOUT]: [com.layue13.clashweave.validation.ClientReplay:viewReplay:314]: P0_VIEW COMPLETE nano=89593364647800
[07:46:17] [Client thread/INFO] [STDOUT]: [com.layue13.clashweave.validation.ClientReplay:viewReplay:314]: P0_VIEW COMPLETE nano=89593414692200
[07:46:17] [Client thread/INFO] [STDOUT]: [com.layue13.clashweave.validation.ClientReplay:viewReplay:314]: P0_VIEW COMPLETE nano=89593464488100
