# Log excerpt; complete raw log retained locally under build/p0/runs.
# Original lines: 1409
# Marker counts: {'ERROR': 3, 'CW_RENDER': 1, 'Exception': 2, 'P0_AUDIO': 64, 'CW_VIEW': 1, 'CW_ENGAGEMENT': 2, 'P0_VIEW_SEQUENCE': 40, 'CW_LOCAL_SWING': 20, 'P0_REQUEST': 61, 'CW_ALIGN': 20, 'P0_VIEW_START': 61, 'CW_FEEDBACK': 63, 'CW_FRAME': 63, 'P0_VIEW': 891}
[15:16:13] [main/ERROR] [FML]: The binary patch set is missing. Either you are in a development environment, or things are not going to work!
[15:16:13] [main/ERROR] [FML]: FML appears to be missing any signature data. This is not a good thing
This is just a prompt for computer specs to be printed. THIS IS NOT A ERROR
[15:16:17] [Client thread/INFO] [STDOUT]: [com.layue13.clashweave.client.KatanaRendering:load:42]: CW_RENDER models loaded units=block blade=+Y sheath=downwardBipedY angle=45.0
[15:16:17] [Forge Version Check/INFO] [STDERR]: [java.lang.Throwable$WrappedPrintStream:println:749]: com.google.gson.JsonSyntaxException: java.lang.IllegalStateException: Expected BEGIN_OBJECT but was STRING at line 1 column 1
[15:16:17] [Forge Version Check/INFO] [STDERR]: [java.lang.Throwable$WrappedPrintStream:println:749]: Caused by: java.lang.IllegalStateException: Expected BEGIN_OBJECT but was STRING at line 1 column 1
[15:16:17] [Client thread/INFO] [STDOUT]: [com.layue13.clashweave.validation.ClientReplay:<init>:64]: P0_AUDIO initial loader settled
[15:16:22] [Client thread/INFO] [STDOUT]: [com.layue13.clashweave.client.ViewPreservingCorrections$Preserved:processPacket:75]: CW_VIEW packet=1 yawDelta=0.0 pitchDelta=0.0 requestedYawDelta=0.0 requestedPitchDelta=0.0 nano=30198503653700
[15:16:22] [Client thread/INFO] [STDOUT]: [com.layue13.clashweave.client.ClientProxy:apply:215]: CW_ENGAGEMENT player=P0A engaged=false revision=1 tick=199 receive=30198505151800
[15:16:31] [Client thread/INFO] [STDOUT]: [com.layue13.clashweave.client.ClientProxy:apply:215]: CW_ENGAGEMENT player=P0A engaged=true revision=3 tick=393 receive=30207549107600
[15:16:37] [Client thread/INFO] [STDOUT]: [com.layue13.clashweave.validation.ClientReplay:viewReplay:245]: P0_VIEW_SEQUENCE begin=1 nano=30212832047700
[15:16:37] [Client thread/INFO] [STDOUT]: [com.layue13.clashweave.client.ClientProxy:send:147]: CW_LOCAL_SWING seq=28 press=30212833005700 feedback=30212833210700
[15:16:37] [Client thread/INFO] [STDOUT]: [com.layue13.clashweave.validation.ClientReplay:request:260]: P0_REQUEST intent=LIGHT yaw=5.884882 pitch=-0.6103131 nano=30212833415600
[15:16:37] [Client thread/INFO] [STDOUT]: [com.layue13.clashweave.client.ClientProxy:apply:229]: CW_ALIGN player=P0A seq=28 predicted=0 authoritative=0 sameAction=true
[15:16:37] [Client thread/INFO] [STDOUT]: [com.layue13.clashweave.validation.ClientReplay:viewReplay:224]: P0_VIEW_START sequence=1 instance=1 yawDelta=0.0 pitchDelta=0.0 yaw=6.2127895 pitch=-0.6924814 nano=30212982978800
[15:16:37] [Client thread/INFO] [STDOUT]: [com.layue13.clashweave.client.ClientProxy:apply:274]: CW_FEEDBACK player=P0A result=HIT frozen=30213171017800 receive=30213231635800 corrections=0
[15:16:37] [Client thread/INFO] [STDOUT]: [com.layue13.clashweave.validation.ClientReplay:audio:357]: P0_AUDIO source=random.successful_hit frozen=30213171017800 nano=30213231956900
[15:16:37] [Client thread/INFO] [STDOUT]: [com.layue13.clashweave.client.ClientProxy:hud:341]: CW_FRAME frozen=30213171017800 frame=30213235185000
[15:16:37] [Client thread/INFO] [STDOUT]: [com.layue13.clashweave.validation.ClientReplay:request:260]: P0_REQUEST intent=LIGHT yaw=7.230947 pitch=-1.0122352 nano=30213281790500
[15:16:37] [Client thread/INFO] [STDOUT]: [com.layue13.clashweave.client.ClientProxy:apply:274]: CW_FEEDBACK player=P0A result=HIT frozen=30213170760600 receive=30213434831300 corrections=0
[15:16:37] [Client thread/INFO] [STDOUT]: [com.layue13.clashweave.validation.ClientReplay:audio:357]: P0_AUDIO source=random.successful_hit frozen=30213170760600 nano=30213435132200
[15:16:37] [Client thread/INFO] [STDOUT]: [com.layue13.clashweave.validation.ClientReplay:viewReplay:224]: P0_VIEW_START sequence=1 instance=2 yawDelta=0.0 pitchDelta=0.0 yaw=7.4818435 pitch=-1.1118412 nano=30213435334600
[15:16:37] [Client thread/INFO] [STDOUT]: [com.layue13.clashweave.client.ClientProxy:hud:341]: CW_FRAME frozen=30213170760600 frame=30213435756600
[15:16:38] [Client thread/INFO] [STDOUT]: [com.layue13.clashweave.client.ClientProxy:apply:274]: CW_FEEDBACK player=P0A result=HIT frozen=30213570730800 receive=30213631977300 corrections=0
[15:16:38] [Client thread/INFO] [STDOUT]: [com.layue13.clashweave.validation.ClientReplay:audio:357]: P0_AUDIO source=random.successful_hit frozen=30213570730800 nano=30213632309900
[15:16:38] [Client thread/INFO] [STDOUT]: [com.layue13.clashweave.client.ClientProxy:hud:341]: CW_FRAME frozen=30213570730800 frame=30213632853700
[15:16:38] [Client thread/INFO] [STDOUT]: [com.layue13.clashweave.validation.ClientReplay:request:260]: P0_REQUEST intent=LIGHT yaw=8.118372 pitch=-1.4289405 nano=30213682062800
[15:16:38] [Client thread/INFO] [STDOUT]: [com.layue13.clashweave.client.ClientProxy:apply:274]: CW_FEEDBACK player=P0A result=HIT frozen=30213571339100 receive=30213784217900 corrections=0
[15:16:38] [Client thread/INFO] [STDOUT]: [com.layue13.clashweave.validation.ClientReplay:audio:357]: P0_AUDIO source=random.successful_hit frozen=30213571339100 nano=30213784512500
[15:16:38] [Client thread/INFO] [STDOUT]: [com.layue13.clashweave.client.ClientProxy:hud:341]: CW_FRAME frozen=30213571339100 frame=30213785089400
[15:16:38] [Client thread/INFO] [STDOUT]: [com.layue13.clashweave.validation.ClientReplay:viewReplay:224]: P0_VIEW_START sequence=1 instance=3 yawDelta=0.0 pitchDelta=0.0 yaw=8.29006 pitch=-1.5398532 nano=30213832145600
[15:16:38] [Client thread/INFO] [STDOUT]: [com.layue13.clashweave.client.ClientProxy:apply:274]: CW_FEEDBACK player=P0A result=HIT frozen=30213921136400 receive=30213982691600 corrections=0
[15:16:38] [Client thread/INFO] [STDOUT]: [com.layue13.clashweave.validation.ClientReplay:audio:357]: P0_AUDIO source=random.successful_hit frozen=30213921136400 nano=30213982991800
[15:16:38] [Client thread/INFO] [STDOUT]: [com.layue13.clashweave.client.ClientProxy:hud:341]: CW_FRAME frozen=30213921136400 frame=30213983534900
[15:16:38] [Client thread/INFO] [STDOUT]: [com.layue13.clashweave.validation.ClientReplay:request:260]: P0_REQUEST intent=LIGHT yaw=8.626588 pitch=-1.8259201 nano=30214031906400
[15:16:38] [Client thread/INFO] [STDOUT]: [com.layue13.clashweave.validation.ClientReplay:viewReplay:224]: P0_VIEW_START sequence=1 instance=4 yawDelta=0.0 pitchDelta=0.0 yaw=8.723238 pitch=-1.9431101 nano=30214181800700
[15:16:38] [Client thread/INFO] [STDOUT]: [com.layue13.clashweave.client.ClientProxy:apply:274]: CW_FEEDBACK player=P0A result=HIT frozen=30214322699400 receive=30214382521800 corrections=0
[15:16:38] [Client thread/INFO] [STDOUT]: [com.layue13.clashweave.validation.ClientReplay:audio:357]: P0_AUDIO source=random.successful_hit frozen=30214322699400 nano=30214382818600
[15:16:38] [Client thread/INFO] [STDOUT]: [com.layue13.clashweave.client.ClientProxy:hud:341]: CW_FRAME frozen=30214322699400 frame=30214383318900
[15:16:39] [Client thread/INFO] [STDOUT]: [com.layue13.clashweave.validation.ClientReplay:viewReplay:237]: P0_VIEW_SEQUENCE completed=1 nano=30214881753200
[15:16:39] [Client thread/INFO] [STDOUT]: [com.layue13.clashweave.validation.ClientReplay:viewReplay:245]: P0_VIEW_SEQUENCE begin=2 nano=30215331799400
[15:16:39] [Client thread/INFO] [STDOUT]: [com.layue13.clashweave.client.ClientProxy:send:147]: CW_LOCAL_SWING seq=36 press=30215332750000 feedback=30215332882900
[15:16:39] [Client thread/INFO] [STDOUT]: [com.layue13.clashweave.validation.ClientReplay:request:260]: P0_REQUEST intent=LIGHT yaw=8.147107 pitch=-3.3533003 nano=30215333069300
[15:16:39] [Client thread/INFO] [STDOUT]: [com.layue13.clashweave.client.ClientProxy:apply:229]: CW_ALIGN player=P0A seq=36 predicted=0 authoritative=0 sameAction=true
[15:16:39] [Client thread/INFO] [STDOUT]: [com.layue13.clashweave.validation.ClientReplay:viewReplay:224]: P0_VIEW_START sequence=2 instance=5 yawDelta=0.0 pitchDelta=0.0 yaw=7.958092 pitch=-3.462191 nano=30215482405400
[15:16:40] [Client thread/INFO] [STDOUT]: [com.layue13.clashweave.client.ClientProxy:apply:274]: CW_FEEDBACK player=P0A result=HIT frozen=30215621768200 receive=30215682361900 corrections=0
[15:16:40] [Client thread/INFO] [STDOUT]: [com.layue13.clashweave.validation.ClientReplay:audio:357]: P0_AUDIO source=random.successful_hit frozen=30215621768200 nano=30215682689100
[15:16:40] [Client thread/INFO] [STDOUT]: [com.layue13.clashweave.client.ClientProxy:hud:341]: CW_FRAME frozen=30215621768200 frame=30215683206700
[15:16:40] [Client thread/INFO] [STDOUT]: [com.layue13.clashweave.validation.ClientReplay:request:260]: P0_REQUEST intent=LIGHT yaw=7.272154 pitch=-3.771877 nano=30215735045400
[15:16:40] [Client thread/INFO] [STDOUT]: [com.layue13.clashweave.validation.ClientReplay:viewReplay:224]: P0_VIEW_START sequence=2 instance=6 yawDelta=0.0 pitchDelta=0.0 yaw=7.0057817 pitch=-3.8685834 nano=30215881637400
[15:16:40] [Client thread/INFO] [STDOUT]: [com.layue13.clashweave.client.ClientProxy:apply:274]: CW_FEEDBACK player=P0A result=HIT frozen=30215973191100 receive=30216049223600 corrections=0
[15:16:40] [Client thread/INFO] [STDOUT]: [com.layue13.clashweave.validation.ClientReplay:audio:357]: P0_AUDIO source=random.successful_hit frozen=30215973191100 nano=30216049568100
[15:16:40] [Client thread/INFO] [STDOUT]: [com.layue13.clashweave.client.ClientProxy:hud:341]: CW_FRAME frozen=30215973191100 frame=30216050098400
[15:16:40] [Client thread/INFO] [STDOUT]: [com.layue13.clashweave.validation.ClientReplay:request:260]: P0_REQUEST intent=LIGHT yaw=6.263577 pitch=-4.0937834 nano=30216082523600
[15:16:40] [Client thread/INFO] [STDOUT]: [com.layue13.clashweave.validation.ClientReplay:viewReplay:224]: P0_VIEW_START sequence=2 instance=7 yawDelta=0.0 pitchDelta=0.0 yaw=5.9381332 pitch=-4.1766458 nano=30216248980500
[15:16:40] [Client thread/INFO] [STDOUT]: [com.layue13.clashweave.client.ClientProxy:apply:274]: CW_FEEDBACK player=P0A result=HIT frozen=30216371033300 receive=30216449297600 corrections=0
[15:16:40] [Client thread/INFO] [STDOUT]: [com.layue13.clashweave.validation.ClientReplay:audio:357]: P0_AUDIO source=random.successful_hit frozen=30216371033300 nano=30216449605600
[15:16:40] [Client thread/INFO] [STDOUT]: [com.layue13.clashweave.client.ClientProxy:hud:341]: CW_FRAME frozen=30216371033300 frame=30216450149200
[15:16:41] [Client thread/INFO] [STDOUT]: [com.layue13.clashweave.validation.ClientReplay:viewReplay:237]: P0_VIEW_SEQUENCE completed=2 nano=30216948914300
[15:16:41] [Client thread/INFO] [STDOUT]: [com.layue13.clashweave.validation.ClientReplay:viewReplay:245]: P0_VIEW_SEQUENCE begin=3 nano=30217348847800
[15:16:41] [Client thread/INFO] [STDOUT]: [com.layue13.clashweave.client.ClientProxy:send:147]: CW_LOCAL_SWING seq=42 press=30217349162100 feedback=30217349303800
[15:16:41] [Client thread/INFO] [STDOUT]: [com.layue13.clashweave.validation.ClientReplay:request:260]: P0_REQUEST intent=LIGHT yaw=1.3416356 pitch=-4.7684064 nano=30217349481300
[15:16:41] [Client thread/INFO] [STDOUT]: [com.layue13.clashweave.client.ClientProxy:apply:229]: CW_ALIGN player=P0A seq=42 predicted=0 authoritative=0 sameAction=true
[15:16:41] [Client thread/INFO] [STDOUT]: [com.layue13.clashweave.validation.ClientReplay:viewReplay:224]: P0_VIEW_START sequence=3 instance=8 yawDelta=0.0 pitchDelta=0.0 yaw=0.8959039 pitch=-4.7848268 nano=30217499481700
[15:16:42] [Client thread/INFO] [STDOUT]: [com.layue13.clashweave.client.ClientProxy:apply:274]: CW_FEEDBACK player=P0A result=HIT frozen=30217619534300 receive=30217699877500 corrections=0
[15:16:42] [Client thread/INFO] [STDOUT]: [com.layue13.clashweave.validation.ClientReplay:audio:357]: P0_AUDIO source=random.successful_hit frozen=30217619534300 nano=30217700280800
[15:16:42] [Client thread/INFO] [STDOUT]: [com.layue13.clashweave.client.ClientProxy:hud:341]: CW_FRAME frozen=30217619534300 frame=30217700843600
[15:16:42] [Client thread/INFO] [STDOUT]: [com.layue13.clashweave.validation.ClientReplay:request:260]: P0_REQUEST intent=LIGHT yaw=-0.4519289 pitch=-4.798231 nano=30217749044400
[15:16:42] [Client thread/INFO] [STDOUT]: [com.layue13.clashweave.validation.ClientReplay:viewReplay:224]: P0_VIEW_START sequence=3 instance=9 yawDelta=0.0 pitchDelta=0.0 yaw=-0.90100896 pitch=-4.79071 nano=30217898812400
[15:16:42] [Client thread/INFO] [STDOUT]: [com.layue13.clashweave.client.ClientProxy:apply:274]: CW_FEEDBACK player=P0A result=HIT frozen=30217969827900 receive=30218048424300 corrections=0
[15:16:42] [Client thread/INFO] [STDOUT]: [com.layue13.clashweave.validation.ClientReplay:audio:357]: P0_AUDIO source=random.successful_hit frozen=30217969827900 nano=30218048778500
[15:16:42] [Client thread/INFO] [STDOUT]: [com.layue13.clashweave.client.ClientProxy:hud:341]: CW_FRAME frozen=30217969827900 frame=30218051238900
[15:16:42] [Client thread/INFO] [STDOUT]: [com.layue13.clashweave.validation.ClientReplay:request:260]: P0_REQUEST intent=LIGHT yaw=-2.012644 pitch=-4.745841 nano=30218099216000
[15:16:42] [Client thread/INFO] [STDOUT]: [com.layue13.clashweave.validation.ClientReplay:viewReplay:224]: P0_VIEW_START sequence=3 instance=10 yawDelta=0.0 pitchDelta=0.0 yaw=-2.4499545 pitch=-4.717584 nano=30218249126200
[15:16:42] [Client thread/INFO] [STDOUT]: [com.layue13.clashweave.client.ClientProxy:apply:274]: CW_FEEDBACK player=P0A result=HIT frozen=30218371792600 receive=30218448902700 corrections=0
[15:16:42] [Client thread/INFO] [STDOUT]: [com.layue13.clashweave.client.ClientProxy:hud:341]: CW_FRAME frozen=30218371792600 frame=30218449746100
[15:16:43] [Client thread/INFO] [STDOUT]: [com.layue13.clashweave.validation.ClientReplay:viewReplay:237]: P0_VIEW_SEQUENCE completed=3 nano=30218948800300
[15:16:43] [Client thread/INFO] [STDOUT]: [com.layue13.clashweave.validation.ClientReplay:viewReplay:245]: P0_VIEW_SEQUENCE begin=4 nano=30219348914800
[15:16:43] [Client thread/INFO] [STDOUT]: [com.layue13.clashweave.client.ClientProxy:send:147]: CW_LOCAL_SWING seq=48 press=30219349846400 feedback=30219349991200
[15:16:43] [Client thread/INFO] [STDOUT]: [com.layue13.clashweave.validation.ClientReplay:request:260]: P0_REQUEST intent=LIGHT yaw=-6.800763 pitch=-4.0058956 nano=30219350221300
[15:16:43] [Client thread/INFO] [STDOUT]: [com.layue13.clashweave.client.ClientProxy:apply:229]: CW_ALIGN player=P0A seq=48 predicted=0 authoritative=0 sameAction=true
[15:16:43] [Client thread/INFO] [STDOUT]: [com.layue13.clashweave.validation.ClientReplay:viewReplay:224]: P0_VIEW_START sequence=4 instance=11 yawDelta=0.0 pitchDelta=0.0 yaw=-7.0934076 pitch=-3.914749 nano=30219499626600
[15:16:44] [Client thread/INFO] [STDOUT]: [com.layue13.clashweave.validation.ClientReplay:request:260]: P0_REQUEST intent=LIGHT yaw=-7.8639436 pitch=-3.6195486 nano=30219748824400
[15:16:44] [Client thread/INFO] [STDOUT]: [com.layue13.clashweave.validation.ClientReplay:viewReplay:224]: P0_VIEW_START sequence=4 instance=12 yawDelta=0.0 pitchDelta=0.0 yaw=-8.0828495 pitch=-3.5147147 nano=30219898583400
[15:16:45] [Client thread/INFO] [STDOUT]: [com.layue13.clashweave.validation.ClientReplay:viewReplay:237]: P0_VIEW_SEQUENCE completed=4 nano=30220948577900
[15:16:45] [Client thread/INFO] [STDOUT]: [com.layue13.clashweave.validation.ClientReplay:viewReplay:245]: P0_VIEW_SEQUENCE begin=5 nano=30221348616100
[15:16:45] [Client thread/INFO] [STDOUT]: [com.layue13.clashweave.client.ClientProxy:send:147]: CW_LOCAL_SWING seq=54 press=30221349607400 feedback=30221349748300
[15:16:45] [Client thread/INFO] [STDOUT]: [com.layue13.clashweave.client.ClientProxy:apply:229]: CW_ALIGN player=P0A seq=54 predicted=0 authoritative=0 sameAction=true
[15:16:47] [Client thread/INFO] [STDOUT]: [com.layue13.clashweave.validation.ClientReplay:viewReplay:237]: P0_VIEW_SEQUENCE completed=5 nano=30222948931800
[15:16:47] [Client thread/INFO] [STDOUT]: [com.layue13.clashweave.validation.ClientReplay:viewReplay:245]: P0_VIEW_SEQUENCE begin=6 nano=30223348781400
[15:16:47] [Client thread/INFO] [STDOUT]: [com.layue13.clashweave.client.ClientProxy:send:147]: CW_LOCAL_SWING seq=60 press=30223349721400 feedback=30223349855400
[15:16:47] [Client thread/INFO] [STDOUT]: [com.layue13.clashweave.client.ClientProxy:apply:229]: CW_ALIGN player=P0A seq=60 predicted=0 authoritative=0 sameAction=true
[15:16:49] [Client thread/INFO] [STDOUT]: [com.layue13.clashweave.validation.ClientReplay:viewReplay:237]: P0_VIEW_SEQUENCE completed=6 nano=30224948672200
[15:16:49] [Client thread/INFO] [STDOUT]: [com.layue13.clashweave.client.ClientProxy:send:147]: CW_LOCAL_SWING seq=66 press=30225349470600 feedback=30225349614500
[15:16:49] [Client thread/INFO] [STDOUT]: [com.layue13.clashweave.client.ClientProxy:apply:229]: CW_ALIGN player=P0A seq=66 predicted=0 authoritative=0 sameAction=true
[15:16:51] [Client thread/INFO] [STDOUT]: [com.layue13.clashweave.client.ClientProxy:send:147]: CW_LOCAL_SWING seq=72 press=30227348850400 feedback=30227348973200
[15:16:51] [Client thread/INFO] [STDOUT]: [com.layue13.clashweave.client.ClientProxy:apply:229]: CW_ALIGN player=P0A seq=72 predicted=0 authoritative=0 sameAction=true
[15:16:53] [Client thread/INFO] [STDOUT]: [com.layue13.clashweave.client.ClientProxy:send:147]: CW_LOCAL_SWING seq=78 press=30229350204900 feedback=30229350334400
[15:16:53] [Client thread/INFO] [STDOUT]: [com.layue13.clashweave.client.ClientProxy:apply:229]: CW_ALIGN player=P0A seq=78 predicted=0 authoritative=0 sameAction=true
[15:16:55] [Client thread/INFO] [STDOUT]: [com.layue13.clashweave.client.ClientProxy:send:147]: CW_LOCAL_SWING seq=84 press=30231349682800 feedback=30231349825100
[15:16:55] [Client thread/INFO] [STDOUT]: [com.layue13.clashweave.client.ClientProxy:apply:229]: CW_ALIGN player=P0A seq=84 predicted=0 authoritative=0 sameAction=true
[15:16:57] [Client thread/INFO] [STDOUT]: [com.layue13.clashweave.client.ClientProxy:send:147]: CW_LOCAL_SWING seq=90 press=30233349083900 feedback=30233349228100
[15:16:57] [Client thread/INFO] [STDOUT]: [com.layue13.clashweave.client.ClientProxy:apply:229]: CW_ALIGN player=P0A seq=90 predicted=0 authoritative=0 sameAction=true
[15:16:59] [Client thread/INFO] [STDOUT]: [com.layue13.clashweave.client.ClientProxy:send:147]: CW_LOCAL_SWING seq=96 press=30235349056700 feedback=30235349330900
[15:16:59] [Client thread/INFO] [STDOUT]: [com.layue13.clashweave.client.ClientProxy:apply:229]: CW_ALIGN player=P0A seq=96 predicted=0 authoritative=0 sameAction=true
[15:17:17] [Client thread/INFO] [STDOUT]: [com.layue13.clashweave.validation.ClientReplay:viewReplay:254]: P0_VIEW COMPLETE nano=30252949634300
[15:17:17] [Client thread/INFO] [STDOUT]: [com.layue13.clashweave.validation.ClientReplay:viewReplay:254]: P0_VIEW COMPLETE nano=30252998813400
[15:17:17] [Client thread/INFO] [STDOUT]: [com.layue13.clashweave.validation.ClientReplay:viewReplay:254]: P0_VIEW COMPLETE nano=30253048583800
[15:17:17] [Client thread/INFO] [STDOUT]: [com.layue13.clashweave.validation.ClientReplay:viewReplay:254]: P0_VIEW COMPLETE nano=30253098823200
[15:17:17] [Client thread/INFO] [STDOUT]: [com.layue13.clashweave.validation.ClientReplay:viewReplay:254]: P0_VIEW COMPLETE nano=30253148730000
[15:17:17] [Client thread/INFO] [STDOUT]: [com.layue13.clashweave.validation.ClientReplay:viewReplay:254]: P0_VIEW COMPLETE nano=30253198477400
[15:17:17] [Client thread/INFO] [STDOUT]: [com.layue13.clashweave.validation.ClientReplay:viewReplay:254]: P0_VIEW COMPLETE nano=30253248840700
[15:17:17] [Client thread/INFO] [STDOUT]: [com.layue13.clashweave.validation.ClientReplay:viewReplay:254]: P0_VIEW COMPLETE nano=30253299294500
[15:17:17] [Client thread/INFO] [STDOUT]: [com.layue13.clashweave.validation.ClientReplay:viewReplay:254]: P0_VIEW COMPLETE nano=30253348842300
[15:17:17] [Client thread/INFO] [STDOUT]: [com.layue13.clashweave.validation.ClientReplay:viewReplay:254]: P0_VIEW COMPLETE nano=30253399114200
[15:17:17] [Client thread/INFO] [STDOUT]: [com.layue13.clashweave.validation.ClientReplay:viewReplay:254]: P0_VIEW COMPLETE nano=30253448453800
[15:17:17] [Client thread/INFO] [STDOUT]: [com.layue13.clashweave.validation.ClientReplay:viewReplay:254]: P0_VIEW COMPLETE nano=30253498917200
[15:17:17] [Client thread/INFO] [STDOUT]: [com.layue13.clashweave.validation.ClientReplay:viewReplay:254]: P0_VIEW COMPLETE nano=30253548642100
[15:17:17] [Client thread/INFO] [STDOUT]: [com.layue13.clashweave.validation.ClientReplay:viewReplay:254]: P0_VIEW COMPLETE nano=30253598517800
[15:17:18] [Client thread/INFO] [STDOUT]: [com.layue13.clashweave.validation.ClientReplay:viewReplay:254]: P0_VIEW COMPLETE nano=30253648563000
[15:17:18] [Client thread/INFO] [STDOUT]: [com.layue13.clashweave.validation.ClientReplay:viewReplay:254]: P0_VIEW COMPLETE nano=30253698678100
[15:17:18] [Client thread/INFO] [STDOUT]: [com.layue13.clashweave.validation.ClientReplay:viewReplay:254]: P0_VIEW COMPLETE nano=30253748692700
[15:17:18] [Client thread/INFO] [STDOUT]: [com.layue13.clashweave.validation.ClientReplay:viewReplay:254]: P0_VIEW COMPLETE nano=30253798893900
[15:17:18] [Client thread/INFO] [STDOUT]: [com.layue13.clashweave.validation.ClientReplay:viewReplay:254]: P0_VIEW COMPLETE nano=30253848933900
[15:17:18] [Client thread/INFO] [STDOUT]: [com.layue13.clashweave.validation.ClientReplay:viewReplay:254]: P0_VIEW COMPLETE nano=30253899046400
[15:17:18] [Client thread/INFO] [STDOUT]: [com.layue13.clashweave.validation.ClientReplay:viewReplay:254]: P0_VIEW COMPLETE nano=30253949409600
[15:17:18] [Client thread/INFO] [STDOUT]: [com.layue13.clashweave.validation.ClientReplay:viewReplay:254]: P0_VIEW COMPLETE nano=30253998676500
[15:17:18] [Client thread/INFO] [STDOUT]: [com.layue13.clashweave.validation.ClientReplay:viewReplay:254]: P0_VIEW COMPLETE nano=30254049035400
[15:17:18] [Client thread/INFO] [STDOUT]: [com.layue13.clashweave.validation.ClientReplay:viewReplay:254]: P0_VIEW COMPLETE nano=30254098865500
[15:17:18] [Client thread/INFO] [STDOUT]: [com.layue13.clashweave.validation.ClientReplay:viewReplay:254]: P0_VIEW COMPLETE nano=30254149128800
[15:17:18] [Client thread/INFO] [STDOUT]: [com.layue13.clashweave.validation.ClientReplay:viewReplay:254]: P0_VIEW COMPLETE nano=30254198712200
[15:17:18] [Client thread/INFO] [STDOUT]: [com.layue13.clashweave.validation.ClientReplay:viewReplay:254]: P0_VIEW COMPLETE nano=30254248815200
[15:17:18] [Client thread/INFO] [STDOUT]: [com.layue13.clashweave.validation.ClientReplay:viewReplay:254]: P0_VIEW COMPLETE nano=30254298847000
[15:17:18] [Client thread/INFO] [STDOUT]: [com.layue13.clashweave.validation.ClientReplay:viewReplay:254]: P0_VIEW COMPLETE nano=30254349230300
[15:17:18] [Client thread/INFO] [STDOUT]: [com.layue13.clashweave.validation.ClientReplay:viewReplay:254]: P0_VIEW COMPLETE nano=30254398805800
[15:17:18] [Client thread/INFO] [STDOUT]: [com.layue13.clashweave.validation.ClientReplay:viewReplay:254]: P0_VIEW COMPLETE nano=30254448616400
[15:17:18] [Client thread/INFO] [STDOUT]: [com.layue13.clashweave.validation.ClientReplay:viewReplay:254]: P0_VIEW COMPLETE nano=30254498493800
[15:17:18] [Client thread/INFO] [STDOUT]: [com.layue13.clashweave.validation.ClientReplay:viewReplay:254]: P0_VIEW COMPLETE nano=30254548441100
[15:17:18] [Client thread/INFO] [STDOUT]: [com.layue13.clashweave.validation.ClientReplay:viewReplay:254]: P0_VIEW COMPLETE nano=30254598472600
[15:17:19] [Client thread/INFO] [STDOUT]: [com.layue13.clashweave.validation.ClientReplay:viewReplay:254]: P0_VIEW COMPLETE nano=30254648499500
[15:17:19] [Client thread/INFO] [STDOUT]: [com.layue13.clashweave.validation.ClientReplay:viewReplay:254]: P0_VIEW COMPLETE nano=30254698871400
[15:17:19] [Client thread/INFO] [STDOUT]: [com.layue13.clashweave.validation.ClientReplay:viewReplay:254]: P0_VIEW COMPLETE nano=30254748884200
[15:17:19] [Client thread/INFO] [STDOUT]: [com.layue13.clashweave.validation.ClientReplay:viewReplay:254]: P0_VIEW COMPLETE nano=30254798762900
[15:17:19] [Client thread/INFO] [STDOUT]: [com.layue13.clashweave.validation.ClientReplay:viewReplay:254]: P0_VIEW COMPLETE nano=30254848587600
[15:17:19] [Client thread/INFO] [STDOUT]: [com.layue13.clashweave.validation.ClientReplay:viewReplay:254]: P0_VIEW COMPLETE nano=30254898923300
[15:17:19] [Client thread/INFO] [STDOUT]: [com.layue13.clashweave.validation.ClientReplay:viewReplay:254]: P0_VIEW COMPLETE nano=30254949777300
[15:17:19] [Client thread/INFO] [STDOUT]: [com.layue13.clashweave.validation.ClientReplay:viewReplay:254]: P0_VIEW COMPLETE nano=30254998710200
[15:17:19] [Client thread/INFO] [STDOUT]: [com.layue13.clashweave.validation.ClientReplay:viewReplay:254]: P0_VIEW COMPLETE nano=30255049341900
[15:17:19] [Client thread/INFO] [STDOUT]: [com.layue13.clashweave.validation.ClientReplay:viewReplay:254]: P0_VIEW COMPLETE nano=30255098468700
[15:17:19] [Client thread/INFO] [STDOUT]: [com.layue13.clashweave.validation.ClientReplay:viewReplay:254]: P0_VIEW COMPLETE nano=30255148801800
[15:17:19] [Client thread/INFO] [STDOUT]: [com.layue13.clashweave.validation.ClientReplay:viewReplay:254]: P0_VIEW COMPLETE nano=30255198387600
[15:17:19] [Client thread/INFO] [STDOUT]: [com.layue13.clashweave.validation.ClientReplay:viewReplay:254]: P0_VIEW COMPLETE nano=30255248419700
[15:17:19] [Client thread/INFO] [STDOUT]: [com.layue13.clashweave.validation.ClientReplay:viewReplay:254]: P0_VIEW COMPLETE nano=30255298952600
[15:17:19] [Client thread/INFO] [STDOUT]: [com.layue13.clashweave.validation.ClientReplay:viewReplay:254]: P0_VIEW COMPLETE nano=30255348657300
[15:17:19] [Client thread/INFO] [STDOUT]: [com.layue13.clashweave.validation.ClientReplay:viewReplay:254]: P0_VIEW COMPLETE nano=30255398658600
[15:17:19] [Client thread/INFO] [STDOUT]: [com.layue13.clashweave.validation.ClientReplay:viewReplay:254]: P0_VIEW COMPLETE nano=30255448410500
[15:17:19] [Client thread/INFO] [STDOUT]: [com.layue13.clashweave.validation.ClientReplay:viewReplay:254]: P0_VIEW COMPLETE nano=30255498814700
[15:17:19] [Client thread/INFO] [STDOUT]: [com.layue13.clashweave.validation.ClientReplay:viewReplay:254]: P0_VIEW COMPLETE nano=30255548861700
[15:17:19] [Client thread/INFO] [STDOUT]: [com.layue13.clashweave.validation.ClientReplay:viewReplay:254]: P0_VIEW COMPLETE nano=30255598818200
[15:17:20] [Client thread/INFO] [STDOUT]: [com.layue13.clashweave.validation.ClientReplay:viewReplay:254]: P0_VIEW COMPLETE nano=30255648830700
[15:17:20] [Client thread/INFO] [STDOUT]: [com.layue13.clashweave.validation.ClientReplay:viewReplay:254]: P0_VIEW COMPLETE nano=30255698905700
[15:17:20] [Client thread/INFO] [STDOUT]: [com.layue13.clashweave.validation.ClientReplay:viewReplay:254]: P0_VIEW COMPLETE nano=30255748765300
[15:17:20] [Client thread/INFO] [STDOUT]: [com.layue13.clashweave.validation.ClientReplay:viewReplay:254]: P0_VIEW COMPLETE nano=30255798547600
[15:17:20] [Client thread/INFO] [STDOUT]: [com.layue13.clashweave.validation.ClientReplay:viewReplay:254]: P0_VIEW COMPLETE nano=30255849117500
[15:17:20] [Client thread/INFO] [STDOUT]: [com.layue13.clashweave.validation.ClientReplay:viewReplay:254]: P0_VIEW COMPLETE nano=30255898821000
[15:17:20] [Client thread/INFO] [STDOUT]: [com.layue13.clashweave.validation.ClientReplay:viewReplay:254]: P0_VIEW COMPLETE nano=30255948418500
[15:17:20] [Client thread/INFO] [STDOUT]: [com.layue13.clashweave.validation.ClientReplay:viewReplay:254]: P0_VIEW COMPLETE nano=30255998761300
[15:17:20] [Client thread/INFO] [STDOUT]: [com.layue13.clashweave.validation.ClientReplay:viewReplay:254]: P0_VIEW COMPLETE nano=30256049124100
[15:17:20] [Client thread/INFO] [STDOUT]: [com.layue13.clashweave.validation.ClientReplay:viewReplay:254]: P0_VIEW COMPLETE nano=30256098938800
[15:17:20] [Client thread/INFO] [STDOUT]: [com.layue13.clashweave.validation.ClientReplay:viewReplay:254]: P0_VIEW COMPLETE nano=30256149097100
[15:17:20] [Client thread/INFO] [STDOUT]: [com.layue13.clashweave.validation.ClientReplay:viewReplay:254]: P0_VIEW COMPLETE nano=30256199073800
[15:17:20] [Client thread/INFO] [STDOUT]: [com.layue13.clashweave.validation.ClientReplay:viewReplay:254]: P0_VIEW COMPLETE nano=30256249502500
[15:17:20] [Client thread/INFO] [STDOUT]: [com.layue13.clashweave.validation.ClientReplay:viewReplay:254]: P0_VIEW COMPLETE nano=30256298855700
[15:17:20] [Client thread/INFO] [STDOUT]: [com.layue13.clashweave.validation.ClientReplay:viewReplay:254]: P0_VIEW COMPLETE nano=30256349321100
[15:17:20] [Client thread/INFO] [STDOUT]: [com.layue13.clashweave.validation.ClientReplay:viewReplay:254]: P0_VIEW COMPLETE nano=30256398844900
[15:17:20] [Client thread/INFO] [STDOUT]: [com.layue13.clashweave.validation.ClientReplay:viewReplay:254]: P0_VIEW COMPLETE nano=30256449571400
[15:17:20] [Client thread/INFO] [STDOUT]: [com.layue13.clashweave.validation.ClientReplay:viewReplay:254]: P0_VIEW COMPLETE nano=30256498440200
[15:17:20] [Client thread/INFO] [STDOUT]: [com.layue13.clashweave.validation.ClientReplay:viewReplay:254]: P0_VIEW COMPLETE nano=30256548744800
[15:17:20] [Client thread/INFO] [STDOUT]: [com.layue13.clashweave.validation.ClientReplay:viewReplay:254]: P0_VIEW COMPLETE nano=30256599279800
[15:17:21] [Client thread/INFO] [STDOUT]: [com.layue13.clashweave.validation.ClientReplay:viewReplay:254]: P0_VIEW COMPLETE nano=30256648360200
[15:17:21] [Client thread/INFO] [STDOUT]: [com.layue13.clashweave.validation.ClientReplay:viewReplay:254]: P0_VIEW COMPLETE nano=30256698873300
[15:17:21] [Client thread/INFO] [STDOUT]: [com.layue13.clashweave.validation.ClientReplay:viewReplay:254]: P0_VIEW COMPLETE nano=30256749420800
[15:17:21] [Client thread/INFO] [STDOUT]: [com.layue13.clashweave.validation.ClientReplay:viewReplay:254]: P0_VIEW COMPLETE nano=30256798958900
[15:17:21] [Client thread/INFO] [STDOUT]: [com.layue13.clashweave.validation.ClientReplay:viewReplay:254]: P0_VIEW COMPLETE nano=30256848924200
[15:17:21] [Client thread/INFO] [STDOUT]: [com.layue13.clashweave.validation.ClientReplay:viewReplay:254]: P0_VIEW COMPLETE nano=30256899042900
[15:17:21] [Client thread/INFO] [STDOUT]: [com.layue13.clashweave.validation.ClientReplay:viewReplay:254]: P0_VIEW COMPLETE nano=30256949477700
[15:17:21] [Client thread/INFO] [STDOUT]: [com.layue13.clashweave.validation.ClientReplay:viewReplay:254]: P0_VIEW COMPLETE nano=30256998645700
[15:17:21] [Client thread/INFO] [STDOUT]: [com.layue13.clashweave.validation.ClientReplay:viewReplay:254]: P0_VIEW COMPLETE nano=30257048965000
[15:17:21] [Client thread/INFO] [STDOUT]: [com.layue13.clashweave.validation.ClientReplay:viewReplay:254]: P0_VIEW COMPLETE nano=30257099351200
[15:17:21] [Client thread/INFO] [STDOUT]: [com.layue13.clashweave.validation.ClientReplay:viewReplay:254]: P0_VIEW COMPLETE nano=30257148551300
[15:17:21] [Client thread/INFO] [STDOUT]: [com.layue13.clashweave.validation.ClientReplay:viewReplay:254]: P0_VIEW COMPLETE nano=30257198836200
[15:17:21] [Client thread/INFO] [STDOUT]: [com.layue13.clashweave.validation.ClientReplay:viewReplay:254]: P0_VIEW COMPLETE nano=30257249249100
[15:17:21] [Client thread/INFO] [STDOUT]: [com.layue13.clashweave.validation.ClientReplay:viewReplay:254]: P0_VIEW COMPLETE nano=30257299579600
[15:17:21] [Client thread/INFO] [STDOUT]: [com.layue13.clashweave.validation.ClientReplay:viewReplay:254]: P0_VIEW COMPLETE nano=30257349215900
[15:17:21] [Client thread/INFO] [STDOUT]: [com.layue13.clashweave.validation.ClientReplay:viewReplay:254]: P0_VIEW COMPLETE nano=30257398623900
[15:17:21] [Client thread/INFO] [STDOUT]: [com.layue13.clashweave.validation.ClientReplay:viewReplay:254]: P0_VIEW COMPLETE nano=30257448604800
[15:17:21] [Client thread/INFO] [STDOUT]: [com.layue13.clashweave.validation.ClientReplay:viewReplay:254]: P0_VIEW COMPLETE nano=30257498622500
[15:17:21] [Client thread/INFO] [STDOUT]: [com.layue13.clashweave.validation.ClientReplay:viewReplay:254]: P0_VIEW COMPLETE nano=30257549132900
[15:17:21] [Client thread/INFO] [STDOUT]: [com.layue13.clashweave.validation.ClientReplay:viewReplay:254]: P0_VIEW COMPLETE nano=30257598617100
[15:17:22] [Client thread/INFO] [STDOUT]: [com.layue13.clashweave.validation.ClientReplay:viewReplay:254]: P0_VIEW COMPLETE nano=30257648440600
[15:17:22] [Client thread/INFO] [STDOUT]: [com.layue13.clashweave.validation.ClientReplay:viewReplay:254]: P0_VIEW COMPLETE nano=30257698759500
[15:17:22] [Client thread/INFO] [STDOUT]: [com.layue13.clashweave.validation.ClientReplay:viewReplay:254]: P0_VIEW COMPLETE nano=30257749034200
[15:17:22] [Client thread/INFO] [STDOUT]: [com.layue13.clashweave.validation.ClientReplay:viewReplay:254]: P0_VIEW COMPLETE nano=30257798548300
[15:17:22] [Client thread/INFO] [STDOUT]: [com.layue13.clashweave.validation.ClientReplay:viewReplay:254]: P0_VIEW COMPLETE nano=30257848896000
[15:17:22] [Client thread/INFO] [STDOUT]: [com.layue13.clashweave.validation.ClientReplay:viewReplay:254]: P0_VIEW COMPLETE nano=30257899489900
[15:17:22] [Client thread/INFO] [STDOUT]: [com.layue13.clashweave.validation.ClientReplay:viewReplay:254]: P0_VIEW COMPLETE nano=30257948610000
[15:17:22] [Client thread/INFO] [STDOUT]: [com.layue13.clashweave.validation.ClientReplay:viewReplay:254]: P0_VIEW COMPLETE nano=30257999154400
[15:17:22] [Client thread/INFO] [STDOUT]: [com.layue13.clashweave.validation.ClientReplay:viewReplay:254]: P0_VIEW COMPLETE nano=30258048418300
[15:17:22] [Client thread/INFO] [STDOUT]: [com.layue13.clashweave.validation.ClientReplay:viewReplay:254]: P0_VIEW COMPLETE nano=30258099031400
[15:17:22] [Client thread/INFO] [STDOUT]: [com.layue13.clashweave.validation.ClientReplay:viewReplay:254]: P0_VIEW COMPLETE nano=30258149610100
[15:17:22] [Client thread/INFO] [STDOUT]: [com.layue13.clashweave.validation.ClientReplay:viewReplay:254]: P0_VIEW COMPLETE nano=30258199283000
[15:17:22] [Client thread/INFO] [STDOUT]: [com.layue13.clashweave.validation.ClientReplay:viewReplay:254]: P0_VIEW COMPLETE nano=30258248690400
[15:17:22] [Client thread/INFO] [STDOUT]: [com.layue13.clashweave.validation.ClientReplay:viewReplay:254]: P0_VIEW COMPLETE nano=30258298453500
[15:17:22] [Client thread/INFO] [STDOUT]: [com.layue13.clashweave.validation.ClientReplay:viewReplay:254]: P0_VIEW COMPLETE nano=30258348914900
[15:17:22] [Client thread/INFO] [STDOUT]: [com.layue13.clashweave.validation.ClientReplay:viewReplay:254]: P0_VIEW COMPLETE nano=30258399304600
[15:17:22] [Client thread/INFO] [STDOUT]: [com.layue13.clashweave.validation.ClientReplay:viewReplay:254]: P0_VIEW COMPLETE nano=30258448635600
[15:17:22] [Client thread/INFO] [STDOUT]: [com.layue13.clashweave.validation.ClientReplay:viewReplay:254]: P0_VIEW COMPLETE nano=30258498785600
[15:17:22] [Client thread/INFO] [STDOUT]: [com.layue13.clashweave.validation.ClientReplay:viewReplay:254]: P0_VIEW COMPLETE nano=30258549363500
[15:17:22] [Client thread/INFO] [STDOUT]: [com.layue13.clashweave.validation.ClientReplay:viewReplay:254]: P0_VIEW COMPLETE nano=30258599267500
[15:17:23] [Client thread/INFO] [STDOUT]: [com.layue13.clashweave.validation.ClientReplay:viewReplay:254]: P0_VIEW COMPLETE nano=30258649753200
[15:17:23] [Client thread/INFO] [STDOUT]: [com.layue13.clashweave.validation.ClientReplay:viewReplay:254]: P0_VIEW COMPLETE nano=30258698704200
[15:17:23] [Client thread/INFO] [STDOUT]: [com.layue13.clashweave.validation.ClientReplay:viewReplay:254]: P0_VIEW COMPLETE nano=30258749399600
[15:17:23] [Client thread/INFO] [STDOUT]: [com.layue13.clashweave.validation.ClientReplay:viewReplay:254]: P0_VIEW COMPLETE nano=30258798786900
[15:17:23] [Client thread/INFO] [STDOUT]: [com.layue13.clashweave.validation.ClientReplay:viewReplay:254]: P0_VIEW COMPLETE nano=30258848382400
[15:17:23] [Client thread/INFO] [STDOUT]: [com.layue13.clashweave.validation.ClientReplay:viewReplay:254]: P0_VIEW COMPLETE nano=30258898663200
[15:17:23] [Client thread/INFO] [STDOUT]: [com.layue13.clashweave.validation.ClientReplay:viewReplay:254]: P0_VIEW COMPLETE nano=30258948931600
[15:17:23] [Client thread/INFO] [STDOUT]: [com.layue13.clashweave.validation.ClientReplay:viewReplay:254]: P0_VIEW COMPLETE nano=30258998459200
[15:17:23] [Client thread/INFO] [STDOUT]: [com.layue13.clashweave.validation.ClientReplay:viewReplay:254]: P0_VIEW COMPLETE nano=30259049019200
[15:17:23] [Client thread/INFO] [STDOUT]: [com.layue13.clashweave.validation.ClientReplay:viewReplay:254]: P0_VIEW COMPLETE nano=30259099369700
[15:17:23] [Client thread/INFO] [STDOUT]: [com.layue13.clashweave.validation.ClientReplay:viewReplay:254]: P0_VIEW COMPLETE nano=30259149886300
[15:17:23] [Client thread/INFO] [STDOUT]: [com.layue13.clashweave.validation.ClientReplay:viewReplay:254]: P0_VIEW COMPLETE nano=30259198503500
[15:17:23] [Client thread/INFO] [STDOUT]: [com.layue13.clashweave.validation.ClientReplay:viewReplay:254]: P0_VIEW COMPLETE nano=30259248938100
[15:17:23] [Client thread/INFO] [STDOUT]: [com.layue13.clashweave.validation.ClientReplay:viewReplay:254]: P0_VIEW COMPLETE nano=30259299008900
[15:17:23] [Client thread/INFO] [STDOUT]: [com.layue13.clashweave.validation.ClientReplay:viewReplay:254]: P0_VIEW COMPLETE nano=30259348592000
[15:17:23] [Client thread/INFO] [STDOUT]: [com.layue13.clashweave.validation.ClientReplay:viewReplay:254]: P0_VIEW COMPLETE nano=30259398634500
[15:17:23] [Client thread/INFO] [STDOUT]: [com.layue13.clashweave.validation.ClientReplay:viewReplay:254]: P0_VIEW COMPLETE nano=30259449045100
[15:17:23] [Client thread/INFO] [STDOUT]: [com.layue13.clashweave.validation.ClientReplay:viewReplay:254]: P0_VIEW COMPLETE nano=30259498549300
[15:17:23] [Client thread/INFO] [STDOUT]: [com.layue13.clashweave.validation.ClientReplay:viewReplay:254]: P0_VIEW COMPLETE nano=30259548875300
[15:17:23] [Client thread/INFO] [STDOUT]: [com.layue13.clashweave.validation.ClientReplay:viewReplay:254]: P0_VIEW COMPLETE nano=30259598663400
[15:17:24] [Client thread/INFO] [STDOUT]: [com.layue13.clashweave.validation.ClientReplay:viewReplay:254]: P0_VIEW COMPLETE nano=30259649060900
[15:17:24] [Client thread/INFO] [STDOUT]: [com.layue13.clashweave.validation.ClientReplay:viewReplay:254]: P0_VIEW COMPLETE nano=30259698741200
[15:17:24] [Client thread/INFO] [STDOUT]: [com.layue13.clashweave.validation.ClientReplay:viewReplay:254]: P0_VIEW COMPLETE nano=30259748661700
[15:17:24] [Client thread/INFO] [STDOUT]: [com.layue13.clashweave.validation.ClientReplay:viewReplay:254]: P0_VIEW COMPLETE nano=30259798590600
[15:17:24] [Client thread/INFO] [STDOUT]: [com.layue13.clashweave.validation.ClientReplay:viewReplay:254]: P0_VIEW COMPLETE nano=30259848803400
[15:17:24] [Client thread/INFO] [STDOUT]: [com.layue13.clashweave.validation.ClientReplay:viewReplay:254]: P0_VIEW COMPLETE nano=30259899554600
[15:17:24] [Client thread/INFO] [STDOUT]: [com.layue13.clashweave.validation.ClientReplay:viewReplay:254]: P0_VIEW COMPLETE nano=30259949909900
[15:17:24] [Client thread/INFO] [STDOUT]: [com.layue13.clashweave.validation.ClientReplay:viewReplay:254]: P0_VIEW COMPLETE nano=30259998766800
[15:17:24] [Client thread/INFO] [STDOUT]: [com.layue13.clashweave.validation.ClientReplay:viewReplay:254]: P0_VIEW COMPLETE nano=30260048464300
[15:17:24] [Client thread/INFO] [STDOUT]: [com.layue13.clashweave.validation.ClientReplay:viewReplay:254]: P0_VIEW COMPLETE nano=30260098800200
[15:17:24] [Client thread/INFO] [STDOUT]: [com.layue13.clashweave.validation.ClientReplay:viewReplay:254]: P0_VIEW COMPLETE nano=30260149046600
[15:17:24] [Client thread/INFO] [STDOUT]: [com.layue13.clashweave.validation.ClientReplay:viewReplay:254]: P0_VIEW COMPLETE nano=30260199376500
[15:17:24] [Client thread/INFO] [STDOUT]: [com.layue13.clashweave.validation.ClientReplay:viewReplay:254]: P0_VIEW COMPLETE nano=30260248377200
[15:17:24] [Client thread/INFO] [STDOUT]: [com.layue13.clashweave.validation.ClientReplay:viewReplay:254]: P0_VIEW COMPLETE nano=30260298639200
[15:17:24] [Client thread/INFO] [STDOUT]: [com.layue13.clashweave.validation.ClientReplay:viewReplay:254]: P0_VIEW COMPLETE nano=30260349170900
[15:17:24] [Client thread/INFO] [STDOUT]: [com.layue13.clashweave.validation.ClientReplay:viewReplay:254]: P0_VIEW COMPLETE nano=30260398413000
[15:17:24] [Client thread/INFO] [STDOUT]: [com.layue13.clashweave.validation.ClientReplay:viewReplay:254]: P0_VIEW COMPLETE nano=30260449058000
[15:17:24] [Client thread/INFO] [STDOUT]: [com.layue13.clashweave.validation.ClientReplay:viewReplay:254]: P0_VIEW COMPLETE nano=30260499349300
[15:17:24] [Client thread/INFO] [STDOUT]: [com.layue13.clashweave.validation.ClientReplay:viewReplay:254]: P0_VIEW COMPLETE nano=30260548517300
[15:17:24] [Client thread/INFO] [STDOUT]: [com.layue13.clashweave.validation.ClientReplay:viewReplay:254]: P0_VIEW COMPLETE nano=30260599405700
[15:17:25] [Client thread/INFO] [STDOUT]: [com.layue13.clashweave.validation.ClientReplay:viewReplay:254]: P0_VIEW COMPLETE nano=30260648905300
[15:17:25] [Client thread/INFO] [STDOUT]: [com.layue13.clashweave.validation.ClientReplay:viewReplay:254]: P0_VIEW COMPLETE nano=30260699547400
[15:17:25] [Client thread/INFO] [STDOUT]: [com.layue13.clashweave.validation.ClientReplay:viewReplay:254]: P0_VIEW COMPLETE nano=30260748444000
[15:17:25] [Client thread/INFO] [STDOUT]: [com.layue13.clashweave.validation.ClientReplay:viewReplay:254]: P0_VIEW COMPLETE nano=30260798773200
[15:17:25] [Client thread/INFO] [STDOUT]: [com.layue13.clashweave.validation.ClientReplay:viewReplay:254]: P0_VIEW COMPLETE nano=30260848447100
[15:17:25] [Client thread/INFO] [STDOUT]: [com.layue13.clashweave.validation.ClientReplay:viewReplay:254]: P0_VIEW COMPLETE nano=30260903258700
[15:17:25] [Client thread/INFO] [STDOUT]: [com.layue13.clashweave.validation.ClientReplay:viewReplay:254]: P0_VIEW COMPLETE nano=30260948692200
[15:17:25] [Client thread/INFO] [STDOUT]: [com.layue13.clashweave.validation.ClientReplay:viewReplay:254]: P0_VIEW COMPLETE nano=30260999121200
[15:17:25] [Client thread/INFO] [STDOUT]: [com.layue13.clashweave.validation.ClientReplay:viewReplay:254]: P0_VIEW COMPLETE nano=30261048566600
[15:17:25] [Client thread/INFO] [STDOUT]: [com.layue13.clashweave.validation.ClientReplay:viewReplay:254]: P0_VIEW COMPLETE nano=30261099248700
[15:17:25] [Client thread/INFO] [STDOUT]: [com.layue13.clashweave.validation.ClientReplay:viewReplay:254]: P0_VIEW COMPLETE nano=30261148766400
[15:17:25] [Client thread/INFO] [STDOUT]: [com.layue13.clashweave.validation.ClientReplay:viewReplay:254]: P0_VIEW COMPLETE nano=30261198530400
[15:17:25] [Client thread/INFO] [STDOUT]: [com.layue13.clashweave.validation.ClientReplay:viewReplay:254]: P0_VIEW COMPLETE nano=30261249055900
[15:17:25] [Client thread/INFO] [STDOUT]: [com.layue13.clashweave.validation.ClientReplay:viewReplay:254]: P0_VIEW COMPLETE nano=30261298621200
[15:17:25] [Client thread/INFO] [STDOUT]: [com.layue13.clashweave.validation.ClientReplay:viewReplay:254]: P0_VIEW COMPLETE nano=30261348798000
[15:17:25] [Client thread/INFO] [STDOUT]: [com.layue13.clashweave.validation.ClientReplay:viewReplay:254]: P0_VIEW COMPLETE nano=30261399085200
[15:17:25] [Client thread/INFO] [STDOUT]: [com.layue13.clashweave.validation.ClientReplay:viewReplay:254]: P0_VIEW COMPLETE nano=30261448427700
[15:17:25] [Client thread/INFO] [STDOUT]: [com.layue13.clashweave.validation.ClientReplay:viewReplay:254]: P0_VIEW COMPLETE nano=30261498905300
[15:17:25] [Client thread/INFO] [STDOUT]: [com.layue13.clashweave.validation.ClientReplay:viewReplay:254]: P0_VIEW COMPLETE nano=30261548492600
[15:17:25] [Client thread/INFO] [STDOUT]: [com.layue13.clashweave.validation.ClientReplay:viewReplay:254]: P0_VIEW COMPLETE nano=30261598707500
[15:17:26] [Client thread/INFO] [STDOUT]: [com.layue13.clashweave.validation.ClientReplay:viewReplay:254]: P0_VIEW COMPLETE nano=30261648937800
[15:17:26] [Client thread/INFO] [STDOUT]: [com.layue13.clashweave.validation.ClientReplay:viewReplay:254]: P0_VIEW COMPLETE nano=30261698658800
[15:17:26] [Client thread/INFO] [STDOUT]: [com.layue13.clashweave.validation.ClientReplay:viewReplay:254]: P0_VIEW COMPLETE nano=30261749181000
[15:17:26] [Client thread/INFO] [STDOUT]: [com.layue13.clashweave.validation.ClientReplay:viewReplay:254]: P0_VIEW COMPLETE nano=30261798516100
[15:17:26] [Client thread/INFO] [STDOUT]: [com.layue13.clashweave.validation.ClientReplay:viewReplay:254]: P0_VIEW COMPLETE nano=30261849026400
[15:17:26] [Client thread/INFO] [STDOUT]: [com.layue13.clashweave.validation.ClientReplay:viewReplay:254]: P0_VIEW COMPLETE nano=30261898648500
[15:17:26] [Client thread/INFO] [STDOUT]: [com.layue13.clashweave.validation.ClientReplay:viewReplay:254]: P0_VIEW COMPLETE nano=30261948863100
[15:17:26] [Client thread/INFO] [STDOUT]: [com.layue13.clashweave.validation.ClientReplay:viewReplay:254]: P0_VIEW COMPLETE nano=30261998877900
[15:17:26] [Client thread/INFO] [STDOUT]: [com.layue13.clashweave.validation.ClientReplay:viewReplay:254]: P0_VIEW COMPLETE nano=30262048633500
[15:17:26] [Client thread/INFO] [STDOUT]: [com.layue13.clashweave.validation.ClientReplay:viewReplay:254]: P0_VIEW COMPLETE nano=30262098716900
[15:17:26] [Client thread/INFO] [STDOUT]: [com.layue13.clashweave.validation.ClientReplay:viewReplay:254]: P0_VIEW COMPLETE nano=30262149001000
[15:17:26] [Client thread/INFO] [STDOUT]: [com.layue13.clashweave.validation.ClientReplay:viewReplay:254]: P0_VIEW COMPLETE nano=30262198599200
[15:17:26] [Client thread/INFO] [STDOUT]: [com.layue13.clashweave.validation.ClientReplay:viewReplay:254]: P0_VIEW COMPLETE nano=30262249121700
[15:17:26] [Client thread/INFO] [STDOUT]: [com.layue13.clashweave.validation.ClientReplay:viewReplay:254]: P0_VIEW COMPLETE nano=30262299936800
[15:17:26] [Client thread/INFO] [STDOUT]: [com.layue13.clashweave.validation.ClientReplay:viewReplay:254]: P0_VIEW COMPLETE nano=30262348708800
[15:17:26] [Client thread/INFO] [STDOUT]: [com.layue13.clashweave.validation.ClientReplay:viewReplay:254]: P0_VIEW COMPLETE nano=30262399139700
[15:17:26] [Client thread/INFO] [STDOUT]: [com.layue13.clashweave.validation.ClientReplay:viewReplay:254]: P0_VIEW COMPLETE nano=30262448527800
[15:17:26] [Client thread/INFO] [STDOUT]: [com.layue13.clashweave.validation.ClientReplay:viewReplay:254]: P0_VIEW COMPLETE nano=30262499201300
[15:17:26] [Client thread/INFO] [STDOUT]: [com.layue13.clashweave.validation.ClientReplay:viewReplay:254]: P0_VIEW COMPLETE nano=30262548885600
[15:17:26] [Client thread/INFO] [STDOUT]: [com.layue13.clashweave.validation.ClientReplay:viewReplay:254]: P0_VIEW COMPLETE nano=30262598580900
[15:17:27] [Client thread/INFO] [STDOUT]: [com.layue13.clashweave.validation.ClientReplay:viewReplay:254]: P0_VIEW COMPLETE nano=30262648802600
[15:17:27] [Client thread/INFO] [STDOUT]: [com.layue13.clashweave.validation.ClientReplay:viewReplay:254]: P0_VIEW COMPLETE nano=30262698417500
[15:17:27] [Client thread/INFO] [STDOUT]: [com.layue13.clashweave.validation.ClientReplay:viewReplay:254]: P0_VIEW COMPLETE nano=30262748778000
[15:17:27] [Client thread/INFO] [STDOUT]: [com.layue13.clashweave.validation.ClientReplay:viewReplay:254]: P0_VIEW COMPLETE nano=30262798701500
[15:17:27] [Client thread/INFO] [STDOUT]: [com.layue13.clashweave.validation.ClientReplay:viewReplay:254]: P0_VIEW COMPLETE nano=30262849105500
[15:17:27] [Client thread/INFO] [STDOUT]: [com.layue13.clashweave.validation.ClientReplay:viewReplay:254]: P0_VIEW COMPLETE nano=30262899301700
[15:17:27] [Client thread/INFO] [STDOUT]: [com.layue13.clashweave.validation.ClientReplay:viewReplay:254]: P0_VIEW COMPLETE nano=30262948521900
[15:17:27] [Client thread/INFO] [STDOUT]: [com.layue13.clashweave.validation.ClientReplay:viewReplay:254]: P0_VIEW COMPLETE nano=30262998676100
[15:17:27] [Client thread/INFO] [STDOUT]: [com.layue13.clashweave.validation.ClientReplay:viewReplay:254]: P0_VIEW COMPLETE nano=30263048700900
[15:17:27] [Client thread/INFO] [STDOUT]: [com.layue13.clashweave.validation.ClientReplay:viewReplay:254]: P0_VIEW COMPLETE nano=30263098602600
[15:17:27] [Client thread/INFO] [STDOUT]: [com.layue13.clashweave.validation.ClientReplay:viewReplay:254]: P0_VIEW COMPLETE nano=30263149208400
[15:17:27] [Client thread/INFO] [STDOUT]: [com.layue13.clashweave.validation.ClientReplay:viewReplay:254]: P0_VIEW COMPLETE nano=30263198777000
[15:17:27] [Client thread/INFO] [STDOUT]: [com.layue13.clashweave.validation.ClientReplay:viewReplay:254]: P0_VIEW COMPLETE nano=30263248969700
[15:17:27] [Client thread/INFO] [STDOUT]: [com.layue13.clashweave.validation.ClientReplay:viewReplay:254]: P0_VIEW COMPLETE nano=30263298556500
[15:17:27] [Client thread/INFO] [STDOUT]: [com.layue13.clashweave.validation.ClientReplay:viewReplay:254]: P0_VIEW COMPLETE nano=30263348650700
[15:17:27] [Client thread/INFO] [STDOUT]: [com.layue13.clashweave.validation.ClientReplay:viewReplay:254]: P0_VIEW COMPLETE nano=30263398981400
[15:17:27] [Client thread/INFO] [STDOUT]: [com.layue13.clashweave.validation.ClientReplay:viewReplay:254]: P0_VIEW COMPLETE nano=30263448513800
[15:17:27] [Client thread/INFO] [STDOUT]: [com.layue13.clashweave.validation.ClientReplay:viewReplay:254]: P0_VIEW COMPLETE nano=30263498525300
[15:17:27] [Client thread/INFO] [STDOUT]: [com.layue13.clashweave.validation.ClientReplay:viewReplay:254]: P0_VIEW COMPLETE nano=30263548966700
[15:17:27] [Client thread/INFO] [STDOUT]: [com.layue13.clashweave.validation.ClientReplay:viewReplay:254]: P0_VIEW COMPLETE nano=30263599159000
[15:17:28] [Client thread/INFO] [STDOUT]: [com.layue13.clashweave.validation.ClientReplay:viewReplay:254]: P0_VIEW COMPLETE nano=30263649827000
[15:17:28] [Client thread/INFO] [STDOUT]: [com.layue13.clashweave.validation.ClientReplay:viewReplay:254]: P0_VIEW COMPLETE nano=30263699088300
[15:17:28] [Client thread/INFO] [STDOUT]: [com.layue13.clashweave.validation.ClientReplay:viewReplay:254]: P0_VIEW COMPLETE nano=30263749227100
[15:17:28] [Client thread/INFO] [STDOUT]: [com.layue13.clashweave.validation.ClientReplay:viewReplay:254]: P0_VIEW COMPLETE nano=30263798501400
[15:17:28] [Client thread/INFO] [STDOUT]: [com.layue13.clashweave.validation.ClientReplay:viewReplay:254]: P0_VIEW COMPLETE nano=30263848640800
[15:17:28] [Client thread/INFO] [STDOUT]: [com.layue13.clashweave.validation.ClientReplay:viewReplay:254]: P0_VIEW COMPLETE nano=30263899251900
[15:17:28] [Client thread/INFO] [STDOUT]: [com.layue13.clashweave.validation.ClientReplay:viewReplay:254]: P0_VIEW COMPLETE nano=30263948927900
[15:17:28] [Client thread/INFO] [STDOUT]: [com.layue13.clashweave.validation.ClientReplay:viewReplay:254]: P0_VIEW COMPLETE nano=30263999509100
[15:17:28] [Client thread/INFO] [STDOUT]: [com.layue13.clashweave.validation.ClientReplay:viewReplay:254]: P0_VIEW COMPLETE nano=30264048623100
[15:17:28] [Client thread/INFO] [STDOUT]: [com.layue13.clashweave.validation.ClientReplay:viewReplay:254]: P0_VIEW COMPLETE nano=30264099251400
[15:17:28] [Client thread/INFO] [STDOUT]: [com.layue13.clashweave.validation.ClientReplay:viewReplay:254]: P0_VIEW COMPLETE nano=30264149616900
[15:17:28] [Client thread/INFO] [STDOUT]: [com.layue13.clashweave.validation.ClientReplay:viewReplay:254]: P0_VIEW COMPLETE nano=30264198551200
[15:17:28] [Client thread/INFO] [STDOUT]: [com.layue13.clashweave.validation.ClientReplay:viewReplay:254]: P0_VIEW COMPLETE nano=30264249024200
[15:17:28] [Client thread/INFO] [STDOUT]: [com.layue13.clashweave.validation.ClientReplay:viewReplay:254]: P0_VIEW COMPLETE nano=30264299673200
[15:17:28] [Client thread/INFO] [STDOUT]: [com.layue13.clashweave.validation.ClientReplay:viewReplay:254]: P0_VIEW COMPLETE nano=30264348874100
[15:17:28] [Client thread/INFO] [STDOUT]: [com.layue13.clashweave.validation.ClientReplay:viewReplay:254]: P0_VIEW COMPLETE nano=30264398557700
[15:17:28] [Client thread/INFO] [STDOUT]: [com.layue13.clashweave.validation.ClientReplay:viewReplay:254]: P0_VIEW COMPLETE nano=30264449165000
[15:17:28] [Client thread/INFO] [STDOUT]: [com.layue13.clashweave.validation.ClientReplay:viewReplay:254]: P0_VIEW COMPLETE nano=30264498607400
[15:17:28] [Client thread/INFO] [STDOUT]: [com.layue13.clashweave.validation.ClientReplay:viewReplay:254]: P0_VIEW COMPLETE nano=30264549027600
[15:17:28] [Client thread/INFO] [STDOUT]: [com.layue13.clashweave.validation.ClientReplay:viewReplay:254]: P0_VIEW COMPLETE nano=30264598573200
[15:17:29] [Client thread/INFO] [STDOUT]: [com.layue13.clashweave.validation.ClientReplay:viewReplay:254]: P0_VIEW COMPLETE nano=30264648632100
[15:17:29] [Client thread/INFO] [STDOUT]: [com.layue13.clashweave.validation.ClientReplay:viewReplay:254]: P0_VIEW COMPLETE nano=30264699108500
[15:17:29] [Client thread/INFO] [STDOUT]: [com.layue13.clashweave.validation.ClientReplay:viewReplay:254]: P0_VIEW COMPLETE nano=30264748638000
[15:17:29] [Client thread/INFO] [STDOUT]: [com.layue13.clashweave.validation.ClientReplay:viewReplay:254]: P0_VIEW COMPLETE nano=30264799048600
[15:17:29] [Client thread/INFO] [STDOUT]: [com.layue13.clashweave.validation.ClientReplay:viewReplay:254]: P0_VIEW COMPLETE nano=30264848956800
[15:17:29] [Client thread/INFO] [STDOUT]: [com.layue13.clashweave.validation.ClientReplay:viewReplay:254]: P0_VIEW COMPLETE nano=30264898728500
[15:17:29] [Client thread/INFO] [STDOUT]: [com.layue13.clashweave.validation.ClientReplay:viewReplay:254]: P0_VIEW COMPLETE nano=30264949520000
[15:17:29] [Client thread/INFO] [STDOUT]: [com.layue13.clashweave.validation.ClientReplay:viewReplay:254]: P0_VIEW COMPLETE nano=30264999035300
[15:17:29] [Client thread/INFO] [STDOUT]: [com.layue13.clashweave.validation.ClientReplay:viewReplay:254]: P0_VIEW COMPLETE nano=30265048672000
[15:17:29] [Client thread/INFO] [STDOUT]: [com.layue13.clashweave.validation.ClientReplay:viewReplay:254]: P0_VIEW COMPLETE nano=30265098716500
[15:17:29] [Client thread/INFO] [STDOUT]: [com.layue13.clashweave.validation.ClientReplay:viewReplay:254]: P0_VIEW COMPLETE nano=30265148557500
[15:17:29] [Client thread/INFO] [STDOUT]: [com.layue13.clashweave.validation.ClientReplay:viewReplay:254]: P0_VIEW COMPLETE nano=30265199357600
[15:17:29] [Client thread/INFO] [STDOUT]: [com.layue13.clashweave.validation.ClientReplay:viewReplay:254]: P0_VIEW COMPLETE nano=30265249214000
[15:17:29] [Client thread/INFO] [STDOUT]: [com.layue13.clashweave.validation.ClientReplay:viewReplay:254]: P0_VIEW COMPLETE nano=30265299263300
[15:17:29] [Client thread/INFO] [STDOUT]: [com.layue13.clashweave.validation.ClientReplay:viewReplay:254]: P0_VIEW COMPLETE nano=30265348798000
[15:17:29] [Client thread/INFO] [STDOUT]: [com.layue13.clashweave.validation.ClientReplay:viewReplay:254]: P0_VIEW COMPLETE nano=30265399051100
[15:17:29] [Client thread/INFO] [STDOUT]: [com.layue13.clashweave.validation.ClientReplay:viewReplay:254]: P0_VIEW COMPLETE nano=30265448718700
[15:17:29] [Client thread/INFO] [STDOUT]: [com.layue13.clashweave.validation.ClientReplay:viewReplay:254]: P0_VIEW COMPLETE nano=30265498496700
[15:17:29] [Client thread/INFO] [STDOUT]: [com.layue13.clashweave.validation.ClientReplay:viewReplay:254]: P0_VIEW COMPLETE nano=30265548971500
[15:17:29] [Client thread/INFO] [STDOUT]: [com.layue13.clashweave.validation.ClientReplay:viewReplay:254]: P0_VIEW COMPLETE nano=30265599410000
[15:17:30] [Client thread/INFO] [STDOUT]: [com.layue13.clashweave.validation.ClientReplay:viewReplay:254]: P0_VIEW COMPLETE nano=30265649227100
[15:17:30] [Client thread/INFO] [STDOUT]: [com.layue13.clashweave.validation.ClientReplay:viewReplay:254]: P0_VIEW COMPLETE nano=30265699515900
[15:17:30] [Client thread/INFO] [STDOUT]: [com.layue13.clashweave.validation.ClientReplay:viewReplay:254]: P0_VIEW COMPLETE nano=30265748435700
[15:17:30] [Client thread/INFO] [STDOUT]: [com.layue13.clashweave.validation.ClientReplay:viewReplay:254]: P0_VIEW COMPLETE nano=30265799235200
[15:17:30] [Client thread/INFO] [STDOUT]: [com.layue13.clashweave.validation.ClientReplay:viewReplay:254]: P0_VIEW COMPLETE nano=30265849016400
[15:17:30] [Client thread/INFO] [STDOUT]: [com.layue13.clashweave.validation.ClientReplay:viewReplay:254]: P0_VIEW COMPLETE nano=30265898801200
[15:17:30] [Client thread/INFO] [STDOUT]: [com.layue13.clashweave.validation.ClientReplay:viewReplay:254]: P0_VIEW COMPLETE nano=30265948593800
[15:17:30] [Client thread/INFO] [STDOUT]: [com.layue13.clashweave.validation.ClientReplay:viewReplay:254]: P0_VIEW COMPLETE nano=30265999207300
[15:17:30] [Client thread/INFO] [STDOUT]: [com.layue13.clashweave.validation.ClientReplay:viewReplay:254]: P0_VIEW COMPLETE nano=30266048840300
[15:17:30] [Client thread/INFO] [STDOUT]: [com.layue13.clashweave.validation.ClientReplay:viewReplay:254]: P0_VIEW COMPLETE nano=30266099334600
[15:17:30] [Client thread/INFO] [STDOUT]: [com.layue13.clashweave.validation.ClientReplay:viewReplay:254]: P0_VIEW COMPLETE nano=30266148679700
[15:17:30] [Client thread/INFO] [STDOUT]: [com.layue13.clashweave.validation.ClientReplay:viewReplay:254]: P0_VIEW COMPLETE nano=30266199110800
[15:17:30] [Client thread/INFO] [STDOUT]: [com.layue13.clashweave.validation.ClientReplay:viewReplay:254]: P0_VIEW COMPLETE nano=30266248754700
[15:17:30] [Client thread/INFO] [STDOUT]: [com.layue13.clashweave.validation.ClientReplay:viewReplay:254]: P0_VIEW COMPLETE nano=30266298528000
[15:17:30] [Client thread/INFO] [STDOUT]: [com.layue13.clashweave.validation.ClientReplay:viewReplay:254]: P0_VIEW COMPLETE nano=30266348617600
[15:17:30] [Client thread/INFO] [STDOUT]: [com.layue13.clashweave.validation.ClientReplay:viewReplay:254]: P0_VIEW COMPLETE nano=30266399182200
[15:17:30] [Client thread/INFO] [STDOUT]: [com.layue13.clashweave.validation.ClientReplay:viewReplay:254]: P0_VIEW COMPLETE nano=30266448447600
[15:17:30] [Client thread/INFO] [STDOUT]: [com.layue13.clashweave.validation.ClientReplay:viewReplay:254]: P0_VIEW COMPLETE nano=30266498927400
[15:17:30] [Client thread/INFO] [STDOUT]: [com.layue13.clashweave.validation.ClientReplay:viewReplay:254]: P0_VIEW COMPLETE nano=30266548873900
[15:17:30] [Client thread/INFO] [STDOUT]: [com.layue13.clashweave.validation.ClientReplay:viewReplay:254]: P0_VIEW COMPLETE nano=30266598762200
[15:17:31] [Client thread/INFO] [STDOUT]: [com.layue13.clashweave.validation.ClientReplay:viewReplay:254]: P0_VIEW COMPLETE nano=30266648540600
[15:17:31] [Client thread/INFO] [STDOUT]: [com.layue13.clashweave.validation.ClientReplay:viewReplay:254]: P0_VIEW COMPLETE nano=30266699077100
[15:17:31] [Client thread/INFO] [STDOUT]: [com.layue13.clashweave.validation.ClientReplay:viewReplay:254]: P0_VIEW COMPLETE nano=30266748429900
[15:17:31] [Client thread/INFO] [STDOUT]: [com.layue13.clashweave.validation.ClientReplay:viewReplay:254]: P0_VIEW COMPLETE nano=30266798884900
[15:17:31] [Client thread/INFO] [STDOUT]: [com.layue13.clashweave.validation.ClientReplay:viewReplay:254]: P0_VIEW COMPLETE nano=30266848607200
[15:17:31] [Client thread/INFO] [STDOUT]: [com.layue13.clashweave.validation.ClientReplay:viewReplay:254]: P0_VIEW COMPLETE nano=30266898934000
[15:17:31] [Client thread/INFO] [STDOUT]: [com.layue13.clashweave.validation.ClientReplay:viewReplay:254]: P0_VIEW COMPLETE nano=30266948732300
[15:17:31] [Client thread/INFO] [STDOUT]: [com.layue13.clashweave.validation.ClientReplay:viewReplay:254]: P0_VIEW COMPLETE nano=30266999243800
[15:17:31] [Client thread/INFO] [STDOUT]: [com.layue13.clashweave.validation.ClientReplay:viewReplay:254]: P0_VIEW COMPLETE nano=30267048919400
[15:17:31] [Client thread/INFO] [STDOUT]: [com.layue13.clashweave.validation.ClientReplay:viewReplay:254]: P0_VIEW COMPLETE nano=30267098483300
[15:17:31] [Client thread/INFO] [STDOUT]: [com.layue13.clashweave.validation.ClientReplay:viewReplay:254]: P0_VIEW COMPLETE nano=30267148569500
[15:17:31] [Client thread/INFO] [STDOUT]: [com.layue13.clashweave.validation.ClientReplay:viewReplay:254]: P0_VIEW COMPLETE nano=30267198797700
[15:17:31] [Client thread/INFO] [STDOUT]: [com.layue13.clashweave.validation.ClientReplay:viewReplay:254]: P0_VIEW COMPLETE nano=30267248481300
[15:17:31] [Client thread/INFO] [STDOUT]: [com.layue13.clashweave.validation.ClientReplay:viewReplay:254]: P0_VIEW COMPLETE nano=30267299100500
[15:17:31] [Client thread/INFO] [STDOUT]: [com.layue13.clashweave.validation.ClientReplay:viewReplay:254]: P0_VIEW COMPLETE nano=30267348894900
[15:17:31] [Client thread/INFO] [STDOUT]: [com.layue13.clashweave.validation.ClientReplay:viewReplay:254]: P0_VIEW COMPLETE nano=30267399575200
[15:17:31] [Client thread/INFO] [STDOUT]: [com.layue13.clashweave.validation.ClientReplay:viewReplay:254]: P0_VIEW COMPLETE nano=30267448523000
[15:17:31] [Client thread/INFO] [STDOUT]: [com.layue13.clashweave.validation.ClientReplay:viewReplay:254]: P0_VIEW COMPLETE nano=30267498988000
[15:17:31] [Client thread/INFO] [STDOUT]: [com.layue13.clashweave.validation.ClientReplay:viewReplay:254]: P0_VIEW COMPLETE nano=30267548643600
[15:17:31] [Client thread/INFO] [STDOUT]: [com.layue13.clashweave.validation.ClientReplay:viewReplay:254]: P0_VIEW COMPLETE nano=30267598936700
[15:17:32] [Client thread/INFO] [STDOUT]: [com.layue13.clashweave.validation.ClientReplay:viewReplay:254]: P0_VIEW COMPLETE nano=30267648452000
[15:17:32] [Client thread/INFO] [STDOUT]: [com.layue13.clashweave.validation.ClientReplay:viewReplay:254]: P0_VIEW COMPLETE nano=30267698574700
[15:17:32] [Client thread/INFO] [STDOUT]: [com.layue13.clashweave.validation.ClientReplay:viewReplay:254]: P0_VIEW COMPLETE nano=30267748429900
[15:17:32] [Client thread/INFO] [STDOUT]: [com.layue13.clashweave.validation.ClientReplay:viewReplay:254]: P0_VIEW COMPLETE nano=30267798824400
[15:17:32] [Client thread/INFO] [STDOUT]: [com.layue13.clashweave.validation.ClientReplay:viewReplay:254]: P0_VIEW COMPLETE nano=30267848604000
[15:17:32] [Client thread/INFO] [STDOUT]: [com.layue13.clashweave.validation.ClientReplay:viewReplay:254]: P0_VIEW COMPLETE nano=30267898954500
[15:17:32] [Client thread/INFO] [STDOUT]: [com.layue13.clashweave.validation.ClientReplay:viewReplay:254]: P0_VIEW COMPLETE nano=30267949548600
[15:17:32] [Client thread/INFO] [STDOUT]: [com.layue13.clashweave.validation.ClientReplay:viewReplay:254]: P0_VIEW COMPLETE nano=30267999110700
[15:17:32] [Client thread/INFO] [STDOUT]: [com.layue13.clashweave.validation.ClientReplay:viewReplay:254]: P0_VIEW COMPLETE nano=30268048775500
[15:17:32] [Client thread/INFO] [STDOUT]: [com.layue13.clashweave.validation.ClientReplay:viewReplay:254]: P0_VIEW COMPLETE nano=30268098580400
[15:17:32] [Client thread/INFO] [STDOUT]: [com.layue13.clashweave.validation.ClientReplay:viewReplay:254]: P0_VIEW COMPLETE nano=30268148809500
[15:17:32] [Client thread/INFO] [STDOUT]: [com.layue13.clashweave.validation.ClientReplay:viewReplay:254]: P0_VIEW COMPLETE nano=30268198579400
[15:17:32] [Client thread/INFO] [STDOUT]: [com.layue13.clashweave.validation.ClientReplay:viewReplay:254]: P0_VIEW COMPLETE nano=30268249243600
[15:17:32] [Client thread/INFO] [STDOUT]: [com.layue13.clashweave.validation.ClientReplay:viewReplay:254]: P0_VIEW COMPLETE nano=30268299807500
[15:17:32] [Client thread/INFO] [STDOUT]: [com.layue13.clashweave.validation.ClientReplay:viewReplay:254]: P0_VIEW COMPLETE nano=30268348683500
[15:17:32] [Client thread/INFO] [STDOUT]: [com.layue13.clashweave.validation.ClientReplay:viewReplay:254]: P0_VIEW COMPLETE nano=30268399038900
[15:17:32] [Client thread/INFO] [STDOUT]: [com.layue13.clashweave.validation.ClientReplay:viewReplay:254]: P0_VIEW COMPLETE nano=30268448568500
[15:17:32] [Client thread/INFO] [STDOUT]: [com.layue13.clashweave.validation.ClientReplay:viewReplay:254]: P0_VIEW COMPLETE nano=30268498830800
[15:17:32] [Client thread/INFO] [STDOUT]: [com.layue13.clashweave.validation.ClientReplay:viewReplay:254]: P0_VIEW COMPLETE nano=30268549135000
[15:17:32] [Client thread/INFO] [STDOUT]: [com.layue13.clashweave.validation.ClientReplay:viewReplay:254]: P0_VIEW COMPLETE nano=30268599373700
[15:17:33] [Client thread/INFO] [STDOUT]: [com.layue13.clashweave.validation.ClientReplay:viewReplay:254]: P0_VIEW COMPLETE nano=30268649648200
[15:17:33] [Client thread/INFO] [STDOUT]: [com.layue13.clashweave.validation.ClientReplay:viewReplay:254]: P0_VIEW COMPLETE nano=30268698936800
[15:17:33] [Client thread/INFO] [STDOUT]: [com.layue13.clashweave.validation.ClientReplay:viewReplay:254]: P0_VIEW COMPLETE nano=30268748578100
[15:17:33] [Client thread/INFO] [STDOUT]: [com.layue13.clashweave.validation.ClientReplay:viewReplay:254]: P0_VIEW COMPLETE nano=30268799266300
[15:17:33] [Client thread/INFO] [STDOUT]: [com.layue13.clashweave.validation.ClientReplay:viewReplay:254]: P0_VIEW COMPLETE nano=30268848426800
[15:17:33] [Client thread/INFO] [STDOUT]: [com.layue13.clashweave.validation.ClientReplay:viewReplay:254]: P0_VIEW COMPLETE nano=30268898469100
[15:17:33] [Client thread/INFO] [STDOUT]: [com.layue13.clashweave.validation.ClientReplay:viewReplay:254]: P0_VIEW COMPLETE nano=30268949147000
[15:17:33] [Client thread/INFO] [STDOUT]: [com.layue13.clashweave.validation.ClientReplay:viewReplay:254]: P0_VIEW COMPLETE nano=30268999903700
[15:17:33] [Client thread/INFO] [STDOUT]: [com.layue13.clashweave.validation.ClientReplay:viewReplay:254]: P0_VIEW COMPLETE nano=30269048365700
[15:17:33] [Client thread/INFO] [STDOUT]: [com.layue13.clashweave.validation.ClientReplay:viewReplay:254]: P0_VIEW COMPLETE nano=30269098889500
[15:17:33] [Client thread/INFO] [STDOUT]: [com.layue13.clashweave.validation.ClientReplay:viewReplay:254]: P0_VIEW COMPLETE nano=30269149228700
[15:17:33] [Client thread/INFO] [STDOUT]: [com.layue13.clashweave.validation.ClientReplay:viewReplay:254]: P0_VIEW COMPLETE nano=30269198599700
[15:17:33] [Client thread/INFO] [STDOUT]: [com.layue13.clashweave.validation.ClientReplay:viewReplay:254]: P0_VIEW COMPLETE nano=30269248722800
[15:17:33] [Client thread/INFO] [STDOUT]: [com.layue13.clashweave.validation.ClientReplay:viewReplay:254]: P0_VIEW COMPLETE nano=30269298888600
[15:17:33] [Client thread/INFO] [STDOUT]: [com.layue13.clashweave.validation.ClientReplay:viewReplay:254]: P0_VIEW COMPLETE nano=30269348872500
[15:17:33] [Client thread/INFO] [STDOUT]: [com.layue13.clashweave.validation.ClientReplay:viewReplay:254]: P0_VIEW COMPLETE nano=30269399198800
[15:17:33] [Client thread/INFO] [STDOUT]: [com.layue13.clashweave.validation.ClientReplay:viewReplay:254]: P0_VIEW COMPLETE nano=30269448683500
[15:17:33] [Client thread/INFO] [STDOUT]: [com.layue13.clashweave.validation.ClientReplay:viewReplay:254]: P0_VIEW COMPLETE nano=30269498620400
[15:17:33] [Client thread/INFO] [STDOUT]: [com.layue13.clashweave.validation.ClientReplay:viewReplay:254]: P0_VIEW COMPLETE nano=30269549332100
[15:17:33] [Client thread/INFO] [STDOUT]: [com.layue13.clashweave.validation.ClientReplay:viewReplay:254]: P0_VIEW COMPLETE nano=30269599942300
[15:17:34] [Client thread/INFO] [STDOUT]: [com.layue13.clashweave.validation.ClientReplay:viewReplay:254]: P0_VIEW COMPLETE nano=30269648833100
[15:17:34] [Client thread/INFO] [STDOUT]: [com.layue13.clashweave.validation.ClientReplay:viewReplay:254]: P0_VIEW COMPLETE nano=30269698412200
[15:17:34] [Client thread/INFO] [STDOUT]: [com.layue13.clashweave.validation.ClientReplay:viewReplay:254]: P0_VIEW COMPLETE nano=30269748831600
[15:17:34] [Client thread/INFO] [STDOUT]: [com.layue13.clashweave.validation.ClientReplay:viewReplay:254]: P0_VIEW COMPLETE nano=30269798383800
[15:17:34] [Client thread/INFO] [STDOUT]: [com.layue13.clashweave.validation.ClientReplay:viewReplay:254]: P0_VIEW COMPLETE nano=30269848450500
[15:17:34] [Client thread/INFO] [STDOUT]: [com.layue13.clashweave.validation.ClientReplay:viewReplay:254]: P0_VIEW COMPLETE nano=30269898669600
[15:17:34] [Client thread/INFO] [STDOUT]: [com.layue13.clashweave.validation.ClientReplay:viewReplay:254]: P0_VIEW COMPLETE nano=30269948807200
[15:17:34] [Client thread/INFO] [STDOUT]: [com.layue13.clashweave.validation.ClientReplay:viewReplay:254]: P0_VIEW COMPLETE nano=30269998774800
[15:17:34] [Client thread/INFO] [STDOUT]: [com.layue13.clashweave.validation.ClientReplay:viewReplay:254]: P0_VIEW COMPLETE nano=30270048807100
[15:17:34] [Client thread/INFO] [STDOUT]: [com.layue13.clashweave.validation.ClientReplay:viewReplay:254]: P0_VIEW COMPLETE nano=30270098707000
[15:17:34] [Client thread/INFO] [STDOUT]: [com.layue13.clashweave.validation.ClientReplay:viewReplay:254]: P0_VIEW COMPLETE nano=30270148405300
[15:17:34] [Client thread/INFO] [STDOUT]: [com.layue13.clashweave.validation.ClientReplay:viewReplay:254]: P0_VIEW COMPLETE nano=30270198546800
[15:17:34] [Client thread/INFO] [STDOUT]: [com.layue13.clashweave.validation.ClientReplay:viewReplay:254]: P0_VIEW COMPLETE nano=30270249178000
[15:17:34] [Client thread/INFO] [STDOUT]: [com.layue13.clashweave.validation.ClientReplay:viewReplay:254]: P0_VIEW COMPLETE nano=30270298924400
[15:17:34] [Client thread/INFO] [STDOUT]: [com.layue13.clashweave.validation.ClientReplay:viewReplay:254]: P0_VIEW COMPLETE nano=30270349141300
[15:17:34] [Client thread/INFO] [STDOUT]: [com.layue13.clashweave.validation.ClientReplay:viewReplay:254]: P0_VIEW COMPLETE nano=30270399926600
[15:17:34] [Client thread/INFO] [STDOUT]: [com.layue13.clashweave.validation.ClientReplay:viewReplay:254]: P0_VIEW COMPLETE nano=30270448799600
[15:17:34] [Client thread/INFO] [STDOUT]: [com.layue13.clashweave.validation.ClientReplay:viewReplay:254]: P0_VIEW COMPLETE nano=30270498874000
[15:17:34] [Client thread/INFO] [STDOUT]: [com.layue13.clashweave.validation.ClientReplay:viewReplay:254]: P0_VIEW COMPLETE nano=30270548613800
[15:17:34] [Client thread/INFO] [STDOUT]: [com.layue13.clashweave.validation.ClientReplay:viewReplay:254]: P0_VIEW COMPLETE nano=30270598635900
[15:17:35] [Client thread/INFO] [STDOUT]: [com.layue13.clashweave.validation.ClientReplay:viewReplay:254]: P0_VIEW COMPLETE nano=30270648515800
[15:17:35] [Client thread/INFO] [STDOUT]: [com.layue13.clashweave.validation.ClientReplay:viewReplay:254]: P0_VIEW COMPLETE nano=30270698953800
[15:17:35] [Client thread/INFO] [STDOUT]: [com.layue13.clashweave.validation.ClientReplay:viewReplay:254]: P0_VIEW COMPLETE nano=30270748772200
[15:17:35] [Client thread/INFO] [STDOUT]: [com.layue13.clashweave.validation.ClientReplay:viewReplay:254]: P0_VIEW COMPLETE nano=30270799473400
[15:17:35] [Client thread/INFO] [STDOUT]: [com.layue13.clashweave.validation.ClientReplay:viewReplay:254]: P0_VIEW COMPLETE nano=30270848703000
[15:17:35] [Client thread/INFO] [STDOUT]: [com.layue13.clashweave.validation.ClientReplay:viewReplay:254]: P0_VIEW COMPLETE nano=30270899248800
[15:17:35] [Client thread/INFO] [STDOUT]: [com.layue13.clashweave.validation.ClientReplay:viewReplay:254]: P0_VIEW COMPLETE nano=30270948562000
[15:17:35] [Client thread/INFO] [STDOUT]: [com.layue13.clashweave.validation.ClientReplay:viewReplay:254]: P0_VIEW COMPLETE nano=30270998824100
[15:17:35] [Client thread/INFO] [STDOUT]: [com.layue13.clashweave.validation.ClientReplay:viewReplay:254]: P0_VIEW COMPLETE nano=30271048998500
[15:17:35] [Client thread/INFO] [STDOUT]: [com.layue13.clashweave.validation.ClientReplay:viewReplay:254]: P0_VIEW COMPLETE nano=30271098875100
[15:17:35] [Client thread/INFO] [STDOUT]: [com.layue13.clashweave.validation.ClientReplay:viewReplay:254]: P0_VIEW COMPLETE nano=30271148701100
[15:17:35] [Client thread/INFO] [STDOUT]: [com.layue13.clashweave.validation.ClientReplay:viewReplay:254]: P0_VIEW COMPLETE nano=30271198613600
[15:17:35] [Client thread/INFO] [STDOUT]: [com.layue13.clashweave.validation.ClientReplay:viewReplay:254]: P0_VIEW COMPLETE nano=30271248954000
[15:17:35] [Client thread/INFO] [STDOUT]: [com.layue13.clashweave.validation.ClientReplay:viewReplay:254]: P0_VIEW COMPLETE nano=30271299594300
[15:17:35] [Client thread/INFO] [STDOUT]: [com.layue13.clashweave.validation.ClientReplay:viewReplay:254]: P0_VIEW COMPLETE nano=30271351559300
[15:17:35] [Client thread/INFO] [STDOUT]: [com.layue13.clashweave.validation.ClientReplay:viewReplay:254]: P0_VIEW COMPLETE nano=30271398713400
[15:17:35] [Client thread/INFO] [STDOUT]: [com.layue13.clashweave.validation.ClientReplay:viewReplay:254]: P0_VIEW COMPLETE nano=30271448607300
[15:17:35] [Client thread/INFO] [STDOUT]: [com.layue13.clashweave.validation.ClientReplay:viewReplay:254]: P0_VIEW COMPLETE nano=30271498767700
[15:17:35] [Client thread/INFO] [STDOUT]: [com.layue13.clashweave.validation.ClientReplay:viewReplay:254]: P0_VIEW COMPLETE nano=30271548729600
[15:17:35] [Client thread/INFO] [STDOUT]: [com.layue13.clashweave.validation.ClientReplay:viewReplay:254]: P0_VIEW COMPLETE nano=30271598436000
[15:17:36] [Client thread/INFO] [STDOUT]: [com.layue13.clashweave.validation.ClientReplay:viewReplay:254]: P0_VIEW COMPLETE nano=30271648645400
[15:17:36] [Client thread/INFO] [STDOUT]: [com.layue13.clashweave.validation.ClientReplay:viewReplay:254]: P0_VIEW COMPLETE nano=30271698858700
[15:17:36] [Client thread/INFO] [STDOUT]: [com.layue13.clashweave.validation.ClientReplay:viewReplay:254]: P0_VIEW COMPLETE nano=30271748864000
[15:17:36] [Client thread/INFO] [STDOUT]: [com.layue13.clashweave.validation.ClientReplay:viewReplay:254]: P0_VIEW COMPLETE nano=30271799439500
[15:17:36] [Client thread/INFO] [STDOUT]: [com.layue13.clashweave.validation.ClientReplay:viewReplay:254]: P0_VIEW COMPLETE nano=30271848509800
[15:17:36] [Client thread/INFO] [STDOUT]: [com.layue13.clashweave.validation.ClientReplay:viewReplay:254]: P0_VIEW COMPLETE nano=30271898975000
[15:17:36] [Client thread/INFO] [STDOUT]: [com.layue13.clashweave.validation.ClientReplay:viewReplay:254]: P0_VIEW COMPLETE nano=30271949271700
[15:17:36] [Client thread/INFO] [STDOUT]: [com.layue13.clashweave.validation.ClientReplay:viewReplay:254]: P0_VIEW COMPLETE nano=30271998871900
[15:17:36] [Client thread/INFO] [STDOUT]: [com.layue13.clashweave.validation.ClientReplay:viewReplay:254]: P0_VIEW COMPLETE nano=30272048916300
[15:17:36] [Client thread/INFO] [STDOUT]: [com.layue13.clashweave.validation.ClientReplay:viewReplay:254]: P0_VIEW COMPLETE nano=30272098564100
[15:17:36] [Client thread/INFO] [STDOUT]: [com.layue13.clashweave.validation.ClientReplay:viewReplay:254]: P0_VIEW COMPLETE nano=30272149218100
[15:17:36] [Client thread/INFO] [STDOUT]: [com.layue13.clashweave.validation.ClientReplay:viewReplay:254]: P0_VIEW COMPLETE nano=30272198699800
[15:17:36] [Client thread/INFO] [STDOUT]: [com.layue13.clashweave.validation.ClientReplay:viewReplay:254]: P0_VIEW COMPLETE nano=30272248857100
[15:17:36] [Client thread/INFO] [STDOUT]: [com.layue13.clashweave.validation.ClientReplay:viewReplay:254]: P0_VIEW COMPLETE nano=30272299379300
[15:17:36] [Client thread/INFO] [STDOUT]: [com.layue13.clashweave.validation.ClientReplay:viewReplay:254]: P0_VIEW COMPLETE nano=30272349050900
[15:17:36] [Client thread/INFO] [STDOUT]: [com.layue13.clashweave.validation.ClientReplay:viewReplay:254]: P0_VIEW COMPLETE nano=30272399249700
[15:17:36] [Client thread/INFO] [STDOUT]: [com.layue13.clashweave.validation.ClientReplay:viewReplay:254]: P0_VIEW COMPLETE nano=30272448612000
[15:17:36] [Client thread/INFO] [STDOUT]: [com.layue13.clashweave.validation.ClientReplay:viewReplay:254]: P0_VIEW COMPLETE nano=30272499156000
[15:17:36] [Client thread/INFO] [STDOUT]: [com.layue13.clashweave.validation.ClientReplay:viewReplay:254]: P0_VIEW COMPLETE nano=30272549036700
[15:17:36] [Client thread/INFO] [STDOUT]: [com.layue13.clashweave.validation.ClientReplay:viewReplay:254]: P0_VIEW COMPLETE nano=30272598803000
[15:17:37] [Client thread/INFO] [STDOUT]: [com.layue13.clashweave.validation.ClientReplay:viewReplay:254]: P0_VIEW COMPLETE nano=30272649005300
[15:17:37] [Client thread/INFO] [STDOUT]: [com.layue13.clashweave.validation.ClientReplay:viewReplay:254]: P0_VIEW COMPLETE nano=30272699447400
[15:17:37] [Client thread/INFO] [STDOUT]: [com.layue13.clashweave.validation.ClientReplay:viewReplay:254]: P0_VIEW COMPLETE nano=30272748857700
[15:17:37] [Client thread/INFO] [STDOUT]: [com.layue13.clashweave.validation.ClientReplay:viewReplay:254]: P0_VIEW COMPLETE nano=30272799293900
[15:17:37] [Client thread/INFO] [STDOUT]: [com.layue13.clashweave.validation.ClientReplay:viewReplay:254]: P0_VIEW COMPLETE nano=30272848520800
[15:17:37] [Client thread/INFO] [STDOUT]: [com.layue13.clashweave.validation.ClientReplay:viewReplay:254]: P0_VIEW COMPLETE nano=30272898794500
[15:17:37] [Client thread/INFO] [STDOUT]: [com.layue13.clashweave.validation.ClientReplay:viewReplay:254]: P0_VIEW COMPLETE nano=30272948667900
[15:17:37] [Client thread/INFO] [STDOUT]: [com.layue13.clashweave.validation.ClientReplay:viewReplay:254]: P0_VIEW COMPLETE nano=30272998915700
[15:17:37] [Client thread/INFO] [STDOUT]: [com.layue13.clashweave.validation.ClientReplay:viewReplay:254]: P0_VIEW COMPLETE nano=30273049195900
[15:17:37] [Client thread/INFO] [STDOUT]: [com.layue13.clashweave.validation.ClientReplay:viewReplay:254]: P0_VIEW COMPLETE nano=30273099150500
[15:17:37] [Client thread/INFO] [STDOUT]: [com.layue13.clashweave.validation.ClientReplay:viewReplay:254]: P0_VIEW COMPLETE nano=30273149511800
[15:17:37] [Client thread/INFO] [STDOUT]: [com.layue13.clashweave.validation.ClientReplay:viewReplay:254]: P0_VIEW COMPLETE nano=30273199037400
[15:17:37] [Client thread/INFO] [STDOUT]: [com.layue13.clashweave.validation.ClientReplay:viewReplay:254]: P0_VIEW COMPLETE nano=30273249466600
[15:17:37] [Client thread/INFO] [STDOUT]: [com.layue13.clashweave.validation.ClientReplay:viewReplay:254]: P0_VIEW COMPLETE nano=30273298639400
[15:17:37] [Client thread/INFO] [STDOUT]: [com.layue13.clashweave.validation.ClientReplay:viewReplay:254]: P0_VIEW COMPLETE nano=30273348533500
[15:17:37] [Client thread/INFO] [STDOUT]: [com.layue13.clashweave.validation.ClientReplay:viewReplay:254]: P0_VIEW COMPLETE nano=30273398564300
[15:17:37] [Client thread/INFO] [STDOUT]: [com.layue13.clashweave.validation.ClientReplay:viewReplay:254]: P0_VIEW COMPLETE nano=30273448405300
[15:17:37] [Client thread/INFO] [STDOUT]: [com.layue13.clashweave.validation.ClientReplay:viewReplay:254]: P0_VIEW COMPLETE nano=30273498743100
[15:17:37] [Client thread/INFO] [STDOUT]: [com.layue13.clashweave.validation.ClientReplay:viewReplay:254]: P0_VIEW COMPLETE nano=30273548781900
[15:17:37] [Client thread/INFO] [STDOUT]: [com.layue13.clashweave.validation.ClientReplay:viewReplay:254]: P0_VIEW COMPLETE nano=30273599275300
[15:17:38] [Client thread/INFO] [STDOUT]: [com.layue13.clashweave.validation.ClientReplay:viewReplay:254]: P0_VIEW COMPLETE nano=30273648466000
[15:17:38] [Client thread/INFO] [STDOUT]: [com.layue13.clashweave.validation.ClientReplay:viewReplay:254]: P0_VIEW COMPLETE nano=30273699110000
[15:17:38] [Client thread/INFO] [STDOUT]: [com.layue13.clashweave.validation.ClientReplay:viewReplay:254]: P0_VIEW COMPLETE nano=30273748514700
[15:17:38] [Client thread/INFO] [STDOUT]: [com.layue13.clashweave.validation.ClientReplay:viewReplay:254]: P0_VIEW COMPLETE nano=30273798985100
[15:17:38] [Client thread/INFO] [STDOUT]: [com.layue13.clashweave.validation.ClientReplay:viewReplay:254]: P0_VIEW COMPLETE nano=30273848795200
[15:17:38] [Client thread/INFO] [STDOUT]: [com.layue13.clashweave.validation.ClientReplay:viewReplay:254]: P0_VIEW COMPLETE nano=30273899067300
[15:17:38] [Client thread/INFO] [STDOUT]: [com.layue13.clashweave.validation.ClientReplay:viewReplay:254]: P0_VIEW COMPLETE nano=30273948771900
[15:17:38] [Client thread/INFO] [STDOUT]: [com.layue13.clashweave.validation.ClientReplay:viewReplay:254]: P0_VIEW COMPLETE nano=30273998790000
[15:17:38] [Client thread/INFO] [STDOUT]: [com.layue13.clashweave.validation.ClientReplay:viewReplay:254]: P0_VIEW COMPLETE nano=30274049186600
[15:17:38] [Client thread/INFO] [STDOUT]: [com.layue13.clashweave.validation.ClientReplay:viewReplay:254]: P0_VIEW COMPLETE nano=30274098626400
[15:17:38] [Client thread/INFO] [STDOUT]: [com.layue13.clashweave.validation.ClientReplay:viewReplay:254]: P0_VIEW COMPLETE nano=30274149298200
[15:17:38] [Client thread/INFO] [STDOUT]: [com.layue13.clashweave.validation.ClientReplay:viewReplay:254]: P0_VIEW COMPLETE nano=30274198632000
[15:17:38] [Client thread/INFO] [STDOUT]: [com.layue13.clashweave.validation.ClientReplay:viewReplay:254]: P0_VIEW COMPLETE nano=30274248865800
[15:17:38] [Client thread/INFO] [STDOUT]: [com.layue13.clashweave.validation.ClientReplay:viewReplay:254]: P0_VIEW COMPLETE nano=30274298464400
[15:17:38] [Client thread/INFO] [STDOUT]: [com.layue13.clashweave.validation.ClientReplay:viewReplay:254]: P0_VIEW COMPLETE nano=30274349185700
[15:17:38] [Client thread/INFO] [STDOUT]: [com.layue13.clashweave.validation.ClientReplay:viewReplay:254]: P0_VIEW COMPLETE nano=30274398467700
[15:17:38] [Client thread/INFO] [STDOUT]: [com.layue13.clashweave.validation.ClientReplay:viewReplay:254]: P0_VIEW COMPLETE nano=30274448931400
[15:17:38] [Client thread/INFO] [STDOUT]: [com.layue13.clashweave.validation.ClientReplay:viewReplay:254]: P0_VIEW COMPLETE nano=30274499468800
[15:17:38] [Client thread/INFO] [STDOUT]: [com.layue13.clashweave.validation.ClientReplay:viewReplay:254]: P0_VIEW COMPLETE nano=30274549014600
[15:17:38] [Client thread/INFO] [STDOUT]: [com.layue13.clashweave.validation.ClientReplay:viewReplay:254]: P0_VIEW COMPLETE nano=30274599293600
[15:17:39] [Client thread/INFO] [STDOUT]: [com.layue13.clashweave.validation.ClientReplay:viewReplay:254]: P0_VIEW COMPLETE nano=30274648487300
[15:17:39] [Client thread/INFO] [STDOUT]: [com.layue13.clashweave.validation.ClientReplay:viewReplay:254]: P0_VIEW COMPLETE nano=30274698951100
[15:17:39] [Client thread/INFO] [STDOUT]: [com.layue13.clashweave.validation.ClientReplay:viewReplay:254]: P0_VIEW COMPLETE nano=30274748594300
[15:17:39] [Client thread/INFO] [STDOUT]: [com.layue13.clashweave.validation.ClientReplay:viewReplay:254]: P0_VIEW COMPLETE nano=30274799287800
[15:17:39] [Client thread/INFO] [STDOUT]: [com.layue13.clashweave.validation.ClientReplay:viewReplay:254]: P0_VIEW COMPLETE nano=30274848746100
[15:17:39] [Client thread/INFO] [STDOUT]: [com.layue13.clashweave.validation.ClientReplay:viewReplay:254]: P0_VIEW COMPLETE nano=30274899292400
[15:17:39] [Client thread/INFO] [STDOUT]: [com.layue13.clashweave.validation.ClientReplay:viewReplay:254]: P0_VIEW COMPLETE nano=30274948887900
[15:17:39] [Client thread/INFO] [STDOUT]: [com.layue13.clashweave.validation.ClientReplay:viewReplay:254]: P0_VIEW COMPLETE nano=30274998429400
[15:17:39] [Client thread/INFO] [STDOUT]: [com.layue13.clashweave.validation.ClientReplay:viewReplay:254]: P0_VIEW COMPLETE nano=30275048642500
[15:17:39] [Client thread/INFO] [STDOUT]: [com.layue13.clashweave.validation.ClientReplay:viewReplay:254]: P0_VIEW COMPLETE nano=30275098973500
[15:17:39] [Client thread/INFO] [STDOUT]: [com.layue13.clashweave.validation.ClientReplay:viewReplay:254]: P0_VIEW COMPLETE nano=30275149284600
[15:17:39] [Client thread/INFO] [STDOUT]: [com.layue13.clashweave.validation.ClientReplay:viewReplay:254]: P0_VIEW COMPLETE nano=30275198865400
[15:17:39] [Client thread/INFO] [STDOUT]: [com.layue13.clashweave.validation.ClientReplay:viewReplay:254]: P0_VIEW COMPLETE nano=30275248564900
[15:17:39] [Client thread/INFO] [STDOUT]: [com.layue13.clashweave.validation.ClientReplay:viewReplay:254]: P0_VIEW COMPLETE nano=30275298964500
[15:17:39] [Client thread/INFO] [STDOUT]: [com.layue13.clashweave.validation.ClientReplay:viewReplay:254]: P0_VIEW COMPLETE nano=30275348581500
[15:17:39] [Client thread/INFO] [STDOUT]: [com.layue13.clashweave.validation.ClientReplay:viewReplay:254]: P0_VIEW COMPLETE nano=30275399286200
[15:17:39] [Client thread/INFO] [STDOUT]: [com.layue13.clashweave.validation.ClientReplay:viewReplay:254]: P0_VIEW COMPLETE nano=30275448840400
[15:17:39] [Client thread/INFO] [STDOUT]: [com.layue13.clashweave.validation.ClientReplay:viewReplay:254]: P0_VIEW COMPLETE nano=30275498513400
[15:17:39] [Client thread/INFO] [STDOUT]: [com.layue13.clashweave.validation.ClientReplay:viewReplay:254]: P0_VIEW COMPLETE nano=30275548718800
[15:17:39] [Client thread/INFO] [STDOUT]: [com.layue13.clashweave.validation.ClientReplay:viewReplay:254]: P0_VIEW COMPLETE nano=30275598563100
[15:17:40] [Client thread/INFO] [STDOUT]: [com.layue13.clashweave.validation.ClientReplay:viewReplay:254]: P0_VIEW COMPLETE nano=30275648631800
[15:17:40] [Client thread/INFO] [STDOUT]: [com.layue13.clashweave.validation.ClientReplay:viewReplay:254]: P0_VIEW COMPLETE nano=30275698508500
[15:17:40] [Client thread/INFO] [STDOUT]: [com.layue13.clashweave.validation.ClientReplay:viewReplay:254]: P0_VIEW COMPLETE nano=30275749041000
[15:17:40] [Client thread/INFO] [STDOUT]: [com.layue13.clashweave.validation.ClientReplay:viewReplay:254]: P0_VIEW COMPLETE nano=30275798554900
[15:17:40] [Client thread/INFO] [STDOUT]: [com.layue13.clashweave.validation.ClientReplay:viewReplay:254]: P0_VIEW COMPLETE nano=30275848802500
[15:17:40] [Client thread/INFO] [STDOUT]: [com.layue13.clashweave.validation.ClientReplay:viewReplay:254]: P0_VIEW COMPLETE nano=30275899228300
[15:17:40] [Client thread/INFO] [STDOUT]: [com.layue13.clashweave.validation.ClientReplay:viewReplay:254]: P0_VIEW COMPLETE nano=30275948606300
[15:17:40] [Client thread/INFO] [STDOUT]: [com.layue13.clashweave.validation.ClientReplay:viewReplay:254]: P0_VIEW COMPLETE nano=30275999107700
[15:17:40] [Client thread/INFO] [STDOUT]: [com.layue13.clashweave.validation.ClientReplay:viewReplay:254]: P0_VIEW COMPLETE nano=30276048475200
[15:17:40] [Client thread/INFO] [STDOUT]: [com.layue13.clashweave.validation.ClientReplay:viewReplay:254]: P0_VIEW COMPLETE nano=30276099168000
[15:17:40] [Client thread/INFO] [STDOUT]: [com.layue13.clashweave.validation.ClientReplay:viewReplay:254]: P0_VIEW COMPLETE nano=30276148630600
[15:17:40] [Client thread/INFO] [STDOUT]: [com.layue13.clashweave.validation.ClientReplay:viewReplay:254]: P0_VIEW COMPLETE nano=30276198586000
[15:17:40] [Client thread/INFO] [STDOUT]: [com.layue13.clashweave.validation.ClientReplay:viewReplay:254]: P0_VIEW COMPLETE nano=30276248798500
[15:17:40] [Client thread/INFO] [STDOUT]: [com.layue13.clashweave.validation.ClientReplay:viewReplay:254]: P0_VIEW COMPLETE nano=30276298495300
[15:17:40] [Client thread/INFO] [STDOUT]: [com.layue13.clashweave.validation.ClientReplay:viewReplay:254]: P0_VIEW COMPLETE nano=30276348896300
[15:17:40] [Client thread/INFO] [STDOUT]: [com.layue13.clashweave.validation.ClientReplay:viewReplay:254]: P0_VIEW COMPLETE nano=30276398577900
[15:17:40] [Client thread/INFO] [STDOUT]: [com.layue13.clashweave.validation.ClientReplay:viewReplay:254]: P0_VIEW COMPLETE nano=30276449195500
[15:17:40] [Client thread/INFO] [STDOUT]: [com.layue13.clashweave.validation.ClientReplay:viewReplay:254]: P0_VIEW COMPLETE nano=30276498471100
[15:17:40] [Client thread/INFO] [STDOUT]: [com.layue13.clashweave.validation.ClientReplay:viewReplay:254]: P0_VIEW COMPLETE nano=30276548704400
[15:17:40] [Client thread/INFO] [STDOUT]: [com.layue13.clashweave.validation.ClientReplay:viewReplay:254]: P0_VIEW COMPLETE nano=30276598460000
[15:17:41] [Client thread/INFO] [STDOUT]: [com.layue13.clashweave.validation.ClientReplay:viewReplay:254]: P0_VIEW COMPLETE nano=30276649102100
[15:17:41] [Client thread/INFO] [STDOUT]: [com.layue13.clashweave.validation.ClientReplay:viewReplay:254]: P0_VIEW COMPLETE nano=30276698508700
[15:17:41] [Client thread/INFO] [STDOUT]: [com.layue13.clashweave.validation.ClientReplay:viewReplay:254]: P0_VIEW COMPLETE nano=30276748532600
[15:17:41] [Client thread/INFO] [STDOUT]: [com.layue13.clashweave.validation.ClientReplay:viewReplay:254]: P0_VIEW COMPLETE nano=30276798842900
[15:17:41] [Client thread/INFO] [STDOUT]: [com.layue13.clashweave.validation.ClientReplay:viewReplay:254]: P0_VIEW COMPLETE nano=30276849349900
[15:17:41] [Client thread/INFO] [STDOUT]: [com.layue13.clashweave.validation.ClientReplay:viewReplay:254]: P0_VIEW COMPLETE nano=30276898659100
[15:17:41] [Client thread/INFO] [STDOUT]: [com.layue13.clashweave.validation.ClientReplay:viewReplay:254]: P0_VIEW COMPLETE nano=30276948918800
[15:17:41] [Client thread/INFO] [STDOUT]: [com.layue13.clashweave.validation.ClientReplay:viewReplay:254]: P0_VIEW COMPLETE nano=30276999379000
[15:17:41] [Client thread/INFO] [STDOUT]: [com.layue13.clashweave.validation.ClientReplay:viewReplay:254]: P0_VIEW COMPLETE nano=30277048706700
[15:17:41] [Client thread/INFO] [STDOUT]: [com.layue13.clashweave.validation.ClientReplay:viewReplay:254]: P0_VIEW COMPLETE nano=30277099382000
[15:17:41] [Client thread/INFO] [STDOUT]: [com.layue13.clashweave.validation.ClientReplay:viewReplay:254]: P0_VIEW COMPLETE nano=30277148772100
[15:17:41] [Client thread/INFO] [STDOUT]: [com.layue13.clashweave.validation.ClientReplay:viewReplay:254]: P0_VIEW COMPLETE nano=30277199180400
[15:17:41] [Client thread/INFO] [STDOUT]: [com.layue13.clashweave.validation.ClientReplay:viewReplay:254]: P0_VIEW COMPLETE nano=30277248679100
[15:17:41] [Client thread/INFO] [STDOUT]: [com.layue13.clashweave.validation.ClientReplay:viewReplay:254]: P0_VIEW COMPLETE nano=30277299116600
[15:17:41] [Client thread/INFO] [STDOUT]: [com.layue13.clashweave.validation.ClientReplay:viewReplay:254]: P0_VIEW COMPLETE nano=30277348399700
[15:17:41] [Client thread/INFO] [STDOUT]: [com.layue13.clashweave.validation.ClientReplay:viewReplay:254]: P0_VIEW COMPLETE nano=30277399068600
[15:17:41] [Client thread/INFO] [STDOUT]: [com.layue13.clashweave.validation.ClientReplay:viewReplay:254]: P0_VIEW COMPLETE nano=30277448501100
[15:17:41] [Client thread/INFO] [STDOUT]: [com.layue13.clashweave.validation.ClientReplay:viewReplay:254]: P0_VIEW COMPLETE nano=30277499689600
[15:17:41] [Client thread/INFO] [STDOUT]: [com.layue13.clashweave.validation.ClientReplay:viewReplay:254]: P0_VIEW COMPLETE nano=30277548775600
[15:17:41] [Client thread/INFO] [STDOUT]: [com.layue13.clashweave.validation.ClientReplay:viewReplay:254]: P0_VIEW COMPLETE nano=30277599364600
[15:17:42] [Client thread/INFO] [STDOUT]: [com.layue13.clashweave.validation.ClientReplay:viewReplay:254]: P0_VIEW COMPLETE nano=30277649164400
[15:17:42] [Client thread/INFO] [STDOUT]: [com.layue13.clashweave.validation.ClientReplay:viewReplay:254]: P0_VIEW COMPLETE nano=30277698819000
[15:17:42] [Client thread/INFO] [STDOUT]: [com.layue13.clashweave.validation.ClientReplay:viewReplay:254]: P0_VIEW COMPLETE nano=30277748881700
[15:17:42] [Client thread/INFO] [STDOUT]: [com.layue13.clashweave.validation.ClientReplay:viewReplay:254]: P0_VIEW COMPLETE nano=30277798848400
[15:17:42] [Client thread/INFO] [STDOUT]: [com.layue13.clashweave.validation.ClientReplay:viewReplay:254]: P0_VIEW COMPLETE nano=30277848985800
[15:17:42] [Client thread/INFO] [STDOUT]: [com.layue13.clashweave.validation.ClientReplay:viewReplay:254]: P0_VIEW COMPLETE nano=30277898758400
[15:17:42] [Client thread/INFO] [STDOUT]: [com.layue13.clashweave.validation.ClientReplay:viewReplay:254]: P0_VIEW COMPLETE nano=30277948991700
[15:17:42] [Client thread/INFO] [STDOUT]: [com.layue13.clashweave.validation.ClientReplay:viewReplay:254]: P0_VIEW COMPLETE nano=30277998694800
[15:17:42] [Client thread/INFO] [STDOUT]: [com.layue13.clashweave.validation.ClientReplay:viewReplay:254]: P0_VIEW COMPLETE nano=30278048733600
[15:17:42] [Client thread/INFO] [STDOUT]: [com.layue13.clashweave.validation.ClientReplay:viewReplay:254]: P0_VIEW COMPLETE nano=30278099459100
[15:17:42] [Client thread/INFO] [STDOUT]: [com.layue13.clashweave.validation.ClientReplay:viewReplay:254]: P0_VIEW COMPLETE nano=30278148393000
[15:17:42] [Client thread/INFO] [STDOUT]: [com.layue13.clashweave.validation.ClientReplay:viewReplay:254]: P0_VIEW COMPLETE nano=30278198977200
[15:17:42] [Client thread/INFO] [STDOUT]: [com.layue13.clashweave.validation.ClientReplay:viewReplay:254]: P0_VIEW COMPLETE nano=30278249695400
[15:17:42] [Client thread/INFO] [STDOUT]: [com.layue13.clashweave.validation.ClientReplay:viewReplay:254]: P0_VIEW COMPLETE nano=30278298442300
[15:17:42] [Client thread/INFO] [STDOUT]: [com.layue13.clashweave.validation.ClientReplay:viewReplay:254]: P0_VIEW COMPLETE nano=30278348467500
[15:17:42] [Client thread/INFO] [STDOUT]: [com.layue13.clashweave.validation.ClientReplay:viewReplay:254]: P0_VIEW COMPLETE nano=30278398895200
[15:17:42] [Client thread/INFO] [STDOUT]: [com.layue13.clashweave.validation.ClientReplay:viewReplay:254]: P0_VIEW COMPLETE nano=30278448506100
[15:17:42] [Client thread/INFO] [STDOUT]: [com.layue13.clashweave.validation.ClientReplay:viewReplay:254]: P0_VIEW COMPLETE nano=30278499264900
[15:17:42] [Client thread/INFO] [STDOUT]: [com.layue13.clashweave.validation.ClientReplay:viewReplay:254]: P0_VIEW COMPLETE nano=30278548614700
[15:17:42] [Client thread/INFO] [STDOUT]: [com.layue13.clashweave.validation.ClientReplay:viewReplay:254]: P0_VIEW COMPLETE nano=30278599013700
[15:17:43] [Client thread/INFO] [STDOUT]: [com.layue13.clashweave.validation.ClientReplay:viewReplay:254]: P0_VIEW COMPLETE nano=30278649361200
[15:17:43] [Client thread/INFO] [STDOUT]: [com.layue13.clashweave.validation.ClientReplay:viewReplay:254]: P0_VIEW COMPLETE nano=30278698466300
[15:17:43] [Client thread/INFO] [STDOUT]: [com.layue13.clashweave.validation.ClientReplay:viewReplay:254]: P0_VIEW COMPLETE nano=30278748913500
[15:17:43] [Client thread/INFO] [STDOUT]: [com.layue13.clashweave.validation.ClientReplay:viewReplay:254]: P0_VIEW COMPLETE nano=30278798716400
[15:17:43] [Client thread/INFO] [STDOUT]: [com.layue13.clashweave.validation.ClientReplay:viewReplay:254]: P0_VIEW COMPLETE nano=30278848579900
[15:17:43] [Client thread/INFO] [STDOUT]: [com.layue13.clashweave.validation.ClientReplay:viewReplay:254]: P0_VIEW COMPLETE nano=30278899236900
[15:17:43] [Client thread/INFO] [STDOUT]: [com.layue13.clashweave.validation.ClientReplay:viewReplay:254]: P0_VIEW COMPLETE nano=30278948841900
[15:17:43] [Client thread/INFO] [STDOUT]: [com.layue13.clashweave.validation.ClientReplay:viewReplay:254]: P0_VIEW COMPLETE nano=30278998496300
[15:17:43] [Client thread/INFO] [STDOUT]: [com.layue13.clashweave.validation.ClientReplay:viewReplay:254]: P0_VIEW COMPLETE nano=30279048380900
[15:17:43] [Client thread/INFO] [STDOUT]: [com.layue13.clashweave.validation.ClientReplay:viewReplay:254]: P0_VIEW COMPLETE nano=30279099109400
[15:17:43] [Client thread/INFO] [STDOUT]: [com.layue13.clashweave.validation.ClientReplay:viewReplay:254]: P0_VIEW COMPLETE nano=30279149112000
[15:17:43] [Client thread/INFO] [STDOUT]: [com.layue13.clashweave.validation.ClientReplay:viewReplay:254]: P0_VIEW COMPLETE nano=30279198684400
[15:17:43] [Client thread/INFO] [STDOUT]: [com.layue13.clashweave.validation.ClientReplay:viewReplay:254]: P0_VIEW COMPLETE nano=30279249226300
[15:17:43] [Client thread/INFO] [STDOUT]: [com.layue13.clashweave.validation.ClientReplay:viewReplay:254]: P0_VIEW COMPLETE nano=30279298771800
[15:17:43] [Client thread/INFO] [STDOUT]: [com.layue13.clashweave.validation.ClientReplay:viewReplay:254]: P0_VIEW COMPLETE nano=30279349170500
[15:17:43] [Client thread/INFO] [STDOUT]: [com.layue13.clashweave.validation.ClientReplay:viewReplay:254]: P0_VIEW COMPLETE nano=30279398807000
[15:17:43] [Client thread/INFO] [STDOUT]: [com.layue13.clashweave.validation.ClientReplay:viewReplay:254]: P0_VIEW COMPLETE nano=30279449296500
[15:17:43] [Client thread/INFO] [STDOUT]: [com.layue13.clashweave.validation.ClientReplay:viewReplay:254]: P0_VIEW COMPLETE nano=30279498931100
[15:17:43] [Client thread/INFO] [STDOUT]: [com.layue13.clashweave.validation.ClientReplay:viewReplay:254]: P0_VIEW COMPLETE nano=30279549247800
[15:17:43] [Client thread/INFO] [STDOUT]: [com.layue13.clashweave.validation.ClientReplay:viewReplay:254]: P0_VIEW COMPLETE nano=30279598685100
[15:17:44] [Client thread/INFO] [STDOUT]: [com.layue13.clashweave.validation.ClientReplay:viewReplay:254]: P0_VIEW COMPLETE nano=30279649283700
[15:17:44] [Client thread/INFO] [STDOUT]: [com.layue13.clashweave.validation.ClientReplay:viewReplay:254]: P0_VIEW COMPLETE nano=30279698485400
[15:17:44] [Client thread/INFO] [STDOUT]: [com.layue13.clashweave.validation.ClientReplay:viewReplay:254]: P0_VIEW COMPLETE nano=30279748918800
[15:17:44] [Client thread/INFO] [STDOUT]: [com.layue13.clashweave.validation.ClientReplay:viewReplay:254]: P0_VIEW COMPLETE nano=30279798450400
[15:17:44] [Client thread/INFO] [STDOUT]: [com.layue13.clashweave.validation.ClientReplay:viewReplay:254]: P0_VIEW COMPLETE nano=30279848581000
[15:17:44] [Client thread/INFO] [STDOUT]: [com.layue13.clashweave.validation.ClientReplay:viewReplay:254]: P0_VIEW COMPLETE nano=30279898822000
[15:17:44] [Client thread/INFO] [STDOUT]: [com.layue13.clashweave.validation.ClientReplay:viewReplay:254]: P0_VIEW COMPLETE nano=30279948407600
[15:17:44] [Client thread/INFO] [STDOUT]: [com.layue13.clashweave.validation.ClientReplay:viewReplay:254]: P0_VIEW COMPLETE nano=30279998956800
[15:17:44] [Client thread/INFO] [STDOUT]: [com.layue13.clashweave.validation.ClientReplay:viewReplay:254]: P0_VIEW COMPLETE nano=30280049525500
[15:17:44] [Client thread/INFO] [STDOUT]: [com.layue13.clashweave.validation.ClientReplay:viewReplay:254]: P0_VIEW COMPLETE nano=30280098482700
[15:17:44] [Client thread/INFO] [STDOUT]: [com.layue13.clashweave.validation.ClientReplay:viewReplay:254]: P0_VIEW COMPLETE nano=30280148468500
[15:17:44] [Client thread/INFO] [STDOUT]: [com.layue13.clashweave.validation.ClientReplay:viewReplay:254]: P0_VIEW COMPLETE nano=30280198752300
[15:17:44] [Client thread/INFO] [STDOUT]: [com.layue13.clashweave.validation.ClientReplay:viewReplay:254]: P0_VIEW COMPLETE nano=30280248526500
[15:17:44] [Client thread/INFO] [STDOUT]: [com.layue13.clashweave.validation.ClientReplay:viewReplay:254]: P0_VIEW COMPLETE nano=30280298580000
[15:17:44] [Client thread/INFO] [STDOUT]: [com.layue13.clashweave.validation.ClientReplay:viewReplay:254]: P0_VIEW COMPLETE nano=30280348882000
[15:17:44] [Client thread/INFO] [STDOUT]: [com.layue13.clashweave.validation.ClientReplay:viewReplay:254]: P0_VIEW COMPLETE nano=30280398489400
[15:17:44] [Client thread/INFO] [STDOUT]: [com.layue13.clashweave.validation.ClientReplay:viewReplay:254]: P0_VIEW COMPLETE nano=30280448685200
[15:17:44] [Client thread/INFO] [STDOUT]: [com.layue13.clashweave.validation.ClientReplay:viewReplay:254]: P0_VIEW COMPLETE nano=30280498795200
[15:17:44] [Client thread/INFO] [STDOUT]: [com.layue13.clashweave.validation.ClientReplay:viewReplay:254]: P0_VIEW COMPLETE nano=30280548438100
[15:17:44] [Client thread/INFO] [STDOUT]: [com.layue13.clashweave.validation.ClientReplay:viewReplay:254]: P0_VIEW COMPLETE nano=30280598962000
[15:17:45] [Client thread/INFO] [STDOUT]: [com.layue13.clashweave.validation.ClientReplay:viewReplay:254]: P0_VIEW COMPLETE nano=30280648534700
[15:17:45] [Client thread/INFO] [STDOUT]: [com.layue13.clashweave.validation.ClientReplay:viewReplay:254]: P0_VIEW COMPLETE nano=30280698871400
[15:17:45] [Client thread/INFO] [STDOUT]: [com.layue13.clashweave.validation.ClientReplay:viewReplay:254]: P0_VIEW COMPLETE nano=30280748504900
[15:17:45] [Client thread/INFO] [STDOUT]: [com.layue13.clashweave.validation.ClientReplay:viewReplay:254]: P0_VIEW COMPLETE nano=30280798776100
[15:17:45] [Client thread/INFO] [STDOUT]: [com.layue13.clashweave.validation.ClientReplay:viewReplay:254]: P0_VIEW COMPLETE nano=30280849209400
[15:17:45] [Client thread/INFO] [STDOUT]: [com.layue13.clashweave.validation.ClientReplay:viewReplay:254]: P0_VIEW COMPLETE nano=30280899672700
[15:17:45] [Client thread/INFO] [STDOUT]: [com.layue13.clashweave.validation.ClientReplay:viewReplay:254]: P0_VIEW COMPLETE nano=30280948832500
[15:17:45] [Client thread/INFO] [STDOUT]: [com.layue13.clashweave.validation.ClientReplay:viewReplay:254]: P0_VIEW COMPLETE nano=30280998840800
[15:17:45] [Client thread/INFO] [STDOUT]: [com.layue13.clashweave.validation.ClientReplay:viewReplay:254]: P0_VIEW COMPLETE nano=30281049255700
[15:17:45] [Client thread/INFO] [STDOUT]: [com.layue13.clashweave.validation.ClientReplay:viewReplay:254]: P0_VIEW COMPLETE nano=30281098497900
[15:17:45] [Client thread/INFO] [STDOUT]: [com.layue13.clashweave.validation.ClientReplay:viewReplay:254]: P0_VIEW COMPLETE nano=30281148474000
[15:17:45] [Client thread/INFO] [STDOUT]: [com.layue13.clashweave.validation.ClientReplay:viewReplay:254]: P0_VIEW COMPLETE nano=30281198668100
[15:17:45] [Client thread/INFO] [STDOUT]: [com.layue13.clashweave.validation.ClientReplay:viewReplay:254]: P0_VIEW COMPLETE nano=30281249046000
[15:17:45] [Client thread/INFO] [STDOUT]: [com.layue13.clashweave.validation.ClientReplay:viewReplay:254]: P0_VIEW COMPLETE nano=30281298538500
[15:17:45] [Client thread/INFO] [STDOUT]: [com.layue13.clashweave.validation.ClientReplay:viewReplay:254]: P0_VIEW COMPLETE nano=30281348702200
[15:17:45] [Client thread/INFO] [STDOUT]: [com.layue13.clashweave.validation.ClientReplay:viewReplay:254]: P0_VIEW COMPLETE nano=30281398989600
[15:17:45] [Client thread/INFO] [STDOUT]: [com.layue13.clashweave.validation.ClientReplay:viewReplay:254]: P0_VIEW COMPLETE nano=30281449615900
[15:17:45] [Client thread/INFO] [STDOUT]: [com.layue13.clashweave.validation.ClientReplay:viewReplay:254]: P0_VIEW COMPLETE nano=30281499175700
[15:17:45] [Client thread/INFO] [STDOUT]: [com.layue13.clashweave.validation.ClientReplay:viewReplay:254]: P0_VIEW COMPLETE nano=30281548791800
[15:17:45] [Client thread/INFO] [STDOUT]: [com.layue13.clashweave.validation.ClientReplay:viewReplay:254]: P0_VIEW COMPLETE nano=30281598664200
[15:17:46] [Client thread/INFO] [STDOUT]: [com.layue13.clashweave.validation.ClientReplay:viewReplay:254]: P0_VIEW COMPLETE nano=30281649034800
[15:17:46] [Client thread/INFO] [STDOUT]: [com.layue13.clashweave.validation.ClientReplay:viewReplay:254]: P0_VIEW COMPLETE nano=30281698512100
[15:17:46] [Client thread/INFO] [STDOUT]: [com.layue13.clashweave.validation.ClientReplay:viewReplay:254]: P0_VIEW COMPLETE nano=30281748869400
[15:17:46] [Client thread/INFO] [STDOUT]: [com.layue13.clashweave.validation.ClientReplay:viewReplay:254]: P0_VIEW COMPLETE nano=30281798557000
[15:17:46] [Client thread/INFO] [STDOUT]: [com.layue13.clashweave.validation.ClientReplay:viewReplay:254]: P0_VIEW COMPLETE nano=30281848583000
[15:17:46] [Client thread/INFO] [STDOUT]: [com.layue13.clashweave.validation.ClientReplay:viewReplay:254]: P0_VIEW COMPLETE nano=30281898872200
[15:17:46] [Client thread/INFO] [STDOUT]: [com.layue13.clashweave.validation.ClientReplay:viewReplay:254]: P0_VIEW COMPLETE nano=30281948540300
[15:17:46] [Client thread/INFO] [STDOUT]: [com.layue13.clashweave.validation.ClientReplay:viewReplay:254]: P0_VIEW COMPLETE nano=30281998851400
[15:17:46] [Client thread/INFO] [STDOUT]: [com.layue13.clashweave.validation.ClientReplay:viewReplay:254]: P0_VIEW COMPLETE nano=30282048671900
[15:17:46] [Client thread/INFO] [STDOUT]: [com.layue13.clashweave.validation.ClientReplay:viewReplay:254]: P0_VIEW COMPLETE nano=30282098492600
[15:17:46] [Client thread/INFO] [STDOUT]: [com.layue13.clashweave.validation.ClientReplay:viewReplay:254]: P0_VIEW COMPLETE nano=30282149075600
[15:17:46] [Client thread/INFO] [STDOUT]: [com.layue13.clashweave.validation.ClientReplay:viewReplay:254]: P0_VIEW COMPLETE nano=30282199392600
[15:17:46] [Client thread/INFO] [STDOUT]: [com.layue13.clashweave.validation.ClientReplay:viewReplay:254]: P0_VIEW COMPLETE nano=30282248456500
[15:17:46] [Client thread/INFO] [STDOUT]: [com.layue13.clashweave.validation.ClientReplay:viewReplay:254]: P0_VIEW COMPLETE nano=30282298540400
[15:17:46] [Client thread/INFO] [STDOUT]: [com.layue13.clashweave.validation.ClientReplay:viewReplay:254]: P0_VIEW COMPLETE nano=30282348824800
[15:17:46] [Client thread/INFO] [STDOUT]: [com.layue13.clashweave.validation.ClientReplay:viewReplay:254]: P0_VIEW COMPLETE nano=30282398562100
[15:17:46] [Client thread/INFO] [STDOUT]: [com.layue13.clashweave.validation.ClientReplay:viewReplay:254]: P0_VIEW COMPLETE nano=30282448913600
[15:17:46] [Client thread/INFO] [STDOUT]: [com.layue13.clashweave.validation.ClientReplay:viewReplay:254]: P0_VIEW COMPLETE nano=30282498801600
[15:17:46] [Client thread/INFO] [STDOUT]: [com.layue13.clashweave.validation.ClientReplay:viewReplay:254]: P0_VIEW COMPLETE nano=30282549277900
[15:17:46] [Client thread/INFO] [STDOUT]: [com.layue13.clashweave.validation.ClientReplay:viewReplay:254]: P0_VIEW COMPLETE nano=30282598840200
[15:17:47] [Client thread/INFO] [STDOUT]: [com.layue13.clashweave.validation.ClientReplay:viewReplay:254]: P0_VIEW COMPLETE nano=30282649021000
[15:17:47] [Client thread/INFO] [STDOUT]: [com.layue13.clashweave.validation.ClientReplay:viewReplay:254]: P0_VIEW COMPLETE nano=30282698806100
[15:17:47] [Client thread/INFO] [STDOUT]: [com.layue13.clashweave.validation.ClientReplay:viewReplay:254]: P0_VIEW COMPLETE nano=30282749444800
[15:17:47] [Client thread/INFO] [STDOUT]: [com.layue13.clashweave.validation.ClientReplay:viewReplay:254]: P0_VIEW COMPLETE nano=30282799000800
[15:17:47] [Client thread/INFO] [STDOUT]: [com.layue13.clashweave.validation.ClientReplay:viewReplay:254]: P0_VIEW COMPLETE nano=30282848827200
[15:17:47] [Client thread/INFO] [STDOUT]: [com.layue13.clashweave.validation.ClientReplay:viewReplay:254]: P0_VIEW COMPLETE nano=30282898883100
[15:17:47] [Client thread/INFO] [STDOUT]: [com.layue13.clashweave.validation.ClientReplay:viewReplay:254]: P0_VIEW COMPLETE nano=30282949333000
[15:17:47] [Client thread/INFO] [STDOUT]: [com.layue13.clashweave.validation.ClientReplay:viewReplay:254]: P0_VIEW COMPLETE nano=30282999789100
[15:17:47] [Client thread/INFO] [STDOUT]: [com.layue13.clashweave.validation.ClientReplay:viewReplay:254]: P0_VIEW COMPLETE nano=30283049526800
[15:17:47] [Client thread/INFO] [STDOUT]: [com.layue13.clashweave.validation.ClientReplay:viewReplay:254]: P0_VIEW COMPLETE nano=30283098718500
[15:17:47] [Client thread/INFO] [STDOUT]: [com.layue13.clashweave.validation.ClientReplay:viewReplay:254]: P0_VIEW COMPLETE nano=30283148618300
[15:17:47] [Client thread/INFO] [STDOUT]: [com.layue13.clashweave.validation.ClientReplay:viewReplay:254]: P0_VIEW COMPLETE nano=30283198919500
[15:17:47] [Client thread/INFO] [STDOUT]: [com.layue13.clashweave.validation.ClientReplay:viewReplay:254]: P0_VIEW COMPLETE nano=30283248452200
[15:17:47] [Client thread/INFO] [STDOUT]: [com.layue13.clashweave.validation.ClientReplay:viewReplay:254]: P0_VIEW COMPLETE nano=30283298656800
[15:17:47] [Client thread/INFO] [STDOUT]: [com.layue13.clashweave.validation.ClientReplay:viewReplay:254]: P0_VIEW COMPLETE nano=30283348829700
[15:17:47] [Client thread/INFO] [STDOUT]: [com.layue13.clashweave.validation.ClientReplay:viewReplay:254]: P0_VIEW COMPLETE nano=30283403737200
[15:17:47] [Client thread/INFO] [STDOUT]: [com.layue13.clashweave.validation.ClientReplay:viewReplay:254]: P0_VIEW COMPLETE nano=30283448948400
[15:17:47] [Client thread/INFO] [STDOUT]: [com.layue13.clashweave.validation.ClientReplay:viewReplay:254]: P0_VIEW COMPLETE nano=30283499312000
[15:17:47] [Client thread/INFO] [STDOUT]: [com.layue13.clashweave.validation.ClientReplay:viewReplay:254]: P0_VIEW COMPLETE nano=30283548614100
[15:17:47] [Client thread/INFO] [STDOUT]: [com.layue13.clashweave.validation.ClientReplay:viewReplay:254]: P0_VIEW COMPLETE nano=30283598782100
[15:17:48] [Client thread/INFO] [STDOUT]: [com.layue13.clashweave.validation.ClientReplay:viewReplay:254]: P0_VIEW COMPLETE nano=30283649247600
[15:17:48] [Client thread/INFO] [STDOUT]: [com.layue13.clashweave.validation.ClientReplay:viewReplay:254]: P0_VIEW COMPLETE nano=30283698503300
[15:17:48] [Client thread/INFO] [STDOUT]: [com.layue13.clashweave.validation.ClientReplay:viewReplay:254]: P0_VIEW COMPLETE nano=30283748963800
[15:17:48] [Client thread/INFO] [STDOUT]: [com.layue13.clashweave.validation.ClientReplay:viewReplay:254]: P0_VIEW COMPLETE nano=30283798626800
[15:17:48] [Client thread/INFO] [STDOUT]: [com.layue13.clashweave.validation.ClientReplay:viewReplay:254]: P0_VIEW COMPLETE nano=30283848873000
[15:17:48] [Client thread/INFO] [STDOUT]: [com.layue13.clashweave.validation.ClientReplay:viewReplay:254]: P0_VIEW COMPLETE nano=30283898532100
[15:17:48] [Client thread/INFO] [STDOUT]: [com.layue13.clashweave.validation.ClientReplay:viewReplay:254]: P0_VIEW COMPLETE nano=30283948961700
[15:17:48] [Client thread/INFO] [STDOUT]: [com.layue13.clashweave.validation.ClientReplay:viewReplay:254]: P0_VIEW COMPLETE nano=30283998639600
[15:17:48] [Client thread/INFO] [STDOUT]: [com.layue13.clashweave.validation.ClientReplay:viewReplay:254]: P0_VIEW COMPLETE nano=30284048559200
[15:17:48] [Client thread/INFO] [STDOUT]: [com.layue13.clashweave.validation.ClientReplay:viewReplay:254]: P0_VIEW COMPLETE nano=30284098845200
[15:17:48] [Client thread/INFO] [STDOUT]: [com.layue13.clashweave.validation.ClientReplay:viewReplay:254]: P0_VIEW COMPLETE nano=30284148384100
[15:17:48] [Client thread/INFO] [STDOUT]: [com.layue13.clashweave.validation.ClientReplay:viewReplay:254]: P0_VIEW COMPLETE nano=30284198985800
[15:17:48] [Client thread/INFO] [STDOUT]: [com.layue13.clashweave.validation.ClientReplay:viewReplay:254]: P0_VIEW COMPLETE nano=30284248557600
[15:17:48] [Client thread/INFO] [STDOUT]: [com.layue13.clashweave.validation.ClientReplay:viewReplay:254]: P0_VIEW COMPLETE nano=30284298425400
[15:17:48] [Client thread/INFO] [STDOUT]: [com.layue13.clashweave.validation.ClientReplay:viewReplay:254]: P0_VIEW COMPLETE nano=30284348951800
[15:17:48] [Client thread/INFO] [STDOUT]: [com.layue13.clashweave.validation.ClientReplay:viewReplay:254]: P0_VIEW COMPLETE nano=30284398529000
[15:17:48] [Client thread/INFO] [STDOUT]: [com.layue13.clashweave.validation.ClientReplay:viewReplay:254]: P0_VIEW COMPLETE nano=30284449111800
[15:17:48] [Client thread/INFO] [STDOUT]: [com.layue13.clashweave.validation.ClientReplay:viewReplay:254]: P0_VIEW COMPLETE nano=30284498728800
[15:17:48] [Client thread/INFO] [STDOUT]: [com.layue13.clashweave.validation.ClientReplay:viewReplay:254]: P0_VIEW COMPLETE nano=30284548723600
[15:17:48] [Client thread/INFO] [STDOUT]: [com.layue13.clashweave.validation.ClientReplay:viewReplay:254]: P0_VIEW COMPLETE nano=30284599229700
[15:17:49] [Client thread/INFO] [STDOUT]: [com.layue13.clashweave.validation.ClientReplay:viewReplay:254]: P0_VIEW COMPLETE nano=30284648684500
[15:17:49] [Client thread/INFO] [STDOUT]: [com.layue13.clashweave.validation.ClientReplay:viewReplay:254]: P0_VIEW COMPLETE nano=30284699066900
[15:17:49] [Client thread/INFO] [STDOUT]: [com.layue13.clashweave.validation.ClientReplay:viewReplay:254]: P0_VIEW COMPLETE nano=30284749571300
[15:17:49] [Client thread/INFO] [STDOUT]: [com.layue13.clashweave.validation.ClientReplay:viewReplay:254]: P0_VIEW COMPLETE nano=30284798965100
[15:17:49] [Client thread/INFO] [STDOUT]: [com.layue13.clashweave.validation.ClientReplay:viewReplay:254]: P0_VIEW COMPLETE nano=30284849310900
[15:17:49] [Client thread/INFO] [STDOUT]: [com.layue13.clashweave.validation.ClientReplay:viewReplay:254]: P0_VIEW COMPLETE nano=30284899190200
[15:17:49] [Client thread/INFO] [STDOUT]: [com.layue13.clashweave.validation.ClientReplay:viewReplay:254]: P0_VIEW COMPLETE nano=30284948769300
[15:17:49] [Client thread/INFO] [STDOUT]: [com.layue13.clashweave.validation.ClientReplay:viewReplay:254]: P0_VIEW COMPLETE nano=30284998418900
[15:17:49] [Client thread/INFO] [STDOUT]: [com.layue13.clashweave.validation.ClientReplay:viewReplay:254]: P0_VIEW COMPLETE nano=30285048730800
[15:17:49] [Client thread/INFO] [STDOUT]: [com.layue13.clashweave.validation.ClientReplay:viewReplay:254]: P0_VIEW COMPLETE nano=30285098843100
[15:17:49] [Client thread/INFO] [STDOUT]: [com.layue13.clashweave.validation.ClientReplay:viewReplay:254]: P0_VIEW COMPLETE nano=30285149073500
[15:17:49] [Client thread/INFO] [STDOUT]: [com.layue13.clashweave.validation.ClientReplay:viewReplay:254]: P0_VIEW COMPLETE nano=30285199768700
[15:17:49] [Client thread/INFO] [STDOUT]: [com.layue13.clashweave.validation.ClientReplay:viewReplay:254]: P0_VIEW COMPLETE nano=30285248510000
[15:17:49] [Client thread/INFO] [STDOUT]: [com.layue13.clashweave.validation.ClientReplay:viewReplay:254]: P0_VIEW COMPLETE nano=30285298411400
[15:17:49] [Client thread/INFO] [STDOUT]: [com.layue13.clashweave.validation.ClientReplay:viewReplay:254]: P0_VIEW COMPLETE nano=30285348816100
[15:17:49] [Client thread/INFO] [STDOUT]: [com.layue13.clashweave.validation.ClientReplay:viewReplay:254]: P0_VIEW COMPLETE nano=30285398606100
[15:17:49] [Client thread/INFO] [STDOUT]: [com.layue13.clashweave.validation.ClientReplay:viewReplay:254]: P0_VIEW COMPLETE nano=30285448844600
[15:17:49] [Client thread/INFO] [STDOUT]: [com.layue13.clashweave.validation.ClientReplay:viewReplay:254]: P0_VIEW COMPLETE nano=30285498537500
[15:17:49] [Client thread/INFO] [STDOUT]: [com.layue13.clashweave.validation.ClientReplay:viewReplay:254]: P0_VIEW COMPLETE nano=30285549206500
[15:17:49] [Client thread/INFO] [STDOUT]: [com.layue13.clashweave.validation.ClientReplay:viewReplay:254]: P0_VIEW COMPLETE nano=30285599891500
[15:17:50] [Client thread/INFO] [STDOUT]: [com.layue13.clashweave.validation.ClientReplay:viewReplay:254]: P0_VIEW COMPLETE nano=30285649226200
[15:17:50] [Client thread/INFO] [STDOUT]: [com.layue13.clashweave.validation.ClientReplay:viewReplay:254]: P0_VIEW COMPLETE nano=30285698850100
[15:17:50] [Client thread/INFO] [STDOUT]: [com.layue13.clashweave.validation.ClientReplay:viewReplay:254]: P0_VIEW COMPLETE nano=30285748604400
[15:17:50] [Client thread/INFO] [STDOUT]: [com.layue13.clashweave.validation.ClientReplay:viewReplay:254]: P0_VIEW COMPLETE nano=30285798900000
[15:17:50] [Client thread/INFO] [STDOUT]: [com.layue13.clashweave.validation.ClientReplay:viewReplay:254]: P0_VIEW COMPLETE nano=30285848876400
[15:17:50] [Client thread/INFO] [STDOUT]: [com.layue13.clashweave.validation.ClientReplay:viewReplay:254]: P0_VIEW COMPLETE nano=30285898530300
[15:17:50] [Client thread/INFO] [STDOUT]: [com.layue13.clashweave.validation.ClientReplay:viewReplay:254]: P0_VIEW COMPLETE nano=30285948818100
[15:17:50] [Client thread/INFO] [STDOUT]: [com.layue13.clashweave.validation.ClientReplay:viewReplay:254]: P0_VIEW COMPLETE nano=30285999061900
[15:17:50] [Client thread/INFO] [STDOUT]: [com.layue13.clashweave.validation.ClientReplay:viewReplay:254]: P0_VIEW COMPLETE nano=30286048677100
[15:17:50] [Client thread/INFO] [STDOUT]: [com.layue13.clashweave.validation.ClientReplay:viewReplay:254]: P0_VIEW COMPLETE nano=30286099295700
[15:17:50] [Client thread/INFO] [STDOUT]: [com.layue13.clashweave.validation.ClientReplay:viewReplay:254]: P0_VIEW COMPLETE nano=30286148678900
[15:17:50] [Client thread/INFO] [STDOUT]: [com.layue13.clashweave.validation.ClientReplay:viewReplay:254]: P0_VIEW COMPLETE nano=30286199462700
[15:17:50] [Client thread/INFO] [STDOUT]: [com.layue13.clashweave.validation.ClientReplay:viewReplay:254]: P0_VIEW COMPLETE nano=30286249273600
[15:17:50] [Client thread/INFO] [STDOUT]: [com.layue13.clashweave.validation.ClientReplay:viewReplay:254]: P0_VIEW COMPLETE nano=30286298752000
[15:17:50] [Client thread/INFO] [STDOUT]: [com.layue13.clashweave.validation.ClientReplay:viewReplay:254]: P0_VIEW COMPLETE nano=30286348987900
[15:17:50] [Client thread/INFO] [STDOUT]: [com.layue13.clashweave.validation.ClientReplay:viewReplay:254]: P0_VIEW COMPLETE nano=30286399334700
[15:17:50] [Client thread/INFO] [STDOUT]: [com.layue13.clashweave.validation.ClientReplay:viewReplay:254]: P0_VIEW COMPLETE nano=30286448677100
[15:17:50] [Client thread/INFO] [STDOUT]: [com.layue13.clashweave.validation.ClientReplay:viewReplay:254]: P0_VIEW COMPLETE nano=30286498685000
[15:17:50] [Client thread/INFO] [STDOUT]: [com.layue13.clashweave.validation.ClientReplay:viewReplay:254]: P0_VIEW COMPLETE nano=30286549104400
[15:17:50] [Client thread/INFO] [STDOUT]: [com.layue13.clashweave.validation.ClientReplay:viewReplay:254]: P0_VIEW COMPLETE nano=30286598510800
[15:17:51] [Client thread/INFO] [STDOUT]: [com.layue13.clashweave.validation.ClientReplay:viewReplay:254]: P0_VIEW COMPLETE nano=30286648352800
[15:17:51] [Client thread/INFO] [STDOUT]: [com.layue13.clashweave.validation.ClientReplay:viewReplay:254]: P0_VIEW COMPLETE nano=30286698538800
[15:17:51] [Client thread/INFO] [STDOUT]: [com.layue13.clashweave.validation.ClientReplay:viewReplay:254]: P0_VIEW COMPLETE nano=30286748659300
[15:17:51] [Client thread/INFO] [STDOUT]: [com.layue13.clashweave.validation.ClientReplay:viewReplay:254]: P0_VIEW COMPLETE nano=30286799224300
[15:17:51] [Client thread/INFO] [STDOUT]: [com.layue13.clashweave.validation.ClientReplay:viewReplay:254]: P0_VIEW COMPLETE nano=30286848744700
[15:17:51] [Client thread/INFO] [STDOUT]: [com.layue13.clashweave.validation.ClientReplay:viewReplay:254]: P0_VIEW COMPLETE nano=30286899169700
[15:17:51] [Client thread/INFO] [STDOUT]: [com.layue13.clashweave.validation.ClientReplay:viewReplay:254]: P0_VIEW COMPLETE nano=30286948799700
[15:17:51] [Client thread/INFO] [STDOUT]: [com.layue13.clashweave.validation.ClientReplay:viewReplay:254]: P0_VIEW COMPLETE nano=30286998619100
[15:17:51] [Client thread/INFO] [STDOUT]: [com.layue13.clashweave.validation.ClientReplay:viewReplay:254]: P0_VIEW COMPLETE nano=30287048807100
[15:17:51] [Client thread/INFO] [STDOUT]: [com.layue13.clashweave.validation.ClientReplay:viewReplay:254]: P0_VIEW COMPLETE nano=30287098775500
[15:17:51] [Client thread/INFO] [STDOUT]: [com.layue13.clashweave.validation.ClientReplay:viewReplay:254]: P0_VIEW COMPLETE nano=30287148441100
[15:17:51] [Client thread/INFO] [STDOUT]: [com.layue13.clashweave.validation.ClientReplay:viewReplay:254]: P0_VIEW COMPLETE nano=30287198759200
[15:17:51] [Client thread/INFO] [STDOUT]: [com.layue13.clashweave.validation.ClientReplay:viewReplay:254]: P0_VIEW COMPLETE nano=30287249126300
[15:17:51] [Client thread/INFO] [STDOUT]: [com.layue13.clashweave.validation.ClientReplay:viewReplay:254]: P0_VIEW COMPLETE nano=30287299745500
[15:17:51] [Client thread/INFO] [STDOUT]: [com.layue13.clashweave.validation.ClientReplay:viewReplay:254]: P0_VIEW COMPLETE nano=30287348809000
[15:17:51] [Client thread/INFO] [STDOUT]: [com.layue13.clashweave.validation.ClientReplay:viewReplay:254]: P0_VIEW COMPLETE nano=30287398794700
[15:17:51] [Client thread/INFO] [STDOUT]: [com.layue13.clashweave.validation.ClientReplay:viewReplay:254]: P0_VIEW COMPLETE nano=30287448874600
[15:17:51] [Client thread/INFO] [STDOUT]: [com.layue13.clashweave.validation.ClientReplay:viewReplay:254]: P0_VIEW COMPLETE nano=30287498738300
[15:17:51] [Client thread/INFO] [STDOUT]: [com.layue13.clashweave.validation.ClientReplay:viewReplay:254]: P0_VIEW COMPLETE nano=30287548490000
[15:17:51] [Client thread/INFO] [STDOUT]: [com.layue13.clashweave.validation.ClientReplay:viewReplay:254]: P0_VIEW COMPLETE nano=30287598385800
[15:17:52] [Client thread/INFO] [STDOUT]: [com.layue13.clashweave.validation.ClientReplay:viewReplay:254]: P0_VIEW COMPLETE nano=30287648724600
[15:17:52] [Client thread/INFO] [STDOUT]: [com.layue13.clashweave.validation.ClientReplay:viewReplay:254]: P0_VIEW COMPLETE nano=30287698589900
[15:17:52] [Client thread/INFO] [STDOUT]: [com.layue13.clashweave.validation.ClientReplay:viewReplay:254]: P0_VIEW COMPLETE nano=30287749007500
[15:17:52] [Client thread/INFO] [STDOUT]: [com.layue13.clashweave.validation.ClientReplay:viewReplay:254]: P0_VIEW COMPLETE nano=30287798489100
[15:17:52] [Client thread/INFO] [STDOUT]: [com.layue13.clashweave.validation.ClientReplay:viewReplay:254]: P0_VIEW COMPLETE nano=30287849125700
[15:17:52] [Client thread/INFO] [STDOUT]: [com.layue13.clashweave.validation.ClientReplay:viewReplay:254]: P0_VIEW COMPLETE nano=30287898799900
[15:17:52] [Client thread/INFO] [STDOUT]: [com.layue13.clashweave.validation.ClientReplay:viewReplay:254]: P0_VIEW COMPLETE nano=30287949375400
[15:17:52] [Client thread/INFO] [STDOUT]: [com.layue13.clashweave.validation.ClientReplay:viewReplay:254]: P0_VIEW COMPLETE nano=30287998859900
[15:17:52] [Client thread/INFO] [STDOUT]: [com.layue13.clashweave.validation.ClientReplay:viewReplay:254]: P0_VIEW COMPLETE nano=30288049195500
[15:17:52] [Client thread/INFO] [STDOUT]: [com.layue13.clashweave.validation.ClientReplay:viewReplay:254]: P0_VIEW COMPLETE nano=30288100075700
[15:17:52] [Client thread/INFO] [STDOUT]: [com.layue13.clashweave.validation.ClientReplay:viewReplay:254]: P0_VIEW COMPLETE nano=30288148816600
[15:17:52] [Client thread/INFO] [STDOUT]: [com.layue13.clashweave.validation.ClientReplay:viewReplay:254]: P0_VIEW COMPLETE nano=30288198888000
[15:17:52] [Client thread/INFO] [STDOUT]: [com.layue13.clashweave.validation.ClientReplay:viewReplay:254]: P0_VIEW COMPLETE nano=30288248663300
[15:17:52] [Client thread/INFO] [STDOUT]: [com.layue13.clashweave.validation.ClientReplay:viewReplay:254]: P0_VIEW COMPLETE nano=30288298698000
[15:17:52] [Client thread/INFO] [STDOUT]: [com.layue13.clashweave.validation.ClientReplay:viewReplay:254]: P0_VIEW COMPLETE nano=30288348662100
[15:17:52] [Client thread/INFO] [STDOUT]: [com.layue13.clashweave.validation.ClientReplay:viewReplay:254]: P0_VIEW COMPLETE nano=30288398426000
[15:17:52] [Client thread/INFO] [STDOUT]: [com.layue13.clashweave.validation.ClientReplay:viewReplay:254]: P0_VIEW COMPLETE nano=30288449015100
[15:17:52] [Client thread/INFO] [STDOUT]: [com.layue13.clashweave.validation.ClientReplay:viewReplay:254]: P0_VIEW COMPLETE nano=30288499467200
[15:17:52] [Client thread/INFO] [STDOUT]: [com.layue13.clashweave.validation.ClientReplay:viewReplay:254]: P0_VIEW COMPLETE nano=30288548677300
[15:17:52] [Client thread/INFO] [STDOUT]: [com.layue13.clashweave.validation.ClientReplay:viewReplay:254]: P0_VIEW COMPLETE nano=30288598724600
[15:17:53] [Client thread/INFO] [STDOUT]: [com.layue13.clashweave.validation.ClientReplay:viewReplay:254]: P0_VIEW COMPLETE nano=30288649067400
[15:17:53] [Client thread/INFO] [STDOUT]: [com.layue13.clashweave.validation.ClientReplay:viewReplay:254]: P0_VIEW COMPLETE nano=30288699307500
[15:17:53] [Client thread/INFO] [STDOUT]: [com.layue13.clashweave.validation.ClientReplay:viewReplay:254]: P0_VIEW COMPLETE nano=30288748788200
[15:17:53] [Client thread/INFO] [STDOUT]: [com.layue13.clashweave.validation.ClientReplay:viewReplay:254]: P0_VIEW COMPLETE nano=30288799465300
[15:17:53] [Client thread/INFO] [STDOUT]: [com.layue13.clashweave.validation.ClientReplay:viewReplay:254]: P0_VIEW COMPLETE nano=30288849058500
[15:17:53] [Client thread/INFO] [STDOUT]: [com.layue13.clashweave.validation.ClientReplay:viewReplay:254]: P0_VIEW COMPLETE nano=30288898541700
[15:17:53] [Client thread/INFO] [STDOUT]: [com.layue13.clashweave.validation.ClientReplay:viewReplay:254]: P0_VIEW COMPLETE nano=30288949043000
[15:17:53] [Client thread/INFO] [STDOUT]: [com.layue13.clashweave.validation.ClientReplay:viewReplay:254]: P0_VIEW COMPLETE nano=30288999403600
[15:17:53] [Client thread/INFO] [STDOUT]: [com.layue13.clashweave.validation.ClientReplay:viewReplay:254]: P0_VIEW COMPLETE nano=30289048813500
[15:17:53] [Client thread/INFO] [STDOUT]: [com.layue13.clashweave.validation.ClientReplay:viewReplay:254]: P0_VIEW COMPLETE nano=30289099174900
[15:17:53] [Client thread/INFO] [STDOUT]: [com.layue13.clashweave.validation.ClientReplay:viewReplay:254]: P0_VIEW COMPLETE nano=30289149907100
[15:17:53] [Client thread/INFO] [STDOUT]: [com.layue13.clashweave.validation.ClientReplay:viewReplay:254]: P0_VIEW COMPLETE nano=30289198896000
[15:17:53] [Client thread/INFO] [STDOUT]: [com.layue13.clashweave.validation.ClientReplay:viewReplay:254]: P0_VIEW COMPLETE nano=30289248455700
[15:17:53] [Client thread/INFO] [STDOUT]: [com.layue13.clashweave.validation.ClientReplay:viewReplay:254]: P0_VIEW COMPLETE nano=30289299103400
[15:17:53] [Client thread/INFO] [STDOUT]: [com.layue13.clashweave.validation.ClientReplay:viewReplay:254]: P0_VIEW COMPLETE nano=30289348453800
[15:17:53] [Client thread/INFO] [STDOUT]: [com.layue13.clashweave.validation.ClientReplay:viewReplay:254]: P0_VIEW COMPLETE nano=30289398765800
[15:17:53] [Client thread/INFO] [STDOUT]: [com.layue13.clashweave.validation.ClientReplay:viewReplay:254]: P0_VIEW COMPLETE nano=30289448784400
[15:17:53] [Client thread/INFO] [STDOUT]: [com.layue13.clashweave.validation.ClientReplay:viewReplay:254]: P0_VIEW COMPLETE nano=30289499360600
[15:17:53] [Client thread/INFO] [STDOUT]: [com.layue13.clashweave.validation.ClientReplay:viewReplay:254]: P0_VIEW COMPLETE nano=30289548476300
[15:17:53] [Client thread/INFO] [STDOUT]: [com.layue13.clashweave.validation.ClientReplay:viewReplay:254]: P0_VIEW COMPLETE nano=30289599123400
[15:17:54] [Client thread/INFO] [STDOUT]: [com.layue13.clashweave.validation.ClientReplay:viewReplay:254]: P0_VIEW COMPLETE nano=30289648643200
[15:17:54] [Client thread/INFO] [STDOUT]: [com.layue13.clashweave.validation.ClientReplay:viewReplay:254]: P0_VIEW COMPLETE nano=30289698710500
[15:17:54] [Client thread/INFO] [STDOUT]: [com.layue13.clashweave.validation.ClientReplay:viewReplay:254]: P0_VIEW COMPLETE nano=30289748805200
[15:17:54] [Client thread/INFO] [STDOUT]: [com.layue13.clashweave.validation.ClientReplay:viewReplay:254]: P0_VIEW COMPLETE nano=30289798813000
[15:17:54] [Client thread/INFO] [STDOUT]: [com.layue13.clashweave.validation.ClientReplay:viewReplay:254]: P0_VIEW COMPLETE nano=30289849193600
[15:17:54] [Client thread/INFO] [STDOUT]: [com.layue13.clashweave.validation.ClientReplay:viewReplay:254]: P0_VIEW COMPLETE nano=30289899998800
[15:17:54] [Client thread/INFO] [STDOUT]: [com.layue13.clashweave.validation.ClientReplay:viewReplay:254]: P0_VIEW COMPLETE nano=30289948499600
[15:17:54] [Client thread/INFO] [STDOUT]: [com.layue13.clashweave.validation.ClientReplay:viewReplay:254]: P0_VIEW COMPLETE nano=30289999189700
[15:17:54] [Client thread/INFO] [STDOUT]: [com.layue13.clashweave.validation.ClientReplay:viewReplay:254]: P0_VIEW COMPLETE nano=30290048515900
[15:17:54] [Client thread/INFO] [STDOUT]: [com.layue13.clashweave.validation.ClientReplay:viewReplay:254]: P0_VIEW COMPLETE nano=30290099193700
[15:17:54] [Client thread/INFO] [STDOUT]: [com.layue13.clashweave.validation.ClientReplay:viewReplay:254]: P0_VIEW COMPLETE nano=30290148690900
[15:17:54] [Client thread/INFO] [STDOUT]: [com.layue13.clashweave.validation.ClientReplay:viewReplay:254]: P0_VIEW COMPLETE nano=30290198847300
[15:17:54] [Client thread/INFO] [STDOUT]: [com.layue13.clashweave.validation.ClientReplay:viewReplay:254]: P0_VIEW COMPLETE nano=30290249504000
[15:17:54] [Client thread/INFO] [STDOUT]: [com.layue13.clashweave.validation.ClientReplay:viewReplay:254]: P0_VIEW COMPLETE nano=30290298500200
[15:17:54] [Client thread/INFO] [STDOUT]: [com.layue13.clashweave.validation.ClientReplay:viewReplay:254]: P0_VIEW COMPLETE nano=30290348412100
[15:17:54] [Client thread/INFO] [STDOUT]: [com.layue13.clashweave.validation.ClientReplay:viewReplay:254]: P0_VIEW COMPLETE nano=30290398390300
[15:17:54] [Client thread/INFO] [STDOUT]: [com.layue13.clashweave.validation.ClientReplay:viewReplay:254]: P0_VIEW COMPLETE nano=30290448404100
[15:17:54] [Client thread/INFO] [STDOUT]: [com.layue13.clashweave.validation.ClientReplay:viewReplay:254]: P0_VIEW COMPLETE nano=30290498645500
[15:17:54] [Client thread/INFO] [STDOUT]: [com.layue13.clashweave.validation.ClientReplay:viewReplay:254]: P0_VIEW COMPLETE nano=30290549171100
[15:17:54] [Client thread/INFO] [STDOUT]: [com.layue13.clashweave.validation.ClientReplay:viewReplay:254]: P0_VIEW COMPLETE nano=30290598963300
[15:17:55] [Client thread/INFO] [STDOUT]: [com.layue13.clashweave.validation.ClientReplay:viewReplay:254]: P0_VIEW COMPLETE nano=30290648576200
[15:17:55] [Client thread/INFO] [STDOUT]: [com.layue13.clashweave.validation.ClientReplay:viewReplay:254]: P0_VIEW COMPLETE nano=30290698898100
[15:17:55] [Client thread/INFO] [STDOUT]: [com.layue13.clashweave.validation.ClientReplay:viewReplay:254]: P0_VIEW COMPLETE nano=30290748909300
[15:17:55] [Client thread/INFO] [STDOUT]: [com.layue13.clashweave.validation.ClientReplay:viewReplay:254]: P0_VIEW COMPLETE nano=30290798824700
[15:17:55] [Client thread/INFO] [STDOUT]: [com.layue13.clashweave.validation.ClientReplay:viewReplay:254]: P0_VIEW COMPLETE nano=30290848456300
[15:17:55] [Client thread/INFO] [STDOUT]: [com.layue13.clashweave.validation.ClientReplay:viewReplay:254]: P0_VIEW COMPLETE nano=30290898977100
[15:17:55] [Client thread/INFO] [STDOUT]: [com.layue13.clashweave.validation.ClientReplay:viewReplay:254]: P0_VIEW COMPLETE nano=30290948690500
[15:17:55] [Client thread/INFO] [STDOUT]: [com.layue13.clashweave.validation.ClientReplay:viewReplay:254]: P0_VIEW COMPLETE nano=30290998760000
[15:17:55] [Client thread/INFO] [STDOUT]: [com.layue13.clashweave.validation.ClientReplay:viewReplay:254]: P0_VIEW COMPLETE nano=30291048997600
[15:17:55] [Client thread/INFO] [STDOUT]: [com.layue13.clashweave.validation.ClientReplay:viewReplay:254]: P0_VIEW COMPLETE nano=30291098779700
[15:17:55] [Client thread/INFO] [STDOUT]: [com.layue13.clashweave.validation.ClientReplay:viewReplay:254]: P0_VIEW COMPLETE nano=30291149074900
[15:17:55] [Client thread/INFO] [STDOUT]: [com.layue13.clashweave.validation.ClientReplay:viewReplay:254]: P0_VIEW COMPLETE nano=30291198530800
[15:17:55] [Client thread/INFO] [STDOUT]: [com.layue13.clashweave.validation.ClientReplay:viewReplay:254]: P0_VIEW COMPLETE nano=30291248977700
[15:17:55] [Client thread/INFO] [STDOUT]: [com.layue13.clashweave.validation.ClientReplay:viewReplay:254]: P0_VIEW COMPLETE nano=30291298835600
[15:17:55] [Client thread/INFO] [STDOUT]: [com.layue13.clashweave.validation.ClientReplay:viewReplay:254]: P0_VIEW COMPLETE nano=30291348447200
[15:17:55] [Client thread/INFO] [STDOUT]: [com.layue13.clashweave.validation.ClientReplay:viewReplay:254]: P0_VIEW COMPLETE nano=30291398686800
[15:17:55] [Client thread/INFO] [STDOUT]: [com.layue13.clashweave.validation.ClientReplay:viewReplay:254]: P0_VIEW COMPLETE nano=30291449347200
[15:17:55] [Client thread/INFO] [STDOUT]: [com.layue13.clashweave.validation.ClientReplay:viewReplay:254]: P0_VIEW COMPLETE nano=30291498951800
[15:17:55] [Client thread/INFO] [STDOUT]: [com.layue13.clashweave.validation.ClientReplay:viewReplay:254]: P0_VIEW COMPLETE nano=30291548949600
[15:17:55] [Client thread/INFO] [STDOUT]: [com.layue13.clashweave.validation.ClientReplay:viewReplay:254]: P0_VIEW COMPLETE nano=30291598669600
[15:17:56] [Client thread/INFO] [STDOUT]: [com.layue13.clashweave.validation.ClientReplay:viewReplay:254]: P0_VIEW COMPLETE nano=30291648748200
[15:17:56] [Client thread/INFO] [STDOUT]: [com.layue13.clashweave.validation.ClientReplay:viewReplay:254]: P0_VIEW COMPLETE nano=30291699080000
[15:17:56] [Client thread/INFO] [STDOUT]: [com.layue13.clashweave.validation.ClientReplay:viewReplay:254]: P0_VIEW COMPLETE nano=30291748413100
[15:17:56] [Client thread/INFO] [STDOUT]: [com.layue13.clashweave.validation.ClientReplay:viewReplay:254]: P0_VIEW COMPLETE nano=30291799065800
[15:17:56] [Client thread/INFO] [STDOUT]: [com.layue13.clashweave.validation.ClientReplay:viewReplay:254]: P0_VIEW COMPLETE nano=30291848466600
[15:17:56] [Client thread/INFO] [STDOUT]: [com.layue13.clashweave.validation.ClientReplay:viewReplay:254]: P0_VIEW COMPLETE nano=30291898977600
[15:17:56] [Client thread/INFO] [STDOUT]: [com.layue13.clashweave.validation.ClientReplay:viewReplay:254]: P0_VIEW COMPLETE nano=30291949185900
[15:17:56] [Client thread/INFO] [STDOUT]: [com.layue13.clashweave.validation.ClientReplay:viewReplay:254]: P0_VIEW COMPLETE nano=30291998696300
[15:17:56] [Client thread/INFO] [STDOUT]: [com.layue13.clashweave.validation.ClientReplay:viewReplay:254]: P0_VIEW COMPLETE nano=30292049556700
[15:17:56] [Client thread/INFO] [STDOUT]: [com.layue13.clashweave.validation.ClientReplay:viewReplay:254]: P0_VIEW COMPLETE nano=30292098840200
[15:17:56] [Client thread/INFO] [STDOUT]: [com.layue13.clashweave.validation.ClientReplay:viewReplay:254]: P0_VIEW COMPLETE nano=30292149265300
[15:17:56] [Client thread/INFO] [STDOUT]: [com.layue13.clashweave.validation.ClientReplay:viewReplay:254]: P0_VIEW COMPLETE nano=30292199177900
[15:17:56] [Client thread/INFO] [STDOUT]: [com.layue13.clashweave.validation.ClientReplay:viewReplay:254]: P0_VIEW COMPLETE nano=30292249858800
[15:17:56] [Client thread/INFO] [STDOUT]: [com.layue13.clashweave.validation.ClientReplay:viewReplay:254]: P0_VIEW COMPLETE nano=30292299477500
[15:17:56] [Client thread/INFO] [STDOUT]: [com.layue13.clashweave.validation.ClientReplay:viewReplay:254]: P0_VIEW COMPLETE nano=30292348684500
[15:17:56] [Client thread/INFO] [STDOUT]: [com.layue13.clashweave.validation.ClientReplay:viewReplay:254]: P0_VIEW COMPLETE nano=30292399258800
[15:17:56] [Client thread/INFO] [STDOUT]: [com.layue13.clashweave.validation.ClientReplay:viewReplay:254]: P0_VIEW COMPLETE nano=30292448889600
[15:17:56] [Client thread/INFO] [STDOUT]: [com.layue13.clashweave.validation.ClientReplay:viewReplay:254]: P0_VIEW COMPLETE nano=30292499340000
[15:17:56] [Client thread/INFO] [STDOUT]: [com.layue13.clashweave.validation.ClientReplay:viewReplay:254]: P0_VIEW COMPLETE nano=30292548962800
[15:17:56] [Client thread/INFO] [STDOUT]: [com.layue13.clashweave.validation.ClientReplay:viewReplay:254]: P0_VIEW COMPLETE nano=30292599342200
[15:17:57] [Client thread/INFO] [STDOUT]: [com.layue13.clashweave.validation.ClientReplay:viewReplay:254]: P0_VIEW COMPLETE nano=30292648522100
[15:17:57] [Client thread/INFO] [STDOUT]: [com.layue13.clashweave.validation.ClientReplay:viewReplay:254]: P0_VIEW COMPLETE nano=30292698737500
[15:17:57] [Client thread/INFO] [STDOUT]: [com.layue13.clashweave.validation.ClientReplay:viewReplay:254]: P0_VIEW COMPLETE nano=30292748452300
[15:17:57] [Client thread/INFO] [STDOUT]: [com.layue13.clashweave.validation.ClientReplay:viewReplay:254]: P0_VIEW COMPLETE nano=30292798971300
[15:17:57] [Client thread/INFO] [STDOUT]: [com.layue13.clashweave.validation.ClientReplay:viewReplay:254]: P0_VIEW COMPLETE nano=30292848410300
[15:17:57] [Client thread/INFO] [STDOUT]: [com.layue13.clashweave.validation.ClientReplay:viewReplay:254]: P0_VIEW COMPLETE nano=30292898764400
[15:17:57] [Client thread/INFO] [STDOUT]: [com.layue13.clashweave.validation.ClientReplay:viewReplay:254]: P0_VIEW COMPLETE nano=30292948625200
[15:17:57] [Client thread/INFO] [STDOUT]: [com.layue13.clashweave.validation.ClientReplay:viewReplay:254]: P0_VIEW COMPLETE nano=30292998795900
[15:17:57] [Client thread/INFO] [STDOUT]: [com.layue13.clashweave.validation.ClientReplay:viewReplay:254]: P0_VIEW COMPLETE nano=30293048831200
[15:17:57] [Client thread/INFO] [STDOUT]: [com.layue13.clashweave.validation.ClientReplay:viewReplay:254]: P0_VIEW COMPLETE nano=30293098581500
[15:17:57] [Client thread/INFO] [STDOUT]: [com.layue13.clashweave.validation.ClientReplay:viewReplay:254]: P0_VIEW COMPLETE nano=30293149214700
[15:17:57] [Client thread/INFO] [STDOUT]: [com.layue13.clashweave.validation.ClientReplay:viewReplay:254]: P0_VIEW COMPLETE nano=30293198661500
[15:17:57] [Client thread/INFO] [STDOUT]: [com.layue13.clashweave.validation.ClientReplay:viewReplay:254]: P0_VIEW COMPLETE nano=30293248469400
[15:17:57] [Client thread/INFO] [STDOUT]: [com.layue13.clashweave.validation.ClientReplay:viewReplay:254]: P0_VIEW COMPLETE nano=30293298980500
[15:17:57] [Client thread/INFO] [STDOUT]: [com.layue13.clashweave.validation.ClientReplay:viewReplay:254]: P0_VIEW COMPLETE nano=30293349261700
[15:17:57] [Client thread/INFO] [STDOUT]: [com.layue13.clashweave.validation.ClientReplay:viewReplay:254]: P0_VIEW COMPLETE nano=30293399581100
[15:17:57] [Client thread/INFO] [STDOUT]: [com.layue13.clashweave.validation.ClientReplay:viewReplay:254]: P0_VIEW COMPLETE nano=30293448716300
[15:17:57] [Client thread/INFO] [STDOUT]: [com.layue13.clashweave.validation.ClientReplay:viewReplay:254]: P0_VIEW COMPLETE nano=30293499156100
[15:17:57] [Client thread/INFO] [STDOUT]: [com.layue13.clashweave.validation.ClientReplay:viewReplay:254]: P0_VIEW COMPLETE nano=30293549281500
[15:17:57] [Client thread/INFO] [STDOUT]: [com.layue13.clashweave.validation.ClientReplay:viewReplay:254]: P0_VIEW COMPLETE nano=30293599716600
[15:17:58] [Client thread/INFO] [STDOUT]: [com.layue13.clashweave.validation.ClientReplay:viewReplay:254]: P0_VIEW COMPLETE nano=30293648743600
[15:17:58] [Client thread/INFO] [STDOUT]: [com.layue13.clashweave.validation.ClientReplay:viewReplay:254]: P0_VIEW COMPLETE nano=30293699391500
[15:17:58] [Client thread/INFO] [STDOUT]: [com.layue13.clashweave.validation.ClientReplay:viewReplay:254]: P0_VIEW COMPLETE nano=30293748812300
[15:17:58] [Client thread/INFO] [STDOUT]: [com.layue13.clashweave.validation.ClientReplay:viewReplay:254]: P0_VIEW COMPLETE nano=30293799572800
[15:17:58] [Client thread/INFO] [STDOUT]: [com.layue13.clashweave.validation.ClientReplay:viewReplay:254]: P0_VIEW COMPLETE nano=30293849741000
[15:17:58] [Client thread/INFO] [STDOUT]: [com.layue13.clashweave.validation.ClientReplay:viewReplay:254]: P0_VIEW COMPLETE nano=30293898905800
[15:17:58] [Client thread/INFO] [STDOUT]: [com.layue13.clashweave.validation.ClientReplay:viewReplay:254]: P0_VIEW COMPLETE nano=30293949678700
[15:17:58] [Client thread/INFO] [STDOUT]: [com.layue13.clashweave.validation.ClientReplay:viewReplay:254]: P0_VIEW COMPLETE nano=30293999024500
[15:17:58] [Client thread/INFO] [STDOUT]: [com.layue13.clashweave.validation.ClientReplay:viewReplay:254]: P0_VIEW COMPLETE nano=30294048769400
[15:17:58] [Client thread/INFO] [STDOUT]: [com.layue13.clashweave.validation.ClientReplay:viewReplay:254]: P0_VIEW COMPLETE nano=30294098987200
[15:17:58] [Client thread/INFO] [STDOUT]: [com.layue13.clashweave.validation.ClientReplay:viewReplay:254]: P0_VIEW COMPLETE nano=30294148416000
[15:17:58] [Client thread/INFO] [STDOUT]: [com.layue13.clashweave.validation.ClientReplay:viewReplay:254]: P0_VIEW COMPLETE nano=30294198641700
[15:17:58] [Client thread/INFO] [STDOUT]: [com.layue13.clashweave.validation.ClientReplay:viewReplay:254]: P0_VIEW COMPLETE nano=30294248537300
[15:17:58] [Client thread/INFO] [STDOUT]: [com.layue13.clashweave.validation.ClientReplay:viewReplay:254]: P0_VIEW COMPLETE nano=30294298739900
[15:17:58] [Client thread/INFO] [STDOUT]: [com.layue13.clashweave.validation.ClientReplay:viewReplay:254]: P0_VIEW COMPLETE nano=30294348603200
[15:17:58] [Client thread/INFO] [STDOUT]: [com.layue13.clashweave.validation.ClientReplay:viewReplay:254]: P0_VIEW COMPLETE nano=30294398653100
[15:17:58] [Client thread/INFO] [STDOUT]: [com.layue13.clashweave.validation.ClientReplay:viewReplay:254]: P0_VIEW COMPLETE nano=30294448631500
[15:17:58] [Client thread/INFO] [STDOUT]: [com.layue13.clashweave.validation.ClientReplay:viewReplay:254]: P0_VIEW COMPLETE nano=30294498870100
[15:17:58] [Client thread/INFO] [STDOUT]: [com.layue13.clashweave.validation.ClientReplay:viewReplay:254]: P0_VIEW COMPLETE nano=30294548463300
[15:17:58] [Client thread/INFO] [STDOUT]: [com.layue13.clashweave.validation.ClientReplay:viewReplay:254]: P0_VIEW COMPLETE nano=30294598868800
[15:17:59] [Client thread/INFO] [STDOUT]: [com.layue13.clashweave.validation.ClientReplay:viewReplay:254]: P0_VIEW COMPLETE nano=30294648466700
[15:17:59] [Client thread/INFO] [STDOUT]: [com.layue13.clashweave.validation.ClientReplay:viewReplay:254]: P0_VIEW COMPLETE nano=30294698763100
[15:17:59] [Client thread/INFO] [STDOUT]: [com.layue13.clashweave.validation.ClientReplay:viewReplay:254]: P0_VIEW COMPLETE nano=30294749326600
[15:17:59] [Client thread/INFO] [STDOUT]: [com.layue13.clashweave.validation.ClientReplay:viewReplay:254]: P0_VIEW COMPLETE nano=30294798592200
[15:17:59] [Client thread/INFO] [STDOUT]: [com.layue13.clashweave.validation.ClientReplay:viewReplay:254]: P0_VIEW COMPLETE nano=30294849243100
[15:17:59] [Client thread/INFO] [STDOUT]: [com.layue13.clashweave.validation.ClientReplay:viewReplay:254]: P0_VIEW COMPLETE nano=30294898397100
[15:17:59] [Client thread/INFO] [STDOUT]: [com.layue13.clashweave.validation.ClientReplay:viewReplay:254]: P0_VIEW COMPLETE nano=30294948962200
[15:17:59] [Client thread/INFO] [STDOUT]: [com.layue13.clashweave.validation.ClientReplay:viewReplay:254]: P0_VIEW COMPLETE nano=30294998391600
[15:17:59] [Client thread/INFO] [STDOUT]: [com.layue13.clashweave.validation.ClientReplay:viewReplay:254]: P0_VIEW COMPLETE nano=30295048932000
[15:17:59] [Client thread/INFO] [STDOUT]: [com.layue13.clashweave.validation.ClientReplay:viewReplay:254]: P0_VIEW COMPLETE nano=30295099394400
[15:17:59] [Client thread/INFO] [STDOUT]: [com.layue13.clashweave.validation.ClientReplay:viewReplay:254]: P0_VIEW COMPLETE nano=30295148737000
[15:17:59] [Client thread/INFO] [STDOUT]: [com.layue13.clashweave.validation.ClientReplay:viewReplay:254]: P0_VIEW COMPLETE nano=30295199236900
[15:17:59] [Client thread/INFO] [STDOUT]: [com.layue13.clashweave.validation.ClientReplay:viewReplay:254]: P0_VIEW COMPLETE nano=30295248987300
[15:17:59] [Client thread/INFO] [STDOUT]: [com.layue13.clashweave.validation.ClientReplay:viewReplay:254]: P0_VIEW COMPLETE nano=30295298566400
[15:17:59] [Client thread/INFO] [STDOUT]: [com.layue13.clashweave.validation.ClientReplay:viewReplay:254]: P0_VIEW COMPLETE nano=30295348652700
[15:17:59] [Client thread/INFO] [STDOUT]: [com.layue13.clashweave.validation.ClientReplay:viewReplay:254]: P0_VIEW COMPLETE nano=30295398684500
[15:17:59] [Client thread/INFO] [STDOUT]: [com.layue13.clashweave.validation.ClientReplay:viewReplay:254]: P0_VIEW COMPLETE nano=30295448960600
[15:17:59] [Client thread/INFO] [STDOUT]: [com.layue13.clashweave.validation.ClientReplay:viewReplay:254]: P0_VIEW COMPLETE nano=30295498800100
[15:17:59] [Client thread/INFO] [STDOUT]: [com.layue13.clashweave.validation.ClientReplay:viewReplay:254]: P0_VIEW COMPLETE nano=30295548791600
[15:17:59] [Client thread/INFO] [STDOUT]: [com.layue13.clashweave.validation.ClientReplay:viewReplay:254]: P0_VIEW COMPLETE nano=30295598411800
[15:18:00] [Client thread/INFO] [STDOUT]: [com.layue13.clashweave.validation.ClientReplay:viewReplay:254]: P0_VIEW COMPLETE nano=30295648610100
[15:18:00] [Client thread/INFO] [STDOUT]: [com.layue13.clashweave.validation.ClientReplay:viewReplay:254]: P0_VIEW COMPLETE nano=30295699322000
[15:18:00] [Client thread/INFO] [STDOUT]: [com.layue13.clashweave.validation.ClientReplay:viewReplay:254]: P0_VIEW COMPLETE nano=30295748856100
[15:18:00] [Client thread/INFO] [STDOUT]: [com.layue13.clashweave.validation.ClientReplay:viewReplay:254]: P0_VIEW COMPLETE nano=30295798558700
[15:18:00] [Client thread/INFO] [STDOUT]: [com.layue13.clashweave.validation.ClientReplay:viewReplay:254]: P0_VIEW COMPLETE nano=30295848959000
[15:18:00] [Client thread/INFO] [STDOUT]: [com.layue13.clashweave.validation.ClientReplay:viewReplay:254]: P0_VIEW COMPLETE nano=30295899520700
[15:18:00] [Client thread/INFO] [STDOUT]: [com.layue13.clashweave.validation.ClientReplay:viewReplay:254]: P0_VIEW COMPLETE nano=30295948700800
[15:18:00] [Client thread/INFO] [STDOUT]: [com.layue13.clashweave.validation.ClientReplay:viewReplay:254]: P0_VIEW COMPLETE nano=30295999214700
[15:18:00] [Client thread/INFO] [STDOUT]: [com.layue13.clashweave.validation.ClientReplay:viewReplay:254]: P0_VIEW COMPLETE nano=30296048660000
[15:18:00] [Client thread/INFO] [STDOUT]: [com.layue13.clashweave.validation.ClientReplay:viewReplay:254]: P0_VIEW COMPLETE nano=30296099282200
[15:18:00] [Client thread/INFO] [STDOUT]: [com.layue13.clashweave.validation.ClientReplay:viewReplay:254]: P0_VIEW COMPLETE nano=30296148493000
[15:18:00] [Client thread/INFO] [STDOUT]: [com.layue13.clashweave.validation.ClientReplay:viewReplay:254]: P0_VIEW COMPLETE nano=30296198702800
[15:18:00] [Client thread/INFO] [STDOUT]: [com.layue13.clashweave.validation.ClientReplay:viewReplay:254]: P0_VIEW COMPLETE nano=30296248569800
[15:18:00] [Client thread/INFO] [STDOUT]: [com.layue13.clashweave.validation.ClientReplay:viewReplay:254]: P0_VIEW COMPLETE nano=30296299023100
[15:18:00] [Client thread/INFO] [STDOUT]: [com.layue13.clashweave.validation.ClientReplay:viewReplay:254]: P0_VIEW COMPLETE nano=30296348854500
[15:18:00] [Client thread/INFO] [STDOUT]: [com.layue13.clashweave.validation.ClientReplay:viewReplay:254]: P0_VIEW COMPLETE nano=30296399245500
[15:18:00] [Client thread/INFO] [STDOUT]: [com.layue13.clashweave.validation.ClientReplay:viewReplay:254]: P0_VIEW COMPLETE nano=30296449162600
[15:18:00] [Client thread/INFO] [STDOUT]: [com.layue13.clashweave.validation.ClientReplay:viewReplay:254]: P0_VIEW COMPLETE nano=30296498619700
[15:18:00] [Client thread/INFO] [STDOUT]: [com.layue13.clashweave.validation.ClientReplay:viewReplay:254]: P0_VIEW COMPLETE nano=30296548867400
[15:18:00] [Client thread/INFO] [STDOUT]: [com.layue13.clashweave.validation.ClientReplay:viewReplay:254]: P0_VIEW COMPLETE nano=30296599261900
[15:18:01] [Client thread/INFO] [STDOUT]: [com.layue13.clashweave.validation.ClientReplay:viewReplay:254]: P0_VIEW COMPLETE nano=30296648647100
[15:18:01] [Client thread/INFO] [STDOUT]: [com.layue13.clashweave.validation.ClientReplay:viewReplay:254]: P0_VIEW COMPLETE nano=30296698559100
[15:18:01] [Client thread/INFO] [STDOUT]: [com.layue13.clashweave.validation.ClientReplay:viewReplay:254]: P0_VIEW COMPLETE nano=30296748728200
[15:18:01] [Client thread/INFO] [STDOUT]: [com.layue13.clashweave.validation.ClientReplay:viewReplay:254]: P0_VIEW COMPLETE nano=30296799161200
[15:18:01] [Client thread/INFO] [STDOUT]: [com.layue13.clashweave.validation.ClientReplay:viewReplay:254]: P0_VIEW COMPLETE nano=30296848545900
[15:18:01] [Client thread/INFO] [STDOUT]: [com.layue13.clashweave.validation.ClientReplay:viewReplay:254]: P0_VIEW COMPLETE nano=30296898987200
[15:18:01] [Client thread/INFO] [STDOUT]: [com.layue13.clashweave.validation.ClientReplay:viewReplay:254]: P0_VIEW COMPLETE nano=30296949006400
[15:18:01] [Client thread/INFO] [STDOUT]: [com.layue13.clashweave.validation.ClientReplay:viewReplay:254]: P0_VIEW COMPLETE nano=30296999206400
[15:18:01] [Client thread/INFO] [STDOUT]: [com.layue13.clashweave.validation.ClientReplay:viewReplay:254]: P0_VIEW COMPLETE nano=30297048816400
[15:18:01] [Client thread/INFO] [STDOUT]: [com.layue13.clashweave.validation.ClientReplay:viewReplay:254]: P0_VIEW COMPLETE nano=30297099108400
[15:18:01] [Client thread/INFO] [STDOUT]: [com.layue13.clashweave.validation.ClientReplay:viewReplay:254]: P0_VIEW COMPLETE nano=30297148744500
[15:18:01] [Client thread/INFO] [STDOUT]: [com.layue13.clashweave.validation.ClientReplay:viewReplay:254]: P0_VIEW COMPLETE nano=30297198542700
[15:18:01] [Client thread/INFO] [STDOUT]: [com.layue13.clashweave.validation.ClientReplay:viewReplay:254]: P0_VIEW COMPLETE nano=30297248754300
[15:18:01] [Client thread/INFO] [STDOUT]: [com.layue13.clashweave.validation.ClientReplay:viewReplay:254]: P0_VIEW COMPLETE nano=30297298981700
[15:18:01] [Client thread/INFO] [STDOUT]: [com.layue13.clashweave.validation.ClientReplay:viewReplay:254]: P0_VIEW COMPLETE nano=30297348638100
[15:18:01] [Client thread/INFO] [STDOUT]: [com.layue13.clashweave.validation.ClientReplay:viewReplay:254]: P0_VIEW COMPLETE nano=30297399377600
[15:18:01] [Client thread/INFO] [STDOUT]: [com.layue13.clashweave.validation.ClientReplay:viewReplay:254]: P0_VIEW COMPLETE nano=30297449843400
