# Log excerpt; complete raw log retained locally under build/p0/runs.
# Original lines: 1607
# Marker counts: {'ERROR': 3, 'CW_RENDER': 1, 'Exception': 2, 'P0_AUDIO': 64, 'CW_VIEW': 1, 'CW_ENGAGEMENT': 2, 'P0_VIEW_SEQUENCE': 40, 'CW_LOCAL_SWING': 20, 'P0_REQUEST': 61, 'CW_ALIGN': 20, 'P0_VIEW_START': 61, 'CW_FEEDBACK': 63, 'CW_FRAME': 63, 'P0_VIEW': 1089}
[15:14:13] [main/ERROR] [FML]: The binary patch set is missing. Either you are in a development environment, or things are not going to work!
[15:14:13] [main/ERROR] [FML]: FML appears to be missing any signature data. This is not a good thing
This is just a prompt for computer specs to be printed. THIS IS NOT A ERROR
[15:14:17] [Client thread/INFO] [STDOUT]: [com.layue13.clashweave.client.KatanaRendering:load:42]: CW_RENDER models loaded units=block blade=+Y sheath=downwardBipedY angle=45.0
[15:14:17] [Forge Version Check/INFO] [STDERR]: [java.lang.Throwable$WrappedPrintStream:println:749]: com.google.gson.JsonSyntaxException: java.lang.IllegalStateException: Expected BEGIN_OBJECT but was STRING at line 1 column 1
[15:14:17] [Forge Version Check/INFO] [STDERR]: [java.lang.Throwable$WrappedPrintStream:println:749]: Caused by: java.lang.IllegalStateException: Expected BEGIN_OBJECT but was STRING at line 1 column 1
[15:14:17] [Client thread/INFO] [STDOUT]: [com.layue13.clashweave.validation.ClientReplay:<init>:64]: P0_AUDIO initial loader settled
[15:14:23] [Client thread/INFO] [STDOUT]: [com.layue13.clashweave.client.ViewPreservingCorrections$Preserved:processPacket:75]: CW_VIEW packet=1 yawDelta=0.0 pitchDelta=0.0 requestedYawDelta=0.0 requestedPitchDelta=0.0 nano=30078819135600
[15:14:23] [Client thread/INFO] [STDOUT]: [com.layue13.clashweave.client.ClientProxy:apply:215]: CW_ENGAGEMENT player=P0A engaged=false revision=1 tick=182 receive=30078820624200
[15:14:31] [Client thread/INFO] [STDOUT]: [com.layue13.clashweave.client.ClientProxy:apply:215]: CW_ENGAGEMENT player=P0A engaged=true revision=3 tick=382 receive=30087537987000
[15:14:36] [Client thread/INFO] [STDOUT]: [com.layue13.clashweave.validation.ClientReplay:viewReplay:245]: P0_VIEW_SEQUENCE begin=1 nano=30092621031400
[15:14:36] [Client thread/INFO] [STDOUT]: [com.layue13.clashweave.client.ClientProxy:send:147]: CW_LOCAL_SWING seq=3 press=30092621989900 feedback=30092622201600
[15:14:36] [Client thread/INFO] [STDOUT]: [com.layue13.clashweave.validation.ClientReplay:request:260]: P0_REQUEST intent=LIGHT yaw=4.0381455 pitch=-0.27027243 nano=30092622481500
[15:14:37] [Client thread/INFO] [STDOUT]: [com.layue13.clashweave.client.ClientProxy:apply:229]: CW_ALIGN player=P0A seq=3 predicted=0 authoritative=0 sameAction=true
[15:14:37] [Client thread/INFO] [STDOUT]: [com.layue13.clashweave.validation.ClientReplay:viewReplay:224]: P0_VIEW_START sequence=1 instance=1 yawDelta=0.0 pitchDelta=0.0 yaw=4.0381455 pitch=-0.27027243 nano=30092671185100
[15:14:37] [Client thread/INFO] [STDOUT]: [com.layue13.clashweave.client.ClientProxy:apply:274]: CW_FEEDBACK player=P0A result=HIT frozen=30092910322400 receive=30092920776100 corrections=0
[15:14:37] [Client thread/INFO] [STDOUT]: [com.layue13.clashweave.validation.ClientReplay:audio:357]: P0_AUDIO source=random.successful_hit frozen=30092910322400 nano=30092921143900
[15:14:37] [Client thread/INFO] [STDOUT]: [com.layue13.clashweave.client.ClientProxy:hud:341]: CW_FRAME frozen=30092910322400 frame=30092924705200
[15:14:37] [Client thread/INFO] [STDOUT]: [com.layue13.clashweave.validation.ClientReplay:request:260]: P0_REQUEST intent=LIGHT yaw=5.3651795 pitch=-0.49550864 nano=30092970975600
[15:14:37] [Client thread/INFO] [STDOUT]: [com.layue13.clashweave.validation.ClientReplay:viewReplay:224]: P0_VIEW_START sequence=1 instance=2 yawDelta=0.0 pitchDelta=0.0 yaw=5.5419836 pitch=-0.5326178 nano=30093071252400
[15:14:37] [Client thread/INFO] [STDOUT]: [com.layue13.clashweave.client.ClientProxy:apply:274]: CW_FEEDBACK player=P0A result=HIT frozen=30092910603600 receive=30093123190700 corrections=0
[15:14:37] [Client thread/INFO] [STDOUT]: [com.layue13.clashweave.validation.ClientReplay:audio:357]: P0_AUDIO source=random.successful_hit frozen=30092910603600 nano=30093123481200
[15:14:37] [Client thread/INFO] [STDOUT]: [com.layue13.clashweave.client.ClientProxy:hud:341]: CW_FRAME frozen=30092910603600 frame=30093124038800
[15:14:37] [Client thread/INFO] [STDOUT]: [com.layue13.clashweave.client.ClientProxy:apply:274]: CW_FEEDBACK player=P0A result=HIT frozen=30093260628500 receive=30093271609900 corrections=0
[15:14:37] [Client thread/INFO] [STDOUT]: [com.layue13.clashweave.validation.ClientReplay:audio:357]: P0_AUDIO source=random.successful_hit frozen=30093260628500 nano=30093271966300
[15:14:37] [Client thread/INFO] [STDOUT]: [com.layue13.clashweave.client.ClientProxy:hud:341]: CW_FRAME frozen=30093260628500 frame=30093272535200
[15:14:37] [Client thread/INFO] [STDOUT]: [com.layue13.clashweave.validation.ClientReplay:request:260]: P0_REQUEST intent=LIGHT yaw=6.5248876 pitch=-0.7789173 nano=30093320933800
[15:14:37] [Client thread/INFO] [STDOUT]: [com.layue13.clashweave.validation.ClientReplay:viewReplay:224]: P0_VIEW_START sequence=1 instance=3 yawDelta=0.0 pitchDelta=0.0 yaw=6.6747622 pitch=-0.8236685 nano=30093421259700
[15:14:37] [Client thread/INFO] [STDOUT]: [com.layue13.clashweave.client.ClientProxy:apply:274]: CW_FEEDBACK player=P0A result=HIT frozen=30093260898700 receive=30093470916600 corrections=0
[15:14:37] [Client thread/INFO] [STDOUT]: [com.layue13.clashweave.validation.ClientReplay:audio:357]: P0_AUDIO source=random.successful_hit frozen=30093260898700 nano=30093471728300
[15:14:37] [Client thread/INFO] [STDOUT]: [com.layue13.clashweave.client.ClientProxy:hud:341]: CW_FRAME frozen=30093260898700 frame=30093472341100
[15:14:37] [Client thread/INFO] [STDOUT]: [com.layue13.clashweave.client.ClientProxy:apply:274]: CW_FEEDBACK player=P0A result=HIT frozen=30093559586900 receive=30093570822100 corrections=0
[15:14:37] [Client thread/INFO] [STDOUT]: [com.layue13.clashweave.validation.ClientReplay:audio:357]: P0_AUDIO source=random.successful_hit frozen=30093559586900 nano=30093571123500
[15:14:37] [Client thread/INFO] [STDOUT]: [com.layue13.clashweave.client.ClientProxy:hud:341]: CW_FRAME frozen=30093559586900 frame=30093571707200
[15:14:37] [Client thread/INFO] [STDOUT]: [com.layue13.clashweave.validation.ClientReplay:request:260]: P0_REQUEST intent=LIGHT yaw=7.35873 pitch=-1.06162 nano=30093621184500
[15:14:38] [Client thread/INFO] [STDOUT]: [com.layue13.clashweave.validation.ClientReplay:viewReplay:224]: P0_VIEW_START sequence=1 instance=4 yawDelta=0.0 pitchDelta=0.0 yaw=7.4818435 pitch=-1.1118412 nano=30093721048400
[15:14:38] [Client thread/INFO] [STDOUT]: [com.layue13.clashweave.client.ClientProxy:apply:274]: CW_FEEDBACK player=P0A result=HIT frozen=30093910120200 receive=30093921010500 corrections=0
[15:14:38] [Client thread/INFO] [STDOUT]: [com.layue13.clashweave.validation.ClientReplay:audio:357]: P0_AUDIO source=random.successful_hit frozen=30093910120200 nano=30093921305500
[15:14:38] [Client thread/INFO] [STDOUT]: [com.layue13.clashweave.client.ClientProxy:hud:341]: CW_FRAME frozen=30093910120200 frame=30093921868100
[15:14:38] [Client thread/INFO] [STDOUT]: [com.layue13.clashweave.validation.ClientReplay:viewReplay:237]: P0_VIEW_SEQUENCE completed=1 nano=30094421447700
[15:14:38] [Client thread/INFO] [STDOUT]: [com.layue13.clashweave.validation.ClientReplay:viewReplay:245]: P0_VIEW_SEQUENCE begin=2 nano=30094620985300
[15:14:38] [Client thread/INFO] [STDOUT]: [com.layue13.clashweave.client.ClientProxy:send:147]: CW_LOCAL_SWING seq=11 press=30094621252800 feedback=30094621388300
[15:14:38] [Client thread/INFO] [STDOUT]: [com.layue13.clashweave.validation.ClientReplay:request:260]: P0_REQUEST intent=LIGHT yaw=8.850097 pitch=-2.1806195 nano=30094621554500
[15:14:39] [Client thread/INFO] [STDOUT]: [com.layue13.clashweave.client.ClientProxy:apply:229]: CW_ALIGN player=P0A seq=11 predicted=0 authoritative=0 sameAction=true
[15:14:39] [Client thread/INFO] [STDOUT]: [com.layue13.clashweave.validation.ClientReplay:viewReplay:224]: P0_VIEW_START sequence=2 instance=5 yawDelta=0.0 pitchDelta=0.0 yaw=8.850097 pitch=-2.1806195 nano=30094671815200
[15:14:39] [Client thread/INFO] [STDOUT]: [com.layue13.clashweave.client.ClientProxy:apply:274]: CW_FEEDBACK player=P0A result=HIT frozen=30094858872800 receive=30094887924600 corrections=0
[15:14:39] [Client thread/INFO] [STDOUT]: [com.layue13.clashweave.validation.ClientReplay:audio:357]: P0_AUDIO source=random.successful_hit frozen=30094858872800 nano=30094888216500
[15:14:39] [Client thread/INFO] [STDOUT]: [com.layue13.clashweave.client.ClientProxy:hud:341]: CW_FRAME frozen=30094858872800 frame=30094888769300
[15:14:39] [Client thread/INFO] [STDOUT]: [com.layue13.clashweave.validation.ClientReplay:request:260]: P0_REQUEST intent=LIGHT yaw=8.856361 pitch=-2.6000917 nano=30094988078100
[15:14:39] [Client thread/INFO] [STDOUT]: [com.layue13.clashweave.validation.ClientReplay:viewReplay:224]: P0_VIEW_START sequence=2 instance=6 yawDelta=0.0 pitchDelta=0.0 yaw=8.856361 pitch=-2.6000917 nano=30095037904300
[15:14:39] [Client thread/INFO] [STDOUT]: [com.layue13.clashweave.client.ClientProxy:apply:274]: CW_FEEDBACK player=P0A result=HIT frozen=30095159521300 receive=30095187960400 corrections=0
[15:14:39] [Client thread/INFO] [STDOUT]: [com.layue13.clashweave.validation.ClientReplay:audio:357]: P0_AUDIO source=random.successful_hit frozen=30095159521300 nano=30095188237600
[15:14:39] [Client thread/INFO] [STDOUT]: [com.layue13.clashweave.client.ClientProxy:hud:341]: CW_FRAME frozen=30095159521300 frame=30095188718900
[15:14:39] [Client thread/INFO] [STDOUT]: [com.layue13.clashweave.validation.ClientReplay:request:260]: P0_REQUEST intent=LIGHT yaw=8.692776 pitch=-2.8967137 nano=30095238692400
[15:14:39] [Client thread/INFO] [STDOUT]: [com.layue13.clashweave.validation.ClientReplay:viewReplay:224]: P0_VIEW_START sequence=2 instance=7 yawDelta=0.0 pitchDelta=0.0 yaw=8.643451 pitch=-2.9552543 nano=30095337716400
[15:14:39] [Client thread/INFO] [STDOUT]: [com.layue13.clashweave.client.ClientProxy:apply:274]: CW_FEEDBACK player=P0A result=HIT frozen=30095508029400 receive=30095538296100 corrections=0
[15:14:39] [Client thread/INFO] [STDOUT]: [com.layue13.clashweave.validation.ClientReplay:audio:357]: P0_AUDIO source=random.successful_hit frozen=30095508029400 nano=30095538689400
[15:14:39] [Client thread/INFO] [STDOUT]: [com.layue13.clashweave.client.ClientProxy:hud:341]: CW_FRAME frozen=30095508029400 frame=30095539357700
[15:14:40] [Client thread/INFO] [STDOUT]: [com.layue13.clashweave.validation.ClientReplay:viewReplay:237]: P0_VIEW_SEQUENCE completed=2 nano=30096037829900
[15:14:40] [Client thread/INFO] [STDOUT]: [com.layue13.clashweave.validation.ClientReplay:viewReplay:245]: P0_VIEW_SEQUENCE begin=3 nano=30096138063000
[15:14:40] [Client thread/INFO] [STDOUT]: [com.layue13.clashweave.client.ClientProxy:send:147]: CW_LOCAL_SWING seq=17 press=30096138334100 feedback=30096138487800
[15:14:40] [Client thread/INFO] [STDOUT]: [com.layue13.clashweave.validation.ClientReplay:request:260]: P0_REQUEST intent=LIGHT yaw=7.0057817 pitch=-3.8685834 nano=30096138683000
[15:14:40] [Client thread/INFO] [STDOUT]: [com.layue13.clashweave.client.ClientProxy:apply:229]: CW_ALIGN player=P0A seq=17 predicted=0 authoritative=0 sameAction=true
[15:14:40] [Client thread/INFO] [STDOUT]: [com.layue13.clashweave.validation.ClientReplay:viewReplay:224]: P0_VIEW_START sequence=3 instance=8 yawDelta=0.0 pitchDelta=0.0 yaw=7.0057817 pitch=-3.8685834 nano=30096188107800
[15:14:40] [Client thread/INFO] [STDOUT]: [com.layue13.clashweave.client.ClientProxy:apply:274]: CW_FEEDBACK player=P0A result=HIT frozen=30096358608700 receive=30096387763000 corrections=0
[15:14:40] [Client thread/INFO] [STDOUT]: [com.layue13.clashweave.validation.ClientReplay:audio:357]: P0_AUDIO source=random.successful_hit frozen=30096358608700 nano=30096388051200
[15:14:40] [Client thread/INFO] [STDOUT]: [com.layue13.clashweave.client.ClientProxy:hud:341]: CW_FRAME frozen=30096358608700 frame=30096388745500
[15:14:40] [Client thread/INFO] [STDOUT]: [com.layue13.clashweave.validation.ClientReplay:request:260]: P0_REQUEST intent=LIGHT yaw=6.1027975 pitch=-4.135757 nano=30096438295500
[15:14:40] [Client thread/INFO] [STDOUT]: [com.layue13.clashweave.validation.ClientReplay:viewReplay:224]: P0_VIEW_START sequence=3 instance=9 yawDelta=0.0 pitchDelta=0.0 yaw=5.9381332 pitch=-4.1766458 nano=30096538151300
[15:14:41] [Client thread/INFO] [STDOUT]: [com.layue13.clashweave.client.ClientProxy:apply:274]: CW_FEEDBACK player=P0A result=HIT frozen=30096658889600 receive=30096688080200 corrections=0
[15:14:41] [Client thread/INFO] [STDOUT]: [com.layue13.clashweave.validation.ClientReplay:audio:357]: P0_AUDIO source=random.successful_hit frozen=30096658889600 nano=30096688391500
[15:14:41] [Client thread/INFO] [STDOUT]: [com.layue13.clashweave.client.ClientProxy:hud:341]: CW_FRAME frozen=30096658889600 frame=30096688926400
[15:14:41] [Client thread/INFO] [STDOUT]: [com.layue13.clashweave.validation.ClientReplay:request:260]: P0_REQUEST intent=LIGHT yaw=5.0602307 pitch=-4.363946 nano=30096737894800
[15:14:41] [Client thread/INFO] [STDOUT]: [com.layue13.clashweave.validation.ClientReplay:viewReplay:224]: P0_VIEW_START sequence=3 instance=10 yawDelta=0.0 pitchDelta=0.0 yaw=4.874502 pitch=-4.3978133 nano=30096837908200
[15:14:41] [Client thread/INFO] [STDOUT]: [com.layue13.clashweave.client.ClientProxy:apply:274]: CW_FEEDBACK player=P0A result=HIT frozen=30097009045600 receive=30097037875600 corrections=0
[15:14:41] [Client thread/INFO] [STDOUT]: [com.layue13.clashweave.client.ClientProxy:hud:341]: CW_FRAME frozen=30097009045600 frame=30097038571500
[15:14:41] [Client thread/INFO] [STDOUT]: [com.layue13.clashweave.validation.ClientReplay:viewReplay:237]: P0_VIEW_SEQUENCE completed=3 nano=30097538469800
[15:14:42] [Client thread/INFO] [STDOUT]: [com.layue13.clashweave.validation.ClientReplay:viewReplay:245]: P0_VIEW_SEQUENCE begin=4 nano=30097637671500
[15:14:42] [Client thread/INFO] [STDOUT]: [com.layue13.clashweave.client.ClientProxy:send:147]: CW_LOCAL_SWING seq=23 press=30097637920200 feedback=30097638052700
[15:14:42] [Client thread/INFO] [STDOUT]: [com.layue13.clashweave.validation.ClientReplay:request:260]: P0_REQUEST intent=LIGHT yaw=1.3416356 pitch=-4.7684064 nano=30097638316100
[15:14:42] [Client thread/INFO] [STDOUT]: [com.layue13.clashweave.client.ClientProxy:apply:229]: CW_ALIGN player=P0A seq=23 predicted=0 authoritative=0 sameAction=true
[15:14:42] [Client thread/INFO] [STDOUT]: [com.layue13.clashweave.validation.ClientReplay:viewReplay:224]: P0_VIEW_START sequence=4 instance=11 yawDelta=0.0 pitchDelta=0.0 yaw=1.3416356 pitch=-4.7684064 nano=30097688117500
[15:14:42] [Client thread/INFO] [STDOUT]: [com.layue13.clashweave.validation.ClientReplay:request:260]: P0_REQUEST intent=LIGHT yaw=-0.002000466 pitch=-4.7997575 nano=30097938451700
[15:14:42] [Client thread/INFO] [STDOUT]: [com.layue13.clashweave.validation.ClientReplay:viewReplay:224]: P0_VIEW_START sequence=4 instance=12 yawDelta=0.0 pitchDelta=0.0 yaw=-0.22700046 pitch=-4.799744 nano=30098038389200
[15:14:43] [Client thread/INFO] [STDOUT]: [com.layue13.clashweave.validation.ClientReplay:viewReplay:237]: P0_VIEW_SEQUENCE completed=4 nano=30099037601700
[15:14:43] [Client thread/INFO] [STDOUT]: [com.layue13.clashweave.validation.ClientReplay:viewReplay:245]: P0_VIEW_SEQUENCE begin=5 nano=30099137533000
[15:14:43] [Client thread/INFO] [STDOUT]: [com.layue13.clashweave.client.ClientProxy:send:147]: CW_LOCAL_SWING seq=29 press=30099137805300 feedback=30099137948100
[15:14:43] [Client thread/INFO] [STDOUT]: [com.layue13.clashweave.client.ClientProxy:apply:229]: CW_ALIGN player=P0A seq=29 predicted=0 authoritative=0 sameAction=true
[15:14:44] [Client thread/INFO] [STDOUT]: [com.layue13.clashweave.validation.ClientReplay:viewReplay:237]: P0_VIEW_SEQUENCE completed=5 nano=30100537616300
[15:14:45] [Client thread/INFO] [STDOUT]: [com.layue13.clashweave.validation.ClientReplay:viewReplay:245]: P0_VIEW_SEQUENCE begin=6 nano=30100638410600
[15:14:45] [Client thread/INFO] [STDOUT]: [com.layue13.clashweave.client.ClientProxy:send:147]: CW_LOCAL_SWING seq=35 press=30100638672500 feedback=30100638832600
[15:14:45] [Client thread/INFO] [STDOUT]: [com.layue13.clashweave.client.ClientProxy:apply:229]: CW_ALIGN player=P0A seq=35 predicted=0 authoritative=0 sameAction=true
[15:14:46] [Client thread/INFO] [STDOUT]: [com.layue13.clashweave.validation.ClientReplay:viewReplay:237]: P0_VIEW_SEQUENCE completed=6 nano=30102037887800
[15:14:46] [Client thread/INFO] [STDOUT]: [com.layue13.clashweave.client.ClientProxy:send:147]: CW_LOCAL_SWING seq=41 press=30102138218900 feedback=30102138351900
[15:14:46] [Client thread/INFO] [STDOUT]: [com.layue13.clashweave.client.ClientProxy:apply:229]: CW_ALIGN player=P0A seq=41 predicted=0 authoritative=0 sameAction=true
[15:14:48] [Client thread/INFO] [STDOUT]: [com.layue13.clashweave.client.ClientProxy:send:147]: CW_LOCAL_SWING seq=47 press=30103638703100 feedback=30103638827700
[15:14:48] [Client thread/INFO] [STDOUT]: [com.layue13.clashweave.client.ClientProxy:apply:229]: CW_ALIGN player=P0A seq=47 predicted=0 authoritative=0 sameAction=true
[15:14:49] [Client thread/INFO] [STDOUT]: [com.layue13.clashweave.client.ClientProxy:send:147]: CW_LOCAL_SWING seq=53 press=30105138345600 feedback=30105138487500
[15:14:49] [Client thread/INFO] [STDOUT]: [com.layue13.clashweave.client.ClientProxy:apply:229]: CW_ALIGN player=P0A seq=53 predicted=0 authoritative=0 sameAction=true
[15:14:51] [Client thread/INFO] [STDOUT]: [com.layue13.clashweave.client.ClientProxy:send:147]: CW_LOCAL_SWING seq=59 press=30106637953900 feedback=30106638077100
[15:14:51] [Client thread/INFO] [STDOUT]: [com.layue13.clashweave.client.ClientProxy:apply:229]: CW_ALIGN player=P0A seq=59 predicted=0 authoritative=0 sameAction=true
[15:14:52] [Client thread/INFO] [STDOUT]: [com.layue13.clashweave.client.ClientProxy:send:147]: CW_LOCAL_SWING seq=65 press=30108138598300 feedback=30108138705100
[15:14:52] [Client thread/INFO] [STDOUT]: [com.layue13.clashweave.client.ClientProxy:apply:229]: CW_ALIGN player=P0A seq=65 predicted=0 authoritative=0 sameAction=true
[15:14:54] [Client thread/INFO] [STDOUT]: [com.layue13.clashweave.client.ClientProxy:send:147]: CW_LOCAL_SWING seq=71 press=30109638048200 feedback=30109638183700
[15:14:54] [Client thread/INFO] [STDOUT]: [com.layue13.clashweave.client.ClientProxy:apply:229]: CW_ALIGN player=P0A seq=71 predicted=0 authoritative=0 sameAction=true
[15:15:07] [Client thread/INFO] [STDOUT]: [com.layue13.clashweave.validation.ClientReplay:viewReplay:254]: P0_VIEW COMPLETE nano=30123037953800
[15:15:07] [Client thread/INFO] [STDOUT]: [com.layue13.clashweave.validation.ClientReplay:viewReplay:254]: P0_VIEW COMPLETE nano=30123087737000
[15:15:07] [Client thread/INFO] [STDOUT]: [com.layue13.clashweave.validation.ClientReplay:viewReplay:254]: P0_VIEW COMPLETE nano=30123138341600
[15:15:07] [Client thread/INFO] [STDOUT]: [com.layue13.clashweave.validation.ClientReplay:viewReplay:254]: P0_VIEW COMPLETE nano=30123187593200
[15:15:07] [Client thread/INFO] [STDOUT]: [com.layue13.clashweave.validation.ClientReplay:viewReplay:254]: P0_VIEW COMPLETE nano=30123237687300
[15:15:07] [Client thread/INFO] [STDOUT]: [com.layue13.clashweave.validation.ClientReplay:viewReplay:254]: P0_VIEW COMPLETE nano=30123287980700
[15:15:07] [Client thread/INFO] [STDOUT]: [com.layue13.clashweave.validation.ClientReplay:viewReplay:254]: P0_VIEW COMPLETE nano=30123337880300
[15:15:07] [Client thread/INFO] [STDOUT]: [com.layue13.clashweave.validation.ClientReplay:viewReplay:254]: P0_VIEW COMPLETE nano=30123387971500
[15:15:07] [Client thread/INFO] [STDOUT]: [com.layue13.clashweave.validation.ClientReplay:viewReplay:254]: P0_VIEW COMPLETE nano=30123437676700
[15:15:07] [Client thread/INFO] [STDOUT]: [com.layue13.clashweave.validation.ClientReplay:viewReplay:254]: P0_VIEW COMPLETE nano=30123488059100
[15:15:07] [Client thread/INFO] [STDOUT]: [com.layue13.clashweave.validation.ClientReplay:viewReplay:254]: P0_VIEW COMPLETE nano=30123537548100
[15:15:07] [Client thread/INFO] [STDOUT]: [com.layue13.clashweave.validation.ClientReplay:viewReplay:254]: P0_VIEW COMPLETE nano=30123587908400
[15:15:08] [Client thread/INFO] [STDOUT]: [com.layue13.clashweave.validation.ClientReplay:viewReplay:254]: P0_VIEW COMPLETE nano=30123638970700
[15:15:08] [Client thread/INFO] [STDOUT]: [com.layue13.clashweave.validation.ClientReplay:viewReplay:254]: P0_VIEW COMPLETE nano=30123687838400
[15:15:08] [Client thread/INFO] [STDOUT]: [com.layue13.clashweave.validation.ClientReplay:viewReplay:254]: P0_VIEW COMPLETE nano=30123737800700
[15:15:08] [Client thread/INFO] [STDOUT]: [com.layue13.clashweave.validation.ClientReplay:viewReplay:254]: P0_VIEW COMPLETE nano=30123788158600
[15:15:08] [Client thread/INFO] [STDOUT]: [com.layue13.clashweave.validation.ClientReplay:viewReplay:254]: P0_VIEW COMPLETE nano=30123837703000
[15:15:08] [Client thread/INFO] [STDOUT]: [com.layue13.clashweave.validation.ClientReplay:viewReplay:254]: P0_VIEW COMPLETE nano=30123888028400
[15:15:08] [Client thread/INFO] [STDOUT]: [com.layue13.clashweave.validation.ClientReplay:viewReplay:254]: P0_VIEW COMPLETE nano=30123938152400
[15:15:08] [Client thread/INFO] [STDOUT]: [com.layue13.clashweave.validation.ClientReplay:viewReplay:254]: P0_VIEW COMPLETE nano=30123988176300
[15:15:08] [Client thread/INFO] [STDOUT]: [com.layue13.clashweave.validation.ClientReplay:viewReplay:254]: P0_VIEW COMPLETE nano=30124037672000
[15:15:08] [Client thread/INFO] [STDOUT]: [com.layue13.clashweave.validation.ClientReplay:viewReplay:254]: P0_VIEW COMPLETE nano=30124088059000
[15:15:08] [Client thread/INFO] [STDOUT]: [com.layue13.clashweave.validation.ClientReplay:viewReplay:254]: P0_VIEW COMPLETE nano=30124137803500
[15:15:08] [Client thread/INFO] [STDOUT]: [com.layue13.clashweave.validation.ClientReplay:viewReplay:254]: P0_VIEW COMPLETE nano=30124188267700
[15:15:08] [Client thread/INFO] [STDOUT]: [com.layue13.clashweave.validation.ClientReplay:viewReplay:254]: P0_VIEW COMPLETE nano=30124238344100
[15:15:08] [Client thread/INFO] [STDOUT]: [com.layue13.clashweave.validation.ClientReplay:viewReplay:254]: P0_VIEW COMPLETE nano=30124288468700
[15:15:08] [Client thread/INFO] [STDOUT]: [com.layue13.clashweave.validation.ClientReplay:viewReplay:254]: P0_VIEW COMPLETE nano=30124337970500
[15:15:08] [Client thread/INFO] [STDOUT]: [com.layue13.clashweave.validation.ClientReplay:viewReplay:254]: P0_VIEW COMPLETE nano=30124387785600
[15:15:08] [Client thread/INFO] [STDOUT]: [com.layue13.clashweave.validation.ClientReplay:viewReplay:254]: P0_VIEW COMPLETE nano=30124437813600
[15:15:08] [Client thread/INFO] [STDOUT]: [com.layue13.clashweave.validation.ClientReplay:viewReplay:254]: P0_VIEW COMPLETE nano=30124490346500
[15:15:08] [Client thread/INFO] [STDOUT]: [com.layue13.clashweave.validation.ClientReplay:viewReplay:254]: P0_VIEW COMPLETE nano=30124538257300
[15:15:08] [Client thread/INFO] [STDOUT]: [com.layue13.clashweave.validation.ClientReplay:viewReplay:254]: P0_VIEW COMPLETE nano=30124587715800
[15:15:09] [Client thread/INFO] [STDOUT]: [com.layue13.clashweave.validation.ClientReplay:viewReplay:254]: P0_VIEW COMPLETE nano=30124638201900
[15:15:09] [Client thread/INFO] [STDOUT]: [com.layue13.clashweave.validation.ClientReplay:viewReplay:254]: P0_VIEW COMPLETE nano=30124688391100
[15:15:09] [Client thread/INFO] [STDOUT]: [com.layue13.clashweave.validation.ClientReplay:viewReplay:254]: P0_VIEW COMPLETE nano=30124737942000
[15:15:09] [Client thread/INFO] [STDOUT]: [com.layue13.clashweave.validation.ClientReplay:viewReplay:254]: P0_VIEW COMPLETE nano=30124787980900
[15:15:09] [Client thread/INFO] [STDOUT]: [com.layue13.clashweave.validation.ClientReplay:viewReplay:254]: P0_VIEW COMPLETE nano=30124837655300
[15:15:09] [Client thread/INFO] [STDOUT]: [com.layue13.clashweave.validation.ClientReplay:viewReplay:254]: P0_VIEW COMPLETE nano=30124888176800
[15:15:09] [Client thread/INFO] [STDOUT]: [com.layue13.clashweave.validation.ClientReplay:viewReplay:254]: P0_VIEW COMPLETE nano=30124938626700
[15:15:09] [Client thread/INFO] [STDOUT]: [com.layue13.clashweave.validation.ClientReplay:viewReplay:254]: P0_VIEW COMPLETE nano=30124987924700
[15:15:09] [Client thread/INFO] [STDOUT]: [com.layue13.clashweave.validation.ClientReplay:viewReplay:254]: P0_VIEW COMPLETE nano=30125037819100
[15:15:09] [Client thread/INFO] [STDOUT]: [com.layue13.clashweave.validation.ClientReplay:viewReplay:254]: P0_VIEW COMPLETE nano=30125088058600
[15:15:09] [Client thread/INFO] [STDOUT]: [com.layue13.clashweave.validation.ClientReplay:viewReplay:254]: P0_VIEW COMPLETE nano=30125137590500
[15:15:09] [Client thread/INFO] [STDOUT]: [com.layue13.clashweave.validation.ClientReplay:viewReplay:254]: P0_VIEW COMPLETE nano=30125188294400
[15:15:09] [Client thread/INFO] [STDOUT]: [com.layue13.clashweave.validation.ClientReplay:viewReplay:254]: P0_VIEW COMPLETE nano=30125237686000
[15:15:09] [Client thread/INFO] [STDOUT]: [com.layue13.clashweave.validation.ClientReplay:viewReplay:254]: P0_VIEW COMPLETE nano=30125288337300
[15:15:09] [Client thread/INFO] [STDOUT]: [com.layue13.clashweave.validation.ClientReplay:viewReplay:254]: P0_VIEW COMPLETE nano=30125338193400
[15:15:09] [Client thread/INFO] [STDOUT]: [com.layue13.clashweave.validation.ClientReplay:viewReplay:254]: P0_VIEW COMPLETE nano=30125388477700
[15:15:09] [Client thread/INFO] [STDOUT]: [com.layue13.clashweave.validation.ClientReplay:viewReplay:254]: P0_VIEW COMPLETE nano=30125437632700
[15:15:09] [Client thread/INFO] [STDOUT]: [com.layue13.clashweave.validation.ClientReplay:viewReplay:254]: P0_VIEW COMPLETE nano=30125487736300
[15:15:09] [Client thread/INFO] [STDOUT]: [com.layue13.clashweave.validation.ClientReplay:viewReplay:254]: P0_VIEW COMPLETE nano=30125537639200
[15:15:09] [Client thread/INFO] [STDOUT]: [com.layue13.clashweave.validation.ClientReplay:viewReplay:254]: P0_VIEW COMPLETE nano=30125587814800
[15:15:10] [Client thread/INFO] [STDOUT]: [com.layue13.clashweave.validation.ClientReplay:viewReplay:254]: P0_VIEW COMPLETE nano=30125637915000
[15:15:10] [Client thread/INFO] [STDOUT]: [com.layue13.clashweave.validation.ClientReplay:viewReplay:254]: P0_VIEW COMPLETE nano=30125687923700
[15:15:10] [Client thread/INFO] [STDOUT]: [com.layue13.clashweave.validation.ClientReplay:viewReplay:254]: P0_VIEW COMPLETE nano=30125737827500
[15:15:10] [Client thread/INFO] [STDOUT]: [com.layue13.clashweave.validation.ClientReplay:viewReplay:254]: P0_VIEW COMPLETE nano=30125788266300
[15:15:10] [Client thread/INFO] [STDOUT]: [com.layue13.clashweave.validation.ClientReplay:viewReplay:254]: P0_VIEW COMPLETE nano=30125837974000
[15:15:10] [Client thread/INFO] [STDOUT]: [com.layue13.clashweave.validation.ClientReplay:viewReplay:254]: P0_VIEW COMPLETE nano=30125887717200
[15:15:10] [Client thread/INFO] [STDOUT]: [com.layue13.clashweave.validation.ClientReplay:viewReplay:254]: P0_VIEW COMPLETE nano=30125937857800
[15:15:10] [Client thread/INFO] [STDOUT]: [com.layue13.clashweave.validation.ClientReplay:viewReplay:254]: P0_VIEW COMPLETE nano=30125988390300
[15:15:10] [Client thread/INFO] [STDOUT]: [com.layue13.clashweave.validation.ClientReplay:viewReplay:254]: P0_VIEW COMPLETE nano=30126037585000
[15:15:10] [Client thread/INFO] [STDOUT]: [com.layue13.clashweave.validation.ClientReplay:viewReplay:254]: P0_VIEW COMPLETE nano=30126088151800
[15:15:10] [Client thread/INFO] [STDOUT]: [com.layue13.clashweave.validation.ClientReplay:viewReplay:254]: P0_VIEW COMPLETE nano=30126137765200
[15:15:10] [Client thread/INFO] [STDOUT]: [com.layue13.clashweave.validation.ClientReplay:viewReplay:254]: P0_VIEW COMPLETE nano=30126187589000
[15:15:10] [Client thread/INFO] [STDOUT]: [com.layue13.clashweave.validation.ClientReplay:viewReplay:254]: P0_VIEW COMPLETE nano=30126238311700
[15:15:10] [Client thread/INFO] [STDOUT]: [com.layue13.clashweave.validation.ClientReplay:viewReplay:254]: P0_VIEW COMPLETE nano=30126288056600
[15:15:10] [Client thread/INFO] [STDOUT]: [com.layue13.clashweave.validation.ClientReplay:viewReplay:254]: P0_VIEW COMPLETE nano=30126337832100
[15:15:10] [Client thread/INFO] [STDOUT]: [com.layue13.clashweave.validation.ClientReplay:viewReplay:254]: P0_VIEW COMPLETE nano=30126388340500
[15:15:10] [Client thread/INFO] [STDOUT]: [com.layue13.clashweave.validation.ClientReplay:viewReplay:254]: P0_VIEW COMPLETE nano=30126437837700
[15:15:10] [Client thread/INFO] [STDOUT]: [com.layue13.clashweave.validation.ClientReplay:viewReplay:254]: P0_VIEW COMPLETE nano=30126487744600
[15:15:10] [Client thread/INFO] [STDOUT]: [com.layue13.clashweave.validation.ClientReplay:viewReplay:254]: P0_VIEW COMPLETE nano=30126537534900
[15:15:10] [Client thread/INFO] [STDOUT]: [com.layue13.clashweave.validation.ClientReplay:viewReplay:254]: P0_VIEW COMPLETE nano=30126587933800
[15:15:11] [Client thread/INFO] [STDOUT]: [com.layue13.clashweave.validation.ClientReplay:viewReplay:254]: P0_VIEW COMPLETE nano=30126637670100
[15:15:11] [Client thread/INFO] [STDOUT]: [com.layue13.clashweave.validation.ClientReplay:viewReplay:254]: P0_VIEW COMPLETE nano=30126687804700
[15:15:11] [Client thread/INFO] [STDOUT]: [com.layue13.clashweave.validation.ClientReplay:viewReplay:254]: P0_VIEW COMPLETE nano=30126737564700
[15:15:11] [Client thread/INFO] [STDOUT]: [com.layue13.clashweave.validation.ClientReplay:viewReplay:254]: P0_VIEW COMPLETE nano=30126787668000
[15:15:11] [Client thread/INFO] [STDOUT]: [com.layue13.clashweave.validation.ClientReplay:viewReplay:254]: P0_VIEW COMPLETE nano=30126837548200
[15:15:11] [Client thread/INFO] [STDOUT]: [com.layue13.clashweave.validation.ClientReplay:viewReplay:254]: P0_VIEW COMPLETE nano=30126887535200
[15:15:11] [Client thread/INFO] [STDOUT]: [com.layue13.clashweave.validation.ClientReplay:viewReplay:254]: P0_VIEW COMPLETE nano=30126937623800
[15:15:11] [Client thread/INFO] [STDOUT]: [com.layue13.clashweave.validation.ClientReplay:viewReplay:254]: P0_VIEW COMPLETE nano=30126987849400
[15:15:11] [Client thread/INFO] [STDOUT]: [com.layue13.clashweave.validation.ClientReplay:viewReplay:254]: P0_VIEW COMPLETE nano=30127037585600
[15:15:11] [Client thread/INFO] [STDOUT]: [com.layue13.clashweave.validation.ClientReplay:viewReplay:254]: P0_VIEW COMPLETE nano=30127088061200
[15:15:11] [Client thread/INFO] [STDOUT]: [com.layue13.clashweave.validation.ClientReplay:viewReplay:254]: P0_VIEW COMPLETE nano=30127138028600
[15:15:11] [Client thread/INFO] [STDOUT]: [com.layue13.clashweave.validation.ClientReplay:viewReplay:254]: P0_VIEW COMPLETE nano=30127188207500
[15:15:11] [Client thread/INFO] [STDOUT]: [com.layue13.clashweave.validation.ClientReplay:viewReplay:254]: P0_VIEW COMPLETE nano=30127238199800
[15:15:11] [Client thread/INFO] [STDOUT]: [com.layue13.clashweave.validation.ClientReplay:viewReplay:254]: P0_VIEW COMPLETE nano=30127288469000
[15:15:11] [Client thread/INFO] [STDOUT]: [com.layue13.clashweave.validation.ClientReplay:viewReplay:254]: P0_VIEW COMPLETE nano=30127337976600
[15:15:11] [Client thread/INFO] [STDOUT]: [com.layue13.clashweave.validation.ClientReplay:viewReplay:254]: P0_VIEW COMPLETE nano=30127387641300
[15:15:11] [Client thread/INFO] [STDOUT]: [com.layue13.clashweave.validation.ClientReplay:viewReplay:254]: P0_VIEW COMPLETE nano=30127438241000
[15:15:11] [Client thread/INFO] [STDOUT]: [com.layue13.clashweave.validation.ClientReplay:viewReplay:254]: P0_VIEW COMPLETE nano=30127488133800
[15:15:11] [Client thread/INFO] [STDOUT]: [com.layue13.clashweave.validation.ClientReplay:viewReplay:254]: P0_VIEW COMPLETE nano=30127537742800
[15:15:11] [Client thread/INFO] [STDOUT]: [com.layue13.clashweave.validation.ClientReplay:viewReplay:254]: P0_VIEW COMPLETE nano=30127587950300
[15:15:12] [Client thread/INFO] [STDOUT]: [com.layue13.clashweave.validation.ClientReplay:viewReplay:254]: P0_VIEW COMPLETE nano=30127637715100
[15:15:12] [Client thread/INFO] [STDOUT]: [com.layue13.clashweave.validation.ClientReplay:viewReplay:254]: P0_VIEW COMPLETE nano=30127687602300
[15:15:12] [Client thread/INFO] [STDOUT]: [com.layue13.clashweave.validation.ClientReplay:viewReplay:254]: P0_VIEW COMPLETE nano=30127739034800
[15:15:12] [Client thread/INFO] [STDOUT]: [com.layue13.clashweave.validation.ClientReplay:viewReplay:254]: P0_VIEW COMPLETE nano=30127788441200
[15:15:12] [Client thread/INFO] [STDOUT]: [com.layue13.clashweave.validation.ClientReplay:viewReplay:254]: P0_VIEW COMPLETE nano=30127837657500
[15:15:12] [Client thread/INFO] [STDOUT]: [com.layue13.clashweave.validation.ClientReplay:viewReplay:254]: P0_VIEW COMPLETE nano=30127887833500
[15:15:12] [Client thread/INFO] [STDOUT]: [com.layue13.clashweave.validation.ClientReplay:viewReplay:254]: P0_VIEW COMPLETE nano=30127937815900
[15:15:12] [Client thread/INFO] [STDOUT]: [com.layue13.clashweave.validation.ClientReplay:viewReplay:254]: P0_VIEW COMPLETE nano=30127987956600
[15:15:12] [Client thread/INFO] [STDOUT]: [com.layue13.clashweave.validation.ClientReplay:viewReplay:254]: P0_VIEW COMPLETE nano=30128038902300
[15:15:12] [Client thread/INFO] [STDOUT]: [com.layue13.clashweave.validation.ClientReplay:viewReplay:254]: P0_VIEW COMPLETE nano=30128087868000
[15:15:12] [Client thread/INFO] [STDOUT]: [com.layue13.clashweave.validation.ClientReplay:viewReplay:254]: P0_VIEW COMPLETE nano=30128138271700
[15:15:12] [Client thread/INFO] [STDOUT]: [com.layue13.clashweave.validation.ClientReplay:viewReplay:254]: P0_VIEW COMPLETE nano=30128187948300
[15:15:12] [Client thread/INFO] [STDOUT]: [com.layue13.clashweave.validation.ClientReplay:viewReplay:254]: P0_VIEW COMPLETE nano=30128238274000
[15:15:12] [Client thread/INFO] [STDOUT]: [com.layue13.clashweave.validation.ClientReplay:viewReplay:254]: P0_VIEW COMPLETE nano=30128288071100
[15:15:12] [Client thread/INFO] [STDOUT]: [com.layue13.clashweave.validation.ClientReplay:viewReplay:254]: P0_VIEW COMPLETE nano=30128338695300
[15:15:12] [Client thread/INFO] [STDOUT]: [com.layue13.clashweave.validation.ClientReplay:viewReplay:254]: P0_VIEW COMPLETE nano=30128388578300
[15:15:12] [Client thread/INFO] [STDOUT]: [com.layue13.clashweave.validation.ClientReplay:viewReplay:254]: P0_VIEW COMPLETE nano=30128438467500
[15:15:12] [Client thread/INFO] [STDOUT]: [com.layue13.clashweave.validation.ClientReplay:viewReplay:254]: P0_VIEW COMPLETE nano=30128488387600
[15:15:12] [Client thread/INFO] [STDOUT]: [com.layue13.clashweave.validation.ClientReplay:viewReplay:254]: P0_VIEW COMPLETE nano=30128537567500
[15:15:12] [Client thread/INFO] [STDOUT]: [com.layue13.clashweave.validation.ClientReplay:viewReplay:254]: P0_VIEW COMPLETE nano=30128588070200
[15:15:13] [Client thread/INFO] [STDOUT]: [com.layue13.clashweave.validation.ClientReplay:viewReplay:254]: P0_VIEW COMPLETE nano=30128638076500
[15:15:13] [Client thread/INFO] [STDOUT]: [com.layue13.clashweave.validation.ClientReplay:viewReplay:254]: P0_VIEW COMPLETE nano=30128687998700
[15:15:13] [Client thread/INFO] [STDOUT]: [com.layue13.clashweave.validation.ClientReplay:viewReplay:254]: P0_VIEW COMPLETE nano=30128737650000
[15:15:13] [Client thread/INFO] [STDOUT]: [com.layue13.clashweave.validation.ClientReplay:viewReplay:254]: P0_VIEW COMPLETE nano=30128787965900
[15:15:13] [Client thread/INFO] [STDOUT]: [com.layue13.clashweave.validation.ClientReplay:viewReplay:254]: P0_VIEW COMPLETE nano=30128837616800
[15:15:13] [Client thread/INFO] [STDOUT]: [com.layue13.clashweave.validation.ClientReplay:viewReplay:254]: P0_VIEW COMPLETE nano=30128887557700
[15:15:13] [Client thread/INFO] [STDOUT]: [com.layue13.clashweave.validation.ClientReplay:viewReplay:254]: P0_VIEW COMPLETE nano=30128937903700
[15:15:13] [Client thread/INFO] [STDOUT]: [com.layue13.clashweave.validation.ClientReplay:viewReplay:254]: P0_VIEW COMPLETE nano=30128987844900
[15:15:13] [Client thread/INFO] [STDOUT]: [com.layue13.clashweave.validation.ClientReplay:viewReplay:254]: P0_VIEW COMPLETE nano=30129037990700
[15:15:13] [Client thread/INFO] [STDOUT]: [com.layue13.clashweave.validation.ClientReplay:viewReplay:254]: P0_VIEW COMPLETE nano=30129088425700
[15:15:13] [Client thread/INFO] [STDOUT]: [com.layue13.clashweave.validation.ClientReplay:viewReplay:254]: P0_VIEW COMPLETE nano=30129137761300
[15:15:13] [Client thread/INFO] [STDOUT]: [com.layue13.clashweave.validation.ClientReplay:viewReplay:254]: P0_VIEW COMPLETE nano=30129188068700
[15:15:13] [Client thread/INFO] [STDOUT]: [com.layue13.clashweave.validation.ClientReplay:viewReplay:254]: P0_VIEW COMPLETE nano=30129238229300
[15:15:13] [Client thread/INFO] [STDOUT]: [com.layue13.clashweave.validation.ClientReplay:viewReplay:254]: P0_VIEW COMPLETE nano=30129288104600
[15:15:13] [Client thread/INFO] [STDOUT]: [com.layue13.clashweave.validation.ClientReplay:viewReplay:254]: P0_VIEW COMPLETE nano=30129337630100
[15:15:13] [Client thread/INFO] [STDOUT]: [com.layue13.clashweave.validation.ClientReplay:viewReplay:254]: P0_VIEW COMPLETE nano=30129387733900
[15:15:13] [Client thread/INFO] [STDOUT]: [com.layue13.clashweave.validation.ClientReplay:viewReplay:254]: P0_VIEW COMPLETE nano=30129438410600
[15:15:13] [Client thread/INFO] [STDOUT]: [com.layue13.clashweave.validation.ClientReplay:viewReplay:254]: P0_VIEW COMPLETE nano=30129488245600
[15:15:13] [Client thread/INFO] [STDOUT]: [com.layue13.clashweave.validation.ClientReplay:viewReplay:254]: P0_VIEW COMPLETE nano=30129537775900
[15:15:13] [Client thread/INFO] [STDOUT]: [com.layue13.clashweave.validation.ClientReplay:viewReplay:254]: P0_VIEW COMPLETE nano=30129587757400
[15:15:14] [Client thread/INFO] [STDOUT]: [com.layue13.clashweave.validation.ClientReplay:viewReplay:254]: P0_VIEW COMPLETE nano=30129638200900
[15:15:14] [Client thread/INFO] [STDOUT]: [com.layue13.clashweave.validation.ClientReplay:viewReplay:254]: P0_VIEW COMPLETE nano=30129688391100
[15:15:14] [Client thread/INFO] [STDOUT]: [com.layue13.clashweave.validation.ClientReplay:viewReplay:254]: P0_VIEW COMPLETE nano=30129737969600
[15:15:14] [Client thread/INFO] [STDOUT]: [com.layue13.clashweave.validation.ClientReplay:viewReplay:254]: P0_VIEW COMPLETE nano=30129788066500
[15:15:14] [Client thread/INFO] [STDOUT]: [com.layue13.clashweave.validation.ClientReplay:viewReplay:254]: P0_VIEW COMPLETE nano=30129837741800
[15:15:14] [Client thread/INFO] [STDOUT]: [com.layue13.clashweave.validation.ClientReplay:viewReplay:254]: P0_VIEW COMPLETE nano=30129887714200
[15:15:14] [Client thread/INFO] [STDOUT]: [com.layue13.clashweave.validation.ClientReplay:viewReplay:254]: P0_VIEW COMPLETE nano=30129937833300
[15:15:14] [Client thread/INFO] [STDOUT]: [com.layue13.clashweave.validation.ClientReplay:viewReplay:254]: P0_VIEW COMPLETE nano=30129987507800
[15:15:14] [Client thread/INFO] [STDOUT]: [com.layue13.clashweave.validation.ClientReplay:viewReplay:254]: P0_VIEW COMPLETE nano=30130037918100
[15:15:14] [Client thread/INFO] [STDOUT]: [com.layue13.clashweave.validation.ClientReplay:viewReplay:254]: P0_VIEW COMPLETE nano=30130088138600
[15:15:14] [Client thread/INFO] [STDOUT]: [com.layue13.clashweave.validation.ClientReplay:viewReplay:254]: P0_VIEW COMPLETE nano=30130137735400
[15:15:14] [Client thread/INFO] [STDOUT]: [com.layue13.clashweave.validation.ClientReplay:viewReplay:254]: P0_VIEW COMPLETE nano=30130188852200
[15:15:14] [Client thread/INFO] [STDOUT]: [com.layue13.clashweave.validation.ClientReplay:viewReplay:254]: P0_VIEW COMPLETE nano=30130238394700
[15:15:14] [Client thread/INFO] [STDOUT]: [com.layue13.clashweave.validation.ClientReplay:viewReplay:254]: P0_VIEW COMPLETE nano=30130287649000
[15:15:14] [Client thread/INFO] [STDOUT]: [com.layue13.clashweave.validation.ClientReplay:viewReplay:254]: P0_VIEW COMPLETE nano=30130338078700
[15:15:14] [Client thread/INFO] [STDOUT]: [com.layue13.clashweave.validation.ClientReplay:viewReplay:254]: P0_VIEW COMPLETE nano=30130388147100
[15:15:14] [Client thread/INFO] [STDOUT]: [com.layue13.clashweave.validation.ClientReplay:viewReplay:254]: P0_VIEW COMPLETE nano=30130437999200
[15:15:14] [Client thread/INFO] [STDOUT]: [com.layue13.clashweave.validation.ClientReplay:viewReplay:254]: P0_VIEW COMPLETE nano=30130487972400
[15:15:14] [Client thread/INFO] [STDOUT]: [com.layue13.clashweave.validation.ClientReplay:viewReplay:254]: P0_VIEW COMPLETE nano=30130538393300
[15:15:14] [Client thread/INFO] [STDOUT]: [com.layue13.clashweave.validation.ClientReplay:viewReplay:254]: P0_VIEW COMPLETE nano=30130588322300
[15:15:15] [Client thread/INFO] [STDOUT]: [com.layue13.clashweave.validation.ClientReplay:viewReplay:254]: P0_VIEW COMPLETE nano=30130638210400
[15:15:15] [Client thread/INFO] [STDOUT]: [com.layue13.clashweave.validation.ClientReplay:viewReplay:254]: P0_VIEW COMPLETE nano=30130688259300
[15:15:15] [Client thread/INFO] [STDOUT]: [com.layue13.clashweave.validation.ClientReplay:viewReplay:254]: P0_VIEW COMPLETE nano=30130737641300
[15:15:15] [Client thread/INFO] [STDOUT]: [com.layue13.clashweave.validation.ClientReplay:viewReplay:254]: P0_VIEW COMPLETE nano=30130787690900
[15:15:15] [Client thread/INFO] [STDOUT]: [com.layue13.clashweave.validation.ClientReplay:viewReplay:254]: P0_VIEW COMPLETE nano=30130837577200
[15:15:15] [Client thread/INFO] [STDOUT]: [com.layue13.clashweave.validation.ClientReplay:viewReplay:254]: P0_VIEW COMPLETE nano=30130888046400
[15:15:15] [Client thread/INFO] [STDOUT]: [com.layue13.clashweave.validation.ClientReplay:viewReplay:254]: P0_VIEW COMPLETE nano=30130938473100
[15:15:15] [Client thread/INFO] [STDOUT]: [com.layue13.clashweave.validation.ClientReplay:viewReplay:254]: P0_VIEW COMPLETE nano=30130987464000
[15:15:15] [Client thread/INFO] [STDOUT]: [com.layue13.clashweave.validation.ClientReplay:viewReplay:254]: P0_VIEW COMPLETE nano=30131038563100
[15:15:15] [Client thread/INFO] [STDOUT]: [com.layue13.clashweave.validation.ClientReplay:viewReplay:254]: P0_VIEW COMPLETE nano=30131087494600
[15:15:15] [Client thread/INFO] [STDOUT]: [com.layue13.clashweave.validation.ClientReplay:viewReplay:254]: P0_VIEW COMPLETE nano=30131138023300
[15:15:15] [Client thread/INFO] [STDOUT]: [com.layue13.clashweave.validation.ClientReplay:viewReplay:254]: P0_VIEW COMPLETE nano=30131188029900
[15:15:15] [Client thread/INFO] [STDOUT]: [com.layue13.clashweave.validation.ClientReplay:viewReplay:254]: P0_VIEW COMPLETE nano=30131238042000
[15:15:15] [Client thread/INFO] [STDOUT]: [com.layue13.clashweave.validation.ClientReplay:viewReplay:254]: P0_VIEW COMPLETE nano=30131287770900
[15:15:15] [Client thread/INFO] [STDOUT]: [com.layue13.clashweave.validation.ClientReplay:viewReplay:254]: P0_VIEW COMPLETE nano=30131337922400
[15:15:15] [Client thread/INFO] [STDOUT]: [com.layue13.clashweave.validation.ClientReplay:viewReplay:254]: P0_VIEW COMPLETE nano=30131388730000
[15:15:15] [Client thread/INFO] [STDOUT]: [com.layue13.clashweave.validation.ClientReplay:viewReplay:254]: P0_VIEW COMPLETE nano=30131437503400
[15:15:15] [Client thread/INFO] [STDOUT]: [com.layue13.clashweave.validation.ClientReplay:viewReplay:254]: P0_VIEW COMPLETE nano=30131488777300
[15:15:15] [Client thread/INFO] [STDOUT]: [com.layue13.clashweave.validation.ClientReplay:viewReplay:254]: P0_VIEW COMPLETE nano=30131537757500
[15:15:15] [Client thread/INFO] [STDOUT]: [com.layue13.clashweave.validation.ClientReplay:viewReplay:254]: P0_VIEW COMPLETE nano=30131588865400
[15:15:16] [Client thread/INFO] [STDOUT]: [com.layue13.clashweave.validation.ClientReplay:viewReplay:254]: P0_VIEW COMPLETE nano=30131638259100
[15:15:16] [Client thread/INFO] [STDOUT]: [com.layue13.clashweave.validation.ClientReplay:viewReplay:254]: P0_VIEW COMPLETE nano=30131688397100
[15:15:16] [Client thread/INFO] [STDOUT]: [com.layue13.clashweave.validation.ClientReplay:viewReplay:254]: P0_VIEW COMPLETE nano=30131737625500
[15:15:16] [Client thread/INFO] [STDOUT]: [com.layue13.clashweave.validation.ClientReplay:viewReplay:254]: P0_VIEW COMPLETE nano=30131787732200
[15:15:16] [Client thread/INFO] [STDOUT]: [com.layue13.clashweave.validation.ClientReplay:viewReplay:254]: P0_VIEW COMPLETE nano=30131837854000
[15:15:16] [Client thread/INFO] [STDOUT]: [com.layue13.clashweave.validation.ClientReplay:viewReplay:254]: P0_VIEW COMPLETE nano=30131887696500
[15:15:16] [Client thread/INFO] [STDOUT]: [com.layue13.clashweave.validation.ClientReplay:viewReplay:254]: P0_VIEW COMPLETE nano=30131938325500
[15:15:16] [Client thread/INFO] [STDOUT]: [com.layue13.clashweave.validation.ClientReplay:viewReplay:254]: P0_VIEW COMPLETE nano=30131987871700
[15:15:16] [Client thread/INFO] [STDOUT]: [com.layue13.clashweave.validation.ClientReplay:viewReplay:254]: P0_VIEW COMPLETE nano=30132037618000
[15:15:16] [Client thread/INFO] [STDOUT]: [com.layue13.clashweave.validation.ClientReplay:viewReplay:254]: P0_VIEW COMPLETE nano=30132087556800
[15:15:16] [Client thread/INFO] [STDOUT]: [com.layue13.clashweave.validation.ClientReplay:viewReplay:254]: P0_VIEW COMPLETE nano=30132138464600
[15:15:16] [Client thread/INFO] [STDOUT]: [com.layue13.clashweave.validation.ClientReplay:viewReplay:254]: P0_VIEW COMPLETE nano=30132187853200
[15:15:16] [Client thread/INFO] [STDOUT]: [com.layue13.clashweave.validation.ClientReplay:viewReplay:254]: P0_VIEW COMPLETE nano=30132237780800
[15:15:16] [Client thread/INFO] [STDOUT]: [com.layue13.clashweave.validation.ClientReplay:viewReplay:254]: P0_VIEW COMPLETE nano=30132288201900
[15:15:16] [Client thread/INFO] [STDOUT]: [com.layue13.clashweave.validation.ClientReplay:viewReplay:254]: P0_VIEW COMPLETE nano=30132337498100
[15:15:16] [Client thread/INFO] [STDOUT]: [com.layue13.clashweave.validation.ClientReplay:viewReplay:254]: P0_VIEW COMPLETE nano=30132387626800
[15:15:16] [Client thread/INFO] [STDOUT]: [com.layue13.clashweave.validation.ClientReplay:viewReplay:254]: P0_VIEW COMPLETE nano=30132437781400
[15:15:16] [Client thread/INFO] [STDOUT]: [com.layue13.clashweave.validation.ClientReplay:viewReplay:254]: P0_VIEW COMPLETE nano=30132488718800
[15:15:16] [Client thread/INFO] [STDOUT]: [com.layue13.clashweave.validation.ClientReplay:viewReplay:254]: P0_VIEW COMPLETE nano=30132538063700
[15:15:16] [Client thread/INFO] [STDOUT]: [com.layue13.clashweave.validation.ClientReplay:viewReplay:254]: P0_VIEW COMPLETE nano=30132587985500
[15:15:17] [Client thread/INFO] [STDOUT]: [com.layue13.clashweave.validation.ClientReplay:viewReplay:254]: P0_VIEW COMPLETE nano=30132638360400
[15:15:17] [Client thread/INFO] [STDOUT]: [com.layue13.clashweave.validation.ClientReplay:viewReplay:254]: P0_VIEW COMPLETE nano=30132687687200
[15:15:17] [Client thread/INFO] [STDOUT]: [com.layue13.clashweave.validation.ClientReplay:viewReplay:254]: P0_VIEW COMPLETE nano=30132738170700
[15:15:17] [Client thread/INFO] [STDOUT]: [com.layue13.clashweave.validation.ClientReplay:viewReplay:254]: P0_VIEW COMPLETE nano=30132787487600
[15:15:17] [Client thread/INFO] [STDOUT]: [com.layue13.clashweave.validation.ClientReplay:viewReplay:254]: P0_VIEW COMPLETE nano=30132837836000
[15:15:17] [Client thread/INFO] [STDOUT]: [com.layue13.clashweave.validation.ClientReplay:viewReplay:254]: P0_VIEW COMPLETE nano=30132888294700
[15:15:17] [Client thread/INFO] [STDOUT]: [com.layue13.clashweave.validation.ClientReplay:viewReplay:254]: P0_VIEW COMPLETE nano=30132938405900
[15:15:17] [Client thread/INFO] [STDOUT]: [com.layue13.clashweave.validation.ClientReplay:viewReplay:254]: P0_VIEW COMPLETE nano=30132987795500
[15:15:17] [Client thread/INFO] [STDOUT]: [com.layue13.clashweave.validation.ClientReplay:viewReplay:254]: P0_VIEW COMPLETE nano=30133037783300
[15:15:17] [Client thread/INFO] [STDOUT]: [com.layue13.clashweave.validation.ClientReplay:viewReplay:254]: P0_VIEW COMPLETE nano=30133087932900
[15:15:17] [Client thread/INFO] [STDOUT]: [com.layue13.clashweave.validation.ClientReplay:viewReplay:254]: P0_VIEW COMPLETE nano=30133137668400
[15:15:17] [Client thread/INFO] [STDOUT]: [com.layue13.clashweave.validation.ClientReplay:viewReplay:254]: P0_VIEW COMPLETE nano=30133187972900
[15:15:17] [Client thread/INFO] [STDOUT]: [com.layue13.clashweave.validation.ClientReplay:viewReplay:254]: P0_VIEW COMPLETE nano=30133237547500
[15:15:17] [Client thread/INFO] [STDOUT]: [com.layue13.clashweave.validation.ClientReplay:viewReplay:254]: P0_VIEW COMPLETE nano=30133287841700
[15:15:17] [Client thread/INFO] [STDOUT]: [com.layue13.clashweave.validation.ClientReplay:viewReplay:254]: P0_VIEW COMPLETE nano=30133337688900
[15:15:17] [Client thread/INFO] [STDOUT]: [com.layue13.clashweave.validation.ClientReplay:viewReplay:254]: P0_VIEW COMPLETE nano=30133387835500
[15:15:17] [Client thread/INFO] [STDOUT]: [com.layue13.clashweave.validation.ClientReplay:viewReplay:254]: P0_VIEW COMPLETE nano=30133437652600
[15:15:17] [Client thread/INFO] [STDOUT]: [com.layue13.clashweave.validation.ClientReplay:viewReplay:254]: P0_VIEW COMPLETE nano=30133487805600
[15:15:17] [Client thread/INFO] [STDOUT]: [com.layue13.clashweave.validation.ClientReplay:viewReplay:254]: P0_VIEW COMPLETE nano=30133537714200
[15:15:17] [Client thread/INFO] [STDOUT]: [com.layue13.clashweave.validation.ClientReplay:viewReplay:254]: P0_VIEW COMPLETE nano=30133588191400
[15:15:18] [Client thread/INFO] [STDOUT]: [com.layue13.clashweave.validation.ClientReplay:viewReplay:254]: P0_VIEW COMPLETE nano=30133637473300
[15:15:18] [Client thread/INFO] [STDOUT]: [com.layue13.clashweave.validation.ClientReplay:viewReplay:254]: P0_VIEW COMPLETE nano=30133687742800
[15:15:18] [Client thread/INFO] [STDOUT]: [com.layue13.clashweave.validation.ClientReplay:viewReplay:254]: P0_VIEW COMPLETE nano=30133738195900
[15:15:18] [Client thread/INFO] [STDOUT]: [com.layue13.clashweave.validation.ClientReplay:viewReplay:254]: P0_VIEW COMPLETE nano=30133787780500
[15:15:18] [Client thread/INFO] [STDOUT]: [com.layue13.clashweave.validation.ClientReplay:viewReplay:254]: P0_VIEW COMPLETE nano=30133837970700
[15:15:18] [Client thread/INFO] [STDOUT]: [com.layue13.clashweave.validation.ClientReplay:viewReplay:254]: P0_VIEW COMPLETE nano=30133887650500
[15:15:18] [Client thread/INFO] [STDOUT]: [com.layue13.clashweave.validation.ClientReplay:viewReplay:254]: P0_VIEW COMPLETE nano=30133937848400
[15:15:18] [Client thread/INFO] [STDOUT]: [com.layue13.clashweave.validation.ClientReplay:viewReplay:254]: P0_VIEW COMPLETE nano=30133987759400
[15:15:18] [Client thread/INFO] [STDOUT]: [com.layue13.clashweave.validation.ClientReplay:viewReplay:254]: P0_VIEW COMPLETE nano=30134037660700
[15:15:18] [Client thread/INFO] [STDOUT]: [com.layue13.clashweave.validation.ClientReplay:viewReplay:254]: P0_VIEW COMPLETE nano=30134087674200
[15:15:18] [Client thread/INFO] [STDOUT]: [com.layue13.clashweave.validation.ClientReplay:viewReplay:254]: P0_VIEW COMPLETE nano=30134138348200
[15:15:18] [Client thread/INFO] [STDOUT]: [com.layue13.clashweave.validation.ClientReplay:viewReplay:254]: P0_VIEW COMPLETE nano=30134187509200
[15:15:18] [Client thread/INFO] [STDOUT]: [com.layue13.clashweave.validation.ClientReplay:viewReplay:254]: P0_VIEW COMPLETE nano=30134237839500
[15:15:18] [Client thread/INFO] [STDOUT]: [com.layue13.clashweave.validation.ClientReplay:viewReplay:254]: P0_VIEW COMPLETE nano=30134287838100
[15:15:18] [Client thread/INFO] [STDOUT]: [com.layue13.clashweave.validation.ClientReplay:viewReplay:254]: P0_VIEW COMPLETE nano=30134339005500
[15:15:18] [Client thread/INFO] [STDOUT]: [com.layue13.clashweave.validation.ClientReplay:viewReplay:254]: P0_VIEW COMPLETE nano=30134387590000
[15:15:18] [Client thread/INFO] [STDOUT]: [com.layue13.clashweave.validation.ClientReplay:viewReplay:254]: P0_VIEW COMPLETE nano=30134437894600
[15:15:18] [Client thread/INFO] [STDOUT]: [com.layue13.clashweave.validation.ClientReplay:viewReplay:254]: P0_VIEW COMPLETE nano=30134488228300
[15:15:18] [Client thread/INFO] [STDOUT]: [com.layue13.clashweave.validation.ClientReplay:viewReplay:254]: P0_VIEW COMPLETE nano=30134537957800
[15:15:18] [Client thread/INFO] [STDOUT]: [com.layue13.clashweave.validation.ClientReplay:viewReplay:254]: P0_VIEW COMPLETE nano=30134587705800
[15:15:19] [Client thread/INFO] [STDOUT]: [com.layue13.clashweave.validation.ClientReplay:viewReplay:254]: P0_VIEW COMPLETE nano=30134637913100
[15:15:19] [Client thread/INFO] [STDOUT]: [com.layue13.clashweave.validation.ClientReplay:viewReplay:254]: P0_VIEW COMPLETE nano=30134687656000
[15:15:19] [Client thread/INFO] [STDOUT]: [com.layue13.clashweave.validation.ClientReplay:viewReplay:254]: P0_VIEW COMPLETE nano=30134737633700
[15:15:19] [Client thread/INFO] [STDOUT]: [com.layue13.clashweave.validation.ClientReplay:viewReplay:254]: P0_VIEW COMPLETE nano=30134788083300
[15:15:19] [Client thread/INFO] [STDOUT]: [com.layue13.clashweave.validation.ClientReplay:viewReplay:254]: P0_VIEW COMPLETE nano=30134838042100
[15:15:19] [Client thread/INFO] [STDOUT]: [com.layue13.clashweave.validation.ClientReplay:viewReplay:254]: P0_VIEW COMPLETE nano=30134888133700
[15:15:19] [Client thread/INFO] [STDOUT]: [com.layue13.clashweave.validation.ClientReplay:viewReplay:254]: P0_VIEW COMPLETE nano=30134937994100
[15:15:19] [Client thread/INFO] [STDOUT]: [com.layue13.clashweave.validation.ClientReplay:viewReplay:254]: P0_VIEW COMPLETE nano=30134988370300
[15:15:19] [Client thread/INFO] [STDOUT]: [com.layue13.clashweave.validation.ClientReplay:viewReplay:254]: P0_VIEW COMPLETE nano=30135038256500
[15:15:19] [Client thread/INFO] [STDOUT]: [com.layue13.clashweave.validation.ClientReplay:viewReplay:254]: P0_VIEW COMPLETE nano=30135088263400
[15:15:19] [Client thread/INFO] [STDOUT]: [com.layue13.clashweave.validation.ClientReplay:viewReplay:254]: P0_VIEW COMPLETE nano=30135137624800
[15:15:19] [Client thread/INFO] [STDOUT]: [com.layue13.clashweave.validation.ClientReplay:viewReplay:254]: P0_VIEW COMPLETE nano=30135187823600
[15:15:19] [Client thread/INFO] [STDOUT]: [com.layue13.clashweave.validation.ClientReplay:viewReplay:254]: P0_VIEW COMPLETE nano=30135238175600
[15:15:19] [Client thread/INFO] [STDOUT]: [com.layue13.clashweave.validation.ClientReplay:viewReplay:254]: P0_VIEW COMPLETE nano=30135287675100
[15:15:19] [Client thread/INFO] [STDOUT]: [com.layue13.clashweave.validation.ClientReplay:viewReplay:254]: P0_VIEW COMPLETE nano=30135338374100
[15:15:19] [Client thread/INFO] [STDOUT]: [com.layue13.clashweave.validation.ClientReplay:viewReplay:254]: P0_VIEW COMPLETE nano=30135387657700
[15:15:19] [Client thread/INFO] [STDOUT]: [com.layue13.clashweave.validation.ClientReplay:viewReplay:254]: P0_VIEW COMPLETE nano=30135438226600
[15:15:19] [Client thread/INFO] [STDOUT]: [com.layue13.clashweave.validation.ClientReplay:viewReplay:254]: P0_VIEW COMPLETE nano=30135487874200
[15:15:19] [Client thread/INFO] [STDOUT]: [com.layue13.clashweave.validation.ClientReplay:viewReplay:254]: P0_VIEW COMPLETE nano=30135537742200
[15:15:19] [Client thread/INFO] [STDOUT]: [com.layue13.clashweave.validation.ClientReplay:viewReplay:254]: P0_VIEW COMPLETE nano=30135589062000
[15:15:20] [Client thread/INFO] [STDOUT]: [com.layue13.clashweave.validation.ClientReplay:viewReplay:254]: P0_VIEW COMPLETE nano=30135637540700
[15:15:20] [Client thread/INFO] [STDOUT]: [com.layue13.clashweave.validation.ClientReplay:viewReplay:254]: P0_VIEW COMPLETE nano=30135688988400
[15:15:20] [Client thread/INFO] [STDOUT]: [com.layue13.clashweave.validation.ClientReplay:viewReplay:254]: P0_VIEW COMPLETE nano=30135738007500
[15:15:20] [Client thread/INFO] [STDOUT]: [com.layue13.clashweave.validation.ClientReplay:viewReplay:254]: P0_VIEW COMPLETE nano=30135788560100
[15:15:20] [Client thread/INFO] [STDOUT]: [com.layue13.clashweave.validation.ClientReplay:viewReplay:254]: P0_VIEW COMPLETE nano=30135838265600
[15:15:20] [Client thread/INFO] [STDOUT]: [com.layue13.clashweave.validation.ClientReplay:viewReplay:254]: P0_VIEW COMPLETE nano=30135888372600
[15:15:20] [Client thread/INFO] [STDOUT]: [com.layue13.clashweave.validation.ClientReplay:viewReplay:254]: P0_VIEW COMPLETE nano=30135938010000
[15:15:20] [Client thread/INFO] [STDOUT]: [com.layue13.clashweave.validation.ClientReplay:viewReplay:254]: P0_VIEW COMPLETE nano=30135988238000
[15:15:20] [Client thread/INFO] [STDOUT]: [com.layue13.clashweave.validation.ClientReplay:viewReplay:254]: P0_VIEW COMPLETE nano=30136038028200
[15:15:20] [Client thread/INFO] [STDOUT]: [com.layue13.clashweave.validation.ClientReplay:viewReplay:254]: P0_VIEW COMPLETE nano=30136088222600
[15:15:20] [Client thread/INFO] [STDOUT]: [com.layue13.clashweave.validation.ClientReplay:viewReplay:254]: P0_VIEW COMPLETE nano=30136138044800
[15:15:20] [Client thread/INFO] [STDOUT]: [com.layue13.clashweave.validation.ClientReplay:viewReplay:254]: P0_VIEW COMPLETE nano=30136187928300
[15:15:20] [Client thread/INFO] [STDOUT]: [com.layue13.clashweave.validation.ClientReplay:viewReplay:254]: P0_VIEW COMPLETE nano=30136237641700
[15:15:20] [Client thread/INFO] [STDOUT]: [com.layue13.clashweave.validation.ClientReplay:viewReplay:254]: P0_VIEW COMPLETE nano=30136287874900
[15:15:20] [Client thread/INFO] [STDOUT]: [com.layue13.clashweave.validation.ClientReplay:viewReplay:254]: P0_VIEW COMPLETE nano=30136337724800
[15:15:20] [Client thread/INFO] [STDOUT]: [com.layue13.clashweave.validation.ClientReplay:viewReplay:254]: P0_VIEW COMPLETE nano=30136388393800
[15:15:20] [Client thread/INFO] [STDOUT]: [com.layue13.clashweave.validation.ClientReplay:viewReplay:254]: P0_VIEW COMPLETE nano=30136437627400
[15:15:20] [Client thread/INFO] [STDOUT]: [com.layue13.clashweave.validation.ClientReplay:viewReplay:254]: P0_VIEW COMPLETE nano=30136487864300
[15:15:20] [Client thread/INFO] [STDOUT]: [com.layue13.clashweave.validation.ClientReplay:viewReplay:254]: P0_VIEW COMPLETE nano=30136538129600
[15:15:20] [Client thread/INFO] [STDOUT]: [com.layue13.clashweave.validation.ClientReplay:viewReplay:254]: P0_VIEW COMPLETE nano=30136588387300
[15:15:21] [Client thread/INFO] [STDOUT]: [com.layue13.clashweave.validation.ClientReplay:viewReplay:254]: P0_VIEW COMPLETE nano=30136637758100
[15:15:21] [Client thread/INFO] [STDOUT]: [com.layue13.clashweave.validation.ClientReplay:viewReplay:254]: P0_VIEW COMPLETE nano=30136688300700
[15:15:21] [Client thread/INFO] [STDOUT]: [com.layue13.clashweave.validation.ClientReplay:viewReplay:254]: P0_VIEW COMPLETE nano=30136738440700
[15:15:21] [Client thread/INFO] [STDOUT]: [com.layue13.clashweave.validation.ClientReplay:viewReplay:254]: P0_VIEW COMPLETE nano=30136787949600
[15:15:21] [Client thread/INFO] [STDOUT]: [com.layue13.clashweave.validation.ClientReplay:viewReplay:254]: P0_VIEW COMPLETE nano=30136837852400
[15:15:21] [Client thread/INFO] [STDOUT]: [com.layue13.clashweave.validation.ClientReplay:viewReplay:254]: P0_VIEW COMPLETE nano=30136888195400
[15:15:21] [Client thread/INFO] [STDOUT]: [com.layue13.clashweave.validation.ClientReplay:viewReplay:254]: P0_VIEW COMPLETE nano=30136937664900
[15:15:21] [Client thread/INFO] [STDOUT]: [com.layue13.clashweave.validation.ClientReplay:viewReplay:254]: P0_VIEW COMPLETE nano=30136988402100
[15:15:21] [Client thread/INFO] [STDOUT]: [com.layue13.clashweave.validation.ClientReplay:viewReplay:254]: P0_VIEW COMPLETE nano=30137037833000
[15:15:21] [Client thread/INFO] [STDOUT]: [com.layue13.clashweave.validation.ClientReplay:viewReplay:254]: P0_VIEW COMPLETE nano=30137087633800
[15:15:21] [Client thread/INFO] [STDOUT]: [com.layue13.clashweave.validation.ClientReplay:viewReplay:254]: P0_VIEW COMPLETE nano=30137138072000
[15:15:21] [Client thread/INFO] [STDOUT]: [com.layue13.clashweave.validation.ClientReplay:viewReplay:254]: P0_VIEW COMPLETE nano=30137187570200
[15:15:21] [Client thread/INFO] [STDOUT]: [com.layue13.clashweave.validation.ClientReplay:viewReplay:254]: P0_VIEW COMPLETE nano=30137238023800
[15:15:21] [Client thread/INFO] [STDOUT]: [com.layue13.clashweave.validation.ClientReplay:viewReplay:254]: P0_VIEW COMPLETE nano=30137287773300
[15:15:21] [Client thread/INFO] [STDOUT]: [com.layue13.clashweave.validation.ClientReplay:viewReplay:254]: P0_VIEW COMPLETE nano=30137337654300
[15:15:21] [Client thread/INFO] [STDOUT]: [com.layue13.clashweave.validation.ClientReplay:viewReplay:254]: P0_VIEW COMPLETE nano=30137387900300
[15:15:21] [Client thread/INFO] [STDOUT]: [com.layue13.clashweave.validation.ClientReplay:viewReplay:254]: P0_VIEW COMPLETE nano=30137438244100
[15:15:21] [Client thread/INFO] [STDOUT]: [com.layue13.clashweave.validation.ClientReplay:viewReplay:254]: P0_VIEW COMPLETE nano=30137488353700
[15:15:21] [Client thread/INFO] [STDOUT]: [com.layue13.clashweave.validation.ClientReplay:viewReplay:254]: P0_VIEW COMPLETE nano=30137538016500
[15:15:21] [Client thread/INFO] [STDOUT]: [com.layue13.clashweave.validation.ClientReplay:viewReplay:254]: P0_VIEW COMPLETE nano=30137587696100
[15:15:22] [Client thread/INFO] [STDOUT]: [com.layue13.clashweave.validation.ClientReplay:viewReplay:254]: P0_VIEW COMPLETE nano=30137637750800
[15:15:22] [Client thread/INFO] [STDOUT]: [com.layue13.clashweave.validation.ClientReplay:viewReplay:254]: P0_VIEW COMPLETE nano=30137687898900
[15:15:22] [Client thread/INFO] [STDOUT]: [com.layue13.clashweave.validation.ClientReplay:viewReplay:254]: P0_VIEW COMPLETE nano=30137737925000
[15:15:22] [Client thread/INFO] [STDOUT]: [com.layue13.clashweave.validation.ClientReplay:viewReplay:254]: P0_VIEW COMPLETE nano=30137787974700
[15:15:22] [Client thread/INFO] [STDOUT]: [com.layue13.clashweave.validation.ClientReplay:viewReplay:254]: P0_VIEW COMPLETE nano=30137839009900
[15:15:22] [Client thread/INFO] [STDOUT]: [com.layue13.clashweave.validation.ClientReplay:viewReplay:254]: P0_VIEW COMPLETE nano=30137887892400
[15:15:22] [Client thread/INFO] [STDOUT]: [com.layue13.clashweave.validation.ClientReplay:viewReplay:254]: P0_VIEW COMPLETE nano=30137938660300
[15:15:22] [Client thread/INFO] [STDOUT]: [com.layue13.clashweave.validation.ClientReplay:viewReplay:254]: P0_VIEW COMPLETE nano=30137987705200
[15:15:22] [Client thread/INFO] [STDOUT]: [com.layue13.clashweave.validation.ClientReplay:viewReplay:254]: P0_VIEW COMPLETE nano=30138037858300
[15:15:22] [Client thread/INFO] [STDOUT]: [com.layue13.clashweave.validation.ClientReplay:viewReplay:254]: P0_VIEW COMPLETE nano=30138087636800
[15:15:22] [Client thread/INFO] [STDOUT]: [com.layue13.clashweave.validation.ClientReplay:viewReplay:254]: P0_VIEW COMPLETE nano=30138137846800
[15:15:22] [Client thread/INFO] [STDOUT]: [com.layue13.clashweave.validation.ClientReplay:viewReplay:254]: P0_VIEW COMPLETE nano=30138188386800
[15:15:22] [Client thread/INFO] [STDOUT]: [com.layue13.clashweave.validation.ClientReplay:viewReplay:254]: P0_VIEW COMPLETE nano=30138237879000
[15:15:22] [Client thread/INFO] [STDOUT]: [com.layue13.clashweave.validation.ClientReplay:viewReplay:254]: P0_VIEW COMPLETE nano=30138288494600
[15:15:22] [Client thread/INFO] [STDOUT]: [com.layue13.clashweave.validation.ClientReplay:viewReplay:254]: P0_VIEW COMPLETE nano=30138337620300
[15:15:22] [Client thread/INFO] [STDOUT]: [com.layue13.clashweave.validation.ClientReplay:viewReplay:254]: P0_VIEW COMPLETE nano=30138387603300
[15:15:22] [Client thread/INFO] [STDOUT]: [com.layue13.clashweave.validation.ClientReplay:viewReplay:254]: P0_VIEW COMPLETE nano=30138437716600
[15:15:22] [Client thread/INFO] [STDOUT]: [com.layue13.clashweave.validation.ClientReplay:viewReplay:254]: P0_VIEW COMPLETE nano=30138487693300
[15:15:22] [Client thread/INFO] [STDOUT]: [com.layue13.clashweave.validation.ClientReplay:viewReplay:254]: P0_VIEW COMPLETE nano=30138537640300
[15:15:22] [Client thread/INFO] [STDOUT]: [com.layue13.clashweave.validation.ClientReplay:viewReplay:254]: P0_VIEW COMPLETE nano=30138587649500
[15:15:23] [Client thread/INFO] [STDOUT]: [com.layue13.clashweave.validation.ClientReplay:viewReplay:254]: P0_VIEW COMPLETE nano=30138637935900
[15:15:23] [Client thread/INFO] [STDOUT]: [com.layue13.clashweave.validation.ClientReplay:viewReplay:254]: P0_VIEW COMPLETE nano=30138687957400
[15:15:23] [Client thread/INFO] [STDOUT]: [com.layue13.clashweave.validation.ClientReplay:viewReplay:254]: P0_VIEW COMPLETE nano=30138737780400
[15:15:23] [Client thread/INFO] [STDOUT]: [com.layue13.clashweave.validation.ClientReplay:viewReplay:254]: P0_VIEW COMPLETE nano=30138787706900
[15:15:23] [Client thread/INFO] [STDOUT]: [com.layue13.clashweave.validation.ClientReplay:viewReplay:254]: P0_VIEW COMPLETE nano=30138837617300
[15:15:23] [Client thread/INFO] [STDOUT]: [com.layue13.clashweave.validation.ClientReplay:viewReplay:254]: P0_VIEW COMPLETE nano=30138888374300
[15:15:23] [Client thread/INFO] [STDOUT]: [com.layue13.clashweave.validation.ClientReplay:viewReplay:254]: P0_VIEW COMPLETE nano=30138937838200
[15:15:23] [Client thread/INFO] [STDOUT]: [com.layue13.clashweave.validation.ClientReplay:viewReplay:254]: P0_VIEW COMPLETE nano=30138987891300
[15:15:23] [Client thread/INFO] [STDOUT]: [com.layue13.clashweave.validation.ClientReplay:viewReplay:254]: P0_VIEW COMPLETE nano=30139037876900
[15:15:23] [Client thread/INFO] [STDOUT]: [com.layue13.clashweave.validation.ClientReplay:viewReplay:254]: P0_VIEW COMPLETE nano=30139087968100
[15:15:23] [Client thread/INFO] [STDOUT]: [com.layue13.clashweave.validation.ClientReplay:viewReplay:254]: P0_VIEW COMPLETE nano=30139137565800
[15:15:23] [Client thread/INFO] [STDOUT]: [com.layue13.clashweave.validation.ClientReplay:viewReplay:254]: P0_VIEW COMPLETE nano=30139187676000
[15:15:23] [Client thread/INFO] [STDOUT]: [com.layue13.clashweave.validation.ClientReplay:viewReplay:254]: P0_VIEW COMPLETE nano=30139237496200
[15:15:23] [Client thread/INFO] [STDOUT]: [com.layue13.clashweave.validation.ClientReplay:viewReplay:254]: P0_VIEW COMPLETE nano=30139287725500
[15:15:23] [Client thread/INFO] [STDOUT]: [com.layue13.clashweave.validation.ClientReplay:viewReplay:254]: P0_VIEW COMPLETE nano=30139337915400
[15:15:23] [Client thread/INFO] [STDOUT]: [com.layue13.clashweave.validation.ClientReplay:viewReplay:254]: P0_VIEW COMPLETE nano=30139387570300
[15:15:23] [Client thread/INFO] [STDOUT]: [com.layue13.clashweave.validation.ClientReplay:viewReplay:254]: P0_VIEW COMPLETE nano=30139437738800
[15:15:23] [Client thread/INFO] [STDOUT]: [com.layue13.clashweave.validation.ClientReplay:viewReplay:254]: P0_VIEW COMPLETE nano=30139487842400
[15:15:23] [Client thread/INFO] [STDOUT]: [com.layue13.clashweave.validation.ClientReplay:viewReplay:254]: P0_VIEW COMPLETE nano=30139538188500
[15:15:23] [Client thread/INFO] [STDOUT]: [com.layue13.clashweave.validation.ClientReplay:viewReplay:254]: P0_VIEW COMPLETE nano=30139587713100
[15:15:24] [Client thread/INFO] [STDOUT]: [com.layue13.clashweave.validation.ClientReplay:viewReplay:254]: P0_VIEW COMPLETE nano=30139638101100
[15:15:24] [Client thread/INFO] [STDOUT]: [com.layue13.clashweave.validation.ClientReplay:viewReplay:254]: P0_VIEW COMPLETE nano=30139687684300
[15:15:24] [Client thread/INFO] [STDOUT]: [com.layue13.clashweave.validation.ClientReplay:viewReplay:254]: P0_VIEW COMPLETE nano=30139737852200
[15:15:24] [Client thread/INFO] [STDOUT]: [com.layue13.clashweave.validation.ClientReplay:viewReplay:254]: P0_VIEW COMPLETE nano=30139788019700
[15:15:24] [Client thread/INFO] [STDOUT]: [com.layue13.clashweave.validation.ClientReplay:viewReplay:254]: P0_VIEW COMPLETE nano=30139837544400
[15:15:24] [Client thread/INFO] [STDOUT]: [com.layue13.clashweave.validation.ClientReplay:viewReplay:254]: P0_VIEW COMPLETE nano=30139888273800
[15:15:24] [Client thread/INFO] [STDOUT]: [com.layue13.clashweave.validation.ClientReplay:viewReplay:254]: P0_VIEW COMPLETE nano=30139937833200
[15:15:24] [Client thread/INFO] [STDOUT]: [com.layue13.clashweave.validation.ClientReplay:viewReplay:254]: P0_VIEW COMPLETE nano=30139987935600
[15:15:24] [Client thread/INFO] [STDOUT]: [com.layue13.clashweave.validation.ClientReplay:viewReplay:254]: P0_VIEW COMPLETE nano=30140038667600
[15:15:24] [Client thread/INFO] [STDOUT]: [com.layue13.clashweave.validation.ClientReplay:viewReplay:254]: P0_VIEW COMPLETE nano=30140087666300
[15:15:24] [Client thread/INFO] [STDOUT]: [com.layue13.clashweave.validation.ClientReplay:viewReplay:254]: P0_VIEW COMPLETE nano=30140138412100
[15:15:24] [Client thread/INFO] [STDOUT]: [com.layue13.clashweave.validation.ClientReplay:viewReplay:254]: P0_VIEW COMPLETE nano=30140187911500
[15:15:24] [Client thread/INFO] [STDOUT]: [com.layue13.clashweave.validation.ClientReplay:viewReplay:254]: P0_VIEW COMPLETE nano=30140238245100
[15:15:24] [Client thread/INFO] [STDOUT]: [com.layue13.clashweave.validation.ClientReplay:viewReplay:254]: P0_VIEW COMPLETE nano=30140287620100
[15:15:24] [Client thread/INFO] [STDOUT]: [com.layue13.clashweave.validation.ClientReplay:viewReplay:254]: P0_VIEW COMPLETE nano=30140337629400
[15:15:24] [Client thread/INFO] [STDOUT]: [com.layue13.clashweave.validation.ClientReplay:viewReplay:254]: P0_VIEW COMPLETE nano=30140388069900
[15:15:24] [Client thread/INFO] [STDOUT]: [com.layue13.clashweave.validation.ClientReplay:viewReplay:254]: P0_VIEW COMPLETE nano=30140437848300
[15:15:24] [Client thread/INFO] [STDOUT]: [com.layue13.clashweave.validation.ClientReplay:viewReplay:254]: P0_VIEW COMPLETE nano=30140488549300
[15:15:24] [Client thread/INFO] [STDOUT]: [com.layue13.clashweave.validation.ClientReplay:viewReplay:254]: P0_VIEW COMPLETE nano=30140538197600
[15:15:24] [Client thread/INFO] [STDOUT]: [com.layue13.clashweave.validation.ClientReplay:viewReplay:254]: P0_VIEW COMPLETE nano=30140587994900
[15:15:25] [Client thread/INFO] [STDOUT]: [com.layue13.clashweave.validation.ClientReplay:viewReplay:254]: P0_VIEW COMPLETE nano=30140637688200
[15:15:25] [Client thread/INFO] [STDOUT]: [com.layue13.clashweave.validation.ClientReplay:viewReplay:254]: P0_VIEW COMPLETE nano=30140688566600
[15:15:25] [Client thread/INFO] [STDOUT]: [com.layue13.clashweave.validation.ClientReplay:viewReplay:254]: P0_VIEW COMPLETE nano=30140738049000
[15:15:25] [Client thread/INFO] [STDOUT]: [com.layue13.clashweave.validation.ClientReplay:viewReplay:254]: P0_VIEW COMPLETE nano=30140787935700
[15:15:25] [Client thread/INFO] [STDOUT]: [com.layue13.clashweave.validation.ClientReplay:viewReplay:254]: P0_VIEW COMPLETE nano=30140838160200
[15:15:25] [Client thread/INFO] [STDOUT]: [com.layue13.clashweave.validation.ClientReplay:viewReplay:254]: P0_VIEW COMPLETE nano=30140887900900
[15:15:25] [Client thread/INFO] [STDOUT]: [com.layue13.clashweave.validation.ClientReplay:viewReplay:254]: P0_VIEW COMPLETE nano=30140937846900
[15:15:25] [Client thread/INFO] [STDOUT]: [com.layue13.clashweave.validation.ClientReplay:viewReplay:254]: P0_VIEW COMPLETE nano=30140987824400
[15:15:25] [Client thread/INFO] [STDOUT]: [com.layue13.clashweave.validation.ClientReplay:viewReplay:254]: P0_VIEW COMPLETE nano=30141037639300
[15:15:25] [Client thread/INFO] [STDOUT]: [com.layue13.clashweave.validation.ClientReplay:viewReplay:254]: P0_VIEW COMPLETE nano=30141088829100
[15:15:25] [Client thread/INFO] [STDOUT]: [com.layue13.clashweave.validation.ClientReplay:viewReplay:254]: P0_VIEW COMPLETE nano=30141137572600
[15:15:25] [Client thread/INFO] [STDOUT]: [com.layue13.clashweave.validation.ClientReplay:viewReplay:254]: P0_VIEW COMPLETE nano=30141187598400
[15:15:25] [Client thread/INFO] [STDOUT]: [com.layue13.clashweave.validation.ClientReplay:viewReplay:254]: P0_VIEW COMPLETE nano=30141238162800
[15:15:25] [Client thread/INFO] [STDOUT]: [com.layue13.clashweave.validation.ClientReplay:viewReplay:254]: P0_VIEW COMPLETE nano=30141288109100
[15:15:25] [Client thread/INFO] [STDOUT]: [com.layue13.clashweave.validation.ClientReplay:viewReplay:254]: P0_VIEW COMPLETE nano=30141337749300
[15:15:25] [Client thread/INFO] [STDOUT]: [com.layue13.clashweave.validation.ClientReplay:viewReplay:254]: P0_VIEW COMPLETE nano=30141387609400
[15:15:25] [Client thread/INFO] [STDOUT]: [com.layue13.clashweave.validation.ClientReplay:viewReplay:254]: P0_VIEW COMPLETE nano=30141438575500
[15:15:25] [Client thread/INFO] [STDOUT]: [com.layue13.clashweave.validation.ClientReplay:viewReplay:254]: P0_VIEW COMPLETE nano=30141488077200
[15:15:25] [Client thread/INFO] [STDOUT]: [com.layue13.clashweave.validation.ClientReplay:viewReplay:254]: P0_VIEW COMPLETE nano=30141538496300
[15:15:25] [Client thread/INFO] [STDOUT]: [com.layue13.clashweave.validation.ClientReplay:viewReplay:254]: P0_VIEW COMPLETE nano=30141587841600
[15:15:26] [Client thread/INFO] [STDOUT]: [com.layue13.clashweave.validation.ClientReplay:viewReplay:254]: P0_VIEW COMPLETE nano=30141638011000
[15:15:26] [Client thread/INFO] [STDOUT]: [com.layue13.clashweave.validation.ClientReplay:viewReplay:254]: P0_VIEW COMPLETE nano=30141688442400
[15:15:26] [Client thread/INFO] [STDOUT]: [com.layue13.clashweave.validation.ClientReplay:viewReplay:254]: P0_VIEW COMPLETE nano=30141738928300
[15:15:26] [Client thread/INFO] [STDOUT]: [com.layue13.clashweave.validation.ClientReplay:viewReplay:254]: P0_VIEW COMPLETE nano=30141791941600
[15:15:26] [Client thread/INFO] [STDOUT]: [com.layue13.clashweave.validation.ClientReplay:viewReplay:254]: P0_VIEW COMPLETE nano=30141838324200
[15:15:26] [Client thread/INFO] [STDOUT]: [com.layue13.clashweave.validation.ClientReplay:viewReplay:254]: P0_VIEW COMPLETE nano=30141888281300
[15:15:26] [Client thread/INFO] [STDOUT]: [com.layue13.clashweave.validation.ClientReplay:viewReplay:254]: P0_VIEW COMPLETE nano=30141938905700
[15:15:26] [Client thread/INFO] [STDOUT]: [com.layue13.clashweave.validation.ClientReplay:viewReplay:254]: P0_VIEW COMPLETE nano=30141987721000
[15:15:26] [Client thread/INFO] [STDOUT]: [com.layue13.clashweave.validation.ClientReplay:viewReplay:254]: P0_VIEW COMPLETE nano=30142037852600
[15:15:26] [Client thread/INFO] [STDOUT]: [com.layue13.clashweave.validation.ClientReplay:viewReplay:254]: P0_VIEW COMPLETE nano=30142087571800
[15:15:26] [Client thread/INFO] [STDOUT]: [com.layue13.clashweave.validation.ClientReplay:viewReplay:254]: P0_VIEW COMPLETE nano=30142138158500
[15:15:26] [Client thread/INFO] [STDOUT]: [com.layue13.clashweave.validation.ClientReplay:viewReplay:254]: P0_VIEW COMPLETE nano=30142187845800
[15:15:26] [Client thread/INFO] [STDOUT]: [com.layue13.clashweave.validation.ClientReplay:viewReplay:254]: P0_VIEW COMPLETE nano=30142237832300
[15:15:26] [Client thread/INFO] [STDOUT]: [com.layue13.clashweave.validation.ClientReplay:viewReplay:254]: P0_VIEW COMPLETE nano=30142287636400
[15:15:26] [Client thread/INFO] [STDOUT]: [com.layue13.clashweave.validation.ClientReplay:viewReplay:254]: P0_VIEW COMPLETE nano=30142337922600
[15:15:26] [Client thread/INFO] [STDOUT]: [com.layue13.clashweave.validation.ClientReplay:viewReplay:254]: P0_VIEW COMPLETE nano=30142387738800
[15:15:26] [Client thread/INFO] [STDOUT]: [com.layue13.clashweave.validation.ClientReplay:viewReplay:254]: P0_VIEW COMPLETE nano=30142438111000
[15:15:26] [Client thread/INFO] [STDOUT]: [com.layue13.clashweave.validation.ClientReplay:viewReplay:254]: P0_VIEW COMPLETE nano=30142487501500
[15:15:26] [Client thread/INFO] [STDOUT]: [com.layue13.clashweave.validation.ClientReplay:viewReplay:254]: P0_VIEW COMPLETE nano=30142537957500
[15:15:26] [Client thread/INFO] [STDOUT]: [com.layue13.clashweave.validation.ClientReplay:viewReplay:254]: P0_VIEW COMPLETE nano=30142587794300
[15:15:27] [Client thread/INFO] [STDOUT]: [com.layue13.clashweave.validation.ClientReplay:viewReplay:254]: P0_VIEW COMPLETE nano=30142637688000
[15:15:27] [Client thread/INFO] [STDOUT]: [com.layue13.clashweave.validation.ClientReplay:viewReplay:254]: P0_VIEW COMPLETE nano=30142688536800
[15:15:27] [Client thread/INFO] [STDOUT]: [com.layue13.clashweave.validation.ClientReplay:viewReplay:254]: P0_VIEW COMPLETE nano=30142737778500
[15:15:27] [Client thread/INFO] [STDOUT]: [com.layue13.clashweave.validation.ClientReplay:viewReplay:254]: P0_VIEW COMPLETE nano=30142787793500
[15:15:27] [Client thread/INFO] [STDOUT]: [com.layue13.clashweave.validation.ClientReplay:viewReplay:254]: P0_VIEW COMPLETE nano=30142838145900
[15:15:27] [Client thread/INFO] [STDOUT]: [com.layue13.clashweave.validation.ClientReplay:viewReplay:254]: P0_VIEW COMPLETE nano=30142887646100
[15:15:27] [Client thread/INFO] [STDOUT]: [com.layue13.clashweave.validation.ClientReplay:viewReplay:254]: P0_VIEW COMPLETE nano=30142938010300
[15:15:27] [Client thread/INFO] [STDOUT]: [com.layue13.clashweave.validation.ClientReplay:viewReplay:254]: P0_VIEW COMPLETE nano=30142987878900
[15:15:27] [Client thread/INFO] [STDOUT]: [com.layue13.clashweave.validation.ClientReplay:viewReplay:254]: P0_VIEW COMPLETE nano=30143037811500
[15:15:27] [Client thread/INFO] [STDOUT]: [com.layue13.clashweave.validation.ClientReplay:viewReplay:254]: P0_VIEW COMPLETE nano=30143087923800
[15:15:27] [Client thread/INFO] [STDOUT]: [com.layue13.clashweave.validation.ClientReplay:viewReplay:254]: P0_VIEW COMPLETE nano=30143138179200
[15:15:27] [Client thread/INFO] [STDOUT]: [com.layue13.clashweave.validation.ClientReplay:viewReplay:254]: P0_VIEW COMPLETE nano=30143187687600
[15:15:27] [Client thread/INFO] [STDOUT]: [com.layue13.clashweave.validation.ClientReplay:viewReplay:254]: P0_VIEW COMPLETE nano=30143238476000
[15:15:27] [Client thread/INFO] [STDOUT]: [com.layue13.clashweave.validation.ClientReplay:viewReplay:254]: P0_VIEW COMPLETE nano=30143287899700
[15:15:27] [Client thread/INFO] [STDOUT]: [com.layue13.clashweave.validation.ClientReplay:viewReplay:254]: P0_VIEW COMPLETE nano=30143338377800
[15:15:27] [Client thread/INFO] [STDOUT]: [com.layue13.clashweave.validation.ClientReplay:viewReplay:254]: P0_VIEW COMPLETE nano=30143387742700
[15:15:27] [Client thread/INFO] [STDOUT]: [com.layue13.clashweave.validation.ClientReplay:viewReplay:254]: P0_VIEW COMPLETE nano=30143437996800
[15:15:27] [Client thread/INFO] [STDOUT]: [com.layue13.clashweave.validation.ClientReplay:viewReplay:254]: P0_VIEW COMPLETE nano=30143487801400
[15:15:27] [Client thread/INFO] [STDOUT]: [com.layue13.clashweave.validation.ClientReplay:viewReplay:254]: P0_VIEW COMPLETE nano=30143537876300
[15:15:27] [Client thread/INFO] [STDOUT]: [com.layue13.clashweave.validation.ClientReplay:viewReplay:254]: P0_VIEW COMPLETE nano=30143587818700
[15:15:28] [Client thread/INFO] [STDOUT]: [com.layue13.clashweave.validation.ClientReplay:viewReplay:254]: P0_VIEW COMPLETE nano=30143637804600
[15:15:28] [Client thread/INFO] [STDOUT]: [com.layue13.clashweave.validation.ClientReplay:viewReplay:254]: P0_VIEW COMPLETE nano=30143687598800
[15:15:28] [Client thread/INFO] [STDOUT]: [com.layue13.clashweave.validation.ClientReplay:viewReplay:254]: P0_VIEW COMPLETE nano=30143738681400
[15:15:28] [Client thread/INFO] [STDOUT]: [com.layue13.clashweave.validation.ClientReplay:viewReplay:254]: P0_VIEW COMPLETE nano=30143788461400
[15:15:28] [Client thread/INFO] [STDOUT]: [com.layue13.clashweave.validation.ClientReplay:viewReplay:254]: P0_VIEW COMPLETE nano=30143838171900
[15:15:28] [Client thread/INFO] [STDOUT]: [com.layue13.clashweave.validation.ClientReplay:viewReplay:254]: P0_VIEW COMPLETE nano=30143888040900
[15:15:28] [Client thread/INFO] [STDOUT]: [com.layue13.clashweave.validation.ClientReplay:viewReplay:254]: P0_VIEW COMPLETE nano=30143937818000
[15:15:28] [Client thread/INFO] [STDOUT]: [com.layue13.clashweave.validation.ClientReplay:viewReplay:254]: P0_VIEW COMPLETE nano=30143988285900
[15:15:28] [Client thread/INFO] [STDOUT]: [com.layue13.clashweave.validation.ClientReplay:viewReplay:254]: P0_VIEW COMPLETE nano=30144037846900
[15:15:28] [Client thread/INFO] [STDOUT]: [com.layue13.clashweave.validation.ClientReplay:viewReplay:254]: P0_VIEW COMPLETE nano=30144088059600
[15:15:28] [Client thread/INFO] [STDOUT]: [com.layue13.clashweave.validation.ClientReplay:viewReplay:254]: P0_VIEW COMPLETE nano=30144138147600
[15:15:28] [Client thread/INFO] [STDOUT]: [com.layue13.clashweave.validation.ClientReplay:viewReplay:254]: P0_VIEW COMPLETE nano=30144188173300
[15:15:28] [Client thread/INFO] [STDOUT]: [com.layue13.clashweave.validation.ClientReplay:viewReplay:254]: P0_VIEW COMPLETE nano=30144238104600
[15:15:28] [Client thread/INFO] [STDOUT]: [com.layue13.clashweave.validation.ClientReplay:viewReplay:254]: P0_VIEW COMPLETE nano=30144287818800
[15:15:28] [Client thread/INFO] [STDOUT]: [com.layue13.clashweave.validation.ClientReplay:viewReplay:254]: P0_VIEW COMPLETE nano=30144337966200
[15:15:28] [Client thread/INFO] [STDOUT]: [com.layue13.clashweave.validation.ClientReplay:viewReplay:254]: P0_VIEW COMPLETE nano=30144388022700
[15:15:28] [Client thread/INFO] [STDOUT]: [com.layue13.clashweave.validation.ClientReplay:viewReplay:254]: P0_VIEW COMPLETE nano=30144437981500
[15:15:28] [Client thread/INFO] [STDOUT]: [com.layue13.clashweave.validation.ClientReplay:viewReplay:254]: P0_VIEW COMPLETE nano=30144487989300
[15:15:28] [Client thread/INFO] [STDOUT]: [com.layue13.clashweave.validation.ClientReplay:viewReplay:254]: P0_VIEW COMPLETE nano=30144537922000
[15:15:28] [Client thread/INFO] [STDOUT]: [com.layue13.clashweave.validation.ClientReplay:viewReplay:254]: P0_VIEW COMPLETE nano=30144588003600
[15:15:29] [Client thread/INFO] [STDOUT]: [com.layue13.clashweave.validation.ClientReplay:viewReplay:254]: P0_VIEW COMPLETE nano=30144637658900
[15:15:29] [Client thread/INFO] [STDOUT]: [com.layue13.clashweave.validation.ClientReplay:viewReplay:254]: P0_VIEW COMPLETE nano=30144687875100
[15:15:29] [Client thread/INFO] [STDOUT]: [com.layue13.clashweave.validation.ClientReplay:viewReplay:254]: P0_VIEW COMPLETE nano=30144738093700
[15:15:29] [Client thread/INFO] [STDOUT]: [com.layue13.clashweave.validation.ClientReplay:viewReplay:254]: P0_VIEW COMPLETE nano=30144787609100
[15:15:29] [Client thread/INFO] [STDOUT]: [com.layue13.clashweave.validation.ClientReplay:viewReplay:254]: P0_VIEW COMPLETE nano=30144837648100
[15:15:29] [Client thread/INFO] [STDOUT]: [com.layue13.clashweave.validation.ClientReplay:viewReplay:254]: P0_VIEW COMPLETE nano=30144887791400
[15:15:29] [Client thread/INFO] [STDOUT]: [com.layue13.clashweave.validation.ClientReplay:viewReplay:254]: P0_VIEW COMPLETE nano=30144937908400
[15:15:29] [Client thread/INFO] [STDOUT]: [com.layue13.clashweave.validation.ClientReplay:viewReplay:254]: P0_VIEW COMPLETE nano=30144987885000
[15:15:29] [Client thread/INFO] [STDOUT]: [com.layue13.clashweave.validation.ClientReplay:viewReplay:254]: P0_VIEW COMPLETE nano=30145037677700
[15:15:29] [Client thread/INFO] [STDOUT]: [com.layue13.clashweave.validation.ClientReplay:viewReplay:254]: P0_VIEW COMPLETE nano=30145087646300
[15:15:29] [Client thread/INFO] [STDOUT]: [com.layue13.clashweave.validation.ClientReplay:viewReplay:254]: P0_VIEW COMPLETE nano=30145138235900
[15:15:29] [Client thread/INFO] [STDOUT]: [com.layue13.clashweave.validation.ClientReplay:viewReplay:254]: P0_VIEW COMPLETE nano=30145187576000
[15:15:29] [Client thread/INFO] [STDOUT]: [com.layue13.clashweave.validation.ClientReplay:viewReplay:254]: P0_VIEW COMPLETE nano=30145238505700
[15:15:29] [Client thread/INFO] [STDOUT]: [com.layue13.clashweave.validation.ClientReplay:viewReplay:254]: P0_VIEW COMPLETE nano=30145287647200
[15:15:29] [Client thread/INFO] [STDOUT]: [com.layue13.clashweave.validation.ClientReplay:viewReplay:254]: P0_VIEW COMPLETE nano=30145337905600
[15:15:29] [Client thread/INFO] [STDOUT]: [com.layue13.clashweave.validation.ClientReplay:viewReplay:254]: P0_VIEW COMPLETE nano=30145387746900
[15:15:29] [Client thread/INFO] [STDOUT]: [com.layue13.clashweave.validation.ClientReplay:viewReplay:254]: P0_VIEW COMPLETE nano=30145437642300
[15:15:29] [Client thread/INFO] [STDOUT]: [com.layue13.clashweave.validation.ClientReplay:viewReplay:254]: P0_VIEW COMPLETE nano=30145487932700
[15:15:29] [Client thread/INFO] [STDOUT]: [com.layue13.clashweave.validation.ClientReplay:viewReplay:254]: P0_VIEW COMPLETE nano=30145537754100
[15:15:29] [Client thread/INFO] [STDOUT]: [com.layue13.clashweave.validation.ClientReplay:viewReplay:254]: P0_VIEW COMPLETE nano=30145588074000
[15:15:30] [Client thread/INFO] [STDOUT]: [com.layue13.clashweave.validation.ClientReplay:viewReplay:254]: P0_VIEW COMPLETE nano=30145637993000
[15:15:30] [Client thread/INFO] [STDOUT]: [com.layue13.clashweave.validation.ClientReplay:viewReplay:254]: P0_VIEW COMPLETE nano=30145688370500
[15:15:30] [Client thread/INFO] [STDOUT]: [com.layue13.clashweave.validation.ClientReplay:viewReplay:254]: P0_VIEW COMPLETE nano=30145738367900
[15:15:30] [Client thread/INFO] [STDOUT]: [com.layue13.clashweave.validation.ClientReplay:viewReplay:254]: P0_VIEW COMPLETE nano=30145787927900
[15:15:30] [Client thread/INFO] [STDOUT]: [com.layue13.clashweave.validation.ClientReplay:viewReplay:254]: P0_VIEW COMPLETE nano=30145837504300
[15:15:30] [Client thread/INFO] [STDOUT]: [com.layue13.clashweave.validation.ClientReplay:viewReplay:254]: P0_VIEW COMPLETE nano=30145888316900
[15:15:30] [Client thread/INFO] [STDOUT]: [com.layue13.clashweave.validation.ClientReplay:viewReplay:254]: P0_VIEW COMPLETE nano=30145938168500
[15:15:30] [Client thread/INFO] [STDOUT]: [com.layue13.clashweave.validation.ClientReplay:viewReplay:254]: P0_VIEW COMPLETE nano=30145988150300
[15:15:30] [Client thread/INFO] [STDOUT]: [com.layue13.clashweave.validation.ClientReplay:viewReplay:254]: P0_VIEW COMPLETE nano=30146037601700
[15:15:30] [Client thread/INFO] [STDOUT]: [com.layue13.clashweave.validation.ClientReplay:viewReplay:254]: P0_VIEW COMPLETE nano=30146088104000
[15:15:30] [Client thread/INFO] [STDOUT]: [com.layue13.clashweave.validation.ClientReplay:viewReplay:254]: P0_VIEW COMPLETE nano=30146138120700
[15:15:30] [Client thread/INFO] [STDOUT]: [com.layue13.clashweave.validation.ClientReplay:viewReplay:254]: P0_VIEW COMPLETE nano=30146189020500
[15:15:30] [Client thread/INFO] [STDOUT]: [com.layue13.clashweave.validation.ClientReplay:viewReplay:254]: P0_VIEW COMPLETE nano=30146238466800
[15:15:30] [Client thread/INFO] [STDOUT]: [com.layue13.clashweave.validation.ClientReplay:viewReplay:254]: P0_VIEW COMPLETE nano=30146288320500
[15:15:30] [Client thread/INFO] [STDOUT]: [com.layue13.clashweave.validation.ClientReplay:viewReplay:254]: P0_VIEW COMPLETE nano=30146338021100
[15:15:30] [Client thread/INFO] [STDOUT]: [com.layue13.clashweave.validation.ClientReplay:viewReplay:254]: P0_VIEW COMPLETE nano=30146387729200
[15:15:30] [Client thread/INFO] [STDOUT]: [com.layue13.clashweave.validation.ClientReplay:viewReplay:254]: P0_VIEW COMPLETE nano=30146438441200
[15:15:30] [Client thread/INFO] [STDOUT]: [com.layue13.clashweave.validation.ClientReplay:viewReplay:254]: P0_VIEW COMPLETE nano=30146487988700
[15:15:30] [Client thread/INFO] [STDOUT]: [com.layue13.clashweave.validation.ClientReplay:viewReplay:254]: P0_VIEW COMPLETE nano=30146538940500
[15:15:30] [Client thread/INFO] [STDOUT]: [com.layue13.clashweave.validation.ClientReplay:viewReplay:254]: P0_VIEW COMPLETE nano=30146587562100
[15:15:31] [Client thread/INFO] [STDOUT]: [com.layue13.clashweave.validation.ClientReplay:viewReplay:254]: P0_VIEW COMPLETE nano=30146638176600
[15:15:31] [Client thread/INFO] [STDOUT]: [com.layue13.clashweave.validation.ClientReplay:viewReplay:254]: P0_VIEW COMPLETE nano=30146687965900
[15:15:31] [Client thread/INFO] [STDOUT]: [com.layue13.clashweave.validation.ClientReplay:viewReplay:254]: P0_VIEW COMPLETE nano=30146738269700
[15:15:31] [Client thread/INFO] [STDOUT]: [com.layue13.clashweave.validation.ClientReplay:viewReplay:254]: P0_VIEW COMPLETE nano=30146788165700
[15:15:31] [Client thread/INFO] [STDOUT]: [com.layue13.clashweave.validation.ClientReplay:viewReplay:254]: P0_VIEW COMPLETE nano=30146837549200
[15:15:31] [Client thread/INFO] [STDOUT]: [com.layue13.clashweave.validation.ClientReplay:viewReplay:254]: P0_VIEW COMPLETE nano=30146889027300
[15:15:31] [Client thread/INFO] [STDOUT]: [com.layue13.clashweave.validation.ClientReplay:viewReplay:254]: P0_VIEW COMPLETE nano=30146937766200
[15:15:31] [Client thread/INFO] [STDOUT]: [com.layue13.clashweave.validation.ClientReplay:viewReplay:254]: P0_VIEW COMPLETE nano=30146987958300
[15:15:31] [Client thread/INFO] [STDOUT]: [com.layue13.clashweave.validation.ClientReplay:viewReplay:254]: P0_VIEW COMPLETE nano=30147038474000
[15:15:31] [Client thread/INFO] [STDOUT]: [com.layue13.clashweave.validation.ClientReplay:viewReplay:254]: P0_VIEW COMPLETE nano=30147088478100
[15:15:31] [Client thread/INFO] [STDOUT]: [com.layue13.clashweave.validation.ClientReplay:viewReplay:254]: P0_VIEW COMPLETE nano=30147137596000
[15:15:31] [Client thread/INFO] [STDOUT]: [com.layue13.clashweave.validation.ClientReplay:viewReplay:254]: P0_VIEW COMPLETE nano=30147188326000
[15:15:31] [Client thread/INFO] [STDOUT]: [com.layue13.clashweave.validation.ClientReplay:viewReplay:254]: P0_VIEW COMPLETE nano=30147237859900
[15:15:31] [Client thread/INFO] [STDOUT]: [com.layue13.clashweave.validation.ClientReplay:viewReplay:254]: P0_VIEW COMPLETE nano=30147288014500
[15:15:31] [Client thread/INFO] [STDOUT]: [com.layue13.clashweave.validation.ClientReplay:viewReplay:254]: P0_VIEW COMPLETE nano=30147337854900
[15:15:31] [Client thread/INFO] [STDOUT]: [com.layue13.clashweave.validation.ClientReplay:viewReplay:254]: P0_VIEW COMPLETE nano=30147387993600
[15:15:31] [Client thread/INFO] [STDOUT]: [com.layue13.clashweave.validation.ClientReplay:viewReplay:254]: P0_VIEW COMPLETE nano=30147437824800
[15:15:31] [Client thread/INFO] [STDOUT]: [com.layue13.clashweave.validation.ClientReplay:viewReplay:254]: P0_VIEW COMPLETE nano=30147488027400
[15:15:31] [Client thread/INFO] [STDOUT]: [com.layue13.clashweave.validation.ClientReplay:viewReplay:254]: P0_VIEW COMPLETE nano=30147537587800
[15:15:31] [Client thread/INFO] [STDOUT]: [com.layue13.clashweave.validation.ClientReplay:viewReplay:254]: P0_VIEW COMPLETE nano=30147587935700
[15:15:32] [Client thread/INFO] [STDOUT]: [com.layue13.clashweave.validation.ClientReplay:viewReplay:254]: P0_VIEW COMPLETE nano=30147637951500
[15:15:32] [Client thread/INFO] [STDOUT]: [com.layue13.clashweave.validation.ClientReplay:viewReplay:254]: P0_VIEW COMPLETE nano=30147688303400
[15:15:32] [Client thread/INFO] [STDOUT]: [com.layue13.clashweave.validation.ClientReplay:viewReplay:254]: P0_VIEW COMPLETE nano=30147737834300
[15:15:32] [Client thread/INFO] [STDOUT]: [com.layue13.clashweave.validation.ClientReplay:viewReplay:254]: P0_VIEW COMPLETE nano=30147788270800
[15:15:32] [Client thread/INFO] [STDOUT]: [com.layue13.clashweave.validation.ClientReplay:viewReplay:254]: P0_VIEW COMPLETE nano=30147837664500
[15:15:32] [Client thread/INFO] [STDOUT]: [com.layue13.clashweave.validation.ClientReplay:viewReplay:254]: P0_VIEW COMPLETE nano=30147888048300
[15:15:32] [Client thread/INFO] [STDOUT]: [com.layue13.clashweave.validation.ClientReplay:viewReplay:254]: P0_VIEW COMPLETE nano=30147937600300
[15:15:32] [Client thread/INFO] [STDOUT]: [com.layue13.clashweave.validation.ClientReplay:viewReplay:254]: P0_VIEW COMPLETE nano=30147988052900
[15:15:32] [Client thread/INFO] [STDOUT]: [com.layue13.clashweave.validation.ClientReplay:viewReplay:254]: P0_VIEW COMPLETE nano=30148037646300
[15:15:32] [Client thread/INFO] [STDOUT]: [com.layue13.clashweave.validation.ClientReplay:viewReplay:254]: P0_VIEW COMPLETE nano=30148087836900
[15:15:32] [Client thread/INFO] [STDOUT]: [com.layue13.clashweave.validation.ClientReplay:viewReplay:254]: P0_VIEW COMPLETE nano=30148137726600
[15:15:32] [Client thread/INFO] [STDOUT]: [com.layue13.clashweave.validation.ClientReplay:viewReplay:254]: P0_VIEW COMPLETE nano=30148187524600
[15:15:32] [Client thread/INFO] [STDOUT]: [com.layue13.clashweave.validation.ClientReplay:viewReplay:254]: P0_VIEW COMPLETE nano=30148237603600
[15:15:32] [Client thread/INFO] [STDOUT]: [com.layue13.clashweave.validation.ClientReplay:viewReplay:254]: P0_VIEW COMPLETE nano=30148288476500
[15:15:32] [Client thread/INFO] [STDOUT]: [com.layue13.clashweave.validation.ClientReplay:viewReplay:254]: P0_VIEW COMPLETE nano=30148338363500
[15:15:32] [Client thread/INFO] [STDOUT]: [com.layue13.clashweave.validation.ClientReplay:viewReplay:254]: P0_VIEW COMPLETE nano=30148387503100
[15:15:32] [Client thread/INFO] [STDOUT]: [com.layue13.clashweave.validation.ClientReplay:viewReplay:254]: P0_VIEW COMPLETE nano=30148437696800
[15:15:32] [Client thread/INFO] [STDOUT]: [com.layue13.clashweave.validation.ClientReplay:viewReplay:254]: P0_VIEW COMPLETE nano=30148487646100
[15:15:32] [Client thread/INFO] [STDOUT]: [com.layue13.clashweave.validation.ClientReplay:viewReplay:254]: P0_VIEW COMPLETE nano=30148537640600
[15:15:32] [Client thread/INFO] [STDOUT]: [com.layue13.clashweave.validation.ClientReplay:viewReplay:254]: P0_VIEW COMPLETE nano=30148587663500
[15:15:33] [Client thread/INFO] [STDOUT]: [com.layue13.clashweave.validation.ClientReplay:viewReplay:254]: P0_VIEW COMPLETE nano=30148637814300
[15:15:33] [Client thread/INFO] [STDOUT]: [com.layue13.clashweave.validation.ClientReplay:viewReplay:254]: P0_VIEW COMPLETE nano=30148687964200
[15:15:33] [Client thread/INFO] [STDOUT]: [com.layue13.clashweave.validation.ClientReplay:viewReplay:254]: P0_VIEW COMPLETE nano=30148738225700
[15:15:33] [Client thread/INFO] [STDOUT]: [com.layue13.clashweave.validation.ClientReplay:viewReplay:254]: P0_VIEW COMPLETE nano=30148787756100
[15:15:33] [Client thread/INFO] [STDOUT]: [com.layue13.clashweave.validation.ClientReplay:viewReplay:254]: P0_VIEW COMPLETE nano=30148837582100
[15:15:33] [Client thread/INFO] [STDOUT]: [com.layue13.clashweave.validation.ClientReplay:viewReplay:254]: P0_VIEW COMPLETE nano=30148887557200
[15:15:33] [Client thread/INFO] [STDOUT]: [com.layue13.clashweave.validation.ClientReplay:viewReplay:254]: P0_VIEW COMPLETE nano=30148937527300
[15:15:33] [Client thread/INFO] [STDOUT]: [com.layue13.clashweave.validation.ClientReplay:viewReplay:254]: P0_VIEW COMPLETE nano=30148988011300
[15:15:33] [Client thread/INFO] [STDOUT]: [com.layue13.clashweave.validation.ClientReplay:viewReplay:254]: P0_VIEW COMPLETE nano=30149037938600
[15:15:33] [Client thread/INFO] [STDOUT]: [com.layue13.clashweave.validation.ClientReplay:viewReplay:254]: P0_VIEW COMPLETE nano=30149088093000
[15:15:33] [Client thread/INFO] [STDOUT]: [com.layue13.clashweave.validation.ClientReplay:viewReplay:254]: P0_VIEW COMPLETE nano=30149138081400
[15:15:33] [Client thread/INFO] [STDOUT]: [com.layue13.clashweave.validation.ClientReplay:viewReplay:254]: P0_VIEW COMPLETE nano=30149188017200
[15:15:33] [Client thread/INFO] [STDOUT]: [com.layue13.clashweave.validation.ClientReplay:viewReplay:254]: P0_VIEW COMPLETE nano=30149237997800
[15:15:33] [Client thread/INFO] [STDOUT]: [com.layue13.clashweave.validation.ClientReplay:viewReplay:254]: P0_VIEW COMPLETE nano=30149288252300
[15:15:33] [Client thread/INFO] [STDOUT]: [com.layue13.clashweave.validation.ClientReplay:viewReplay:254]: P0_VIEW COMPLETE nano=30149338431100
[15:15:33] [Client thread/INFO] [STDOUT]: [com.layue13.clashweave.validation.ClientReplay:viewReplay:254]: P0_VIEW COMPLETE nano=30149387623500
[15:15:33] [Client thread/INFO] [STDOUT]: [com.layue13.clashweave.validation.ClientReplay:viewReplay:254]: P0_VIEW COMPLETE nano=30149438191400
[15:15:33] [Client thread/INFO] [STDOUT]: [com.layue13.clashweave.validation.ClientReplay:viewReplay:254]: P0_VIEW COMPLETE nano=30149487529800
[15:15:33] [Client thread/INFO] [STDOUT]: [com.layue13.clashweave.validation.ClientReplay:viewReplay:254]: P0_VIEW COMPLETE nano=30149538287600
[15:15:33] [Client thread/INFO] [STDOUT]: [com.layue13.clashweave.validation.ClientReplay:viewReplay:254]: P0_VIEW COMPLETE nano=30149588127300
[15:15:34] [Client thread/INFO] [STDOUT]: [com.layue13.clashweave.validation.ClientReplay:viewReplay:254]: P0_VIEW COMPLETE nano=30149637816700
[15:15:34] [Client thread/INFO] [STDOUT]: [com.layue13.clashweave.validation.ClientReplay:viewReplay:254]: P0_VIEW COMPLETE nano=30149687577700
[15:15:34] [Client thread/INFO] [STDOUT]: [com.layue13.clashweave.validation.ClientReplay:viewReplay:254]: P0_VIEW COMPLETE nano=30149737695600
[15:15:34] [Client thread/INFO] [STDOUT]: [com.layue13.clashweave.validation.ClientReplay:viewReplay:254]: P0_VIEW COMPLETE nano=30149787854500
[15:15:34] [Client thread/INFO] [STDOUT]: [com.layue13.clashweave.validation.ClientReplay:viewReplay:254]: P0_VIEW COMPLETE nano=30149837713500
[15:15:34] [Client thread/INFO] [STDOUT]: [com.layue13.clashweave.validation.ClientReplay:viewReplay:254]: P0_VIEW COMPLETE nano=30149888433000
[15:15:34] [Client thread/INFO] [STDOUT]: [com.layue13.clashweave.validation.ClientReplay:viewReplay:254]: P0_VIEW COMPLETE nano=30149937844900
[15:15:34] [Client thread/INFO] [STDOUT]: [com.layue13.clashweave.validation.ClientReplay:viewReplay:254]: P0_VIEW COMPLETE nano=30149987858100
[15:15:34] [Client thread/INFO] [STDOUT]: [com.layue13.clashweave.validation.ClientReplay:viewReplay:254]: P0_VIEW COMPLETE nano=30150038103600
[15:15:34] [Client thread/INFO] [STDOUT]: [com.layue13.clashweave.validation.ClientReplay:viewReplay:254]: P0_VIEW COMPLETE nano=30150087509400
[15:15:34] [Client thread/INFO] [STDOUT]: [com.layue13.clashweave.validation.ClientReplay:viewReplay:254]: P0_VIEW COMPLETE nano=30150138052200
[15:15:34] [Client thread/INFO] [STDOUT]: [com.layue13.clashweave.validation.ClientReplay:viewReplay:254]: P0_VIEW COMPLETE nano=30150187485600
[15:15:34] [Client thread/INFO] [STDOUT]: [com.layue13.clashweave.validation.ClientReplay:viewReplay:254]: P0_VIEW COMPLETE nano=30150238199800
[15:15:34] [Client thread/INFO] [STDOUT]: [com.layue13.clashweave.validation.ClientReplay:viewReplay:254]: P0_VIEW COMPLETE nano=30150287913100
[15:15:34] [Client thread/INFO] [STDOUT]: [com.layue13.clashweave.validation.ClientReplay:viewReplay:254]: P0_VIEW COMPLETE nano=30150338375600
[15:15:34] [Client thread/INFO] [STDOUT]: [com.layue13.clashweave.validation.ClientReplay:viewReplay:254]: P0_VIEW COMPLETE nano=30150387818200
[15:15:34] [Client thread/INFO] [STDOUT]: [com.layue13.clashweave.validation.ClientReplay:viewReplay:254]: P0_VIEW COMPLETE nano=30150438179500
[15:15:34] [Client thread/INFO] [STDOUT]: [com.layue13.clashweave.validation.ClientReplay:viewReplay:254]: P0_VIEW COMPLETE nano=30150487716900
[15:15:34] [Client thread/INFO] [STDOUT]: [com.layue13.clashweave.validation.ClientReplay:viewReplay:254]: P0_VIEW COMPLETE nano=30150537813700
[15:15:34] [Client thread/INFO] [STDOUT]: [com.layue13.clashweave.validation.ClientReplay:viewReplay:254]: P0_VIEW COMPLETE nano=30150587561700
[15:15:35] [Client thread/INFO] [STDOUT]: [com.layue13.clashweave.validation.ClientReplay:viewReplay:254]: P0_VIEW COMPLETE nano=30150638336200
[15:15:35] [Client thread/INFO] [STDOUT]: [com.layue13.clashweave.validation.ClientReplay:viewReplay:254]: P0_VIEW COMPLETE nano=30150687715700
[15:15:35] [Client thread/INFO] [STDOUT]: [com.layue13.clashweave.validation.ClientReplay:viewReplay:254]: P0_VIEW COMPLETE nano=30150738434500
[15:15:35] [Client thread/INFO] [STDOUT]: [com.layue13.clashweave.validation.ClientReplay:viewReplay:254]: P0_VIEW COMPLETE nano=30150787966700
[15:15:35] [Client thread/INFO] [STDOUT]: [com.layue13.clashweave.validation.ClientReplay:viewReplay:254]: P0_VIEW COMPLETE nano=30150837526400
[15:15:35] [Client thread/INFO] [STDOUT]: [com.layue13.clashweave.validation.ClientReplay:viewReplay:254]: P0_VIEW COMPLETE nano=30150888163600
[15:15:35] [Client thread/INFO] [STDOUT]: [com.layue13.clashweave.validation.ClientReplay:viewReplay:254]: P0_VIEW COMPLETE nano=30150938452300
[15:15:35] [Client thread/INFO] [STDOUT]: [com.layue13.clashweave.validation.ClientReplay:viewReplay:254]: P0_VIEW COMPLETE nano=30150987868000
[15:15:35] [Client thread/INFO] [STDOUT]: [com.layue13.clashweave.validation.ClientReplay:viewReplay:254]: P0_VIEW COMPLETE nano=30151037737500
[15:15:35] [Client thread/INFO] [STDOUT]: [com.layue13.clashweave.validation.ClientReplay:viewReplay:254]: P0_VIEW COMPLETE nano=30151087715500
[15:15:35] [Client thread/INFO] [STDOUT]: [com.layue13.clashweave.validation.ClientReplay:viewReplay:254]: P0_VIEW COMPLETE nano=30151138953800
[15:15:35] [Client thread/INFO] [STDOUT]: [com.layue13.clashweave.validation.ClientReplay:viewReplay:254]: P0_VIEW COMPLETE nano=30151188068900
[15:15:35] [Client thread/INFO] [STDOUT]: [com.layue13.clashweave.validation.ClientReplay:viewReplay:254]: P0_VIEW COMPLETE nano=30151237790800
[15:15:35] [Client thread/INFO] [STDOUT]: [com.layue13.clashweave.validation.ClientReplay:viewReplay:254]: P0_VIEW COMPLETE nano=30151287994200
[15:15:35] [Client thread/INFO] [STDOUT]: [com.layue13.clashweave.validation.ClientReplay:viewReplay:254]: P0_VIEW COMPLETE nano=30151337853900
[15:15:35] [Client thread/INFO] [STDOUT]: [com.layue13.clashweave.validation.ClientReplay:viewReplay:254]: P0_VIEW COMPLETE nano=30151387556000
[15:15:35] [Client thread/INFO] [STDOUT]: [com.layue13.clashweave.validation.ClientReplay:viewReplay:254]: P0_VIEW COMPLETE nano=30151437779900
[15:15:35] [Client thread/INFO] [STDOUT]: [com.layue13.clashweave.validation.ClientReplay:viewReplay:254]: P0_VIEW COMPLETE nano=30151487833900
[15:15:35] [Client thread/INFO] [STDOUT]: [com.layue13.clashweave.validation.ClientReplay:viewReplay:254]: P0_VIEW COMPLETE nano=30151537758200
[15:15:35] [Client thread/INFO] [STDOUT]: [com.layue13.clashweave.validation.ClientReplay:viewReplay:254]: P0_VIEW COMPLETE nano=30151587862800
[15:15:36] [Client thread/INFO] [STDOUT]: [com.layue13.clashweave.validation.ClientReplay:viewReplay:254]: P0_VIEW COMPLETE nano=30151637708000
[15:15:36] [Client thread/INFO] [STDOUT]: [com.layue13.clashweave.validation.ClientReplay:viewReplay:254]: P0_VIEW COMPLETE nano=30151688173500
[15:15:36] [Client thread/INFO] [STDOUT]: [com.layue13.clashweave.validation.ClientReplay:viewReplay:254]: P0_VIEW COMPLETE nano=30151737908900
[15:15:36] [Client thread/INFO] [STDOUT]: [com.layue13.clashweave.validation.ClientReplay:viewReplay:254]: P0_VIEW COMPLETE nano=30151787762500
[15:15:36] [Client thread/INFO] [STDOUT]: [com.layue13.clashweave.validation.ClientReplay:viewReplay:254]: P0_VIEW COMPLETE nano=30151837574400
[15:15:36] [Client thread/INFO] [STDOUT]: [com.layue13.clashweave.validation.ClientReplay:viewReplay:254]: P0_VIEW COMPLETE nano=30151887559000
[15:15:36] [Client thread/INFO] [STDOUT]: [com.layue13.clashweave.validation.ClientReplay:viewReplay:254]: P0_VIEW COMPLETE nano=30151938094500
[15:15:36] [Client thread/INFO] [STDOUT]: [com.layue13.clashweave.validation.ClientReplay:viewReplay:254]: P0_VIEW COMPLETE nano=30151987652200
[15:15:36] [Client thread/INFO] [STDOUT]: [com.layue13.clashweave.validation.ClientReplay:viewReplay:254]: P0_VIEW COMPLETE nano=30152038453400
[15:15:36] [Client thread/INFO] [STDOUT]: [com.layue13.clashweave.validation.ClientReplay:viewReplay:254]: P0_VIEW COMPLETE nano=30152087735900
[15:15:36] [Client thread/INFO] [STDOUT]: [com.layue13.clashweave.validation.ClientReplay:viewReplay:254]: P0_VIEW COMPLETE nano=30152137925900
[15:15:36] [Client thread/INFO] [STDOUT]: [com.layue13.clashweave.validation.ClientReplay:viewReplay:254]: P0_VIEW COMPLETE nano=30152188276200
[15:15:36] [Client thread/INFO] [STDOUT]: [com.layue13.clashweave.validation.ClientReplay:viewReplay:254]: P0_VIEW COMPLETE nano=30152237762900
[15:15:36] [Client thread/INFO] [STDOUT]: [com.layue13.clashweave.validation.ClientReplay:viewReplay:254]: P0_VIEW COMPLETE nano=30152287964500
[15:15:36] [Client thread/INFO] [STDOUT]: [com.layue13.clashweave.validation.ClientReplay:viewReplay:254]: P0_VIEW COMPLETE nano=30152337733000
[15:15:36] [Client thread/INFO] [STDOUT]: [com.layue13.clashweave.validation.ClientReplay:viewReplay:254]: P0_VIEW COMPLETE nano=30152388047000
[15:15:36] [Client thread/INFO] [STDOUT]: [com.layue13.clashweave.validation.ClientReplay:viewReplay:254]: P0_VIEW COMPLETE nano=30152437675600
[15:15:36] [Client thread/INFO] [STDOUT]: [com.layue13.clashweave.validation.ClientReplay:viewReplay:254]: P0_VIEW COMPLETE nano=30152487788000
[15:15:36] [Client thread/INFO] [STDOUT]: [com.layue13.clashweave.validation.ClientReplay:viewReplay:254]: P0_VIEW COMPLETE nano=30152537592600
[15:15:36] [Client thread/INFO] [STDOUT]: [com.layue13.clashweave.validation.ClientReplay:viewReplay:254]: P0_VIEW COMPLETE nano=30152587966000
[15:15:37] [Client thread/INFO] [STDOUT]: [com.layue13.clashweave.validation.ClientReplay:viewReplay:254]: P0_VIEW COMPLETE nano=30152637868000
[15:15:37] [Client thread/INFO] [STDOUT]: [com.layue13.clashweave.validation.ClientReplay:viewReplay:254]: P0_VIEW COMPLETE nano=30152688235400
[15:15:37] [Client thread/INFO] [STDOUT]: [com.layue13.clashweave.validation.ClientReplay:viewReplay:254]: P0_VIEW COMPLETE nano=30152738315800
[15:15:37] [Client thread/INFO] [STDOUT]: [com.layue13.clashweave.validation.ClientReplay:viewReplay:254]: P0_VIEW COMPLETE nano=30152787602600
[15:15:37] [Client thread/INFO] [STDOUT]: [com.layue13.clashweave.validation.ClientReplay:viewReplay:254]: P0_VIEW COMPLETE nano=30152837505500
[15:15:37] [Client thread/INFO] [STDOUT]: [com.layue13.clashweave.validation.ClientReplay:viewReplay:254]: P0_VIEW COMPLETE nano=30152887911100
[15:15:37] [Client thread/INFO] [STDOUT]: [com.layue13.clashweave.validation.ClientReplay:viewReplay:254]: P0_VIEW COMPLETE nano=30152937685600
[15:15:37] [Client thread/INFO] [STDOUT]: [com.layue13.clashweave.validation.ClientReplay:viewReplay:254]: P0_VIEW COMPLETE nano=30152987593800
[15:15:37] [Client thread/INFO] [STDOUT]: [com.layue13.clashweave.validation.ClientReplay:viewReplay:254]: P0_VIEW COMPLETE nano=30153037673100
[15:15:37] [Client thread/INFO] [STDOUT]: [com.layue13.clashweave.validation.ClientReplay:viewReplay:254]: P0_VIEW COMPLETE nano=30153087556600
[15:15:37] [Client thread/INFO] [STDOUT]: [com.layue13.clashweave.validation.ClientReplay:viewReplay:254]: P0_VIEW COMPLETE nano=30153138676600
[15:15:37] [Client thread/INFO] [STDOUT]: [com.layue13.clashweave.validation.ClientReplay:viewReplay:254]: P0_VIEW COMPLETE nano=30153187973900
[15:15:37] [Client thread/INFO] [STDOUT]: [com.layue13.clashweave.validation.ClientReplay:viewReplay:254]: P0_VIEW COMPLETE nano=30153237817000
[15:15:37] [Client thread/INFO] [STDOUT]: [com.layue13.clashweave.validation.ClientReplay:viewReplay:254]: P0_VIEW COMPLETE nano=30153287750700
[15:15:37] [Client thread/INFO] [STDOUT]: [com.layue13.clashweave.validation.ClientReplay:viewReplay:254]: P0_VIEW COMPLETE nano=30153337863900
[15:15:37] [Client thread/INFO] [STDOUT]: [com.layue13.clashweave.validation.ClientReplay:viewReplay:254]: P0_VIEW COMPLETE nano=30153387793900
[15:15:37] [Client thread/INFO] [STDOUT]: [com.layue13.clashweave.validation.ClientReplay:viewReplay:254]: P0_VIEW COMPLETE nano=30153438093200
[15:15:37] [Client thread/INFO] [STDOUT]: [com.layue13.clashweave.validation.ClientReplay:viewReplay:254]: P0_VIEW COMPLETE nano=30153487957500
[15:15:37] [Client thread/INFO] [STDOUT]: [com.layue13.clashweave.validation.ClientReplay:viewReplay:254]: P0_VIEW COMPLETE nano=30153538195900
[15:15:37] [Client thread/INFO] [STDOUT]: [com.layue13.clashweave.validation.ClientReplay:viewReplay:254]: P0_VIEW COMPLETE nano=30153587620600
[15:15:38] [Client thread/INFO] [STDOUT]: [com.layue13.clashweave.validation.ClientReplay:viewReplay:254]: P0_VIEW COMPLETE nano=30153638194900
[15:15:38] [Client thread/INFO] [STDOUT]: [com.layue13.clashweave.validation.ClientReplay:viewReplay:254]: P0_VIEW COMPLETE nano=30153688212300
[15:15:38] [Client thread/INFO] [STDOUT]: [com.layue13.clashweave.validation.ClientReplay:viewReplay:254]: P0_VIEW COMPLETE nano=30153737696300
[15:15:38] [Client thread/INFO] [STDOUT]: [com.layue13.clashweave.validation.ClientReplay:viewReplay:254]: P0_VIEW COMPLETE nano=30153788571000
[15:15:38] [Client thread/INFO] [STDOUT]: [com.layue13.clashweave.validation.ClientReplay:viewReplay:254]: P0_VIEW COMPLETE nano=30153838587100
[15:15:38] [Client thread/INFO] [STDOUT]: [com.layue13.clashweave.validation.ClientReplay:viewReplay:254]: P0_VIEW COMPLETE nano=30153887680700
[15:15:38] [Client thread/INFO] [STDOUT]: [com.layue13.clashweave.validation.ClientReplay:viewReplay:254]: P0_VIEW COMPLETE nano=30153937799700
[15:15:38] [Client thread/INFO] [STDOUT]: [com.layue13.clashweave.validation.ClientReplay:viewReplay:254]: P0_VIEW COMPLETE nano=30153987632900
[15:15:38] [Client thread/INFO] [STDOUT]: [com.layue13.clashweave.validation.ClientReplay:viewReplay:254]: P0_VIEW COMPLETE nano=30154038482900
[15:15:38] [Client thread/INFO] [STDOUT]: [com.layue13.clashweave.validation.ClientReplay:viewReplay:254]: P0_VIEW COMPLETE nano=30154087890700
[15:15:38] [Client thread/INFO] [STDOUT]: [com.layue13.clashweave.validation.ClientReplay:viewReplay:254]: P0_VIEW COMPLETE nano=30154137805800
[15:15:38] [Client thread/INFO] [STDOUT]: [com.layue13.clashweave.validation.ClientReplay:viewReplay:254]: P0_VIEW COMPLETE nano=30154187627800
[15:15:38] [Client thread/INFO] [STDOUT]: [com.layue13.clashweave.validation.ClientReplay:viewReplay:254]: P0_VIEW COMPLETE nano=30154237854800
[15:15:38] [Client thread/INFO] [STDOUT]: [com.layue13.clashweave.validation.ClientReplay:viewReplay:254]: P0_VIEW COMPLETE nano=30154288387900
[15:15:38] [Client thread/INFO] [STDOUT]: [com.layue13.clashweave.validation.ClientReplay:viewReplay:254]: P0_VIEW COMPLETE nano=30154337974400
[15:15:38] [Client thread/INFO] [STDOUT]: [com.layue13.clashweave.validation.ClientReplay:viewReplay:254]: P0_VIEW COMPLETE nano=30154387472000
[15:15:38] [Client thread/INFO] [STDOUT]: [com.layue13.clashweave.validation.ClientReplay:viewReplay:254]: P0_VIEW COMPLETE nano=30154438346400
[15:15:38] [Client thread/INFO] [STDOUT]: [com.layue13.clashweave.validation.ClientReplay:viewReplay:254]: P0_VIEW COMPLETE nano=30154487618200
[15:15:38] [Client thread/INFO] [STDOUT]: [com.layue13.clashweave.validation.ClientReplay:viewReplay:254]: P0_VIEW COMPLETE nano=30154537486900
[15:15:38] [Client thread/INFO] [STDOUT]: [com.layue13.clashweave.validation.ClientReplay:viewReplay:254]: P0_VIEW COMPLETE nano=30154587589000
[15:15:39] [Client thread/INFO] [STDOUT]: [com.layue13.clashweave.validation.ClientReplay:viewReplay:254]: P0_VIEW COMPLETE nano=30154638087800
[15:15:39] [Client thread/INFO] [STDOUT]: [com.layue13.clashweave.validation.ClientReplay:viewReplay:254]: P0_VIEW COMPLETE nano=30154688059000
[15:15:39] [Client thread/INFO] [STDOUT]: [com.layue13.clashweave.validation.ClientReplay:viewReplay:254]: P0_VIEW COMPLETE nano=30154738371700
[15:15:39] [Client thread/INFO] [STDOUT]: [com.layue13.clashweave.validation.ClientReplay:viewReplay:254]: P0_VIEW COMPLETE nano=30154787920300
[15:15:39] [Client thread/INFO] [STDOUT]: [com.layue13.clashweave.validation.ClientReplay:viewReplay:254]: P0_VIEW COMPLETE nano=30154838160500
[15:15:39] [Client thread/INFO] [STDOUT]: [com.layue13.clashweave.validation.ClientReplay:viewReplay:254]: P0_VIEW COMPLETE nano=30154888175100
[15:15:39] [Client thread/INFO] [STDOUT]: [com.layue13.clashweave.validation.ClientReplay:viewReplay:254]: P0_VIEW COMPLETE nano=30154938259900
[15:15:39] [Client thread/INFO] [STDOUT]: [com.layue13.clashweave.validation.ClientReplay:viewReplay:254]: P0_VIEW COMPLETE nano=30154988071300
[15:15:39] [Client thread/INFO] [STDOUT]: [com.layue13.clashweave.validation.ClientReplay:viewReplay:254]: P0_VIEW COMPLETE nano=30155038097100
[15:15:39] [Client thread/INFO] [STDOUT]: [com.layue13.clashweave.validation.ClientReplay:viewReplay:254]: P0_VIEW COMPLETE nano=30155088418800
[15:15:39] [Client thread/INFO] [STDOUT]: [com.layue13.clashweave.validation.ClientReplay:viewReplay:254]: P0_VIEW COMPLETE nano=30155138300000
[15:15:39] [Client thread/INFO] [STDOUT]: [com.layue13.clashweave.validation.ClientReplay:viewReplay:254]: P0_VIEW COMPLETE nano=30155188289500
[15:15:39] [Client thread/INFO] [STDOUT]: [com.layue13.clashweave.validation.ClientReplay:viewReplay:254]: P0_VIEW COMPLETE nano=30155238161900
[15:15:39] [Client thread/INFO] [STDOUT]: [com.layue13.clashweave.validation.ClientReplay:viewReplay:254]: P0_VIEW COMPLETE nano=30155287571200
[15:15:39] [Client thread/INFO] [STDOUT]: [com.layue13.clashweave.validation.ClientReplay:viewReplay:254]: P0_VIEW COMPLETE nano=30155337916100
[15:15:39] [Client thread/INFO] [STDOUT]: [com.layue13.clashweave.validation.ClientReplay:viewReplay:254]: P0_VIEW COMPLETE nano=30155387589100
[15:15:39] [Client thread/INFO] [STDOUT]: [com.layue13.clashweave.validation.ClientReplay:viewReplay:254]: P0_VIEW COMPLETE nano=30155438069500
[15:15:39] [Client thread/INFO] [STDOUT]: [com.layue13.clashweave.validation.ClientReplay:viewReplay:254]: P0_VIEW COMPLETE nano=30155488093000
[15:15:39] [Client thread/INFO] [STDOUT]: [com.layue13.clashweave.validation.ClientReplay:viewReplay:254]: P0_VIEW COMPLETE nano=30155537993600
[15:15:39] [Client thread/INFO] [STDOUT]: [com.layue13.clashweave.validation.ClientReplay:viewReplay:254]: P0_VIEW COMPLETE nano=30155587842500
[15:15:40] [Client thread/INFO] [STDOUT]: [com.layue13.clashweave.validation.ClientReplay:viewReplay:254]: P0_VIEW COMPLETE nano=30155638108100
[15:15:40] [Client thread/INFO] [STDOUT]: [com.layue13.clashweave.validation.ClientReplay:viewReplay:254]: P0_VIEW COMPLETE nano=30155687633900
[15:15:40] [Client thread/INFO] [STDOUT]: [com.layue13.clashweave.validation.ClientReplay:viewReplay:254]: P0_VIEW COMPLETE nano=30155737607900
[15:15:40] [Client thread/INFO] [STDOUT]: [com.layue13.clashweave.validation.ClientReplay:viewReplay:254]: P0_VIEW COMPLETE nano=30155787939100
[15:15:40] [Client thread/INFO] [STDOUT]: [com.layue13.clashweave.validation.ClientReplay:viewReplay:254]: P0_VIEW COMPLETE nano=30155837634700
[15:15:40] [Client thread/INFO] [STDOUT]: [com.layue13.clashweave.validation.ClientReplay:viewReplay:254]: P0_VIEW COMPLETE nano=30155887928500
[15:15:40] [Client thread/INFO] [STDOUT]: [com.layue13.clashweave.validation.ClientReplay:viewReplay:254]: P0_VIEW COMPLETE nano=30155938576800
[15:15:40] [Client thread/INFO] [STDOUT]: [com.layue13.clashweave.validation.ClientReplay:viewReplay:254]: P0_VIEW COMPLETE nano=30155988249700
[15:15:40] [Client thread/INFO] [STDOUT]: [com.layue13.clashweave.validation.ClientReplay:viewReplay:254]: P0_VIEW COMPLETE nano=30156037633300
[15:15:40] [Client thread/INFO] [STDOUT]: [com.layue13.clashweave.validation.ClientReplay:viewReplay:254]: P0_VIEW COMPLETE nano=30156087527800
[15:15:40] [Client thread/INFO] [STDOUT]: [com.layue13.clashweave.validation.ClientReplay:viewReplay:254]: P0_VIEW COMPLETE nano=30156138024100
[15:15:40] [Client thread/INFO] [STDOUT]: [com.layue13.clashweave.validation.ClientReplay:viewReplay:254]: P0_VIEW COMPLETE nano=30156187570800
[15:15:40] [Client thread/INFO] [STDOUT]: [com.layue13.clashweave.validation.ClientReplay:viewReplay:254]: P0_VIEW COMPLETE nano=30156238510400
[15:15:40] [Client thread/INFO] [STDOUT]: [com.layue13.clashweave.validation.ClientReplay:viewReplay:254]: P0_VIEW COMPLETE nano=30156287708800
[15:15:40] [Client thread/INFO] [STDOUT]: [com.layue13.clashweave.validation.ClientReplay:viewReplay:254]: P0_VIEW COMPLETE nano=30156337795500
[15:15:40] [Client thread/INFO] [STDOUT]: [com.layue13.clashweave.validation.ClientReplay:viewReplay:254]: P0_VIEW COMPLETE nano=30156387478000
[15:15:40] [Client thread/INFO] [STDOUT]: [com.layue13.clashweave.validation.ClientReplay:viewReplay:254]: P0_VIEW COMPLETE nano=30156438075400
[15:15:40] [Client thread/INFO] [STDOUT]: [com.layue13.clashweave.validation.ClientReplay:viewReplay:254]: P0_VIEW COMPLETE nano=30156487890700
[15:15:40] [Client thread/INFO] [STDOUT]: [com.layue13.clashweave.validation.ClientReplay:viewReplay:254]: P0_VIEW COMPLETE nano=30156538350900
[15:15:40] [Client thread/INFO] [STDOUT]: [com.layue13.clashweave.validation.ClientReplay:viewReplay:254]: P0_VIEW COMPLETE nano=30156588192000
[15:15:41] [Client thread/INFO] [STDOUT]: [com.layue13.clashweave.validation.ClientReplay:viewReplay:254]: P0_VIEW COMPLETE nano=30156637917300
[15:15:41] [Client thread/INFO] [STDOUT]: [com.layue13.clashweave.validation.ClientReplay:viewReplay:254]: P0_VIEW COMPLETE nano=30156688150900
[15:15:41] [Client thread/INFO] [STDOUT]: [com.layue13.clashweave.validation.ClientReplay:viewReplay:254]: P0_VIEW COMPLETE nano=30156738260400
[15:15:41] [Client thread/INFO] [STDOUT]: [com.layue13.clashweave.validation.ClientReplay:viewReplay:254]: P0_VIEW COMPLETE nano=30156788977100
[15:15:41] [Client thread/INFO] [STDOUT]: [com.layue13.clashweave.validation.ClientReplay:viewReplay:254]: P0_VIEW COMPLETE nano=30156837853500
[15:15:41] [Client thread/INFO] [STDOUT]: [com.layue13.clashweave.validation.ClientReplay:viewReplay:254]: P0_VIEW COMPLETE nano=30156887664200
[15:15:41] [Client thread/INFO] [STDOUT]: [com.layue13.clashweave.validation.ClientReplay:viewReplay:254]: P0_VIEW COMPLETE nano=30156937823700
[15:15:41] [Client thread/INFO] [STDOUT]: [com.layue13.clashweave.validation.ClientReplay:viewReplay:254]: P0_VIEW COMPLETE nano=30156988070100
[15:15:41] [Client thread/INFO] [STDOUT]: [com.layue13.clashweave.validation.ClientReplay:viewReplay:254]: P0_VIEW COMPLETE nano=30157037870000
[15:15:41] [Client thread/INFO] [STDOUT]: [com.layue13.clashweave.validation.ClientReplay:viewReplay:254]: P0_VIEW COMPLETE nano=30157088440300
[15:15:41] [Client thread/INFO] [STDOUT]: [com.layue13.clashweave.validation.ClientReplay:viewReplay:254]: P0_VIEW COMPLETE nano=30157138494400
[15:15:41] [Client thread/INFO] [STDOUT]: [com.layue13.clashweave.validation.ClientReplay:viewReplay:254]: P0_VIEW COMPLETE nano=30157187501500
[15:15:41] [Client thread/INFO] [STDOUT]: [com.layue13.clashweave.validation.ClientReplay:viewReplay:254]: P0_VIEW COMPLETE nano=30157238313200
[15:15:41] [Client thread/INFO] [STDOUT]: [com.layue13.clashweave.validation.ClientReplay:viewReplay:254]: P0_VIEW COMPLETE nano=30157288416100
[15:15:41] [Client thread/INFO] [STDOUT]: [com.layue13.clashweave.validation.ClientReplay:viewReplay:254]: P0_VIEW COMPLETE nano=30157337843500
[15:15:41] [Client thread/INFO] [STDOUT]: [com.layue13.clashweave.validation.ClientReplay:viewReplay:254]: P0_VIEW COMPLETE nano=30157388411800
[15:15:41] [Client thread/INFO] [STDOUT]: [com.layue13.clashweave.validation.ClientReplay:viewReplay:254]: P0_VIEW COMPLETE nano=30157438316600
[15:15:41] [Client thread/INFO] [STDOUT]: [com.layue13.clashweave.validation.ClientReplay:viewReplay:254]: P0_VIEW COMPLETE nano=30157488107900
[15:15:41] [Client thread/INFO] [STDOUT]: [com.layue13.clashweave.validation.ClientReplay:viewReplay:254]: P0_VIEW COMPLETE nano=30157538006700
[15:15:41] [Client thread/INFO] [STDOUT]: [com.layue13.clashweave.validation.ClientReplay:viewReplay:254]: P0_VIEW COMPLETE nano=30157588405200
[15:15:42] [Client thread/INFO] [STDOUT]: [com.layue13.clashweave.validation.ClientReplay:viewReplay:254]: P0_VIEW COMPLETE nano=30157637982000
[15:15:42] [Client thread/INFO] [STDOUT]: [com.layue13.clashweave.validation.ClientReplay:viewReplay:254]: P0_VIEW COMPLETE nano=30157687580900
[15:15:42] [Client thread/INFO] [STDOUT]: [com.layue13.clashweave.validation.ClientReplay:viewReplay:254]: P0_VIEW COMPLETE nano=30157738064900
[15:15:42] [Client thread/INFO] [STDOUT]: [com.layue13.clashweave.validation.ClientReplay:viewReplay:254]: P0_VIEW COMPLETE nano=30157788745200
[15:15:42] [Client thread/INFO] [STDOUT]: [com.layue13.clashweave.validation.ClientReplay:viewReplay:254]: P0_VIEW COMPLETE nano=30157837556100
[15:15:42] [Client thread/INFO] [STDOUT]: [com.layue13.clashweave.validation.ClientReplay:viewReplay:254]: P0_VIEW COMPLETE nano=30157888400500
[15:15:42] [Client thread/INFO] [STDOUT]: [com.layue13.clashweave.validation.ClientReplay:viewReplay:254]: P0_VIEW COMPLETE nano=30157938208500
[15:15:42] [Client thread/INFO] [STDOUT]: [com.layue13.clashweave.validation.ClientReplay:viewReplay:254]: P0_VIEW COMPLETE nano=30157987894100
[15:15:42] [Client thread/INFO] [STDOUT]: [com.layue13.clashweave.validation.ClientReplay:viewReplay:254]: P0_VIEW COMPLETE nano=30158037716900
[15:15:42] [Client thread/INFO] [STDOUT]: [com.layue13.clashweave.validation.ClientReplay:viewReplay:254]: P0_VIEW COMPLETE nano=30158087667200
[15:15:42] [Client thread/INFO] [STDOUT]: [com.layue13.clashweave.validation.ClientReplay:viewReplay:254]: P0_VIEW COMPLETE nano=30158137666100
[15:15:42] [Client thread/INFO] [STDOUT]: [com.layue13.clashweave.validation.ClientReplay:viewReplay:254]: P0_VIEW COMPLETE nano=30158187484000
[15:15:42] [Client thread/INFO] [STDOUT]: [com.layue13.clashweave.validation.ClientReplay:viewReplay:254]: P0_VIEW COMPLETE nano=30158237982600
[15:15:42] [Client thread/INFO] [STDOUT]: [com.layue13.clashweave.validation.ClientReplay:viewReplay:254]: P0_VIEW COMPLETE nano=30158287805400
[15:15:42] [Client thread/INFO] [STDOUT]: [com.layue13.clashweave.validation.ClientReplay:viewReplay:254]: P0_VIEW COMPLETE nano=30158337906300
[15:15:42] [Client thread/INFO] [STDOUT]: [com.layue13.clashweave.validation.ClientReplay:viewReplay:254]: P0_VIEW COMPLETE nano=30158387846100
[15:15:42] [Client thread/INFO] [STDOUT]: [com.layue13.clashweave.validation.ClientReplay:viewReplay:254]: P0_VIEW COMPLETE nano=30158437945500
[15:15:42] [Client thread/INFO] [STDOUT]: [com.layue13.clashweave.validation.ClientReplay:viewReplay:254]: P0_VIEW COMPLETE nano=30158487555000
[15:15:42] [Client thread/INFO] [STDOUT]: [com.layue13.clashweave.validation.ClientReplay:viewReplay:254]: P0_VIEW COMPLETE nano=30158537573700
[15:15:42] [Client thread/INFO] [STDOUT]: [com.layue13.clashweave.validation.ClientReplay:viewReplay:254]: P0_VIEW COMPLETE nano=30158588284900
[15:15:43] [Client thread/INFO] [STDOUT]: [com.layue13.clashweave.validation.ClientReplay:viewReplay:254]: P0_VIEW COMPLETE nano=30158637643500
[15:15:43] [Client thread/INFO] [STDOUT]: [com.layue13.clashweave.validation.ClientReplay:viewReplay:254]: P0_VIEW COMPLETE nano=30158687664300
[15:15:43] [Client thread/INFO] [STDOUT]: [com.layue13.clashweave.validation.ClientReplay:viewReplay:254]: P0_VIEW COMPLETE nano=30158738297600
[15:15:43] [Client thread/INFO] [STDOUT]: [com.layue13.clashweave.validation.ClientReplay:viewReplay:254]: P0_VIEW COMPLETE nano=30158787624800
[15:15:43] [Client thread/INFO] [STDOUT]: [com.layue13.clashweave.validation.ClientReplay:viewReplay:254]: P0_VIEW COMPLETE nano=30158837587800
[15:15:43] [Client thread/INFO] [STDOUT]: [com.layue13.clashweave.validation.ClientReplay:viewReplay:254]: P0_VIEW COMPLETE nano=30158887512700
[15:15:43] [Client thread/INFO] [STDOUT]: [com.layue13.clashweave.validation.ClientReplay:viewReplay:254]: P0_VIEW COMPLETE nano=30158937752100
[15:15:43] [Client thread/INFO] [STDOUT]: [com.layue13.clashweave.validation.ClientReplay:viewReplay:254]: P0_VIEW COMPLETE nano=30158987920000
[15:15:43] [Client thread/INFO] [STDOUT]: [com.layue13.clashweave.validation.ClientReplay:viewReplay:254]: P0_VIEW COMPLETE nano=30159037517400
[15:15:43] [Client thread/INFO] [STDOUT]: [com.layue13.clashweave.validation.ClientReplay:viewReplay:254]: P0_VIEW COMPLETE nano=30159087574100
[15:15:43] [Client thread/INFO] [STDOUT]: [com.layue13.clashweave.validation.ClientReplay:viewReplay:254]: P0_VIEW COMPLETE nano=30159137532300
[15:15:43] [Client thread/INFO] [STDOUT]: [com.layue13.clashweave.validation.ClientReplay:viewReplay:254]: P0_VIEW COMPLETE nano=30159187565000
[15:15:43] [Client thread/INFO] [STDOUT]: [com.layue13.clashweave.validation.ClientReplay:viewReplay:254]: P0_VIEW COMPLETE nano=30159237783200
[15:15:43] [Client thread/INFO] [STDOUT]: [com.layue13.clashweave.validation.ClientReplay:viewReplay:254]: P0_VIEW COMPLETE nano=30159287907400
[15:15:43] [Client thread/INFO] [STDOUT]: [com.layue13.clashweave.validation.ClientReplay:viewReplay:254]: P0_VIEW COMPLETE nano=30159337757400
[15:15:43] [Client thread/INFO] [STDOUT]: [com.layue13.clashweave.validation.ClientReplay:viewReplay:254]: P0_VIEW COMPLETE nano=30159388550000
[15:15:43] [Client thread/INFO] [STDOUT]: [com.layue13.clashweave.validation.ClientReplay:viewReplay:254]: P0_VIEW COMPLETE nano=30159437927000
[15:15:43] [Client thread/INFO] [STDOUT]: [com.layue13.clashweave.validation.ClientReplay:viewReplay:254]: P0_VIEW COMPLETE nano=30159487876600
[15:15:43] [Client thread/INFO] [STDOUT]: [com.layue13.clashweave.validation.ClientReplay:viewReplay:254]: P0_VIEW COMPLETE nano=30159538239400
[15:15:43] [Client thread/INFO] [STDOUT]: [com.layue13.clashweave.validation.ClientReplay:viewReplay:254]: P0_VIEW COMPLETE nano=30159588303300
[15:15:44] [Client thread/INFO] [STDOUT]: [com.layue13.clashweave.validation.ClientReplay:viewReplay:254]: P0_VIEW COMPLETE nano=30159637834900
[15:15:44] [Client thread/INFO] [STDOUT]: [com.layue13.clashweave.validation.ClientReplay:viewReplay:254]: P0_VIEW COMPLETE nano=30159687551200
[15:15:44] [Client thread/INFO] [STDOUT]: [com.layue13.clashweave.validation.ClientReplay:viewReplay:254]: P0_VIEW COMPLETE nano=30159737814500
[15:15:44] [Client thread/INFO] [STDOUT]: [com.layue13.clashweave.validation.ClientReplay:viewReplay:254]: P0_VIEW COMPLETE nano=30159787657000
[15:15:44] [Client thread/INFO] [STDOUT]: [com.layue13.clashweave.validation.ClientReplay:viewReplay:254]: P0_VIEW COMPLETE nano=30159838076700
[15:15:44] [Client thread/INFO] [STDOUT]: [com.layue13.clashweave.validation.ClientReplay:viewReplay:254]: P0_VIEW COMPLETE nano=30159887857200
[15:15:44] [Client thread/INFO] [STDOUT]: [com.layue13.clashweave.validation.ClientReplay:viewReplay:254]: P0_VIEW COMPLETE nano=30159937838000
[15:15:44] [Client thread/INFO] [STDOUT]: [com.layue13.clashweave.validation.ClientReplay:viewReplay:254]: P0_VIEW COMPLETE nano=30159987982800
[15:15:44] [Client thread/INFO] [STDOUT]: [com.layue13.clashweave.validation.ClientReplay:viewReplay:254]: P0_VIEW COMPLETE nano=30160038790800
[15:15:44] [Client thread/INFO] [STDOUT]: [com.layue13.clashweave.validation.ClientReplay:viewReplay:254]: P0_VIEW COMPLETE nano=30160088289300
[15:15:44] [Client thread/INFO] [STDOUT]: [com.layue13.clashweave.validation.ClientReplay:viewReplay:254]: P0_VIEW COMPLETE nano=30160138102500
[15:15:44] [Client thread/INFO] [STDOUT]: [com.layue13.clashweave.validation.ClientReplay:viewReplay:254]: P0_VIEW COMPLETE nano=30160187621900
[15:15:44] [Client thread/INFO] [STDOUT]: [com.layue13.clashweave.validation.ClientReplay:viewReplay:254]: P0_VIEW COMPLETE nano=30160238062300
[15:15:44] [Client thread/INFO] [STDOUT]: [com.layue13.clashweave.validation.ClientReplay:viewReplay:254]: P0_VIEW COMPLETE nano=30160288084600
[15:15:44] [Client thread/INFO] [STDOUT]: [com.layue13.clashweave.validation.ClientReplay:viewReplay:254]: P0_VIEW COMPLETE nano=30160338258200
[15:15:44] [Client thread/INFO] [STDOUT]: [com.layue13.clashweave.validation.ClientReplay:viewReplay:254]: P0_VIEW COMPLETE nano=30160388141800
[15:15:44] [Client thread/INFO] [STDOUT]: [com.layue13.clashweave.validation.ClientReplay:viewReplay:254]: P0_VIEW COMPLETE nano=30160437969200
[15:15:44] [Client thread/INFO] [STDOUT]: [com.layue13.clashweave.validation.ClientReplay:viewReplay:254]: P0_VIEW COMPLETE nano=30160487906900
[15:15:44] [Client thread/INFO] [STDOUT]: [com.layue13.clashweave.validation.ClientReplay:viewReplay:254]: P0_VIEW COMPLETE nano=30160537634900
[15:15:44] [Client thread/INFO] [STDOUT]: [com.layue13.clashweave.validation.ClientReplay:viewReplay:254]: P0_VIEW COMPLETE nano=30160588973500
[15:15:45] [Client thread/INFO] [STDOUT]: [com.layue13.clashweave.validation.ClientReplay:viewReplay:254]: P0_VIEW COMPLETE nano=30160638016800
[15:15:45] [Client thread/INFO] [STDOUT]: [com.layue13.clashweave.validation.ClientReplay:viewReplay:254]: P0_VIEW COMPLETE nano=30160688519400
[15:15:45] [Client thread/INFO] [STDOUT]: [com.layue13.clashweave.validation.ClientReplay:viewReplay:254]: P0_VIEW COMPLETE nano=30160737749800
[15:15:45] [Client thread/INFO] [STDOUT]: [com.layue13.clashweave.validation.ClientReplay:viewReplay:254]: P0_VIEW COMPLETE nano=30160788278700
[15:15:45] [Client thread/INFO] [STDOUT]: [com.layue13.clashweave.validation.ClientReplay:viewReplay:254]: P0_VIEW COMPLETE nano=30160838025200
[15:15:45] [Client thread/INFO] [STDOUT]: [com.layue13.clashweave.validation.ClientReplay:viewReplay:254]: P0_VIEW COMPLETE nano=30160887964400
[15:15:45] [Client thread/INFO] [STDOUT]: [com.layue13.clashweave.validation.ClientReplay:viewReplay:254]: P0_VIEW COMPLETE nano=30160937977200
[15:15:45] [Client thread/INFO] [STDOUT]: [com.layue13.clashweave.validation.ClientReplay:viewReplay:254]: P0_VIEW COMPLETE nano=30160988092700
[15:15:45] [Client thread/INFO] [STDOUT]: [com.layue13.clashweave.validation.ClientReplay:viewReplay:254]: P0_VIEW COMPLETE nano=30161037720900
[15:15:45] [Client thread/INFO] [STDOUT]: [com.layue13.clashweave.validation.ClientReplay:viewReplay:254]: P0_VIEW COMPLETE nano=30161087648800
[15:15:45] [Client thread/INFO] [STDOUT]: [com.layue13.clashweave.validation.ClientReplay:viewReplay:254]: P0_VIEW COMPLETE nano=30161138206100
[15:15:45] [Client thread/INFO] [STDOUT]: [com.layue13.clashweave.validation.ClientReplay:viewReplay:254]: P0_VIEW COMPLETE nano=30161187958100
[15:15:45] [Client thread/INFO] [STDOUT]: [com.layue13.clashweave.validation.ClientReplay:viewReplay:254]: P0_VIEW COMPLETE nano=30161237887200
[15:15:45] [Client thread/INFO] [STDOUT]: [com.layue13.clashweave.validation.ClientReplay:viewReplay:254]: P0_VIEW COMPLETE nano=30161287823100
[15:15:45] [Client thread/INFO] [STDOUT]: [com.layue13.clashweave.validation.ClientReplay:viewReplay:254]: P0_VIEW COMPLETE nano=30161338773900
[15:15:45] [Client thread/INFO] [STDOUT]: [com.layue13.clashweave.validation.ClientReplay:viewReplay:254]: P0_VIEW COMPLETE nano=30161388050800
[15:15:45] [Client thread/INFO] [STDOUT]: [com.layue13.clashweave.validation.ClientReplay:viewReplay:254]: P0_VIEW COMPLETE nano=30161437859500
[15:15:45] [Client thread/INFO] [STDOUT]: [com.layue13.clashweave.validation.ClientReplay:viewReplay:254]: P0_VIEW COMPLETE nano=30161487842900
[15:15:45] [Client thread/INFO] [STDOUT]: [com.layue13.clashweave.validation.ClientReplay:viewReplay:254]: P0_VIEW COMPLETE nano=30161537984100
[15:15:45] [Client thread/INFO] [STDOUT]: [com.layue13.clashweave.validation.ClientReplay:viewReplay:254]: P0_VIEW COMPLETE nano=30161587908800
[15:15:46] [Client thread/INFO] [STDOUT]: [com.layue13.clashweave.validation.ClientReplay:viewReplay:254]: P0_VIEW COMPLETE nano=30161637830100
[15:15:46] [Client thread/INFO] [STDOUT]: [com.layue13.clashweave.validation.ClientReplay:viewReplay:254]: P0_VIEW COMPLETE nano=30161687695100
[15:15:46] [Client thread/INFO] [STDOUT]: [com.layue13.clashweave.validation.ClientReplay:viewReplay:254]: P0_VIEW COMPLETE nano=30161737776900
[15:15:46] [Client thread/INFO] [STDOUT]: [com.layue13.clashweave.validation.ClientReplay:viewReplay:254]: P0_VIEW COMPLETE nano=30161787946000
[15:15:46] [Client thread/INFO] [STDOUT]: [com.layue13.clashweave.validation.ClientReplay:viewReplay:254]: P0_VIEW COMPLETE nano=30161837885300
[15:15:46] [Client thread/INFO] [STDOUT]: [com.layue13.clashweave.validation.ClientReplay:viewReplay:254]: P0_VIEW COMPLETE nano=30161887985400
[15:15:46] [Client thread/INFO] [STDOUT]: [com.layue13.clashweave.validation.ClientReplay:viewReplay:254]: P0_VIEW COMPLETE nano=30161938658700
[15:15:46] [Client thread/INFO] [STDOUT]: [com.layue13.clashweave.validation.ClientReplay:viewReplay:254]: P0_VIEW COMPLETE nano=30161988516400
[15:15:46] [Client thread/INFO] [STDOUT]: [com.layue13.clashweave.validation.ClientReplay:viewReplay:254]: P0_VIEW COMPLETE nano=30162038373900
[15:15:46] [Client thread/INFO] [STDOUT]: [com.layue13.clashweave.validation.ClientReplay:viewReplay:254]: P0_VIEW COMPLETE nano=30162088133100
[15:15:46] [Client thread/INFO] [STDOUT]: [com.layue13.clashweave.validation.ClientReplay:viewReplay:254]: P0_VIEW COMPLETE nano=30162137725200
[15:15:46] [Client thread/INFO] [STDOUT]: [com.layue13.clashweave.validation.ClientReplay:viewReplay:254]: P0_VIEW COMPLETE nano=30162187902000
[15:15:46] [Client thread/INFO] [STDOUT]: [com.layue13.clashweave.validation.ClientReplay:viewReplay:254]: P0_VIEW COMPLETE nano=30162238003000
[15:15:46] [Client thread/INFO] [STDOUT]: [com.layue13.clashweave.validation.ClientReplay:viewReplay:254]: P0_VIEW COMPLETE nano=30162287583600
[15:15:46] [Client thread/INFO] [STDOUT]: [com.layue13.clashweave.validation.ClientReplay:viewReplay:254]: P0_VIEW COMPLETE nano=30162342328700
[15:15:46] [Client thread/INFO] [STDOUT]: [com.layue13.clashweave.validation.ClientReplay:viewReplay:254]: P0_VIEW COMPLETE nano=30162388055100
[15:15:46] [Client thread/INFO] [STDOUT]: [com.layue13.clashweave.validation.ClientReplay:viewReplay:254]: P0_VIEW COMPLETE nano=30162437685300
[15:15:46] [Client thread/INFO] [STDOUT]: [com.layue13.clashweave.validation.ClientReplay:viewReplay:254]: P0_VIEW COMPLETE nano=30162487910000
[15:15:46] [Client thread/INFO] [STDOUT]: [com.layue13.clashweave.validation.ClientReplay:viewReplay:254]: P0_VIEW COMPLETE nano=30162537784100
[15:15:46] [Client thread/INFO] [STDOUT]: [com.layue13.clashweave.validation.ClientReplay:viewReplay:254]: P0_VIEW COMPLETE nano=30162587939300
[15:15:47] [Client thread/INFO] [STDOUT]: [com.layue13.clashweave.validation.ClientReplay:viewReplay:254]: P0_VIEW COMPLETE nano=30162637879800
[15:15:47] [Client thread/INFO] [STDOUT]: [com.layue13.clashweave.validation.ClientReplay:viewReplay:254]: P0_VIEW COMPLETE nano=30162687931900
[15:15:47] [Client thread/INFO] [STDOUT]: [com.layue13.clashweave.validation.ClientReplay:viewReplay:254]: P0_VIEW COMPLETE nano=30162737973900
[15:15:47] [Client thread/INFO] [STDOUT]: [com.layue13.clashweave.validation.ClientReplay:viewReplay:254]: P0_VIEW COMPLETE nano=30162787945300
[15:15:47] [Client thread/INFO] [STDOUT]: [com.layue13.clashweave.validation.ClientReplay:viewReplay:254]: P0_VIEW COMPLETE nano=30162837653000
[15:15:47] [Client thread/INFO] [STDOUT]: [com.layue13.clashweave.validation.ClientReplay:viewReplay:254]: P0_VIEW COMPLETE nano=30162887680100
[15:15:47] [Client thread/INFO] [STDOUT]: [com.layue13.clashweave.validation.ClientReplay:viewReplay:254]: P0_VIEW COMPLETE nano=30162937586800
[15:15:47] [Client thread/INFO] [STDOUT]: [com.layue13.clashweave.validation.ClientReplay:viewReplay:254]: P0_VIEW COMPLETE nano=30162987944400
[15:15:47] [Client thread/INFO] [STDOUT]: [com.layue13.clashweave.validation.ClientReplay:viewReplay:254]: P0_VIEW COMPLETE nano=30163037793300
[15:15:47] [Client thread/INFO] [STDOUT]: [com.layue13.clashweave.validation.ClientReplay:viewReplay:254]: P0_VIEW COMPLETE nano=30163087572300
[15:15:47] [Client thread/INFO] [STDOUT]: [com.layue13.clashweave.validation.ClientReplay:viewReplay:254]: P0_VIEW COMPLETE nano=30163138488900
[15:15:47] [Client thread/INFO] [STDOUT]: [com.layue13.clashweave.validation.ClientReplay:viewReplay:254]: P0_VIEW COMPLETE nano=30163188011800
[15:15:47] [Client thread/INFO] [STDOUT]: [com.layue13.clashweave.validation.ClientReplay:viewReplay:254]: P0_VIEW COMPLETE nano=30163237686700
[15:15:47] [Client thread/INFO] [STDOUT]: [com.layue13.clashweave.validation.ClientReplay:viewReplay:254]: P0_VIEW COMPLETE nano=30163287975600
[15:15:47] [Client thread/INFO] [STDOUT]: [com.layue13.clashweave.validation.ClientReplay:viewReplay:254]: P0_VIEW COMPLETE nano=30163338244600
[15:15:47] [Client thread/INFO] [STDOUT]: [com.layue13.clashweave.validation.ClientReplay:viewReplay:254]: P0_VIEW COMPLETE nano=30163388038300
[15:15:47] [Client thread/INFO] [STDOUT]: [com.layue13.clashweave.validation.ClientReplay:viewReplay:254]: P0_VIEW COMPLETE nano=30163437546800
[15:15:47] [Client thread/INFO] [STDOUT]: [com.layue13.clashweave.validation.ClientReplay:viewReplay:254]: P0_VIEW COMPLETE nano=30163487501400
[15:15:47] [Client thread/INFO] [STDOUT]: [com.layue13.clashweave.validation.ClientReplay:viewReplay:254]: P0_VIEW COMPLETE nano=30163537638400
[15:15:47] [Client thread/INFO] [STDOUT]: [com.layue13.clashweave.validation.ClientReplay:viewReplay:254]: P0_VIEW COMPLETE nano=30163587861600
[15:15:48] [Client thread/INFO] [STDOUT]: [com.layue13.clashweave.validation.ClientReplay:viewReplay:254]: P0_VIEW COMPLETE nano=30163637727100
[15:15:48] [Client thread/INFO] [STDOUT]: [com.layue13.clashweave.validation.ClientReplay:viewReplay:254]: P0_VIEW COMPLETE nano=30163687565700
[15:15:48] [Client thread/INFO] [STDOUT]: [com.layue13.clashweave.validation.ClientReplay:viewReplay:254]: P0_VIEW COMPLETE nano=30163737846700
[15:15:48] [Client thread/INFO] [STDOUT]: [com.layue13.clashweave.validation.ClientReplay:viewReplay:254]: P0_VIEW COMPLETE nano=30163788100700
[15:15:48] [Client thread/INFO] [STDOUT]: [com.layue13.clashweave.validation.ClientReplay:viewReplay:254]: P0_VIEW COMPLETE nano=30163838223400
[15:15:48] [Client thread/INFO] [STDOUT]: [com.layue13.clashweave.validation.ClientReplay:viewReplay:254]: P0_VIEW COMPLETE nano=30163888344200
[15:15:48] [Client thread/INFO] [STDOUT]: [com.layue13.clashweave.validation.ClientReplay:viewReplay:254]: P0_VIEW COMPLETE nano=30163937974800
[15:15:48] [Client thread/INFO] [STDOUT]: [com.layue13.clashweave.validation.ClientReplay:viewReplay:254]: P0_VIEW COMPLETE nano=30163987874000
[15:15:48] [Client thread/INFO] [STDOUT]: [com.layue13.clashweave.validation.ClientReplay:viewReplay:254]: P0_VIEW COMPLETE nano=30164037806400
[15:15:48] [Client thread/INFO] [STDOUT]: [com.layue13.clashweave.validation.ClientReplay:viewReplay:254]: P0_VIEW COMPLETE nano=30164087594900
[15:15:48] [Client thread/INFO] [STDOUT]: [com.layue13.clashweave.validation.ClientReplay:viewReplay:254]: P0_VIEW COMPLETE nano=30164137624500
[15:15:48] [Client thread/INFO] [STDOUT]: [com.layue13.clashweave.validation.ClientReplay:viewReplay:254]: P0_VIEW COMPLETE nano=30164187580900
[15:15:48] [Client thread/INFO] [STDOUT]: [com.layue13.clashweave.validation.ClientReplay:viewReplay:254]: P0_VIEW COMPLETE nano=30164237997400
[15:15:48] [Client thread/INFO] [STDOUT]: [com.layue13.clashweave.validation.ClientReplay:viewReplay:254]: P0_VIEW COMPLETE nano=30164288035600
[15:15:48] [Client thread/INFO] [STDOUT]: [com.layue13.clashweave.validation.ClientReplay:viewReplay:254]: P0_VIEW COMPLETE nano=30164338129200
[15:15:48] [Client thread/INFO] [STDOUT]: [com.layue13.clashweave.validation.ClientReplay:viewReplay:254]: P0_VIEW COMPLETE nano=30164387737600
[15:15:48] [Client thread/INFO] [STDOUT]: [com.layue13.clashweave.validation.ClientReplay:viewReplay:254]: P0_VIEW COMPLETE nano=30164439012300
[15:15:48] [Client thread/INFO] [STDOUT]: [com.layue13.clashweave.validation.ClientReplay:viewReplay:254]: P0_VIEW COMPLETE nano=30164487587800
[15:15:48] [Client thread/INFO] [STDOUT]: [com.layue13.clashweave.validation.ClientReplay:viewReplay:254]: P0_VIEW COMPLETE nano=30164538011600
[15:15:48] [Client thread/INFO] [STDOUT]: [com.layue13.clashweave.validation.ClientReplay:viewReplay:254]: P0_VIEW COMPLETE nano=30164587818400
[15:15:49] [Client thread/INFO] [STDOUT]: [com.layue13.clashweave.validation.ClientReplay:viewReplay:254]: P0_VIEW COMPLETE nano=30164638299200
[15:15:49] [Client thread/INFO] [STDOUT]: [com.layue13.clashweave.validation.ClientReplay:viewReplay:254]: P0_VIEW COMPLETE nano=30164687723600
[15:15:49] [Client thread/INFO] [STDOUT]: [com.layue13.clashweave.validation.ClientReplay:viewReplay:254]: P0_VIEW COMPLETE nano=30164737695800
[15:15:49] [Client thread/INFO] [STDOUT]: [com.layue13.clashweave.validation.ClientReplay:viewReplay:254]: P0_VIEW COMPLETE nano=30164787922600
[15:15:49] [Client thread/INFO] [STDOUT]: [com.layue13.clashweave.validation.ClientReplay:viewReplay:254]: P0_VIEW COMPLETE nano=30164837694200
[15:15:49] [Client thread/INFO] [STDOUT]: [com.layue13.clashweave.validation.ClientReplay:viewReplay:254]: P0_VIEW COMPLETE nano=30164887913700
[15:15:49] [Client thread/INFO] [STDOUT]: [com.layue13.clashweave.validation.ClientReplay:viewReplay:254]: P0_VIEW COMPLETE nano=30164938309800
[15:15:49] [Client thread/INFO] [STDOUT]: [com.layue13.clashweave.validation.ClientReplay:viewReplay:254]: P0_VIEW COMPLETE nano=30164988050800
[15:15:49] [Client thread/INFO] [STDOUT]: [com.layue13.clashweave.validation.ClientReplay:viewReplay:254]: P0_VIEW COMPLETE nano=30165038184400
[15:15:49] [Client thread/INFO] [STDOUT]: [com.layue13.clashweave.validation.ClientReplay:viewReplay:254]: P0_VIEW COMPLETE nano=30165088004700
[15:15:49] [Client thread/INFO] [STDOUT]: [com.layue13.clashweave.validation.ClientReplay:viewReplay:254]: P0_VIEW COMPLETE nano=30165137594300
[15:15:49] [Client thread/INFO] [STDOUT]: [com.layue13.clashweave.validation.ClientReplay:viewReplay:254]: P0_VIEW COMPLETE nano=30165188153800
[15:15:49] [Client thread/INFO] [STDOUT]: [com.layue13.clashweave.validation.ClientReplay:viewReplay:254]: P0_VIEW COMPLETE nano=30165238241800
[15:15:49] [Client thread/INFO] [STDOUT]: [com.layue13.clashweave.validation.ClientReplay:viewReplay:254]: P0_VIEW COMPLETE nano=30165287698400
[15:15:49] [Client thread/INFO] [STDOUT]: [com.layue13.clashweave.validation.ClientReplay:viewReplay:254]: P0_VIEW COMPLETE nano=30165337605700
[15:15:49] [Client thread/INFO] [STDOUT]: [com.layue13.clashweave.validation.ClientReplay:viewReplay:254]: P0_VIEW COMPLETE nano=30165387511600
[15:15:49] [Client thread/INFO] [STDOUT]: [com.layue13.clashweave.validation.ClientReplay:viewReplay:254]: P0_VIEW COMPLETE nano=30165438216600
[15:15:49] [Client thread/INFO] [STDOUT]: [com.layue13.clashweave.validation.ClientReplay:viewReplay:254]: P0_VIEW COMPLETE nano=30165487555100
[15:15:49] [Client thread/INFO] [STDOUT]: [com.layue13.clashweave.validation.ClientReplay:viewReplay:254]: P0_VIEW COMPLETE nano=30165537655000
[15:15:49] [Client thread/INFO] [STDOUT]: [com.layue13.clashweave.validation.ClientReplay:viewReplay:254]: P0_VIEW COMPLETE nano=30165588263700
[15:15:50] [Client thread/INFO] [STDOUT]: [com.layue13.clashweave.validation.ClientReplay:viewReplay:254]: P0_VIEW COMPLETE nano=30165637572300
[15:15:50] [Client thread/INFO] [STDOUT]: [com.layue13.clashweave.validation.ClientReplay:viewReplay:254]: P0_VIEW COMPLETE nano=30165687981100
[15:15:50] [Client thread/INFO] [STDOUT]: [com.layue13.clashweave.validation.ClientReplay:viewReplay:254]: P0_VIEW COMPLETE nano=30165737862800
[15:15:50] [Client thread/INFO] [STDOUT]: [com.layue13.clashweave.validation.ClientReplay:viewReplay:254]: P0_VIEW COMPLETE nano=30165787876100
[15:15:50] [Client thread/INFO] [STDOUT]: [com.layue13.clashweave.validation.ClientReplay:viewReplay:254]: P0_VIEW COMPLETE nano=30165837744000
[15:15:50] [Client thread/INFO] [STDOUT]: [com.layue13.clashweave.validation.ClientReplay:viewReplay:254]: P0_VIEW COMPLETE nano=30165887514300
[15:15:50] [Client thread/INFO] [STDOUT]: [com.layue13.clashweave.validation.ClientReplay:viewReplay:254]: P0_VIEW COMPLETE nano=30165937574500
[15:15:50] [Client thread/INFO] [STDOUT]: [com.layue13.clashweave.validation.ClientReplay:viewReplay:254]: P0_VIEW COMPLETE nano=30165988025000
[15:15:50] [Client thread/INFO] [STDOUT]: [com.layue13.clashweave.validation.ClientReplay:viewReplay:254]: P0_VIEW COMPLETE nano=30166037648100
[15:15:50] [Client thread/INFO] [STDOUT]: [com.layue13.clashweave.validation.ClientReplay:viewReplay:254]: P0_VIEW COMPLETE nano=30166088598300
[15:15:50] [Client thread/INFO] [STDOUT]: [com.layue13.clashweave.validation.ClientReplay:viewReplay:254]: P0_VIEW COMPLETE nano=30166137672800
[15:15:50] [Client thread/INFO] [STDOUT]: [com.layue13.clashweave.validation.ClientReplay:viewReplay:254]: P0_VIEW COMPLETE nano=30166188276000
[15:15:50] [Client thread/INFO] [STDOUT]: [com.layue13.clashweave.validation.ClientReplay:viewReplay:254]: P0_VIEW COMPLETE nano=30166238332500
[15:15:50] [Client thread/INFO] [STDOUT]: [com.layue13.clashweave.validation.ClientReplay:viewReplay:254]: P0_VIEW COMPLETE nano=30166287812700
[15:15:50] [Client thread/INFO] [STDOUT]: [com.layue13.clashweave.validation.ClientReplay:viewReplay:254]: P0_VIEW COMPLETE nano=30166338473800
[15:15:50] [Client thread/INFO] [STDOUT]: [com.layue13.clashweave.validation.ClientReplay:viewReplay:254]: P0_VIEW COMPLETE nano=30166387597500
[15:15:50] [Client thread/INFO] [STDOUT]: [com.layue13.clashweave.validation.ClientReplay:viewReplay:254]: P0_VIEW COMPLETE nano=30166438133300
[15:15:50] [Client thread/INFO] [STDOUT]: [com.layue13.clashweave.validation.ClientReplay:viewReplay:254]: P0_VIEW COMPLETE nano=30166487905200
[15:15:50] [Client thread/INFO] [STDOUT]: [com.layue13.clashweave.validation.ClientReplay:viewReplay:254]: P0_VIEW COMPLETE nano=30166538220900
[15:15:50] [Client thread/INFO] [STDOUT]: [com.layue13.clashweave.validation.ClientReplay:viewReplay:254]: P0_VIEW COMPLETE nano=30166588249100
[15:15:51] [Client thread/INFO] [STDOUT]: [com.layue13.clashweave.validation.ClientReplay:viewReplay:254]: P0_VIEW COMPLETE nano=30166638697700
[15:15:51] [Client thread/INFO] [STDOUT]: [com.layue13.clashweave.validation.ClientReplay:viewReplay:254]: P0_VIEW COMPLETE nano=30166687765700
[15:15:51] [Client thread/INFO] [STDOUT]: [com.layue13.clashweave.validation.ClientReplay:viewReplay:254]: P0_VIEW COMPLETE nano=30166737525300
[15:15:51] [Client thread/INFO] [STDOUT]: [com.layue13.clashweave.validation.ClientReplay:viewReplay:254]: P0_VIEW COMPLETE nano=30166788321400
[15:15:51] [Client thread/INFO] [STDOUT]: [com.layue13.clashweave.validation.ClientReplay:viewReplay:254]: P0_VIEW COMPLETE nano=30166837714000
[15:15:51] [Client thread/INFO] [STDOUT]: [com.layue13.clashweave.validation.ClientReplay:viewReplay:254]: P0_VIEW COMPLETE nano=30166888312200
[15:15:51] [Client thread/INFO] [STDOUT]: [com.layue13.clashweave.validation.ClientReplay:viewReplay:254]: P0_VIEW COMPLETE nano=30166937746800
[15:15:51] [Client thread/INFO] [STDOUT]: [com.layue13.clashweave.validation.ClientReplay:viewReplay:254]: P0_VIEW COMPLETE nano=30166987644300
[15:15:51] [Client thread/INFO] [STDOUT]: [com.layue13.clashweave.validation.ClientReplay:viewReplay:254]: P0_VIEW COMPLETE nano=30167038021400
[15:15:51] [Client thread/INFO] [STDOUT]: [com.layue13.clashweave.validation.ClientReplay:viewReplay:254]: P0_VIEW COMPLETE nano=30167087529600
[15:15:51] [Client thread/INFO] [STDOUT]: [com.layue13.clashweave.validation.ClientReplay:viewReplay:254]: P0_VIEW COMPLETE nano=30167137700800
[15:15:51] [Client thread/INFO] [STDOUT]: [com.layue13.clashweave.validation.ClientReplay:viewReplay:254]: P0_VIEW COMPLETE nano=30167187658800
[15:15:51] [Client thread/INFO] [STDOUT]: [com.layue13.clashweave.validation.ClientReplay:viewReplay:254]: P0_VIEW COMPLETE nano=30167237715700
[15:15:51] [Client thread/INFO] [STDOUT]: [com.layue13.clashweave.validation.ClientReplay:viewReplay:254]: P0_VIEW COMPLETE nano=30167287643200
[15:15:51] [Client thread/INFO] [STDOUT]: [com.layue13.clashweave.validation.ClientReplay:viewReplay:254]: P0_VIEW COMPLETE nano=30167337857300
[15:15:51] [Client thread/INFO] [STDOUT]: [com.layue13.clashweave.validation.ClientReplay:viewReplay:254]: P0_VIEW COMPLETE nano=30167387981400
[15:15:51] [Client thread/INFO] [STDOUT]: [com.layue13.clashweave.validation.ClientReplay:viewReplay:254]: P0_VIEW COMPLETE nano=30167437624000
[15:15:51] [Client thread/INFO] [STDOUT]: [com.layue13.clashweave.validation.ClientReplay:viewReplay:254]: P0_VIEW COMPLETE nano=30167488349500
[15:15:51] [Client thread/INFO] [STDOUT]: [com.layue13.clashweave.validation.ClientReplay:viewReplay:254]: P0_VIEW COMPLETE nano=30167538261600
[15:15:51] [Client thread/INFO] [STDOUT]: [com.layue13.clashweave.validation.ClientReplay:viewReplay:254]: P0_VIEW COMPLETE nano=30167588231100
[15:15:52] [Client thread/INFO] [STDOUT]: [com.layue13.clashweave.validation.ClientReplay:viewReplay:254]: P0_VIEW COMPLETE nano=30167638199900
[15:15:52] [Client thread/INFO] [STDOUT]: [com.layue13.clashweave.validation.ClientReplay:viewReplay:254]: P0_VIEW COMPLETE nano=30167688102400
[15:15:52] [Client thread/INFO] [STDOUT]: [com.layue13.clashweave.validation.ClientReplay:viewReplay:254]: P0_VIEW COMPLETE nano=30167737579000
[15:15:52] [Client thread/INFO] [STDOUT]: [com.layue13.clashweave.validation.ClientReplay:viewReplay:254]: P0_VIEW COMPLETE nano=30167788266700
[15:15:52] [Client thread/INFO] [STDOUT]: [com.layue13.clashweave.validation.ClientReplay:viewReplay:254]: P0_VIEW COMPLETE nano=30167838064000
[15:15:52] [Client thread/INFO] [STDOUT]: [com.layue13.clashweave.validation.ClientReplay:viewReplay:254]: P0_VIEW COMPLETE nano=30167887528300
[15:15:52] [Client thread/INFO] [STDOUT]: [com.layue13.clashweave.validation.ClientReplay:viewReplay:254]: P0_VIEW COMPLETE nano=30167937639000
[15:15:52] [Client thread/INFO] [STDOUT]: [com.layue13.clashweave.validation.ClientReplay:viewReplay:254]: P0_VIEW COMPLETE nano=30167987913300
[15:15:52] [Client thread/INFO] [STDOUT]: [com.layue13.clashweave.validation.ClientReplay:viewReplay:254]: P0_VIEW COMPLETE nano=30168038469000
[15:15:52] [Client thread/INFO] [STDOUT]: [com.layue13.clashweave.validation.ClientReplay:viewReplay:254]: P0_VIEW COMPLETE nano=30168088050600
[15:15:52] [Client thread/INFO] [STDOUT]: [com.layue13.clashweave.validation.ClientReplay:viewReplay:254]: P0_VIEW COMPLETE nano=30168137717500
[15:15:52] [Client thread/INFO] [STDOUT]: [com.layue13.clashweave.validation.ClientReplay:viewReplay:254]: P0_VIEW COMPLETE nano=30168187495400
[15:15:52] [Client thread/INFO] [STDOUT]: [com.layue13.clashweave.validation.ClientReplay:viewReplay:254]: P0_VIEW COMPLETE nano=30168237684100
[15:15:52] [Client thread/INFO] [STDOUT]: [com.layue13.clashweave.validation.ClientReplay:viewReplay:254]: P0_VIEW COMPLETE nano=30168287942100
[15:15:52] [Client thread/INFO] [STDOUT]: [com.layue13.clashweave.validation.ClientReplay:viewReplay:254]: P0_VIEW COMPLETE nano=30168337816200
[15:15:52] [Client thread/INFO] [STDOUT]: [com.layue13.clashweave.validation.ClientReplay:viewReplay:254]: P0_VIEW COMPLETE nano=30168388160600
[15:15:52] [Client thread/INFO] [STDOUT]: [com.layue13.clashweave.validation.ClientReplay:viewReplay:254]: P0_VIEW COMPLETE nano=30168437508100
[15:15:52] [Client thread/INFO] [STDOUT]: [com.layue13.clashweave.validation.ClientReplay:viewReplay:254]: P0_VIEW COMPLETE nano=30168487626800
[15:15:52] [Client thread/INFO] [STDOUT]: [com.layue13.clashweave.validation.ClientReplay:viewReplay:254]: P0_VIEW COMPLETE nano=30168538213500
[15:15:52] [Client thread/INFO] [STDOUT]: [com.layue13.clashweave.validation.ClientReplay:viewReplay:254]: P0_VIEW COMPLETE nano=30168587579100
[15:15:53] [Client thread/INFO] [STDOUT]: [com.layue13.clashweave.validation.ClientReplay:viewReplay:254]: P0_VIEW COMPLETE nano=30168637913400
[15:15:53] [Client thread/INFO] [STDOUT]: [com.layue13.clashweave.validation.ClientReplay:viewReplay:254]: P0_VIEW COMPLETE nano=30168687634400
[15:15:53] [Client thread/INFO] [STDOUT]: [com.layue13.clashweave.validation.ClientReplay:viewReplay:254]: P0_VIEW COMPLETE nano=30168737658700
[15:15:53] [Client thread/INFO] [STDOUT]: [com.layue13.clashweave.validation.ClientReplay:viewReplay:254]: P0_VIEW COMPLETE nano=30168787637700
[15:15:53] [Client thread/INFO] [STDOUT]: [com.layue13.clashweave.validation.ClientReplay:viewReplay:254]: P0_VIEW COMPLETE nano=30168837592600
[15:15:53] [Client thread/INFO] [STDOUT]: [com.layue13.clashweave.validation.ClientReplay:viewReplay:254]: P0_VIEW COMPLETE nano=30168887752300
[15:15:53] [Client thread/INFO] [STDOUT]: [com.layue13.clashweave.validation.ClientReplay:viewReplay:254]: P0_VIEW COMPLETE nano=30168937825400
[15:15:53] [Client thread/INFO] [STDOUT]: [com.layue13.clashweave.validation.ClientReplay:viewReplay:254]: P0_VIEW COMPLETE nano=30168987495500
[15:15:53] [Client thread/INFO] [STDOUT]: [com.layue13.clashweave.validation.ClientReplay:viewReplay:254]: P0_VIEW COMPLETE nano=30169037969000
[15:15:53] [Client thread/INFO] [STDOUT]: [com.layue13.clashweave.validation.ClientReplay:viewReplay:254]: P0_VIEW COMPLETE nano=30169087814800
[15:15:53] [Client thread/INFO] [STDOUT]: [com.layue13.clashweave.validation.ClientReplay:viewReplay:254]: P0_VIEW COMPLETE nano=30169137806200
[15:15:53] [Client thread/INFO] [STDOUT]: [com.layue13.clashweave.validation.ClientReplay:viewReplay:254]: P0_VIEW COMPLETE nano=30169188218900
[15:15:53] [Client thread/INFO] [STDOUT]: [com.layue13.clashweave.validation.ClientReplay:viewReplay:254]: P0_VIEW COMPLETE nano=30169237534800
[15:15:53] [Client thread/INFO] [STDOUT]: [com.layue13.clashweave.validation.ClientReplay:viewReplay:254]: P0_VIEW COMPLETE nano=30169288225100
[15:15:53] [Client thread/INFO] [STDOUT]: [com.layue13.clashweave.validation.ClientReplay:viewReplay:254]: P0_VIEW COMPLETE nano=30169337809600
[15:15:53] [Client thread/INFO] [STDOUT]: [com.layue13.clashweave.validation.ClientReplay:viewReplay:254]: P0_VIEW COMPLETE nano=30169387596700
[15:15:53] [Client thread/INFO] [STDOUT]: [com.layue13.clashweave.validation.ClientReplay:viewReplay:254]: P0_VIEW COMPLETE nano=30169438411100
[15:15:53] [Client thread/INFO] [STDOUT]: [com.layue13.clashweave.validation.ClientReplay:viewReplay:254]: P0_VIEW COMPLETE nano=30169487864800
[15:15:53] [Client thread/INFO] [STDOUT]: [com.layue13.clashweave.validation.ClientReplay:viewReplay:254]: P0_VIEW COMPLETE nano=30169537538100
[15:15:53] [Client thread/INFO] [STDOUT]: [com.layue13.clashweave.validation.ClientReplay:viewReplay:254]: P0_VIEW COMPLETE nano=30169588099200
[15:15:54] [Client thread/INFO] [STDOUT]: [com.layue13.clashweave.validation.ClientReplay:viewReplay:254]: P0_VIEW COMPLETE nano=30169638465500
[15:15:54] [Client thread/INFO] [STDOUT]: [com.layue13.clashweave.validation.ClientReplay:viewReplay:254]: P0_VIEW COMPLETE nano=30169688047600
[15:15:54] [Client thread/INFO] [STDOUT]: [com.layue13.clashweave.validation.ClientReplay:viewReplay:254]: P0_VIEW COMPLETE nano=30169737508000
[15:15:54] [Client thread/INFO] [STDOUT]: [com.layue13.clashweave.validation.ClientReplay:viewReplay:254]: P0_VIEW COMPLETE nano=30169788153800
[15:15:54] [Client thread/INFO] [STDOUT]: [com.layue13.clashweave.validation.ClientReplay:viewReplay:254]: P0_VIEW COMPLETE nano=30169838081500
[15:15:54] [Client thread/INFO] [STDOUT]: [com.layue13.clashweave.validation.ClientReplay:viewReplay:254]: P0_VIEW COMPLETE nano=30169888037000
[15:15:54] [Client thread/INFO] [STDOUT]: [com.layue13.clashweave.validation.ClientReplay:viewReplay:254]: P0_VIEW COMPLETE nano=30169937719500
[15:15:54] [Client thread/INFO] [STDOUT]: [com.layue13.clashweave.validation.ClientReplay:viewReplay:254]: P0_VIEW COMPLETE nano=30169987536900
[15:15:54] [Client thread/INFO] [STDOUT]: [com.layue13.clashweave.validation.ClientReplay:viewReplay:254]: P0_VIEW COMPLETE nano=30170037749000
[15:15:54] [Client thread/INFO] [STDOUT]: [com.layue13.clashweave.validation.ClientReplay:viewReplay:254]: P0_VIEW COMPLETE nano=30170087479500
[15:15:54] [Client thread/INFO] [STDOUT]: [com.layue13.clashweave.validation.ClientReplay:viewReplay:254]: P0_VIEW COMPLETE nano=30170138064000
[15:15:54] [Client thread/INFO] [STDOUT]: [com.layue13.clashweave.validation.ClientReplay:viewReplay:254]: P0_VIEW COMPLETE nano=30170188225200
[15:15:54] [Client thread/INFO] [STDOUT]: [com.layue13.clashweave.validation.ClientReplay:viewReplay:254]: P0_VIEW COMPLETE nano=30170238449600
[15:15:54] [Client thread/INFO] [STDOUT]: [com.layue13.clashweave.validation.ClientReplay:viewReplay:254]: P0_VIEW COMPLETE nano=30170287543500
[15:15:54] [Client thread/INFO] [STDOUT]: [com.layue13.clashweave.validation.ClientReplay:viewReplay:254]: P0_VIEW COMPLETE nano=30170338339900
[15:15:54] [Client thread/INFO] [STDOUT]: [com.layue13.clashweave.validation.ClientReplay:viewReplay:254]: P0_VIEW COMPLETE nano=30170388001300
[15:15:54] [Client thread/INFO] [STDOUT]: [com.layue13.clashweave.validation.ClientReplay:viewReplay:254]: P0_VIEW COMPLETE nano=30170438141100
[15:15:54] [Client thread/INFO] [STDOUT]: [com.layue13.clashweave.validation.ClientReplay:viewReplay:254]: P0_VIEW COMPLETE nano=30170488282600
[15:15:54] [Client thread/INFO] [STDOUT]: [com.layue13.clashweave.validation.ClientReplay:viewReplay:254]: P0_VIEW COMPLETE nano=30170538359500
[15:15:54] [Client thread/INFO] [STDOUT]: [com.layue13.clashweave.validation.ClientReplay:viewReplay:254]: P0_VIEW COMPLETE nano=30170587508800
[15:15:55] [Client thread/INFO] [STDOUT]: [com.layue13.clashweave.validation.ClientReplay:viewReplay:254]: P0_VIEW COMPLETE nano=30170638288100
[15:15:55] [Client thread/INFO] [STDOUT]: [com.layue13.clashweave.validation.ClientReplay:viewReplay:254]: P0_VIEW COMPLETE nano=30170688475700
[15:15:55] [Client thread/INFO] [STDOUT]: [com.layue13.clashweave.validation.ClientReplay:viewReplay:254]: P0_VIEW COMPLETE nano=30170738391200
[15:15:55] [Client thread/INFO] [STDOUT]: [com.layue13.clashweave.validation.ClientReplay:viewReplay:254]: P0_VIEW COMPLETE nano=30170787734400
[15:15:55] [Client thread/INFO] [STDOUT]: [com.layue13.clashweave.validation.ClientReplay:viewReplay:254]: P0_VIEW COMPLETE nano=30170838419700
[15:15:55] [Client thread/INFO] [STDOUT]: [com.layue13.clashweave.validation.ClientReplay:viewReplay:254]: P0_VIEW COMPLETE nano=30170887935500
[15:15:55] [Client thread/INFO] [STDOUT]: [com.layue13.clashweave.validation.ClientReplay:viewReplay:254]: P0_VIEW COMPLETE nano=30170938455500
[15:15:55] [Client thread/INFO] [STDOUT]: [com.layue13.clashweave.validation.ClientReplay:viewReplay:254]: P0_VIEW COMPLETE nano=30170987573300
[15:15:55] [Client thread/INFO] [STDOUT]: [com.layue13.clashweave.validation.ClientReplay:viewReplay:254]: P0_VIEW COMPLETE nano=30171038155100
[15:15:55] [Client thread/INFO] [STDOUT]: [com.layue13.clashweave.validation.ClientReplay:viewReplay:254]: P0_VIEW COMPLETE nano=30171087831800
[15:15:55] [Client thread/INFO] [STDOUT]: [com.layue13.clashweave.validation.ClientReplay:viewReplay:254]: P0_VIEW COMPLETE nano=30171138442500
[15:15:55] [Client thread/INFO] [STDOUT]: [com.layue13.clashweave.validation.ClientReplay:viewReplay:254]: P0_VIEW COMPLETE nano=30171188736200
[15:15:55] [Client thread/INFO] [STDOUT]: [com.layue13.clashweave.validation.ClientReplay:viewReplay:254]: P0_VIEW COMPLETE nano=30171238459800
[15:15:55] [Client thread/INFO] [STDOUT]: [com.layue13.clashweave.validation.ClientReplay:viewReplay:254]: P0_VIEW COMPLETE nano=30171288357400
[15:15:55] [Client thread/INFO] [STDOUT]: [com.layue13.clashweave.validation.ClientReplay:viewReplay:254]: P0_VIEW COMPLETE nano=30171338364400
[15:15:55] [Client thread/INFO] [STDOUT]: [com.layue13.clashweave.validation.ClientReplay:viewReplay:254]: P0_VIEW COMPLETE nano=30171389660100
[15:15:55] [Client thread/INFO] [STDOUT]: [com.layue13.clashweave.validation.ClientReplay:viewReplay:254]: P0_VIEW COMPLETE nano=30171439041100
[15:15:55] [Client thread/INFO] [STDOUT]: [com.layue13.clashweave.validation.ClientReplay:viewReplay:254]: P0_VIEW COMPLETE nano=30171487803300
[15:15:55] [Client thread/INFO] [STDOUT]: [com.layue13.clashweave.validation.ClientReplay:viewReplay:254]: P0_VIEW COMPLETE nano=30171538222600
[15:15:55] [Client thread/INFO] [STDOUT]: [com.layue13.clashweave.validation.ClientReplay:viewReplay:254]: P0_VIEW COMPLETE nano=30171587897700
[15:15:56] [Client thread/INFO] [STDOUT]: [com.layue13.clashweave.validation.ClientReplay:viewReplay:254]: P0_VIEW COMPLETE nano=30171638443000
[15:15:56] [Client thread/INFO] [STDOUT]: [com.layue13.clashweave.validation.ClientReplay:viewReplay:254]: P0_VIEW COMPLETE nano=30171687969800
[15:15:56] [Client thread/INFO] [STDOUT]: [com.layue13.clashweave.validation.ClientReplay:viewReplay:254]: P0_VIEW COMPLETE nano=30171737965300
[15:15:56] [Client thread/INFO] [STDOUT]: [com.layue13.clashweave.validation.ClientReplay:viewReplay:254]: P0_VIEW COMPLETE nano=30171788131900
[15:15:56] [Client thread/INFO] [STDOUT]: [com.layue13.clashweave.validation.ClientReplay:viewReplay:254]: P0_VIEW COMPLETE nano=30171838022800
[15:15:56] [Client thread/INFO] [STDOUT]: [com.layue13.clashweave.validation.ClientReplay:viewReplay:254]: P0_VIEW COMPLETE nano=30171887707100
[15:15:56] [Client thread/INFO] [STDOUT]: [com.layue13.clashweave.validation.ClientReplay:viewReplay:254]: P0_VIEW COMPLETE nano=30171937592200
[15:15:56] [Client thread/INFO] [STDOUT]: [com.layue13.clashweave.validation.ClientReplay:viewReplay:254]: P0_VIEW COMPLETE nano=30171987579900
[15:15:56] [Client thread/INFO] [STDOUT]: [com.layue13.clashweave.validation.ClientReplay:viewReplay:254]: P0_VIEW COMPLETE nano=30172037578900
[15:15:56] [Client thread/INFO] [STDOUT]: [com.layue13.clashweave.validation.ClientReplay:viewReplay:254]: P0_VIEW COMPLETE nano=30172088139400
[15:15:56] [Client thread/INFO] [STDOUT]: [com.layue13.clashweave.validation.ClientReplay:viewReplay:254]: P0_VIEW COMPLETE nano=30172138245500
[15:15:56] [Client thread/INFO] [STDOUT]: [com.layue13.clashweave.validation.ClientReplay:viewReplay:254]: P0_VIEW COMPLETE nano=30172187651900
[15:15:56] [Client thread/INFO] [STDOUT]: [com.layue13.clashweave.validation.ClientReplay:viewReplay:254]: P0_VIEW COMPLETE nano=30172238452000
[15:15:56] [Client thread/INFO] [STDOUT]: [com.layue13.clashweave.validation.ClientReplay:viewReplay:254]: P0_VIEW COMPLETE nano=30172288044200
[15:15:56] [Client thread/INFO] [STDOUT]: [com.layue13.clashweave.validation.ClientReplay:viewReplay:254]: P0_VIEW COMPLETE nano=30172338282900
[15:15:56] [Client thread/INFO] [STDOUT]: [com.layue13.clashweave.validation.ClientReplay:viewReplay:254]: P0_VIEW COMPLETE nano=30172388188400
[15:15:56] [Client thread/INFO] [STDOUT]: [com.layue13.clashweave.validation.ClientReplay:viewReplay:254]: P0_VIEW COMPLETE nano=30172438297100
[15:15:56] [Client thread/INFO] [STDOUT]: [com.layue13.clashweave.validation.ClientReplay:viewReplay:254]: P0_VIEW COMPLETE nano=30172488471000
[15:15:56] [Client thread/INFO] [STDOUT]: [com.layue13.clashweave.validation.ClientReplay:viewReplay:254]: P0_VIEW COMPLETE nano=30172537765500
[15:15:56] [Client thread/INFO] [STDOUT]: [com.layue13.clashweave.validation.ClientReplay:viewReplay:254]: P0_VIEW COMPLETE nano=30172587703800
[15:15:57] [Client thread/INFO] [STDOUT]: [com.layue13.clashweave.validation.ClientReplay:viewReplay:254]: P0_VIEW COMPLETE nano=30172637728600
[15:15:57] [Client thread/INFO] [STDOUT]: [com.layue13.clashweave.validation.ClientReplay:viewReplay:254]: P0_VIEW COMPLETE nano=30172687972600
[15:15:57] [Client thread/INFO] [STDOUT]: [com.layue13.clashweave.validation.ClientReplay:viewReplay:254]: P0_VIEW COMPLETE nano=30172737893300
[15:15:57] [Client thread/INFO] [STDOUT]: [com.layue13.clashweave.validation.ClientReplay:viewReplay:254]: P0_VIEW COMPLETE nano=30172787646000
[15:15:57] [Client thread/INFO] [STDOUT]: [com.layue13.clashweave.validation.ClientReplay:viewReplay:254]: P0_VIEW COMPLETE nano=30172838192400
[15:15:57] [Client thread/INFO] [STDOUT]: [com.layue13.clashweave.validation.ClientReplay:viewReplay:254]: P0_VIEW COMPLETE nano=30172887758200
[15:15:57] [Client thread/INFO] [STDOUT]: [com.layue13.clashweave.validation.ClientReplay:viewReplay:254]: P0_VIEW COMPLETE nano=30172938010100
[15:15:57] [Client thread/INFO] [STDOUT]: [com.layue13.clashweave.validation.ClientReplay:viewReplay:254]: P0_VIEW COMPLETE nano=30172987755900
[15:15:57] [Client thread/INFO] [STDOUT]: [com.layue13.clashweave.validation.ClientReplay:viewReplay:254]: P0_VIEW COMPLETE nano=30173038096500
[15:15:57] [Client thread/INFO] [STDOUT]: [com.layue13.clashweave.validation.ClientReplay:viewReplay:254]: P0_VIEW COMPLETE nano=30173089000300
[15:15:57] [Client thread/INFO] [STDOUT]: [com.layue13.clashweave.validation.ClientReplay:viewReplay:254]: P0_VIEW COMPLETE nano=30173137772100
[15:15:57] [Client thread/INFO] [STDOUT]: [com.layue13.clashweave.validation.ClientReplay:viewReplay:254]: P0_VIEW COMPLETE nano=30173187717200
[15:15:57] [Client thread/INFO] [STDOUT]: [com.layue13.clashweave.validation.ClientReplay:viewReplay:254]: P0_VIEW COMPLETE nano=30173238105000
[15:15:57] [Client thread/INFO] [STDOUT]: [com.layue13.clashweave.validation.ClientReplay:viewReplay:254]: P0_VIEW COMPLETE nano=30173287721700
[15:15:57] [Client thread/INFO] [STDOUT]: [com.layue13.clashweave.validation.ClientReplay:viewReplay:254]: P0_VIEW COMPLETE nano=30173338257200
[15:15:57] [Client thread/INFO] [STDOUT]: [com.layue13.clashweave.validation.ClientReplay:viewReplay:254]: P0_VIEW COMPLETE nano=30173387493500
[15:15:57] [Client thread/INFO] [STDOUT]: [com.layue13.clashweave.validation.ClientReplay:viewReplay:254]: P0_VIEW COMPLETE nano=30173438191500
[15:15:57] [Client thread/INFO] [STDOUT]: [com.layue13.clashweave.validation.ClientReplay:viewReplay:254]: P0_VIEW COMPLETE nano=30173488267100
[15:15:57] [Client thread/INFO] [STDOUT]: [com.layue13.clashweave.validation.ClientReplay:viewReplay:254]: P0_VIEW COMPLETE nano=30173537829000
[15:15:57] [Client thread/INFO] [STDOUT]: [com.layue13.clashweave.validation.ClientReplay:viewReplay:254]: P0_VIEW COMPLETE nano=30173587743800
[15:15:58] [Client thread/INFO] [STDOUT]: [com.layue13.clashweave.validation.ClientReplay:viewReplay:254]: P0_VIEW COMPLETE nano=30173637731400
[15:15:58] [Client thread/INFO] [STDOUT]: [com.layue13.clashweave.validation.ClientReplay:viewReplay:254]: P0_VIEW COMPLETE nano=30173687573200
[15:15:58] [Client thread/INFO] [STDOUT]: [com.layue13.clashweave.validation.ClientReplay:viewReplay:254]: P0_VIEW COMPLETE nano=30173738087500
[15:15:58] [Client thread/INFO] [STDOUT]: [com.layue13.clashweave.validation.ClientReplay:viewReplay:254]: P0_VIEW COMPLETE nano=30173787834000
[15:15:58] [Client thread/INFO] [STDOUT]: [com.layue13.clashweave.validation.ClientReplay:viewReplay:254]: P0_VIEW COMPLETE nano=30173837903800
[15:15:58] [Client thread/INFO] [STDOUT]: [com.layue13.clashweave.validation.ClientReplay:viewReplay:254]: P0_VIEW COMPLETE nano=30173887581300
[15:15:58] [Client thread/INFO] [STDOUT]: [com.layue13.clashweave.validation.ClientReplay:viewReplay:254]: P0_VIEW COMPLETE nano=30173937756100
[15:15:58] [Client thread/INFO] [STDOUT]: [com.layue13.clashweave.validation.ClientReplay:viewReplay:254]: P0_VIEW COMPLETE nano=30173987738300
[15:15:58] [Client thread/INFO] [STDOUT]: [com.layue13.clashweave.validation.ClientReplay:viewReplay:254]: P0_VIEW COMPLETE nano=30174037608500
[15:15:58] [Client thread/INFO] [STDOUT]: [com.layue13.clashweave.validation.ClientReplay:viewReplay:254]: P0_VIEW COMPLETE nano=30174087878100
[15:15:58] [Client thread/INFO] [STDOUT]: [com.layue13.clashweave.validation.ClientReplay:viewReplay:254]: P0_VIEW COMPLETE nano=30174137959200
[15:15:58] [Client thread/INFO] [STDOUT]: [com.layue13.clashweave.validation.ClientReplay:viewReplay:254]: P0_VIEW COMPLETE nano=30174187591900
[15:15:58] [Client thread/INFO] [STDOUT]: [com.layue13.clashweave.validation.ClientReplay:viewReplay:254]: P0_VIEW COMPLETE nano=30174237766700
[15:15:58] [Client thread/INFO] [STDOUT]: [com.layue13.clashweave.validation.ClientReplay:viewReplay:254]: P0_VIEW COMPLETE nano=30174288446400
[15:15:58] [Client thread/INFO] [STDOUT]: [com.layue13.clashweave.validation.ClientReplay:viewReplay:254]: P0_VIEW COMPLETE nano=30174338243800
[15:15:58] [Client thread/INFO] [STDOUT]: [com.layue13.clashweave.validation.ClientReplay:viewReplay:254]: P0_VIEW COMPLETE nano=30174388508200
[15:15:58] [Client thread/INFO] [STDOUT]: [com.layue13.clashweave.validation.ClientReplay:viewReplay:254]: P0_VIEW COMPLETE nano=30174437599700
[15:15:58] [Client thread/INFO] [STDOUT]: [com.layue13.clashweave.validation.ClientReplay:viewReplay:254]: P0_VIEW COMPLETE nano=30174488568800
[15:15:58] [Client thread/INFO] [STDOUT]: [com.layue13.clashweave.validation.ClientReplay:viewReplay:254]: P0_VIEW COMPLETE nano=30174538538600
[15:15:58] [Client thread/INFO] [STDOUT]: [com.layue13.clashweave.validation.ClientReplay:viewReplay:254]: P0_VIEW COMPLETE nano=30174588057900
[15:15:59] [Client thread/INFO] [STDOUT]: [com.layue13.clashweave.validation.ClientReplay:viewReplay:254]: P0_VIEW COMPLETE nano=30174637667600
[15:15:59] [Client thread/INFO] [STDOUT]: [com.layue13.clashweave.validation.ClientReplay:viewReplay:254]: P0_VIEW COMPLETE nano=30174688258800
[15:15:59] [Client thread/INFO] [STDOUT]: [com.layue13.clashweave.validation.ClientReplay:viewReplay:254]: P0_VIEW COMPLETE nano=30174738850900
[15:15:59] [Client thread/INFO] [STDOUT]: [com.layue13.clashweave.validation.ClientReplay:viewReplay:254]: P0_VIEW COMPLETE nano=30174787958500
[15:15:59] [Client thread/INFO] [STDOUT]: [com.layue13.clashweave.validation.ClientReplay:viewReplay:254]: P0_VIEW COMPLETE nano=30174837938400
[15:15:59] [Client thread/INFO] [STDOUT]: [com.layue13.clashweave.validation.ClientReplay:viewReplay:254]: P0_VIEW COMPLETE nano=30174887724400
[15:15:59] [Client thread/INFO] [STDOUT]: [com.layue13.clashweave.validation.ClientReplay:viewReplay:254]: P0_VIEW COMPLETE nano=30174938530500
[15:15:59] [Client thread/INFO] [STDOUT]: [com.layue13.clashweave.validation.ClientReplay:viewReplay:254]: P0_VIEW COMPLETE nano=30174987900500
[15:15:59] [Client thread/INFO] [STDOUT]: [com.layue13.clashweave.validation.ClientReplay:viewReplay:254]: P0_VIEW COMPLETE nano=30175037663000
[15:15:59] [Client thread/INFO] [STDOUT]: [com.layue13.clashweave.validation.ClientReplay:viewReplay:254]: P0_VIEW COMPLETE nano=30175087820500
[15:15:59] [Client thread/INFO] [STDOUT]: [com.layue13.clashweave.validation.ClientReplay:viewReplay:254]: P0_VIEW COMPLETE nano=30175137955100
[15:15:59] [Client thread/INFO] [STDOUT]: [com.layue13.clashweave.validation.ClientReplay:viewReplay:254]: P0_VIEW COMPLETE nano=30175188250700
[15:15:59] [Client thread/INFO] [STDOUT]: [com.layue13.clashweave.validation.ClientReplay:viewReplay:254]: P0_VIEW COMPLETE nano=30175238008200
[15:15:59] [Client thread/INFO] [STDOUT]: [com.layue13.clashweave.validation.ClientReplay:viewReplay:254]: P0_VIEW COMPLETE nano=30175288583300
[15:15:59] [Client thread/INFO] [STDOUT]: [com.layue13.clashweave.validation.ClientReplay:viewReplay:254]: P0_VIEW COMPLETE nano=30175337802700
[15:15:59] [Client thread/INFO] [STDOUT]: [com.layue13.clashweave.validation.ClientReplay:viewReplay:254]: P0_VIEW COMPLETE nano=30175387890400
[15:15:59] [Client thread/INFO] [STDOUT]: [com.layue13.clashweave.validation.ClientReplay:viewReplay:254]: P0_VIEW COMPLETE nano=30175438025000
[15:15:59] [Client thread/INFO] [STDOUT]: [com.layue13.clashweave.validation.ClientReplay:viewReplay:254]: P0_VIEW COMPLETE nano=30175488402700
[15:15:59] [Client thread/INFO] [STDOUT]: [com.layue13.clashweave.validation.ClientReplay:viewReplay:254]: P0_VIEW COMPLETE nano=30175537755000
[15:15:59] [Client thread/INFO] [STDOUT]: [com.layue13.clashweave.validation.ClientReplay:viewReplay:254]: P0_VIEW COMPLETE nano=30175587607500
[15:16:00] [Client thread/INFO] [STDOUT]: [com.layue13.clashweave.validation.ClientReplay:viewReplay:254]: P0_VIEW COMPLETE nano=30175638593500
[15:16:00] [Client thread/INFO] [STDOUT]: [com.layue13.clashweave.validation.ClientReplay:viewReplay:254]: P0_VIEW COMPLETE nano=30175687751000
[15:16:00] [Client thread/INFO] [STDOUT]: [com.layue13.clashweave.validation.ClientReplay:viewReplay:254]: P0_VIEW COMPLETE nano=30175738083400
[15:16:00] [Client thread/INFO] [STDOUT]: [com.layue13.clashweave.validation.ClientReplay:viewReplay:254]: P0_VIEW COMPLETE nano=30175788349400
[15:16:00] [Client thread/INFO] [STDOUT]: [com.layue13.clashweave.validation.ClientReplay:viewReplay:254]: P0_VIEW COMPLETE nano=30175837591600
[15:16:00] [Client thread/INFO] [STDOUT]: [com.layue13.clashweave.validation.ClientReplay:viewReplay:254]: P0_VIEW COMPLETE nano=30175888310300
[15:16:00] [Client thread/INFO] [STDOUT]: [com.layue13.clashweave.validation.ClientReplay:viewReplay:254]: P0_VIEW COMPLETE nano=30175937935400
[15:16:00] [Client thread/INFO] [STDOUT]: [com.layue13.clashweave.validation.ClientReplay:viewReplay:254]: P0_VIEW COMPLETE nano=30175988343800
[15:16:00] [Client thread/INFO] [STDOUT]: [com.layue13.clashweave.validation.ClientReplay:viewReplay:254]: P0_VIEW COMPLETE nano=30176038153000
[15:16:00] [Client thread/INFO] [STDOUT]: [com.layue13.clashweave.validation.ClientReplay:viewReplay:254]: P0_VIEW COMPLETE nano=30176087851700
[15:16:00] [Client thread/INFO] [STDOUT]: [com.layue13.clashweave.validation.ClientReplay:viewReplay:254]: P0_VIEW COMPLETE nano=30176137685100
[15:16:00] [Client thread/INFO] [STDOUT]: [com.layue13.clashweave.validation.ClientReplay:viewReplay:254]: P0_VIEW COMPLETE nano=30176187731300
[15:16:00] [Client thread/INFO] [STDOUT]: [com.layue13.clashweave.validation.ClientReplay:viewReplay:254]: P0_VIEW COMPLETE nano=30176237887600
[15:16:00] [Client thread/INFO] [STDOUT]: [com.layue13.clashweave.validation.ClientReplay:viewReplay:254]: P0_VIEW COMPLETE nano=30176288582300
[15:16:00] [Client thread/INFO] [STDOUT]: [com.layue13.clashweave.validation.ClientReplay:viewReplay:254]: P0_VIEW COMPLETE nano=30176338037300
[15:16:00] [Client thread/INFO] [STDOUT]: [com.layue13.clashweave.validation.ClientReplay:viewReplay:254]: P0_VIEW COMPLETE nano=30176387926000
[15:16:00] [Client thread/INFO] [STDOUT]: [com.layue13.clashweave.validation.ClientReplay:viewReplay:254]: P0_VIEW COMPLETE nano=30176438603000
[15:16:00] [Client thread/INFO] [STDOUT]: [com.layue13.clashweave.validation.ClientReplay:viewReplay:254]: P0_VIEW COMPLETE nano=30176487900300
[15:16:00] [Client thread/INFO] [STDOUT]: [com.layue13.clashweave.validation.ClientReplay:viewReplay:254]: P0_VIEW COMPLETE nano=30176538517900
[15:16:00] [Client thread/INFO] [STDOUT]: [com.layue13.clashweave.validation.ClientReplay:viewReplay:254]: P0_VIEW COMPLETE nano=30176588428200
[15:16:01] [Client thread/INFO] [STDOUT]: [com.layue13.clashweave.validation.ClientReplay:viewReplay:254]: P0_VIEW COMPLETE nano=30176638337100
[15:16:01] [Client thread/INFO] [STDOUT]: [com.layue13.clashweave.validation.ClientReplay:viewReplay:254]: P0_VIEW COMPLETE nano=30176688298400
[15:16:01] [Client thread/INFO] [STDOUT]: [com.layue13.clashweave.validation.ClientReplay:viewReplay:254]: P0_VIEW COMPLETE nano=30176738424100
[15:16:01] [Client thread/INFO] [STDOUT]: [com.layue13.clashweave.validation.ClientReplay:viewReplay:254]: P0_VIEW COMPLETE nano=30176788203700
[15:16:01] [Client thread/INFO] [STDOUT]: [com.layue13.clashweave.validation.ClientReplay:viewReplay:254]: P0_VIEW COMPLETE nano=30176839113900
[15:16:01] [Client thread/INFO] [STDOUT]: [com.layue13.clashweave.validation.ClientReplay:viewReplay:254]: P0_VIEW COMPLETE nano=30176887962300
[15:16:01] [Client thread/INFO] [STDOUT]: [com.layue13.clashweave.validation.ClientReplay:viewReplay:254]: P0_VIEW COMPLETE nano=30176938925100
[15:16:01] [Client thread/INFO] [STDOUT]: [com.layue13.clashweave.validation.ClientReplay:viewReplay:254]: P0_VIEW COMPLETE nano=30176987803000
[15:16:01] [Client thread/INFO] [STDOUT]: [com.layue13.clashweave.validation.ClientReplay:viewReplay:254]: P0_VIEW COMPLETE nano=30177038867600
[15:16:01] [Client thread/INFO] [STDOUT]: [com.layue13.clashweave.validation.ClientReplay:viewReplay:254]: P0_VIEW COMPLETE nano=30177087666700
[15:16:01] [Client thread/INFO] [STDOUT]: [com.layue13.clashweave.validation.ClientReplay:viewReplay:254]: P0_VIEW COMPLETE nano=30177138551400
[15:16:01] [Client thread/INFO] [STDOUT]: [com.layue13.clashweave.validation.ClientReplay:viewReplay:254]: P0_VIEW COMPLETE nano=30177188437500
[15:16:01] [Client thread/INFO] [STDOUT]: [com.layue13.clashweave.validation.ClientReplay:viewReplay:254]: P0_VIEW COMPLETE nano=30177238076200
[15:16:01] [Client thread/INFO] [STDOUT]: [com.layue13.clashweave.validation.ClientReplay:viewReplay:254]: P0_VIEW COMPLETE nano=30177287569700
[15:16:01] [Client thread/INFO] [STDOUT]: [com.layue13.clashweave.validation.ClientReplay:viewReplay:254]: P0_VIEW COMPLETE nano=30177337868900
[15:16:01] [Client thread/INFO] [STDOUT]: [com.layue13.clashweave.validation.ClientReplay:viewReplay:254]: P0_VIEW COMPLETE nano=30177387826200
[15:16:01] [Client thread/INFO] [STDOUT]: [com.layue13.clashweave.validation.ClientReplay:viewReplay:254]: P0_VIEW COMPLETE nano=30177438643200
