[Opened C:\Program Files\Zulu\zulu-8\jre\lib\rt.jar]
[Opened C:\Program Files\Zulu\zulu-8\jre\lib\jfr.jar]
[04:23:34] [main/INFO] [GradleStart]: Extra: [nogui]
[04:23:34] [main/INFO] [GradleStart]: Running with arguments: [--tweakClass, cpw.mods.fml.common.launcher.FMLServerTweaker, nogui, --tweakClass, net.minecraftforge.gradle.tweakers.CoremodTweaker]
[04:23:35] [main/INFO] [LaunchWrapper]: Loading tweak class name cpw.mods.fml.common.launcher.FMLServerTweaker
[04:23:35] [main/INFO] [LaunchWrapper]: Using primary tweak class name cpw.mods.fml.common.launcher.FMLServerTweaker
[04:23:35] [main/INFO] [LaunchWrapper]: Loading tweak class name net.minecraftforge.gradle.tweakers.CoremodTweaker
[04:23:35] [main/INFO] [LaunchWrapper]: Calling tweak class cpw.mods.fml.common.launcher.FMLServerTweaker
[04:23:35] [main/INFO] [FML]: Forge Mod Loader version 7.99.40.1614 for Minecraft 1.7.10 loading
[04:23:35] [main/INFO] [FML]: Java is OpenJDK 64-Bit Server VM, version 1.8.0_504, running on Windows 11:amd64:10.0, installed at C:\Program Files\Zulu\zulu-8\jre
[04:23:35] [main/INFO] [FML]: Managed to load a deobfuscated Minecraft name- we are in a deobfuscated environment. Skipping runtime deobfuscation
[04:23:35] [main/INFO] [LaunchWrapper]: Calling tweak class net.minecraftforge.gradle.tweakers.CoremodTweaker
[04:23:35] [main/INFO] [GradleStart]: Injecting location in coremod cpw.mods.fml.relauncher.FMLCorePlugin
[04:23:35] [main/INFO] [GradleStart]: Injecting location in coremod net.minecraftforge.classloading.FMLForgePlugin
[04:23:35] [main/INFO] [LaunchWrapper]: Loading tweak class name cpw.mods.fml.common.launcher.FMLInjectionAndSortingTweaker
[04:23:35] [main/INFO] [LaunchWrapper]: Loading tweak class name cpw.mods.fml.common.launcher.FMLDeobfTweaker
[04:23:35] [main/INFO] [LaunchWrapper]: Loading tweak class name net.minecraftforge.gradle.tweakers.AccessTransformerTweaker
[04:23:35] [main/INFO] [LaunchWrapper]: Calling tweak class cpw.mods.fml.common.launcher.FMLInjectionAndSortingTweaker
[04:23:35] [main/INFO] [LaunchWrapper]: Calling tweak class cpw.mods.fml.common.launcher.FMLInjectionAndSortingTweaker
[04:23:35] [main/INFO] [LaunchWrapper]: Calling tweak class cpw.mods.fml.relauncher.CoreModManager$FMLPluginWrapper
[04:23:35] [main/ERROR] [FML]: The binary patch set is missing. Either you are in a development environment, or things are not going to work!
[04:23:35] [main/ERROR] [FML]: FML appears to be missing any signature data. This is not a good thing
[04:23:35] [main/INFO] [LaunchWrapper]: Calling tweak class cpw.mods.fml.relauncher.CoreModManager$FMLPluginWrapper
[04:23:35] [main/INFO] [LaunchWrapper]: Calling tweak class cpw.mods.fml.common.launcher.FMLDeobfTweaker
[04:23:35] [main/INFO] [LaunchWrapper]: Calling tweak class net.minecraftforge.gradle.tweakers.AccessTransformerTweaker
[04:23:35] [main/INFO] [LaunchWrapper]: Loading tweak class name cpw.mods.fml.common.launcher.TerminalTweaker
[04:23:35] [main/INFO] [LaunchWrapper]: Calling tweak class cpw.mods.fml.common.launcher.TerminalTweaker
[04:23:35] [main/INFO] [LaunchWrapper]: Launching wrapped minecraft {net.minecraft.server.MinecraftServer}
[Opened C:\Program Files\Zulu\zulu-8\jre\lib\jsse.jar]
[04:23:35] [Server thread/INFO]: Starting minecraft server version 1.7.10
[04:23:35] [Server thread/INFO] [MinecraftForge]: Attempting early MinecraftForge initialization
[04:23:35] [Server thread/INFO] [FML]: MinecraftForge v10.13.4.1614 Initialized
[04:23:36] [Server thread/INFO] [FML]: Replaced 183 ore recipies
[04:23:36] [Server thread/INFO] [MinecraftForge]: Completed early MinecraftForge initialization
[04:23:36] [Server thread/INFO] [FML]: Config directory created successfully
[04:23:36] [Server thread/INFO] [FML]: Found 0 mods from the command line. Injecting into mod discoverer
[04:23:36] [Server thread/INFO] [FML]: Searching C:\Users\layue13\Documents\Projects\Clashweave\run\probes2\s3b-qpc-rtt0\server\mods for mods
[04:23:38] [Server thread/INFO] [FML]: Forge Mod Loader has identified 5 mods to load
[04:23:38] [Server thread/INFO] [FML]: Attempting connection with missing mods [mcp, FML, Forge, clashweave, cw_s3b] at CLIENT
[04:23:38] [Server thread/INFO] [FML]: Attempting connection with missing mods [mcp, FML, Forge, clashweave, cw_s3b] at SERVER
[04:23:38] [Server thread/INFO] [FML]: Processing ObjectHolder annotations
[04:23:38] [Server thread/INFO] [FML]: Found 341 ObjectHolder annotations
[04:23:38] [Server thread/INFO] [FML]: Identifying ItemStackHolder annotations
[04:23:38] [Server thread/INFO] [FML]: Found 0 ItemStackHolder annotations
[04:23:38] [Server thread/INFO] [FML]: Configured a dormant chunk cache size of 0
[04:23:38] [Server thread/INFO] [clashweave]: Clashweave 0.1.0-dev initialized
[04:23:38] [Server thread/INFO] [FML]: Applying holder lookups
[04:23:38] [Server thread/INFO] [FML]: Holder lookups applied
[04:23:38] [Server thread/INFO] [FML]: Injecting itemstacks
[04:23:38] [Server thread/INFO] [FML]: Itemstack injection complete
[04:23:38] [Server thread/INFO]: Loading properties
[04:23:38] [Server thread/INFO]: Default game type: SURVIVAL
[04:23:38] [Server thread/INFO]: Generating keypair
[Opened C:\Program Files\Zulu\zulu-8\jre\lib\jce.jar]
[04:23:38] [Server thread/INFO]: Starting Minecraft server on 127.0.0.1:25572
[04:23:38] [Server thread/WARN]: **** SERVER IS RUNNING IN OFFLINE/INSECURE MODE!
[04:23:38] [Server thread/WARN]: The server will make no attempt to authenticate usernames. Beware.
[04:23:38] [Server thread/WARN]: While this makes the game possible to play without internet access, it also opens up the ability for hackers to connect with any username they choose.
[04:23:38] [Server thread/WARN]: To change this, set "online-mode" to "true" in the server.properties file.
[04:23:38] [Server thread/INFO] [FML]: Injecting itemstacks
[04:23:38] [Server thread/INFO] [FML]: Itemstack injection complete
[04:23:38] [Server thread/INFO] [FML]: Forge Mod Loader has successfully loaded 5 mods
[04:23:38] [Server thread/WARN]: Failed to load user banlist: 
java.io.FileNotFoundException: banned-players.json (The system cannot find the file specified)
	at java.io.FileInputStream.open0(Native Method) ~[?:1.8.0_504]
	at java.io.FileInputStream.open(FileInputStream.java:195) ~[?:1.8.0_504]
	at java.io.FileInputStream.<init>(FileInputStream.java:138) ~[?:1.8.0_504]
	at com.google.common.io.Files.newReader(Files.java:86) ~[guava-17.0.jar:?]
	at net.minecraft.server.management.UserList.func_152679_g(UserList.java:195) ~[UserList.class:?]
	at net.minecraft.server.dedicated.DedicatedPlayerList.func_152620_y(DedicatedPlayerList.java:124) [DedicatedPlayerList.class:?]
	at net.minecraft.server.dedicated.DedicatedPlayerList.<init>(DedicatedPlayerList.java:31) [DedicatedPlayerList.class:?]
	at net.minecraft.server.dedicated.DedicatedServer.startServer(DedicatedServer.java:214) [DedicatedServer.class:?]
	at net.minecraft.server.MinecraftServer.run(MinecraftServer.java:449) [MinecraftServer.class:?]
	at net.minecraft.server.MinecraftServer$2.run(MinecraftServer.java:756) [MinecraftServer$2.class:?]
[04:23:38] [Server thread/WARN]: Failed to load ip banlist: 
java.io.FileNotFoundException: banned-ips.json (The system cannot find the file specified)
	at java.io.FileInputStream.open0(Native Method) ~[?:1.8.0_504]
	at java.io.FileInputStream.open(FileInputStream.java:195) ~[?:1.8.0_504]
	at java.io.FileInputStream.<init>(FileInputStream.java:138) ~[?:1.8.0_504]
	at com.google.common.io.Files.newReader(Files.java:86) ~[guava-17.0.jar:?]
	at net.minecraft.server.management.UserList.func_152679_g(UserList.java:195) ~[UserList.class:?]
	at net.minecraft.server.dedicated.DedicatedPlayerList.func_152619_x(DedicatedPlayerList.java:112) [DedicatedPlayerList.class:?]
	at net.minecraft.server.dedicated.DedicatedPlayerList.<init>(DedicatedPlayerList.java:33) [DedicatedPlayerList.class:?]
	at net.minecraft.server.dedicated.DedicatedServer.startServer(DedicatedServer.java:214) [DedicatedServer.class:?]
	at net.minecraft.server.MinecraftServer.run(MinecraftServer.java:449) [MinecraftServer.class:?]
	at net.minecraft.server.MinecraftServer$2.run(MinecraftServer.java:756) [MinecraftServer$2.class:?]
[04:23:38] [Server thread/WARN]: Failed to load operators list: 
java.io.FileNotFoundException: ops.json (The system cannot find the file specified)
	at java.io.FileInputStream.open0(Native Method) ~[?:1.8.0_504]
	at java.io.FileInputStream.open(FileInputStream.java:195) ~[?:1.8.0_504]
	at java.io.FileInputStream.<init>(FileInputStream.java:138) ~[?:1.8.0_504]
	at com.google.common.io.Files.newReader(Files.java:86) ~[guava-17.0.jar:?]
	at net.minecraft.server.management.UserList.func_152679_g(UserList.java:195) ~[UserList.class:?]
	at net.minecraft.server.dedicated.DedicatedPlayerList.loadOpsList(DedicatedPlayerList.java:136) [DedicatedPlayerList.class:?]
	at net.minecraft.server.dedicated.DedicatedPlayerList.<init>(DedicatedPlayerList.java:35) [DedicatedPlayerList.class:?]
	at net.minecraft.server.dedicated.DedicatedServer.startServer(DedicatedServer.java:214) [DedicatedServer.class:?]
	at net.minecraft.server.MinecraftServer.run(MinecraftServer.java:449) [MinecraftServer.class:?]
	at net.minecraft.server.MinecraftServer$2.run(MinecraftServer.java:756) [MinecraftServer$2.class:?]
[04:23:38] [Server thread/WARN]: Failed to load white-list: 
java.io.FileNotFoundException: whitelist.json (The system cannot find the file specified)
	at java.io.FileInputStream.open0(Native Method) ~[?:1.8.0_504]
	at java.io.FileInputStream.open(FileInputStream.java:195) ~[?:1.8.0_504]
	at java.io.FileInputStream.<init>(FileInputStream.java:138) ~[?:1.8.0_504]
	at com.google.common.io.Files.newReader(Files.java:86) ~[guava-17.0.jar:?]
	at net.minecraft.server.management.UserList.func_152679_g(UserList.java:195) ~[UserList.class:?]
	at net.minecraft.server.dedicated.DedicatedPlayerList.readWhiteList(DedicatedPlayerList.java:160) [DedicatedPlayerList.class:?]
	at net.minecraft.server.dedicated.DedicatedPlayerList.<init>(DedicatedPlayerList.java:36) [DedicatedPlayerList.class:?]
	at net.minecraft.server.dedicated.DedicatedServer.startServer(DedicatedServer.java:214) [DedicatedServer.class:?]
	at net.minecraft.server.MinecraftServer.run(MinecraftServer.java:449) [MinecraftServer.class:?]
	at net.minecraft.server.MinecraftServer$2.run(MinecraftServer.java:756) [MinecraftServer$2.class:?]
[04:23:38] [Server thread/INFO]: Preparing level "world"
[04:23:38] [Forge Version Check/INFO] [STDERR]: [java.lang.Throwable$WrappedPrintStream:println:749]: com.google.gson.JsonSyntaxException: java.lang.IllegalStateException: Expected BEGIN_OBJECT but was STRING at line 1 column 1
[04:23:38] [Forge Version Check/INFO] [STDERR]: [java.lang.Throwable$WrappedPrintStream:println:749]: 	at com.google.gson.Gson.fromJson(Gson.java:815)
[04:23:38] [Forge Version Check/INFO] [STDERR]: [java.lang.Throwable$WrappedPrintStream:println:749]: 	at com.google.gson.Gson.fromJson(Gson.java:768)
[04:23:38] [Forge Version Check/INFO] [STDERR]: [java.lang.Throwable$WrappedPrintStream:println:749]: 	at com.google.gson.Gson.fromJson(Gson.java:717)
[04:23:38] [Forge Version Check/INFO] [STDERR]: [java.lang.Throwable$WrappedPrintStream:println:749]: 	at com.google.gson.Gson.fromJson(Gson.java:689)
[04:23:38] [Forge Version Check/INFO] [STDERR]: [java.lang.Throwable$WrappedPrintStream:println:749]: 	at net.minecraftforge.common.ForgeVersion$1.run(ForgeVersion.java:94)
[04:23:38] [Forge Version Check/INFO] [STDERR]: [java.lang.Throwable$WrappedPrintStream:println:749]: Caused by: java.lang.IllegalStateException: Expected BEGIN_OBJECT but was STRING at line 1 column 1
[04:23:38] [Forge Version Check/INFO] [STDERR]: [java.lang.Throwable$WrappedPrintStream:println:749]: 	at com.google.gson.stream.JsonReader.beginObject(JsonReader.java:374)
[04:23:38] [Forge Version Check/INFO] [STDERR]: [java.lang.Throwable$WrappedPrintStream:println:749]: 	at com.google.gson.internal.bind.MapTypeAdapterFactory$Adapter.read(MapTypeAdapterFactory.java:183)
[04:23:38] [Forge Version Check/INFO] [STDERR]: [java.lang.Throwable$WrappedPrintStream:println:749]: 	at com.google.gson.internal.bind.MapTypeAdapterFactory$Adapter.read(MapTypeAdapterFactory.java:145)
[04:23:38] [Forge Version Check/INFO] [STDERR]: [java.lang.Throwable$WrappedPrintStream:println:749]: 	at com.google.gson.Gson.fromJson(Gson.java:803)
[04:23:38] [Forge Version Check/INFO] [STDERR]: [java.lang.Throwable$WrappedPrintStream:println:749]: 	... 4 more
[04:23:42] [Server thread/INFO] [FML]: Loading dimension 0 (world) (net.minecraft.server.dedicated.DedicatedServer@16e783d)
[04:23:42] [Server thread/INFO] [FML]: Loading dimension 1 (world) (net.minecraft.server.dedicated.DedicatedServer@16e783d)
[04:23:42] [Server thread/INFO] [FML]: Loading dimension -1 (world) (net.minecraft.server.dedicated.DedicatedServer@16e783d)
[04:23:42] [Server thread/INFO]: Preparing start region for level 0
[04:23:42] [Server thread/INFO]: Done (3.953s)! For help, type "help" or "?"
[04:23:49] [Netty IO #1/INFO] [FML]: Client protocol version 2
[04:23:49] [Netty IO #1/INFO] [FML]: Client attempting to join with 5 mods : FML@7.10.99.99,Forge@10.13.4.1614,mcp@9.05,clashweave@0.1.0-dev,cw_s3b@1
[04:23:49] [Netty IO #1/INFO] [FML]: Attempting connection with missing mods [] at CLIENT
[04:23:49] [Server thread/INFO] [FML]: [Server thread] Server side modded connection established
[04:23:49] [Server thread/INFO]: GuardB[/127.0.0.1:63014] logged in with entity id 14 at (777.5, 4.0, -554.5)
[04:23:49] [Server thread/INFO]: GuardB joined the game
[04:23:49] [Server thread/INFO] [STDOUT]: [com.layue13.clashweave.experiment.s3b.Experiment:log:22]: CW3 LOGIN name=GuardB
[04:23:57] [Netty IO #2/INFO] [FML]: Client protocol version 2
[04:23:57] [Netty IO #2/INFO] [FML]: Client attempting to join with 5 mods : FML@7.10.99.99,Forge@10.13.4.1614,mcp@9.05,clashweave@0.1.0-dev,cw_s3b@1
[04:23:57] [Netty IO #2/INFO] [FML]: Attempting connection with missing mods [] at CLIENT
[04:23:57] [Server thread/INFO] [FML]: [Server thread] Server side modded connection established
[04:23:57] [Server thread/INFO]: GuardA[/127.0.0.1:63154] logged in with entity id 15 at (765.5, 4.0, -548.5)
[04:23:57] [Server thread/INFO]: GuardA joined the game
[04:23:57] [Server thread/INFO] [STDOUT]: [com.layue13.clashweave.experiment.s3b.Experiment:log:22]: CW3 LOGIN name=GuardA
[04:23:59] [Netty IO #2/INFO] [STDOUT]: [com.layue13.clashweave.experiment.s3b.Experiment:log:22]: CW3 WIRE side=SERVER kind=3 id=0 wall=1791545039617 thread=Netty IO #2 observed=342
[04:23:59] [Server thread/INFO] [STDOUT]: [com.layue13.clashweave.experiment.s3b.Experiment:log:22]: CW3 RECEIVE id=0 kind=3 stamp=0 tickObserved=342 recvWall=1791545039652 sendWall=1791545039617 wireMs=35
[04:23:59] [Server thread/INFO] [STDOUT]: [com.layue13.clashweave.experiment.s3b.Experiment:log:22]: CW3 READY tick=343
[04:24:01] [Server thread/INFO] [STDOUT]: [com.layue13.clashweave.experiment.s3b.Experiment:log:22]: CW3 PLAN id=0 lead=2 defer=0 anchorTick=373 hit=385 stamp=383 anchorWall=1791545041143 legacy=true
[04:24:01] [Server thread/INFO] [STDOUT]: [com.layue13.clashweave.experiment.s3b.Experiment:log:22]: CW3 FREEZE id=0 tick=385 target=14 attacker=15 distance=1.0
[04:24:01] [Server thread/INFO] [STDOUT]: [com.layue13.clashweave.experiment.s3b.Experiment:log:22]: CW3 RESULT id=0 lead=2 defer=0 hit=385 commit=385 commitWall=1791545041747 press=-9999 received=9223372036854775807 window=false inside=false parry=false vanillaAccepted=true loss=1.0 targetHealth=999.0
[04:24:01] [Netty IO #1/INFO] [STDOUT]: [com.layue13.clashweave.experiment.s3b.Experiment:log:22]: CW3 WIRE side=SERVER kind=2 id=0 wall=1791545041749 thread=Netty IO #1 observed=385
[04:24:01] [Server thread/INFO] [STDOUT]: [com.layue13.clashweave.experiment.s3b.Experiment:log:22]: CW3 RECEIVE id=0 kind=2 stamp=383 tickObserved=385 recvWall=1791545041805 sendWall=1791545041749 wireMs=56
[04:24:01] [Server thread/INFO] [STDOUT]: [com.layue13.clashweave.experiment.s3b.Experiment:log:22]: CW3 CONSUME id=0 stamp=383 consumeTick=386 recvObserved=385 age=3 queueMs=0 sendWall=1791545041749 recvWall=1791545041805 consumeWall=1791545041805 accepted=true
[04:24:01] [Server thread/INFO] [STDOUT]: [com.layue13.clashweave.experiment.s3b.Experiment:log:22]: CW3 PLAN id=1 lead=2 defer=0 anchorTick=390 hit=402 stamp=400 anchorWall=1791545041990 legacy=true
[04:24:02] [Netty IO #1/INFO] [STDOUT]: [com.layue13.clashweave.experiment.s3b.Experiment:log:22]: CW3 WIRE side=SERVER kind=2 id=1 wall=1791545042549 thread=Netty IO #1 observed=400
[04:24:02] [Server thread/INFO] [STDOUT]: [com.layue13.clashweave.experiment.s3b.Experiment:log:22]: CW3 RECEIVE id=1 kind=2 stamp=400 tickObserved=400 recvWall=1791545042551 sendWall=1791545042549 wireMs=2
[04:24:02] [Server thread/INFO] [STDOUT]: [com.layue13.clashweave.experiment.s3b.Experiment:log:22]: CW3 CONSUME id=1 stamp=400 consumeTick=401 recvObserved=400 age=1 queueMs=0 sendWall=1791545042549 recvWall=1791545042551 consumeWall=1791545042551 accepted=true
[04:24:02] [Server thread/INFO] [STDOUT]: [com.layue13.clashweave.experiment.s3b.Experiment:log:22]: CW3 FREEZE id=1 tick=402 target=14 attacker=15 distance=1.0
[04:24:02] [Server thread/INFO] [STDOUT]: [com.layue13.clashweave.experiment.s3b.Experiment:log:22]: CW3 RESULT id=1 lead=2 defer=0 hit=402 commit=402 commitWall=1791545042600 press=400 received=401 window=true inside=true parry=true vanillaAccepted=false loss=0.0 targetHealth=1000.0
[04:24:02] [Server thread/INFO] [STDOUT]: [com.layue13.clashweave.experiment.s3b.Experiment:log:22]: CW3 PLAN id=2 lead=2 defer=0 anchorTick=407 hit=419 stamp=417 anchorWall=1791545042850 legacy=true
[04:24:03] [Server thread/INFO] [STDOUT]: [com.layue13.clashweave.experiment.s3b.Experiment:log:22]: CW3 FREEZE id=2 tick=419 target=14 attacker=15 distance=1.0
[04:24:03] [Server thread/INFO] [STDOUT]: [com.layue13.clashweave.experiment.s3b.Experiment:log:22]: CW3 RESULT id=2 lead=2 defer=0 hit=419 commit=419 commitWall=1791545043449 press=-9999 received=9223372036854775807 window=false inside=false parry=false vanillaAccepted=true loss=1.0 targetHealth=999.0
[04:24:03] [Netty IO #1/INFO] [STDOUT]: [com.layue13.clashweave.experiment.s3b.Experiment:log:22]: CW3 WIRE side=SERVER kind=2 id=2 wall=1791545043466 thread=Netty IO #1 observed=419
[04:24:03] [Server thread/INFO] [STDOUT]: [com.layue13.clashweave.experiment.s3b.Experiment:log:22]: CW3 RECEIVE id=2 kind=2 stamp=417 tickObserved=419 recvWall=1791545043495 sendWall=1791545043466 wireMs=29
[04:24:03] [Server thread/INFO] [STDOUT]: [com.layue13.clashweave.experiment.s3b.Experiment:log:22]: CW3 CONSUME id=2 stamp=417 consumeTick=420 recvObserved=419 age=3 queueMs=2 sendWall=1791545043466 recvWall=1791545043495 consumeWall=1791545043497 accepted=true
[04:24:03] [Server thread/INFO] [STDOUT]: [com.layue13.clashweave.experiment.s3b.Experiment:log:22]: CW3 PLAN id=3 lead=2 defer=0 anchorTick=424 hit=436 stamp=434 anchorWall=1791545043700 legacy=true
[04:24:04] [Netty IO #1/INFO] [STDOUT]: [com.layue13.clashweave.experiment.s3b.Experiment:log:22]: CW3 WIRE side=SERVER kind=2 id=3 wall=1791545044266 thread=Netty IO #1 observed=435
[04:24:04] [Server thread/INFO] [STDOUT]: [com.layue13.clashweave.experiment.s3b.Experiment:log:22]: CW3 RECEIVE id=3 kind=2 stamp=434 tickObserved=435 recvWall=1791545044299 sendWall=1791545044266 wireMs=33
[04:24:04] [Server thread/INFO] [STDOUT]: [com.layue13.clashweave.experiment.s3b.Experiment:log:22]: CW3 CONSUME id=3 stamp=434 consumeTick=436 recvObserved=435 age=2 queueMs=0 sendWall=1791545044266 recvWall=1791545044299 consumeWall=1791545044299 accepted=true
[04:24:04] [Server thread/INFO] [STDOUT]: [com.layue13.clashweave.experiment.s3b.Experiment:log:22]: CW3 FREEZE id=3 tick=436 target=14 attacker=15 distance=1.0
[04:24:04] [Server thread/INFO] [STDOUT]: [com.layue13.clashweave.experiment.s3b.Experiment:log:22]: CW3 RESULT id=3 lead=2 defer=0 hit=436 commit=436 commitWall=1791545044299 press=434 received=436 window=true inside=true parry=true vanillaAccepted=false loss=0.0 targetHealth=1000.0
[04:24:04] [Server thread/INFO] [STDOUT]: [com.layue13.clashweave.experiment.s3b.Experiment:log:22]: CW3 PLAN id=4 lead=2 defer=0 anchorTick=441 hit=453 stamp=451 anchorWall=1791545044550 legacy=true
[04:24:05] [Netty IO #1/INFO] [STDOUT]: [com.layue13.clashweave.experiment.s3b.Experiment:log:22]: CW3 WIRE side=SERVER kind=2 id=4 wall=1791545045117 thread=Netty IO #1 observed=452
[04:24:05] [Server thread/INFO] [STDOUT]: [com.layue13.clashweave.experiment.s3b.Experiment:log:22]: CW3 RECEIVE id=4 kind=2 stamp=451 tickObserved=452 recvWall=1791545045147 sendWall=1791545045117 wireMs=30
[04:24:05] [Server thread/INFO] [STDOUT]: [com.layue13.clashweave.experiment.s3b.Experiment:log:22]: CW3 CONSUME id=4 stamp=451 consumeTick=453 recvObserved=452 age=2 queueMs=0 sendWall=1791545045117 recvWall=1791545045147 consumeWall=1791545045147 accepted=true
[04:24:05] [Server thread/INFO] [STDOUT]: [com.layue13.clashweave.experiment.s3b.Experiment:log:22]: CW3 FREEZE id=4 tick=453 target=14 attacker=15 distance=1.0
[04:24:05] [Server thread/INFO] [STDOUT]: [com.layue13.clashweave.experiment.s3b.Experiment:log:22]: CW3 RESULT id=4 lead=2 defer=0 hit=453 commit=453 commitWall=1791545045147 press=451 received=453 window=true inside=true parry=true vanillaAccepted=false loss=0.0 targetHealth=1000.0
[04:24:05] [Server thread/INFO] [STDOUT]: [com.layue13.clashweave.experiment.s3b.Experiment:log:22]: CW3 PLAN id=5 lead=2 defer=0 anchorTick=458 hit=470 stamp=468 anchorWall=1791545045399 legacy=true
[04:24:05] [Netty IO #1/INFO] [STDOUT]: [com.layue13.clashweave.experiment.s3b.Experiment:log:22]: CW3 WIRE side=SERVER kind=2 id=5 wall=1791545045966 thread=Netty IO #1 observed=469
[04:24:05] [Server thread/INFO] [STDOUT]: [com.layue13.clashweave.experiment.s3b.Experiment:log:22]: CW3 RECEIVE id=5 kind=2 stamp=468 tickObserved=469 recvWall=1791545045998 sendWall=1791545045966 wireMs=32
[04:24:05] [Server thread/INFO] [STDOUT]: [com.layue13.clashweave.experiment.s3b.Experiment:log:22]: CW3 CONSUME id=5 stamp=468 consumeTick=470 recvObserved=469 age=2 queueMs=0 sendWall=1791545045966 recvWall=1791545045998 consumeWall=1791545045998 accepted=true
[04:24:05] [Server thread/INFO] [STDOUT]: [com.layue13.clashweave.experiment.s3b.Experiment:log:22]: CW3 FREEZE id=5 tick=470 target=14 attacker=15 distance=1.0
[04:24:05] [Server thread/INFO] [STDOUT]: [com.layue13.clashweave.experiment.s3b.Experiment:log:22]: CW3 RESULT id=5 lead=2 defer=0 hit=470 commit=470 commitWall=1791545045998 press=468 received=470 window=true inside=true parry=true vanillaAccepted=false loss=0.0 targetHealth=1000.0
[04:24:06] [Server thread/INFO] [STDOUT]: [com.layue13.clashweave.experiment.s3b.Experiment:log:22]: CW3 PLAN id=6 lead=2 defer=0 anchorTick=475 hit=487 stamp=485 anchorWall=1791545046248 legacy=true
[04:24:06] [Netty IO #1/INFO] [STDOUT]: [com.layue13.clashweave.experiment.s3b.Experiment:log:22]: CW3 WIRE side=SERVER kind=2 id=6 wall=1791545046816 thread=Netty IO #1 observed=486
[04:24:06] [Server thread/INFO] [STDOUT]: [com.layue13.clashweave.experiment.s3b.Experiment:log:22]: CW3 RECEIVE id=6 kind=2 stamp=485 tickObserved=486 recvWall=1791545046845 sendWall=1791545046816 wireMs=29
[04:24:06] [Server thread/INFO] [STDOUT]: [com.layue13.clashweave.experiment.s3b.Experiment:log:22]: CW3 CONSUME id=6 stamp=485 consumeTick=487 recvObserved=486 age=2 queueMs=0 sendWall=1791545046816 recvWall=1791545046845 consumeWall=1791545046845 accepted=true
[04:24:06] [Server thread/INFO] [STDOUT]: [com.layue13.clashweave.experiment.s3b.Experiment:log:22]: CW3 FREEZE id=6 tick=487 target=14 attacker=15 distance=1.0
[04:24:06] [Server thread/INFO] [STDOUT]: [com.layue13.clashweave.experiment.s3b.Experiment:log:22]: CW3 RESULT id=6 lead=2 defer=0 hit=487 commit=487 commitWall=1791545046846 press=485 received=487 window=true inside=true parry=true vanillaAccepted=false loss=0.0 targetHealth=1000.0
[04:24:07] [Server thread/INFO] [STDOUT]: [com.layue13.clashweave.experiment.s3b.Experiment:log:22]: CW3 PLAN id=7 lead=2 defer=0 anchorTick=492 hit=504 stamp=502 anchorWall=1791545047099 legacy=true
[04:24:07] [Netty IO #1/INFO] [STDOUT]: [com.layue13.clashweave.experiment.s3b.Experiment:log:22]: CW3 WIRE side=SERVER kind=2 id=7 wall=1791545047683 thread=Netty IO #1 observed=503
[04:24:07] [Server thread/INFO] [STDOUT]: [com.layue13.clashweave.experiment.s3b.Experiment:log:22]: CW3 RECEIVE id=7 kind=2 stamp=502 tickObserved=503 recvWall=1791545047694 sendWall=1791545047683 wireMs=11
[04:24:07] [Server thread/INFO] [STDOUT]: [com.layue13.clashweave.experiment.s3b.Experiment:log:22]: CW3 CONSUME id=7 stamp=502 consumeTick=504 recvObserved=503 age=2 queueMs=0 sendWall=1791545047683 recvWall=1791545047694 consumeWall=1791545047694 accepted=true
[04:24:07] [Server thread/INFO] [STDOUT]: [com.layue13.clashweave.experiment.s3b.Experiment:log:22]: CW3 FREEZE id=7 tick=504 target=14 attacker=15 distance=1.0
[04:24:07] [Server thread/INFO] [STDOUT]: [com.layue13.clashweave.experiment.s3b.Experiment:log:22]: CW3 RESULT id=7 lead=2 defer=0 hit=504 commit=504 commitWall=1791545047694 press=502 received=504 window=true inside=true parry=true vanillaAccepted=false loss=0.0 targetHealth=1000.0
[04:24:07] [Server thread/INFO] [STDOUT]: [com.layue13.clashweave.experiment.s3b.Experiment:log:22]: CW3 PLAN id=8 lead=2 defer=0 anchorTick=509 hit=521 stamp=519 anchorWall=1791545047945 legacy=true
[04:24:08] [Netty IO #1/INFO] [STDOUT]: [com.layue13.clashweave.experiment.s3b.Experiment:log:22]: CW3 WIRE side=SERVER kind=2 id=8 wall=1791545048533 thread=Netty IO #1 observed=520
[04:24:08] [Server thread/INFO] [STDOUT]: [com.layue13.clashweave.experiment.s3b.Experiment:log:22]: CW3 RECEIVE id=8 kind=2 stamp=519 tickObserved=520 recvWall=1791545048552 sendWall=1791545048533 wireMs=19
[04:24:08] [Server thread/INFO] [STDOUT]: [com.layue13.clashweave.experiment.s3b.Experiment:log:22]: CW3 CONSUME id=8 stamp=519 consumeTick=521 recvObserved=520 age=2 queueMs=0 sendWall=1791545048533 recvWall=1791545048552 consumeWall=1791545048552 accepted=true
[04:24:08] [Server thread/INFO] [STDOUT]: [com.layue13.clashweave.experiment.s3b.Experiment:log:22]: CW3 FREEZE id=8 tick=521 target=14 attacker=15 distance=1.0
[04:24:08] [Server thread/INFO] [STDOUT]: [com.layue13.clashweave.experiment.s3b.Experiment:log:22]: CW3 RESULT id=8 lead=2 defer=0 hit=521 commit=521 commitWall=1791545048552 press=519 received=521 window=true inside=true parry=true vanillaAccepted=false loss=0.0 targetHealth=1000.0
[04:24:08] [Server thread/INFO] [STDOUT]: [com.layue13.clashweave.experiment.s3b.Experiment:log:22]: CW3 PLAN id=9 lead=2 defer=0 anchorTick=526 hit=538 stamp=536 anchorWall=1791545048801 legacy=true
[04:24:09] [Netty IO #1/INFO] [STDOUT]: [com.layue13.clashweave.experiment.s3b.Experiment:log:22]: CW3 WIRE side=SERVER kind=2 id=9 wall=1791545049383 thread=Netty IO #1 observed=537
[04:24:09] [Server thread/INFO] [STDOUT]: [com.layue13.clashweave.experiment.s3b.Experiment:log:22]: CW3 RECEIVE id=9 kind=2 stamp=536 tickObserved=537 recvWall=1791545049396 sendWall=1791545049383 wireMs=13
[04:24:09] [Server thread/INFO] [STDOUT]: [com.layue13.clashweave.experiment.s3b.Experiment:log:22]: CW3 CONSUME id=9 stamp=536 consumeTick=538 recvObserved=537 age=2 queueMs=0 sendWall=1791545049383 recvWall=1791545049396 consumeWall=1791545049396 accepted=true
[04:24:09] [Server thread/INFO] [STDOUT]: [com.layue13.clashweave.experiment.s3b.Experiment:log:22]: CW3 FREEZE id=9 tick=538 target=14 attacker=15 distance=1.0
[04:24:09] [Server thread/INFO] [STDOUT]: [com.layue13.clashweave.experiment.s3b.Experiment:log:22]: CW3 RESULT id=9 lead=2 defer=0 hit=538 commit=538 commitWall=1791545049396 press=536 received=538 window=true inside=true parry=true vanillaAccepted=false loss=0.0 targetHealth=1000.0
[04:24:09] [Server thread/INFO] [STDOUT]: [com.layue13.clashweave.experiment.s3b.Experiment:log:22]: CW3 PLAN id=10 lead=2 defer=0 anchorTick=543 hit=555 stamp=553 anchorWall=1791545049648 legacy=true
[04:24:10] [Netty IO #1/INFO] [STDOUT]: [com.layue13.clashweave.experiment.s3b.Experiment:log:22]: CW3 WIRE side=SERVER kind=2 id=10 wall=1791545050233 thread=Netty IO #1 observed=554
[04:24:10] [Server thread/INFO] [STDOUT]: [com.layue13.clashweave.experiment.s3b.Experiment:log:22]: CW3 RECEIVE id=10 kind=2 stamp=553 tickObserved=554 recvWall=1791545050243 sendWall=1791545050233 wireMs=10
[04:24:10] [Server thread/INFO] [STDOUT]: [com.layue13.clashweave.experiment.s3b.Experiment:log:22]: CW3 CONSUME id=10 stamp=553 consumeTick=555 recvObserved=554 age=2 queueMs=0 sendWall=1791545050233 recvWall=1791545050243 consumeWall=1791545050243 accepted=true
[04:24:10] [Server thread/INFO] [STDOUT]: [com.layue13.clashweave.experiment.s3b.Experiment:log:22]: CW3 FREEZE id=10 tick=555 target=14 attacker=15 distance=1.0
[04:24:10] [Server thread/INFO] [STDOUT]: [com.layue13.clashweave.experiment.s3b.Experiment:log:22]: CW3 RESULT id=10 lead=2 defer=0 hit=555 commit=555 commitWall=1791545050243 press=553 received=555 window=true inside=true parry=true vanillaAccepted=false loss=0.0 targetHealth=1000.0
[04:24:10] [Server thread/INFO] [STDOUT]: [com.layue13.clashweave.experiment.s3b.Experiment:log:22]: CW3 PLAN id=11 lead=2 defer=0 anchorTick=560 hit=572 stamp=570 anchorWall=1791545050495 legacy=true
[04:24:11] [Netty IO #1/INFO] [STDOUT]: [com.layue13.clashweave.experiment.s3b.Experiment:log:22]: CW3 WIRE side=SERVER kind=2 id=11 wall=1791545051083 thread=Netty IO #1 observed=571
[04:24:11] [Server thread/INFO] [STDOUT]: [com.layue13.clashweave.experiment.s3b.Experiment:log:22]: CW3 RECEIVE id=11 kind=2 stamp=570 tickObserved=571 recvWall=1791545051095 sendWall=1791545051083 wireMs=12
[04:24:11] [Server thread/INFO] [STDOUT]: [com.layue13.clashweave.experiment.s3b.Experiment:log:22]: CW3 CONSUME id=11 stamp=570 consumeTick=572 recvObserved=571 age=2 queueMs=0 sendWall=1791545051083 recvWall=1791545051095 consumeWall=1791545051095 accepted=true
[04:24:11] [Server thread/INFO] [STDOUT]: [com.layue13.clashweave.experiment.s3b.Experiment:log:22]: CW3 FREEZE id=11 tick=572 target=14 attacker=15 distance=1.0
[04:24:11] [Server thread/INFO] [STDOUT]: [com.layue13.clashweave.experiment.s3b.Experiment:log:22]: CW3 RESULT id=11 lead=2 defer=0 hit=572 commit=572 commitWall=1791545051095 press=570 received=572 window=true inside=true parry=true vanillaAccepted=false loss=0.0 targetHealth=1000.0
[04:24:11] [Server thread/INFO] [STDOUT]: [com.layue13.clashweave.experiment.s3b.Experiment:log:22]: CW3 PLAN id=12 lead=2 defer=0 anchorTick=577 hit=589 stamp=587 anchorWall=1791545051347 legacy=true
[04:24:11] [Netty IO #1/INFO] [STDOUT]: [com.layue13.clashweave.experiment.s3b.Experiment:log:22]: CW3 WIRE side=SERVER kind=2 id=12 wall=1791545051933 thread=Netty IO #1 observed=588
[04:24:11] [Server thread/INFO] [STDOUT]: [com.layue13.clashweave.experiment.s3b.Experiment:log:22]: CW3 RECEIVE id=12 kind=2 stamp=587 tickObserved=588 recvWall=1791545051945 sendWall=1791545051933 wireMs=12
[04:24:11] [Server thread/INFO] [STDOUT]: [com.layue13.clashweave.experiment.s3b.Experiment:log:22]: CW3 CONSUME id=12 stamp=587 consumeTick=589 recvObserved=588 age=2 queueMs=0 sendWall=1791545051933 recvWall=1791545051945 consumeWall=1791545051945 accepted=true
[04:24:11] [Server thread/INFO] [STDOUT]: [com.layue13.clashweave.experiment.s3b.Experiment:log:22]: CW3 FREEZE id=12 tick=589 target=14 attacker=15 distance=1.0
[04:24:11] [Server thread/INFO] [STDOUT]: [com.layue13.clashweave.experiment.s3b.Experiment:log:22]: CW3 RESULT id=12 lead=2 defer=0 hit=589 commit=589 commitWall=1791545051946 press=587 received=589 window=true inside=true parry=true vanillaAccepted=false loss=0.0 targetHealth=1000.0
[04:24:12] [Server thread/INFO] [STDOUT]: [com.layue13.clashweave.experiment.s3b.Experiment:log:22]: CW3 PLAN id=13 lead=2 defer=0 anchorTick=594 hit=606 stamp=604 anchorWall=1791545052196 legacy=true
[04:24:12] [Netty IO #1/INFO] [STDOUT]: [com.layue13.clashweave.experiment.s3b.Experiment:log:22]: CW3 WIRE side=SERVER kind=2 id=13 wall=1791545052782 thread=Netty IO #1 observed=605
[04:24:12] [Server thread/INFO] [STDOUT]: [com.layue13.clashweave.experiment.s3b.Experiment:log:22]: CW3 RECEIVE id=13 kind=2 stamp=604 tickObserved=605 recvWall=1791545052795 sendWall=1791545052782 wireMs=13
[04:24:12] [Server thread/INFO] [STDOUT]: [com.layue13.clashweave.experiment.s3b.Experiment:log:22]: CW3 CONSUME id=13 stamp=604 consumeTick=606 recvObserved=605 age=2 queueMs=16 sendWall=1791545052782 recvWall=1791545052795 consumeWall=1791545052811 accepted=true
[04:24:12] [Server thread/INFO] [STDOUT]: [com.layue13.clashweave.experiment.s3b.Experiment:log:22]: CW3 FREEZE id=13 tick=606 target=14 attacker=15 distance=1.0
[04:24:12] [Server thread/INFO] [STDOUT]: [com.layue13.clashweave.experiment.s3b.Experiment:log:22]: CW3 RESULT id=13 lead=2 defer=0 hit=606 commit=606 commitWall=1791545052811 press=604 received=606 window=true inside=true parry=true vanillaAccepted=false loss=0.0 targetHealth=1000.0
[04:24:13] [Server thread/INFO] [STDOUT]: [com.layue13.clashweave.experiment.s3b.Experiment:log:22]: CW3 PLAN id=14 lead=2 defer=0 anchorTick=611 hit=623 stamp=621 anchorWall=1791545053046 legacy=true
[04:24:13] [Netty IO #1/INFO] [STDOUT]: [com.layue13.clashweave.experiment.s3b.Experiment:log:22]: CW3 WIRE side=SERVER kind=2 id=14 wall=1791545053634 thread=Netty IO #1 observed=622
[04:24:13] [Server thread/INFO] [STDOUT]: [com.layue13.clashweave.experiment.s3b.Experiment:log:22]: CW3 RECEIVE id=14 kind=2 stamp=621 tickObserved=622 recvWall=1791545053641 sendWall=1791545053633 wireMs=8
[04:24:13] [Server thread/INFO] [STDOUT]: [com.layue13.clashweave.experiment.s3b.Experiment:log:22]: CW3 CONSUME id=14 stamp=621 consumeTick=623 recvObserved=622 age=2 queueMs=0 sendWall=1791545053633 recvWall=1791545053641 consumeWall=1791545053641 accepted=true
[04:24:13] [Server thread/INFO] [STDOUT]: [com.layue13.clashweave.experiment.s3b.Experiment:log:22]: CW3 FREEZE id=14 tick=623 target=14 attacker=15 distance=1.0
[04:24:13] [Server thread/INFO] [STDOUT]: [com.layue13.clashweave.experiment.s3b.Experiment:log:22]: CW3 RESULT id=14 lead=2 defer=0 hit=623 commit=623 commitWall=1791545053642 press=621 received=623 window=true inside=true parry=true vanillaAccepted=false loss=0.0 targetHealth=1000.0
[04:24:13] [Server thread/INFO] [STDOUT]: [com.layue13.clashweave.experiment.s3b.Experiment:log:22]: CW3 PLAN id=15 lead=2 defer=0 anchorTick=628 hit=640 stamp=638 anchorWall=1791545053894 legacy=true
[04:24:14] [Netty IO #1/INFO] [STDOUT]: [com.layue13.clashweave.experiment.s3b.Experiment:log:22]: CW3 WIRE side=SERVER kind=2 id=15 wall=1791545054483 thread=Netty IO #1 observed=639
[04:24:14] [Server thread/INFO] [STDOUT]: [com.layue13.clashweave.experiment.s3b.Experiment:log:22]: CW3 RECEIVE id=15 kind=2 stamp=638 tickObserved=639 recvWall=1791545054493 sendWall=1791545054483 wireMs=10
[04:24:14] [Server thread/INFO] [STDOUT]: [com.layue13.clashweave.experiment.s3b.Experiment:log:22]: CW3 CONSUME id=15 stamp=638 consumeTick=640 recvObserved=639 age=2 queueMs=0 sendWall=1791545054483 recvWall=1791545054493 consumeWall=1791545054493 accepted=true
[04:24:14] [Server thread/INFO] [STDOUT]: [com.layue13.clashweave.experiment.s3b.Experiment:log:22]: CW3 FREEZE id=15 tick=640 target=14 attacker=15 distance=1.0
[04:24:14] [Server thread/INFO] [STDOUT]: [com.layue13.clashweave.experiment.s3b.Experiment:log:22]: CW3 RESULT id=15 lead=2 defer=0 hit=640 commit=640 commitWall=1791545054494 press=638 received=640 window=true inside=true parry=true vanillaAccepted=false loss=0.0 targetHealth=1000.0
[04:24:14] [Server thread/INFO] [STDOUT]: [com.layue13.clashweave.experiment.s3b.Experiment:log:22]: CW3 PLAN id=16 lead=2 defer=0 anchorTick=645 hit=657 stamp=655 anchorWall=1791545054744 legacy=true
[04:24:15] [Netty IO #1/INFO] [STDOUT]: [com.layue13.clashweave.experiment.s3b.Experiment:log:22]: CW3 WIRE side=SERVER kind=2 id=16 wall=1791545055333 thread=Netty IO #1 observed=656
[04:24:15] [Server thread/INFO] [STDOUT]: [com.layue13.clashweave.experiment.s3b.Experiment:log:22]: CW3 RECEIVE id=16 kind=2 stamp=655 tickObserved=656 recvWall=1791545055344 sendWall=1791545055333 wireMs=11
[04:24:15] [Server thread/INFO] [STDOUT]: [com.layue13.clashweave.experiment.s3b.Experiment:log:22]: CW3 CONSUME id=16 stamp=655 consumeTick=657 recvObserved=656 age=2 queueMs=0 sendWall=1791545055333 recvWall=1791545055344 consumeWall=1791545055344 accepted=true
[04:24:15] [Server thread/INFO] [STDOUT]: [com.layue13.clashweave.experiment.s3b.Experiment:log:22]: CW3 FREEZE id=16 tick=657 target=14 attacker=15 distance=1.0
[04:24:15] [Server thread/INFO] [STDOUT]: [com.layue13.clashweave.experiment.s3b.Experiment:log:22]: CW3 RESULT id=16 lead=2 defer=0 hit=657 commit=657 commitWall=1791545055344 press=655 received=657 window=true inside=true parry=true vanillaAccepted=false loss=0.0 targetHealth=1000.0
[04:24:15] [Server thread/INFO] [STDOUT]: [com.layue13.clashweave.experiment.s3b.Experiment:log:22]: CW3 PLAN id=17 lead=2 defer=0 anchorTick=662 hit=674 stamp=672 anchorWall=1791545055596 legacy=true
[04:24:16] [Netty IO #1/INFO] [STDOUT]: [com.layue13.clashweave.experiment.s3b.Experiment:log:22]: CW3 WIRE side=SERVER kind=2 id=17 wall=1791545056183 thread=Netty IO #1 observed=673
[04:24:16] [Server thread/INFO] [STDOUT]: [com.layue13.clashweave.experiment.s3b.Experiment:log:22]: CW3 RECEIVE id=17 kind=2 stamp=672 tickObserved=673 recvWall=1791545056190 sendWall=1791545056183 wireMs=7
[04:24:16] [Server thread/INFO] [STDOUT]: [com.layue13.clashweave.experiment.s3b.Experiment:log:22]: CW3 CONSUME id=17 stamp=672 consumeTick=674 recvObserved=673 age=2 queueMs=0 sendWall=1791545056183 recvWall=1791545056190 consumeWall=1791545056190 accepted=true
[04:24:16] [Server thread/INFO] [STDOUT]: [com.layue13.clashweave.experiment.s3b.Experiment:log:22]: CW3 FREEZE id=17 tick=674 target=14 attacker=15 distance=1.0
[04:24:16] [Server thread/INFO] [STDOUT]: [com.layue13.clashweave.experiment.s3b.Experiment:log:22]: CW3 RESULT id=17 lead=2 defer=0 hit=674 commit=674 commitWall=1791545056190 press=672 received=674 window=true inside=true parry=true vanillaAccepted=false loss=0.0 targetHealth=1000.0
[04:24:16] [Server thread/INFO] [STDOUT]: [com.layue13.clashweave.experiment.s3b.Experiment:log:22]: CW3 PLAN id=18 lead=2 defer=0 anchorTick=679 hit=691 stamp=689 anchorWall=1791545056443 legacy=true
[04:24:17] [Netty IO #1/INFO] [STDOUT]: [com.layue13.clashweave.experiment.s3b.Experiment:log:22]: CW3 WIRE side=SERVER kind=2 id=18 wall=1791545057032 thread=Netty IO #1 observed=690
[04:24:17] [Server thread/INFO] [STDOUT]: [com.layue13.clashweave.experiment.s3b.Experiment:log:22]: CW3 RECEIVE id=18 kind=2 stamp=689 tickObserved=690 recvWall=1791545057040 sendWall=1791545057032 wireMs=8
[04:24:17] [Server thread/INFO] [STDOUT]: [com.layue13.clashweave.experiment.s3b.Experiment:log:22]: CW3 CONSUME id=18 stamp=689 consumeTick=691 recvObserved=690 age=2 queueMs=0 sendWall=1791545057032 recvWall=1791545057040 consumeWall=1791545057040 accepted=true
[04:24:17] [Server thread/INFO] [STDOUT]: [com.layue13.clashweave.experiment.s3b.Experiment:log:22]: CW3 FREEZE id=18 tick=691 target=14 attacker=15 distance=1.0
[04:24:17] [Server thread/INFO] [STDOUT]: [com.layue13.clashweave.experiment.s3b.Experiment:log:22]: CW3 RESULT id=18 lead=2 defer=0 hit=691 commit=691 commitWall=1791545057040 press=689 received=691 window=true inside=true parry=true vanillaAccepted=false loss=0.0 targetHealth=1000.0
[04:24:17] [Server thread/INFO] [STDOUT]: [com.layue13.clashweave.experiment.s3b.Experiment:log:22]: CW3 PLAN id=19 lead=2 defer=0 anchorTick=696 hit=708 stamp=706 anchorWall=1791545057290 legacy=true
[04:24:17] [Netty IO #1/INFO] [STDOUT]: [com.layue13.clashweave.experiment.s3b.Experiment:log:22]: CW3 WIRE side=SERVER kind=2 id=19 wall=1791545057883 thread=Netty IO #1 observed=707
[04:24:17] [Server thread/INFO] [STDOUT]: [com.layue13.clashweave.experiment.s3b.Experiment:log:22]: CW3 RECEIVE id=19 kind=2 stamp=706 tickObserved=707 recvWall=1791545057900 sendWall=1791545057883 wireMs=17
[04:24:17] [Server thread/INFO] [STDOUT]: [com.layue13.clashweave.experiment.s3b.Experiment:log:22]: CW3 CONSUME id=19 stamp=706 consumeTick=708 recvObserved=707 age=2 queueMs=0 sendWall=1791545057883 recvWall=1791545057900 consumeWall=1791545057900 accepted=true
[04:24:17] [Server thread/INFO] [STDOUT]: [com.layue13.clashweave.experiment.s3b.Experiment:log:22]: CW3 FREEZE id=19 tick=708 target=14 attacker=15 distance=1.0
[04:24:17] [Server thread/INFO] [STDOUT]: [com.layue13.clashweave.experiment.s3b.Experiment:log:22]: CW3 RESULT id=19 lead=2 defer=0 hit=708 commit=708 commitWall=1791545057900 press=706 received=708 window=true inside=true parry=true vanillaAccepted=false loss=0.0 targetHealth=1000.0
[04:24:18] [Server thread/INFO] [STDOUT]: [com.layue13.clashweave.experiment.s3b.Experiment:log:22]: CW3 PLAN id=20 lead=0 defer=2 anchorTick=713 hit=725 stamp=725 anchorWall=1791545058138 legacy=false
[04:24:18] [Server thread/INFO] [STDOUT]: [com.layue13.clashweave.experiment.s3b.Experiment:log:22]: CW3 FREEZE id=20 tick=725 target=14 attacker=15 distance=1.0
[04:24:18] [Netty IO #1/INFO] [STDOUT]: [com.layue13.clashweave.experiment.s3b.Experiment:log:22]: CW3 WIRE side=SERVER kind=2 id=20 wall=1791545058783 thread=Netty IO #1 observed=725
[04:24:18] [Server thread/INFO] [STDOUT]: [com.layue13.clashweave.experiment.s3b.Experiment:log:22]: CW3 RECEIVE id=20 kind=2 stamp=726 tickObserved=725 recvWall=1791545058798 sendWall=1791545058783 wireMs=15
[04:24:18] [Server thread/INFO] [STDOUT]: [com.layue13.clashweave.experiment.s3b.Experiment:log:22]: CW3 CONSUME id=20 stamp=726 consumeTick=726 recvObserved=725 age=0 queueMs=0 sendWall=1791545058783 recvWall=1791545058798 consumeWall=1791545058798 accepted=true
[04:24:18] [Server thread/INFO] [STDOUT]: [com.layue13.clashweave.experiment.s3b.Experiment:log:22]: CW3 RESULT id=20 lead=0 defer=2 hit=725 commit=727 commitWall=1791545058845 press=726 received=726 window=false inside=true parry=false vanillaAccepted=true loss=1.0 targetHealth=999.0
[04:24:19] [Server thread/INFO] [STDOUT]: [com.layue13.clashweave.experiment.s3b.Experiment:log:22]: CW3 PLAN id=21 lead=0 defer=2 anchorTick=732 hit=744 stamp=744 anchorWall=1791545059095 legacy=false
[04:24:19] [Server thread/INFO] [STDOUT]: [com.layue13.clashweave.experiment.s3b.Experiment:log:22]: CW3 FREEZE id=21 tick=744 target=14 attacker=15 distance=1.0
[04:24:19] [Netty IO #1/INFO] [STDOUT]: [com.layue13.clashweave.experiment.s3b.Experiment:log:22]: CW3 WIRE side=SERVER kind=2 id=21 wall=1791545059733 thread=Netty IO #1 observed=744
[04:24:19] [Server thread/INFO] [STDOUT]: [com.layue13.clashweave.experiment.s3b.Experiment:log:22]: CW3 RECEIVE id=21 kind=2 stamp=745 tickObserved=744 recvWall=1791545059741 sendWall=1791545059733 wireMs=8
[04:24:19] [Server thread/INFO] [STDOUT]: [com.layue13.clashweave.experiment.s3b.Experiment:log:22]: CW3 CONSUME id=21 stamp=745 consumeTick=745 recvObserved=744 age=0 queueMs=0 sendWall=1791545059733 recvWall=1791545059741 consumeWall=1791545059741 accepted=true
[04:24:19] [Server thread/INFO] [STDOUT]: [com.layue13.clashweave.experiment.s3b.Experiment:log:22]: CW3 RESULT id=21 lead=0 defer=2 hit=744 commit=746 commitWall=1791545059788 press=745 received=745 window=false inside=true parry=false vanillaAccepted=true loss=1.0 targetHealth=999.0
[04:24:20] [Server thread/INFO] [STDOUT]: [com.layue13.clashweave.experiment.s3b.Experiment:log:22]: CW3 PLAN id=22 lead=0 defer=2 anchorTick=751 hit=763 stamp=763 anchorWall=1791545060041 legacy=false
[04:24:20] [Server thread/INFO] [STDOUT]: [com.layue13.clashweave.experiment.s3b.Experiment:log:22]: CW3 FREEZE id=22 tick=763 target=14 attacker=15 distance=1.0
[04:24:20] [Netty IO #1/INFO] [STDOUT]: [com.layue13.clashweave.experiment.s3b.Experiment:log:22]: CW3 WIRE side=SERVER kind=2 id=22 wall=1791545060683 thread=Netty IO #1 observed=763
[04:24:20] [Server thread/INFO] [STDOUT]: [com.layue13.clashweave.experiment.s3b.Experiment:log:22]: CW3 RECEIVE id=22 kind=2 stamp=764 tickObserved=763 recvWall=1791545060689 sendWall=1791545060683 wireMs=6
[04:24:20] [Server thread/INFO] [STDOUT]: [com.layue13.clashweave.experiment.s3b.Experiment:log:22]: CW3 CONSUME id=22 stamp=764 consumeTick=764 recvObserved=763 age=0 queueMs=0 sendWall=1791545060683 recvWall=1791545060689 consumeWall=1791545060689 accepted=true
[04:24:20] [Server thread/INFO] [STDOUT]: [com.layue13.clashweave.experiment.s3b.Experiment:log:22]: CW3 RESULT id=22 lead=0 defer=2 hit=763 commit=765 commitWall=1791545060752 press=764 received=764 window=false inside=true parry=false vanillaAccepted=true loss=1.0 targetHealth=999.0
[04:24:20] [Server thread/INFO] [STDOUT]: [com.layue13.clashweave.experiment.s3b.Experiment:log:22]: CW3 PLAN id=23 lead=0 defer=2 anchorTick=770 hit=782 stamp=782 anchorWall=1791545060990 legacy=false
[04:24:21] [Server thread/INFO] [STDOUT]: [com.layue13.clashweave.experiment.s3b.Experiment:log:22]: CW3 FREEZE id=23 tick=782 target=14 attacker=15 distance=1.0
[04:24:21] [Netty IO #1/INFO] [STDOUT]: [com.layue13.clashweave.experiment.s3b.Experiment:log:22]: CW3 WIRE side=SERVER kind=2 id=23 wall=1791545061632 thread=Netty IO #1 observed=782
[04:24:21] [Server thread/INFO] [STDOUT]: [com.layue13.clashweave.experiment.s3b.Experiment:log:22]: CW3 RECEIVE id=23 kind=2 stamp=783 tickObserved=782 recvWall=1791545061665 sendWall=1791545061632 wireMs=33
[04:24:21] [Server thread/INFO] [STDOUT]: [com.layue13.clashweave.experiment.s3b.Experiment:log:22]: CW3 CONSUME id=23 stamp=783 consumeTick=783 recvObserved=782 age=0 queueMs=0 sendWall=1791545061632 recvWall=1791545061665 consumeWall=1791545061665 accepted=true
[04:24:21] [Server thread/INFO] [STDOUT]: [com.layue13.clashweave.experiment.s3b.Experiment:log:22]: CW3 RESULT id=23 lead=0 defer=2 hit=782 commit=784 commitWall=1791545061696 press=783 received=783 window=false inside=true parry=false vanillaAccepted=true loss=1.0 targetHealth=999.0
[04:24:21] [Server thread/INFO] [STDOUT]: [com.layue13.clashweave.experiment.s3b.Experiment:log:22]: CW3 PLAN id=24 lead=0 defer=2 anchorTick=789 hit=801 stamp=801 anchorWall=1791545061949 legacy=false
[04:24:22] [Server thread/INFO] [STDOUT]: [com.layue13.clashweave.experiment.s3b.Experiment:log:22]: CW3 FREEZE id=24 tick=801 target=14 attacker=15 distance=1.0
[04:24:22] [Netty IO #1/INFO] [STDOUT]: [com.layue13.clashweave.experiment.s3b.Experiment:log:22]: CW3 WIRE side=SERVER kind=2 id=24 wall=1791545062583 thread=Netty IO #1 observed=801
[04:24:22] [Server thread/INFO] [STDOUT]: [com.layue13.clashweave.experiment.s3b.Experiment:log:22]: CW3 RECEIVE id=24 kind=2 stamp=802 tickObserved=801 recvWall=1791545062596 sendWall=1791545062583 wireMs=13
[04:24:22] [Server thread/INFO] [STDOUT]: [com.layue13.clashweave.experiment.s3b.Experiment:log:22]: CW3 CONSUME id=24 stamp=802 consumeTick=802 recvObserved=801 age=0 queueMs=0 sendWall=1791545062583 recvWall=1791545062596 consumeWall=1791545062596 accepted=true
[04:24:22] [Server thread/INFO] [STDOUT]: [com.layue13.clashweave.experiment.s3b.Experiment:log:22]: CW3 RESULT id=24 lead=0 defer=2 hit=801 commit=803 commitWall=1791545062644 press=802 received=802 window=false inside=true parry=false vanillaAccepted=true loss=1.0 targetHealth=999.0
[04:24:22] [Server thread/INFO] [STDOUT]: [com.layue13.clashweave.experiment.s3b.Experiment:log:22]: CW3 PLAN id=25 lead=0 defer=2 anchorTick=808 hit=820 stamp=820 anchorWall=1791545062898 legacy=false
[04:24:23] [Server thread/INFO] [STDOUT]: [com.layue13.clashweave.experiment.s3b.Experiment:log:22]: CW3 FREEZE id=25 tick=820 target=14 attacker=15 distance=1.0
[04:24:23] [Netty IO #1/INFO] [STDOUT]: [com.layue13.clashweave.experiment.s3b.Experiment:log:22]: CW3 WIRE side=SERVER kind=2 id=25 wall=1791545063533 thread=Netty IO #1 observed=820
[04:24:23] [Server thread/INFO] [STDOUT]: [com.layue13.clashweave.experiment.s3b.Experiment:log:22]: CW3 RECEIVE id=25 kind=2 stamp=821 tickObserved=820 recvWall=1791545063545 sendWall=1791545063533 wireMs=12
[04:24:23] [Server thread/INFO] [STDOUT]: [com.layue13.clashweave.experiment.s3b.Experiment:log:22]: CW3 CONSUME id=25 stamp=821 consumeTick=821 recvObserved=820 age=0 queueMs=0 sendWall=1791545063533 recvWall=1791545063545 consumeWall=1791545063545 accepted=true
[04:24:23] [Server thread/INFO] [STDOUT]: [com.layue13.clashweave.experiment.s3b.Experiment:log:22]: CW3 RESULT id=25 lead=0 defer=2 hit=820 commit=822 commitWall=1791545063593 press=821 received=821 window=false inside=true parry=false vanillaAccepted=true loss=1.0 targetHealth=999.0
[04:24:23] [Server thread/INFO] [STDOUT]: [com.layue13.clashweave.experiment.s3b.Experiment:log:22]: CW3 PLAN id=26 lead=0 defer=2 anchorTick=827 hit=839 stamp=839 anchorWall=1791545063844 legacy=false
[04:24:24] [Server thread/INFO] [STDOUT]: [com.layue13.clashweave.experiment.s3b.Experiment:log:22]: CW3 FREEZE id=26 tick=839 target=14 attacker=15 distance=1.0
[04:24:24] [Netty IO #1/INFO] [STDOUT]: [com.layue13.clashweave.experiment.s3b.Experiment:log:22]: CW3 WIRE side=SERVER kind=2 id=26 wall=1791545064483 thread=Netty IO #1 observed=839
[04:24:24] [Server thread/INFO] [STDOUT]: [com.layue13.clashweave.experiment.s3b.Experiment:log:22]: CW3 RECEIVE id=26 kind=2 stamp=840 tickObserved=839 recvWall=1791545064490 sendWall=1791545064483 wireMs=7
[04:24:24] [Server thread/INFO] [STDOUT]: [com.layue13.clashweave.experiment.s3b.Experiment:log:22]: CW3 CONSUME id=26 stamp=840 consumeTick=840 recvObserved=839 age=0 queueMs=0 sendWall=1791545064483 recvWall=1791545064490 consumeWall=1791545064490 accepted=true
[04:24:24] [Server thread/INFO] [STDOUT]: [com.layue13.clashweave.experiment.s3b.Experiment:log:22]: CW3 RESULT id=26 lead=0 defer=2 hit=839 commit=841 commitWall=1791545064553 press=840 received=840 window=false inside=true parry=false vanillaAccepted=true loss=1.0 targetHealth=999.0
[04:24:24] [Server thread/INFO] [STDOUT]: [com.layue13.clashweave.experiment.s3b.Experiment:log:22]: CW3 PLAN id=27 lead=0 defer=2 anchorTick=846 hit=858 stamp=858 anchorWall=1791545064788 legacy=false
[04:24:25] [Server thread/INFO] [STDOUT]: [com.layue13.clashweave.experiment.s3b.Experiment:log:22]: CW3 FREEZE id=27 tick=858 target=14 attacker=15 distance=1.0
[04:24:25] [Netty IO #1/INFO] [STDOUT]: [com.layue13.clashweave.experiment.s3b.Experiment:log:22]: CW3 WIRE side=SERVER kind=2 id=27 wall=1791545065433 thread=Netty IO #1 observed=858
[04:24:25] [Server thread/INFO] [STDOUT]: [com.layue13.clashweave.experiment.s3b.Experiment:log:22]: CW3 RECEIVE id=27 kind=2 stamp=859 tickObserved=858 recvWall=1791545065448 sendWall=1791545065433 wireMs=15
[04:24:25] [Server thread/INFO] [STDOUT]: [com.layue13.clashweave.experiment.s3b.Experiment:log:22]: CW3 CONSUME id=27 stamp=859 consumeTick=859 recvObserved=858 age=0 queueMs=0 sendWall=1791545065433 recvWall=1791545065448 consumeWall=1791545065448 accepted=true
[04:24:25] [Server thread/INFO] [STDOUT]: [com.layue13.clashweave.experiment.s3b.Experiment:log:22]: CW3 RESULT id=27 lead=0 defer=2 hit=858 commit=860 commitWall=1791545065495 press=859 received=859 window=false inside=true parry=false vanillaAccepted=true loss=1.0 targetHealth=999.0
[04:24:25] [Server thread/INFO] [STDOUT]: [com.layue13.clashweave.experiment.s3b.Experiment:log:22]: CW3 PLAN id=28 lead=0 defer=2 anchorTick=865 hit=877 stamp=877 anchorWall=1791545065748 legacy=false
[04:24:26] [Server thread/INFO] [STDOUT]: [com.layue13.clashweave.experiment.s3b.Experiment:log:22]: CW3 FREEZE id=28 tick=877 target=14 attacker=15 distance=1.0
[04:24:26] [Netty IO #1/INFO] [STDOUT]: [com.layue13.clashweave.experiment.s3b.Experiment:log:22]: CW3 WIRE side=SERVER kind=2 id=28 wall=1791545066383 thread=Netty IO #1 observed=877
[04:24:26] [Server thread/INFO] [STDOUT]: [com.layue13.clashweave.experiment.s3b.Experiment:log:22]: CW3 RECEIVE id=28 kind=2 stamp=878 tickObserved=877 recvWall=1791545066393 sendWall=1791545066383 wireMs=10
[04:24:26] [Server thread/INFO] [STDOUT]: [com.layue13.clashweave.experiment.s3b.Experiment:log:22]: CW3 CONSUME id=28 stamp=878 consumeTick=878 recvObserved=877 age=0 queueMs=0 sendWall=1791545066383 recvWall=1791545066393 consumeWall=1791545066393 accepted=true
[04:24:26] [Server thread/INFO] [STDOUT]: [com.layue13.clashweave.experiment.s3b.Experiment:log:22]: CW3 RESULT id=28 lead=0 defer=2 hit=877 commit=879 commitWall=1791545066440 press=878 received=878 window=false inside=true parry=false vanillaAccepted=true loss=1.0 targetHealth=999.0
[04:24:26] [Server thread/INFO] [STDOUT]: [com.layue13.clashweave.experiment.s3b.Experiment:log:22]: CW3 PLAN id=29 lead=0 defer=2 anchorTick=884 hit=896 stamp=896 anchorWall=1791545066690 legacy=false
[04:24:27] [Server thread/INFO] [STDOUT]: [com.layue13.clashweave.experiment.s3b.Experiment:log:22]: CW3 FREEZE id=29 tick=896 target=14 attacker=15 distance=1.0
[04:24:27] [Netty IO #1/INFO] [STDOUT]: [com.layue13.clashweave.experiment.s3b.Experiment:log:22]: CW3 WIRE side=SERVER kind=2 id=29 wall=1791545067333 thread=Netty IO #1 observed=896
[04:24:27] [Server thread/INFO] [STDOUT]: [com.layue13.clashweave.experiment.s3b.Experiment:log:22]: CW3 RECEIVE id=29 kind=2 stamp=897 tickObserved=896 recvWall=1791545067350 sendWall=1791545067333 wireMs=17
[04:24:27] [Server thread/INFO] [STDOUT]: [com.layue13.clashweave.experiment.s3b.Experiment:log:22]: CW3 CONSUME id=29 stamp=897 consumeTick=897 recvObserved=896 age=0 queueMs=0 sendWall=1791545067333 recvWall=1791545067350 consumeWall=1791545067350 accepted=true
[04:24:27] [Server thread/INFO] [STDOUT]: [com.layue13.clashweave.experiment.s3b.Experiment:log:22]: CW3 RESULT id=29 lead=0 defer=2 hit=896 commit=898 commitWall=1791545067398 press=897 received=897 window=false inside=true parry=false vanillaAccepted=true loss=1.0 targetHealth=999.0
[04:24:27] [Server thread/INFO] [STDOUT]: [com.layue13.clashweave.experiment.s3b.Experiment:log:22]: CW3 PLAN id=30 lead=1 defer=2 anchorTick=903 hit=915 stamp=914 anchorWall=1791545067668 legacy=false
[04:24:28] [Netty IO #1/INFO] [STDOUT]: [com.layue13.clashweave.experiment.s3b.Experiment:log:22]: CW3 WIRE side=SERVER kind=2 id=30 wall=1791545068239 thread=Netty IO #1 observed=914
[04:24:28] [Server thread/INFO] [STDOUT]: [com.layue13.clashweave.experiment.s3b.Experiment:log:22]: CW3 RECEIVE id=30 kind=2 stamp=914 tickObserved=914 recvWall=1791545068244 sendWall=1791545068239 wireMs=5
[04:24:28] [Server thread/INFO] [STDOUT]: [com.layue13.clashweave.experiment.s3b.Experiment:log:22]: CW3 CONSUME id=30 stamp=914 consumeTick=915 recvObserved=914 age=1 queueMs=0 sendWall=1791545068239 recvWall=1791545068244 consumeWall=1791545068244 accepted=true
[04:24:28] [Server thread/INFO] [STDOUT]: [com.layue13.clashweave.experiment.s3b.Experiment:log:22]: CW3 FREEZE id=30 tick=915 target=14 attacker=15 distance=1.0
[04:24:28] [Server thread/INFO] [STDOUT]: [com.layue13.clashweave.experiment.s3b.Experiment:log:22]: CW3 RESULT id=30 lead=1 defer=2 hit=915 commit=917 commitWall=1791545068338 press=914 received=915 window=true inside=true parry=true vanillaAccepted=false loss=0.0 targetHealth=1000.0
[04:24:28] [Server thread/INFO] [STDOUT]: [com.layue13.clashweave.experiment.s3b.Experiment:log:22]: CW3 PLAN id=31 lead=1 defer=2 anchorTick=922 hit=934 stamp=933 anchorWall=1791545068591 legacy=false
[04:24:29] [Netty IO #1/INFO] [STDOUT]: [com.layue13.clashweave.experiment.s3b.Experiment:log:22]: CW3 WIRE side=SERVER kind=2 id=31 wall=1791545069189 thread=Netty IO #1 observed=933
[04:24:29] [Server thread/INFO] [STDOUT]: [com.layue13.clashweave.experiment.s3b.Experiment:log:22]: CW3 RECEIVE id=31 kind=2 stamp=934 tickObserved=933 recvWall=1791545069202 sendWall=1791545069189 wireMs=13
[04:24:29] [Server thread/INFO] [STDOUT]: [com.layue13.clashweave.experiment.s3b.Experiment:log:22]: CW3 CONSUME id=31 stamp=934 consumeTick=934 recvObserved=933 age=0 queueMs=0 sendWall=1791545069189 recvWall=1791545069202 consumeWall=1791545069202 accepted=true
[04:24:29] [Server thread/INFO] [STDOUT]: [com.layue13.clashweave.experiment.s3b.Experiment:log:22]: CW3 FREEZE id=31 tick=934 target=14 attacker=15 distance=1.0
[04:24:29] [Server thread/INFO] [STDOUT]: [com.layue13.clashweave.experiment.s3b.Experiment:log:22]: CW3 RESULT id=31 lead=1 defer=2 hit=934 commit=936 commitWall=1791545069296 press=934 received=934 window=true inside=true parry=true vanillaAccepted=false loss=0.0 targetHealth=1000.0
[04:24:29] [Server thread/INFO] [STDOUT]: [com.layue13.clashweave.experiment.s3b.Experiment:log:22]: CW3 PLAN id=32 lead=1 defer=2 anchorTick=941 hit=953 stamp=952 anchorWall=1791545069547 legacy=false
[04:24:30] [Netty IO #1/INFO] [STDOUT]: [com.layue13.clashweave.experiment.s3b.Experiment:log:22]: CW3 WIRE side=SERVER kind=2 id=32 wall=1791545070139 thread=Netty IO #1 observed=952
[04:24:30] [Server thread/INFO] [STDOUT]: [com.layue13.clashweave.experiment.s3b.Experiment:log:22]: CW3 RECEIVE id=32 kind=2 stamp=953 tickObserved=952 recvWall=1791545070143 sendWall=1791545070139 wireMs=4
[04:24:30] [Server thread/INFO] [STDOUT]: [com.layue13.clashweave.experiment.s3b.Experiment:log:22]: CW3 CONSUME id=32 stamp=953 consumeTick=953 recvObserved=952 age=0 queueMs=0 sendWall=1791545070139 recvWall=1791545070143 consumeWall=1791545070143 accepted=true
[04:24:30] [Server thread/INFO] [STDOUT]: [com.layue13.clashweave.experiment.s3b.Experiment:log:22]: CW3 FREEZE id=32 tick=953 target=14 attacker=15 distance=1.0
[04:24:30] [Server thread/INFO] [STDOUT]: [com.layue13.clashweave.experiment.s3b.Experiment:log:22]: CW3 RESULT id=32 lead=1 defer=2 hit=953 commit=955 commitWall=1791545070252 press=953 received=953 window=true inside=true parry=true vanillaAccepted=false loss=0.0 targetHealth=1000.0
[04:24:30] [Server thread/INFO] [STDOUT]: [com.layue13.clashweave.experiment.s3b.Experiment:log:22]: CW3 PLAN id=33 lead=1 defer=2 anchorTick=960 hit=972 stamp=971 anchorWall=1791545070490 legacy=false
[04:24:31] [Server thread/INFO] [STDOUT]: [com.layue13.clashweave.experiment.s3b.Experiment:log:22]: CW3 FREEZE id=33 tick=972 target=14 attacker=15 distance=1.0
[04:24:31] [Netty IO #1/INFO] [STDOUT]: [com.layue13.clashweave.experiment.s3b.Experiment:log:22]: CW3 WIRE side=SERVER kind=2 id=33 wall=1791545071089 thread=Netty IO #1 observed=972
[04:24:31] [Server thread/INFO] [STDOUT]: [com.layue13.clashweave.experiment.s3b.Experiment:log:22]: CW3 RECEIVE id=33 kind=2 stamp=972 tickObserved=972 recvWall=1791545071151 sendWall=1791545071089 wireMs=62
[04:24:31] [Server thread/INFO] [STDOUT]: [com.layue13.clashweave.experiment.s3b.Experiment:log:22]: CW3 CONSUME id=33 stamp=972 consumeTick=973 recvObserved=972 age=1 queueMs=0 sendWall=1791545071089 recvWall=1791545071151 consumeWall=1791545071151 accepted=true
[04:24:31] [Server thread/INFO] [STDOUT]: [com.layue13.clashweave.experiment.s3b.Experiment:log:22]: CW3 RESULT id=33 lead=1 defer=2 hit=972 commit=974 commitWall=1791545071199 press=972 received=973 window=true inside=true parry=true vanillaAccepted=false loss=0.0 targetHealth=1000.0
[04:24:31] [Server thread/INFO] [STDOUT]: [com.layue13.clashweave.experiment.s3b.Experiment:log:22]: CW3 PLAN id=34 lead=1 defer=2 anchorTick=979 hit=991 stamp=990 anchorWall=1791545071451 legacy=false
[04:24:32] [Netty IO #1/INFO] [STDOUT]: [com.layue13.clashweave.experiment.s3b.Experiment:log:22]: CW3 WIRE side=SERVER kind=2 id=34 wall=1791545072039 thread=Netty IO #1 observed=990
[04:24:32] [Server thread/INFO] [STDOUT]: [com.layue13.clashweave.experiment.s3b.Experiment:log:22]: CW3 RECEIVE id=34 kind=2 stamp=991 tickObserved=990 recvWall=1791545072047 sendWall=1791545072039 wireMs=8
[04:24:32] [Server thread/INFO] [STDOUT]: [com.layue13.clashweave.experiment.s3b.Experiment:log:22]: CW3 CONSUME id=34 stamp=991 consumeTick=991 recvObserved=990 age=0 queueMs=0 sendWall=1791545072039 recvWall=1791545072047 consumeWall=1791545072047 accepted=true
[04:24:32] [Server thread/INFO] [STDOUT]: [com.layue13.clashweave.experiment.s3b.Experiment:log:22]: CW3 FREEZE id=34 tick=991 target=14 attacker=15 distance=1.0
[04:24:32] [Server thread/INFO] [STDOUT]: [com.layue13.clashweave.experiment.s3b.Experiment:log:22]: CW3 RESULT id=34 lead=1 defer=2 hit=991 commit=993 commitWall=1791545072140 press=991 received=991 window=true inside=true parry=true vanillaAccepted=false loss=0.0 targetHealth=1000.0
[04:24:32] [Server thread/INFO] [STDOUT]: [com.layue13.clashweave.experiment.s3b.Experiment:log:22]: CW3 PLAN id=35 lead=1 defer=2 anchorTick=998 hit=1010 stamp=1009 anchorWall=1791545072392 legacy=false
[04:24:32] [Server thread/INFO] [STDOUT]: [com.layue13.clashweave.experiment.s3b.Experiment:log:22]: CW3 FREEZE id=35 tick=1010 target=14 attacker=15 distance=1.0
[04:24:32] [Netty IO #1/INFO] [STDOUT]: [com.layue13.clashweave.experiment.s3b.Experiment:log:22]: CW3 WIRE side=SERVER kind=2 id=35 wall=1791545072989 thread=Netty IO #1 observed=1010
[04:24:33] [Server thread/INFO] [STDOUT]: [com.layue13.clashweave.experiment.s3b.Experiment:log:22]: CW3 RECEIVE id=35 kind=2 stamp=1010 tickObserved=1010 recvWall=1791545073051 sendWall=1791545072989 wireMs=62
[04:24:33] [Server thread/INFO] [STDOUT]: [com.layue13.clashweave.experiment.s3b.Experiment:log:22]: CW3 CONSUME id=35 stamp=1010 consumeTick=1011 recvObserved=1010 age=1 queueMs=0 sendWall=1791545072989 recvWall=1791545073051 consumeWall=1791545073051 accepted=true
[04:24:33] [Server thread/INFO] [STDOUT]: [com.layue13.clashweave.experiment.s3b.Experiment:log:22]: CW3 RESULT id=35 lead=1 defer=2 hit=1010 commit=1012 commitWall=1791545073099 press=1010 received=1011 window=true inside=true parry=true vanillaAccepted=false loss=0.0 targetHealth=1000.0
[04:24:33] [Server thread/INFO] [STDOUT]: [com.layue13.clashweave.experiment.s3b.Experiment:log:22]: CW3 PLAN id=36 lead=1 defer=2 anchorTick=1017 hit=1029 stamp=1028 anchorWall=1791545073350 legacy=false
[04:24:33] [Netty IO #1/INFO] [STDOUT]: [com.layue13.clashweave.experiment.s3b.Experiment:log:22]: CW3 WIRE side=SERVER kind=2 id=36 wall=1791545073939 thread=Netty IO #1 observed=1028
[04:24:33] [Server thread/INFO] [STDOUT]: [com.layue13.clashweave.experiment.s3b.Experiment:log:22]: CW3 RECEIVE id=36 kind=2 stamp=1029 tickObserved=1028 recvWall=1791545073948 sendWall=1791545073939 wireMs=9
[04:24:33] [Server thread/INFO] [STDOUT]: [com.layue13.clashweave.experiment.s3b.Experiment:log:22]: CW3 CONSUME id=36 stamp=1029 consumeTick=1029 recvObserved=1028 age=0 queueMs=0 sendWall=1791545073939 recvWall=1791545073948 consumeWall=1791545073948 accepted=true
[04:24:33] [Server thread/INFO] [STDOUT]: [com.layue13.clashweave.experiment.s3b.Experiment:log:22]: CW3 FREEZE id=36 tick=1029 target=14 attacker=15 distance=1.0
[04:24:34] [Server thread/INFO] [STDOUT]: [com.layue13.clashweave.experiment.s3b.Experiment:log:22]: CW3 RESULT id=36 lead=1 defer=2 hit=1029 commit=1031 commitWall=1791545074043 press=1029 received=1029 window=true inside=true parry=true vanillaAccepted=false loss=0.0 targetHealth=1000.0
[04:24:34] [Server thread/INFO] [STDOUT]: [com.layue13.clashweave.experiment.s3b.Experiment:log:22]: CW3 PLAN id=37 lead=1 defer=2 anchorTick=1036 hit=1048 stamp=1047 anchorWall=1791545074294 legacy=false
[04:24:34] [Netty IO #1/INFO] [STDOUT]: [com.layue13.clashweave.experiment.s3b.Experiment:log:22]: CW3 WIRE side=SERVER kind=2 id=37 wall=1791545074889 thread=Netty IO #1 observed=1047
[04:24:34] [Server thread/INFO] [STDOUT]: [com.layue13.clashweave.experiment.s3b.Experiment:log:22]: CW3 RECEIVE id=37 kind=2 stamp=1048 tickObserved=1047 recvWall=1791545074890 sendWall=1791545074889 wireMs=1
[04:24:34] [Server thread/INFO] [STDOUT]: [com.layue13.clashweave.experiment.s3b.Experiment:log:22]: CW3 CONSUME id=37 stamp=1048 consumeTick=1048 recvObserved=1047 age=0 queueMs=0 sendWall=1791545074889 recvWall=1791545074890 consumeWall=1791545074890 accepted=true
[04:24:34] [Server thread/INFO] [STDOUT]: [com.layue13.clashweave.experiment.s3b.Experiment:log:22]: CW3 FREEZE id=37 tick=1048 target=14 attacker=15 distance=1.0
[04:24:35] [Server thread/INFO] [STDOUT]: [com.layue13.clashweave.experiment.s3b.Experiment:log:22]: CW3 RESULT id=37 lead=1 defer=2 hit=1048 commit=1050 commitWall=1791545075002 press=1048 received=1048 window=true inside=true parry=true vanillaAccepted=false loss=0.0 targetHealth=1000.0
[04:24:35] [Server thread/INFO] [STDOUT]: [com.layue13.clashweave.experiment.s3b.Experiment:log:22]: CW3 PLAN id=38 lead=1 defer=2 anchorTick=1055 hit=1067 stamp=1066 anchorWall=1791545075250 legacy=false
[04:24:35] [Netty IO #1/INFO] [STDOUT]: [com.layue13.clashweave.experiment.s3b.Experiment:log:22]: CW3 WIRE side=SERVER kind=2 id=38 wall=1791545075839 thread=Netty IO #1 observed=1066
[04:24:35] [Server thread/INFO] [STDOUT]: [com.layue13.clashweave.experiment.s3b.Experiment:log:22]: CW3 RECEIVE id=38 kind=2 stamp=1067 tickObserved=1066 recvWall=1791545075845 sendWall=1791545075839 wireMs=6
[04:24:35] [Server thread/INFO] [STDOUT]: [com.layue13.clashweave.experiment.s3b.Experiment:log:22]: CW3 CONSUME id=38 stamp=1067 consumeTick=1067 recvObserved=1066 age=0 queueMs=0 sendWall=1791545075839 recvWall=1791545075845 consumeWall=1791545075845 accepted=true
[04:24:35] [Server thread/INFO] [STDOUT]: [com.layue13.clashweave.experiment.s3b.Experiment:log:22]: CW3 FREEZE id=38 tick=1067 target=14 attacker=15 distance=1.0
[04:24:35] [Server thread/INFO] [STDOUT]: [com.layue13.clashweave.experiment.s3b.Experiment:log:22]: CW3 RESULT id=38 lead=1 defer=2 hit=1067 commit=1069 commitWall=1791545075952 press=1067 received=1067 window=true inside=true parry=true vanillaAccepted=false loss=0.0 targetHealth=1000.0
[04:24:36] [Server thread/INFO] [STDOUT]: [com.layue13.clashweave.experiment.s3b.Experiment:log:22]: CW3 PLAN id=39 lead=1 defer=2 anchorTick=1074 hit=1086 stamp=1085 anchorWall=1791545076188 legacy=false
[04:24:36] [Netty IO #1/INFO] [STDOUT]: [com.layue13.clashweave.experiment.s3b.Experiment:log:22]: CW3 WIRE side=SERVER kind=2 id=39 wall=1791545076739 thread=Netty IO #1 observed=1084
[04:24:36] [Server thread/INFO] [STDOUT]: [com.layue13.clashweave.experiment.s3b.Experiment:log:22]: CW3 RECEIVE id=39 kind=2 stamp=1085 tickObserved=1084 recvWall=1791545076748 sendWall=1791545076739 wireMs=9
[04:24:36] [Server thread/INFO] [STDOUT]: [com.layue13.clashweave.experiment.s3b.Experiment:log:22]: CW3 CONSUME id=39 stamp=1085 consumeTick=1085 recvObserved=1084 age=0 queueMs=0 sendWall=1791545076739 recvWall=1791545076748 consumeWall=1791545076748 accepted=true
[04:24:36] [Server thread/INFO] [STDOUT]: [com.layue13.clashweave.experiment.s3b.Experiment:log:22]: CW3 FREEZE id=39 tick=1086 target=14 attacker=15 distance=1.0
[04:24:36] [Server thread/INFO] [STDOUT]: [com.layue13.clashweave.experiment.s3b.Experiment:log:22]: CW3 RESULT id=39 lead=1 defer=2 hit=1086 commit=1088 commitWall=1791545076889 press=1085 received=1085 window=true inside=true parry=true vanillaAccepted=false loss=0.0 targetHealth=1000.0
[04:24:37] [Server thread/INFO] [STDOUT]: [com.layue13.clashweave.experiment.s3b.Experiment:log:22]: CW3 PLAN id=40 lead=2 defer=2 anchorTick=1093 hit=1105 stamp=1103 anchorWall=1791545077153 legacy=false
[04:24:37] [Netty IO #1/INFO] [STDOUT]: [com.layue13.clashweave.experiment.s3b.Experiment:log:22]: CW3 WIRE side=SERVER kind=2 id=40 wall=1791545077689 thread=Netty IO #1 observed=1103
[04:24:37] [Server thread/INFO] [STDOUT]: [com.layue13.clashweave.experiment.s3b.Experiment:log:22]: CW3 RECEIVE id=40 kind=2 stamp=1104 tickObserved=1103 recvWall=1791545077697 sendWall=1791545077689 wireMs=8
[04:24:37] [Server thread/INFO] [STDOUT]: [com.layue13.clashweave.experiment.s3b.Experiment:log:22]: CW3 CONSUME id=40 stamp=1104 consumeTick=1104 recvObserved=1103 age=0 queueMs=0 sendWall=1791545077689 recvWall=1791545077697 consumeWall=1791545077697 accepted=true
[04:24:37] [Server thread/INFO] [STDOUT]: [com.layue13.clashweave.experiment.s3b.Experiment:log:22]: CW3 FREEZE id=40 tick=1105 target=14 attacker=15 distance=1.0
[04:24:37] [Server thread/INFO] [STDOUT]: [com.layue13.clashweave.experiment.s3b.Experiment:log:22]: CW3 RESULT id=40 lead=2 defer=2 hit=1105 commit=1107 commitWall=1791545077838 press=1104 received=1104 window=true inside=true parry=true vanillaAccepted=false loss=0.0 targetHealth=1000.0
[04:24:38] [Server thread/INFO] [STDOUT]: [com.layue13.clashweave.experiment.s3b.Experiment:log:22]: CW3 PLAN id=41 lead=2 defer=2 anchorTick=1112 hit=1124 stamp=1122 anchorWall=1791545078088 legacy=false
[04:24:38] [Netty IO #1/INFO] [STDOUT]: [com.layue13.clashweave.experiment.s3b.Experiment:log:22]: CW3 WIRE side=SERVER kind=2 id=41 wall=1791545078588 thread=Netty IO #1 observed=1121
[04:24:38] [Server thread/INFO] [STDOUT]: [com.layue13.clashweave.experiment.s3b.Experiment:log:22]: CW3 RECEIVE id=41 kind=2 stamp=1122 tickObserved=1121 recvWall=1791545078589 sendWall=1791545078588 wireMs=1
[04:24:38] [Server thread/INFO] [STDOUT]: [com.layue13.clashweave.experiment.s3b.Experiment:log:22]: CW3 CONSUME id=41 stamp=1122 consumeTick=1122 recvObserved=1121 age=0 queueMs=0 sendWall=1791545078588 recvWall=1791545078589 consumeWall=1791545078589 accepted=true
[04:24:38] [Server thread/INFO] [STDOUT]: [com.layue13.clashweave.experiment.s3b.Experiment:log:22]: CW3 FREEZE id=41 tick=1124 target=14 attacker=15 distance=1.0
[04:24:38] [Server thread/INFO] [STDOUT]: [com.layue13.clashweave.experiment.s3b.Experiment:log:22]: CW3 RESULT id=41 lead=2 defer=2 hit=1124 commit=1126 commitWall=1791545078791 press=1122 received=1122 window=true inside=true parry=true vanillaAccepted=false loss=0.0 targetHealth=1000.0
[04:24:39] [Server thread/INFO] [STDOUT]: [com.layue13.clashweave.experiment.s3b.Experiment:log:22]: CW3 PLAN id=42 lead=2 defer=2 anchorTick=1131 hit=1143 stamp=1141 anchorWall=1791545079039 legacy=false
[04:24:39] [Netty IO #1/INFO] [STDOUT]: [com.layue13.clashweave.experiment.s3b.Experiment:log:22]: CW3 WIRE side=SERVER kind=2 id=42 wall=1791545079539 thread=Netty IO #1 observed=1140
[04:24:39] [Server thread/INFO] [STDOUT]: [com.layue13.clashweave.experiment.s3b.Experiment:log:22]: CW3 RECEIVE id=42 kind=2 stamp=1141 tickObserved=1140 recvWall=1791545079553 sendWall=1791545079539 wireMs=14
[04:24:39] [Server thread/INFO] [STDOUT]: [com.layue13.clashweave.experiment.s3b.Experiment:log:22]: CW3 CONSUME id=42 stamp=1141 consumeTick=1141 recvObserved=1140 age=0 queueMs=0 sendWall=1791545079539 recvWall=1791545079553 consumeWall=1791545079553 accepted=true
[04:24:39] [Server thread/INFO] [STDOUT]: [com.layue13.clashweave.experiment.s3b.Experiment:log:22]: CW3 FREEZE id=42 tick=1143 target=14 attacker=15 distance=1.0
[04:24:39] [Server thread/INFO] [STDOUT]: [com.layue13.clashweave.experiment.s3b.Experiment:log:22]: CW3 RESULT id=42 lead=2 defer=2 hit=1143 commit=1145 commitWall=1791545079741 press=1141 received=1141 window=true inside=true parry=true vanillaAccepted=false loss=0.0 targetHealth=1000.0
[04:24:39] [Server thread/INFO] [STDOUT]: [com.layue13.clashweave.experiment.s3b.Experiment:log:22]: CW3 PLAN id=43 lead=2 defer=2 anchorTick=1150 hit=1162 stamp=1160 anchorWall=1791545079990 legacy=false
[04:24:40] [Netty IO #1/INFO] [STDOUT]: [com.layue13.clashweave.experiment.s3b.Experiment:log:22]: CW3 WIRE side=SERVER kind=2 id=43 wall=1791545080539 thread=Netty IO #1 observed=1161
[04:24:40] [Server thread/INFO] [STDOUT]: [com.layue13.clashweave.experiment.s3b.Experiment:log:22]: CW3 RECEIVE id=43 kind=2 stamp=1161 tickObserved=1161 recvWall=1791545080602 sendWall=1791545080539 wireMs=63
[04:24:40] [Server thread/INFO] [STDOUT]: [com.layue13.clashweave.experiment.s3b.Experiment:log:22]: CW3 CONSUME id=43 stamp=1161 consumeTick=1162 recvObserved=1161 age=1 queueMs=0 sendWall=1791545080539 recvWall=1791545080602 consumeWall=1791545080602 accepted=true
[04:24:40] [Server thread/INFO] [STDOUT]: [com.layue13.clashweave.experiment.s3b.Experiment:log:22]: CW3 FREEZE id=43 tick=1162 target=14 attacker=15 distance=1.0
[04:24:40] [Server thread/INFO] [STDOUT]: [com.layue13.clashweave.experiment.s3b.Experiment:log:22]: CW3 RESULT id=43 lead=2 defer=2 hit=1162 commit=1164 commitWall=1791545080696 press=1161 received=1162 window=true inside=true parry=true vanillaAccepted=false loss=0.0 targetHealth=1000.0
[04:24:40] [Server thread/INFO] [STDOUT]: [com.layue13.clashweave.experiment.s3b.Experiment:log:22]: CW3 PLAN id=44 lead=2 defer=2 anchorTick=1169 hit=1181 stamp=1179 anchorWall=1791545080948 legacy=false
[04:24:41] [Netty IO #1/INFO] [STDOUT]: [com.layue13.clashweave.experiment.s3b.Experiment:log:22]: CW3 WIRE side=SERVER kind=2 id=44 wall=1791545081489 thread=Netty IO #1 observed=1179
[04:24:41] [Server thread/INFO] [STDOUT]: [com.layue13.clashweave.experiment.s3b.Experiment:log:22]: CW3 RECEIVE id=44 kind=2 stamp=1180 tickObserved=1179 recvWall=1791545081500 sendWall=1791545081489 wireMs=11
[04:24:41] [Server thread/INFO] [STDOUT]: [com.layue13.clashweave.experiment.s3b.Experiment:log:22]: CW3 CONSUME id=44 stamp=1180 consumeTick=1180 recvObserved=1179 age=0 queueMs=0 sendWall=1791545081489 recvWall=1791545081500 consumeWall=1791545081500 accepted=true
[04:24:41] [Server thread/INFO] [STDOUT]: [com.layue13.clashweave.experiment.s3b.Experiment:log:22]: CW3 FREEZE id=44 tick=1181 target=14 attacker=15 distance=1.0
[04:24:41] [Server thread/INFO] [STDOUT]: [com.layue13.clashweave.experiment.s3b.Experiment:log:22]: CW3 RESULT id=44 lead=2 defer=2 hit=1181 commit=1183 commitWall=1791545081642 press=1180 received=1180 window=true inside=true parry=true vanillaAccepted=false loss=0.0 targetHealth=1000.0
[04:24:41] [Server thread/INFO] [STDOUT]: [com.layue13.clashweave.experiment.s3b.Experiment:log:22]: CW3 PLAN id=45 lead=2 defer=2 anchorTick=1188 hit=1200 stamp=1198 anchorWall=1791545081893 legacy=false
[04:24:42] [Netty IO #1/INFO] [STDOUT]: [com.layue13.clashweave.experiment.s3b.Experiment:log:22]: CW3 WIRE side=SERVER kind=2 id=45 wall=1791545082439 thread=Netty IO #1 observed=1198
[04:24:42] [Server thread/INFO] [STDOUT]: [com.layue13.clashweave.experiment.s3b.Experiment:log:22]: CW3 RECEIVE id=45 kind=2 stamp=1199 tickObserved=1198 recvWall=1791545082448 sendWall=1791545082439 wireMs=9
[04:24:42] [Server thread/INFO] [STDOUT]: [com.layue13.clashweave.experiment.s3b.Experiment:log:22]: CW3 CONSUME id=45 stamp=1199 consumeTick=1199 recvObserved=1198 age=0 queueMs=0 sendWall=1791545082439 recvWall=1791545082448 consumeWall=1791545082448 accepted=true
[04:24:42] [Server thread/INFO] [STDOUT]: [com.layue13.clashweave.experiment.s3b.Experiment:log:22]: CW3 FREEZE id=45 tick=1200 target=14 attacker=15 distance=1.0
[04:24:42] [Server thread/INFO] [STDOUT]: [com.layue13.clashweave.experiment.s3b.Experiment:log:22]: CW3 RESULT id=45 lead=2 defer=2 hit=1200 commit=1202 commitWall=1791545082589 press=1199 received=1199 window=true inside=true parry=true vanillaAccepted=false loss=0.0 targetHealth=1000.0
[04:24:42] [Server thread/INFO] [STDOUT]: [com.layue13.clashweave.experiment.s3b.Experiment:log:22]: CW3 PLAN id=46 lead=2 defer=2 anchorTick=1207 hit=1219 stamp=1217 anchorWall=1791545082841 legacy=false
[04:24:43] [Netty IO #1/INFO] [STDOUT]: [com.layue13.clashweave.experiment.s3b.Experiment:log:22]: CW3 WIRE side=SERVER kind=2 id=46 wall=1791545083388 thread=Netty IO #1 observed=1217
[04:24:43] [Server thread/INFO] [STDOUT]: [com.layue13.clashweave.experiment.s3b.Experiment:log:22]: CW3 RECEIVE id=46 kind=2 stamp=1218 tickObserved=1217 recvWall=1791545083391 sendWall=1791545083388 wireMs=3
[04:24:43] [Server thread/INFO] [STDOUT]: [com.layue13.clashweave.experiment.s3b.Experiment:log:22]: CW3 CONSUME id=46 stamp=1218 consumeTick=1218 recvObserved=1217 age=0 queueMs=0 sendWall=1791545083388 recvWall=1791545083391 consumeWall=1791545083391 accepted=true
[04:24:43] [Server thread/INFO] [STDOUT]: [com.layue13.clashweave.experiment.s3b.Experiment:log:22]: CW3 FREEZE id=46 tick=1219 target=14 attacker=15 distance=1.0
[04:24:43] [Server thread/INFO] [STDOUT]: [com.layue13.clashweave.experiment.s3b.Experiment:log:22]: CW3 RESULT id=46 lead=2 defer=2 hit=1219 commit=1221 commitWall=1791545083548 press=1218 received=1218 window=true inside=true parry=true vanillaAccepted=false loss=0.0 targetHealth=1000.0
[04:24:43] [Server thread/INFO] [STDOUT]: [com.layue13.clashweave.experiment.s3b.Experiment:log:22]: CW3 PLAN id=47 lead=2 defer=2 anchorTick=1226 hit=1238 stamp=1236 anchorWall=1791545083800 legacy=false
[04:24:44] [Netty IO #1/INFO] [STDOUT]: [com.layue13.clashweave.experiment.s3b.Experiment:log:22]: CW3 WIRE side=SERVER kind=2 id=47 wall=1791545084339 thread=Netty IO #1 observed=1236
[04:24:44] [Server thread/INFO] [STDOUT]: [com.layue13.clashweave.experiment.s3b.Experiment:log:22]: CW3 RECEIVE id=47 kind=2 stamp=1237 tickObserved=1236 recvWall=1791545084350 sendWall=1791545084339 wireMs=11
[04:24:44] [Server thread/INFO] [STDOUT]: [com.layue13.clashweave.experiment.s3b.Experiment:log:22]: CW3 CONSUME id=47 stamp=1237 consumeTick=1237 recvObserved=1236 age=0 queueMs=0 sendWall=1791545084339 recvWall=1791545084350 consumeWall=1791545084350 accepted=true
[04:24:44] [Server thread/INFO] [STDOUT]: [com.layue13.clashweave.experiment.s3b.Experiment:log:22]: CW3 FREEZE id=47 tick=1238 target=14 attacker=15 distance=1.0
[04:24:44] [Server thread/INFO] [STDOUT]: [com.layue13.clashweave.experiment.s3b.Experiment:log:22]: CW3 RESULT id=47 lead=2 defer=2 hit=1238 commit=1240 commitWall=1791545084491 press=1237 received=1237 window=true inside=true parry=true vanillaAccepted=false loss=0.0 targetHealth=1000.0
[04:24:44] [Server thread/INFO] [STDOUT]: [com.layue13.clashweave.experiment.s3b.Experiment:log:22]: CW3 PLAN id=48 lead=2 defer=2 anchorTick=1245 hit=1257 stamp=1255 anchorWall=1791545084743 legacy=false
[04:24:45] [Netty IO #1/INFO] [STDOUT]: [com.layue13.clashweave.experiment.s3b.Experiment:log:22]: CW3 WIRE side=SERVER kind=2 id=48 wall=1791545085289 thread=Netty IO #1 observed=1255
[04:24:45] [Server thread/INFO] [STDOUT]: [com.layue13.clashweave.experiment.s3b.Experiment:log:22]: CW3 RECEIVE id=48 kind=2 stamp=1256 tickObserved=1255 recvWall=1791545085292 sendWall=1791545085289 wireMs=3
[04:24:45] [Server thread/INFO] [STDOUT]: [com.layue13.clashweave.experiment.s3b.Experiment:log:22]: CW3 CONSUME id=48 stamp=1256 consumeTick=1256 recvObserved=1255 age=0 queueMs=0 sendWall=1791545085289 recvWall=1791545085292 consumeWall=1791545085292 accepted=true
[04:24:45] [Server thread/INFO] [STDOUT]: [com.layue13.clashweave.experiment.s3b.Experiment:log:22]: CW3 FREEZE id=48 tick=1257 target=14 attacker=15 distance=1.0
[04:24:45] [Server thread/INFO] [STDOUT]: [com.layue13.clashweave.experiment.s3b.Experiment:log:22]: CW3 RESULT id=48 lead=2 defer=2 hit=1257 commit=1259 commitWall=1791545085447 press=1256 received=1256 window=true inside=true parry=true vanillaAccepted=false loss=0.0 targetHealth=1000.0
[04:24:45] [Server thread/INFO] [STDOUT]: [com.layue13.clashweave.experiment.s3b.Experiment:log:22]: CW3 PLAN id=49 lead=2 defer=2 anchorTick=1264 hit=1276 stamp=1274 anchorWall=1791545085700 legacy=false
[04:24:46] [Netty IO #1/INFO] [STDOUT]: [com.layue13.clashweave.experiment.s3b.Experiment:log:22]: CW3 WIRE side=SERVER kind=2 id=49 wall=1791545086238 thread=Netty IO #1 observed=1274
[04:24:46] [Server thread/INFO] [STDOUT]: [com.layue13.clashweave.experiment.s3b.Experiment:log:22]: CW3 RECEIVE id=49 kind=2 stamp=1275 tickObserved=1274 recvWall=1791545086247 sendWall=1791545086238 wireMs=9
[04:24:46] [Server thread/INFO] [STDOUT]: [com.layue13.clashweave.experiment.s3b.Experiment:log:22]: CW3 CONSUME id=49 stamp=1275 consumeTick=1275 recvObserved=1274 age=0 queueMs=0 sendWall=1791545086238 recvWall=1791545086247 consumeWall=1791545086247 accepted=true
[04:24:46] [Server thread/INFO] [STDOUT]: [com.layue13.clashweave.experiment.s3b.Experiment:log:22]: CW3 FREEZE id=49 tick=1276 target=14 attacker=15 distance=1.0
[04:24:46] [Server thread/INFO] [STDOUT]: [com.layue13.clashweave.experiment.s3b.Experiment:log:22]: CW3 RESULT id=49 lead=2 defer=2 hit=1276 commit=1278 commitWall=1791545086389 press=1275 received=1275 window=true inside=true parry=true vanillaAccepted=false loss=0.0 targetHealth=1000.0
[04:24:46] [Server thread/INFO] [STDOUT]: [com.layue13.clashweave.experiment.s3b.Experiment:log:22]: CW3 PLAN id=50 lead=3 defer=2 anchorTick=1283 hit=1295 stamp=1292 anchorWall=1791545086641 legacy=false
[04:24:47] [Netty IO #1/INFO] [STDOUT]: [com.layue13.clashweave.experiment.s3b.Experiment:log:22]: CW3 WIRE side=SERVER kind=2 id=50 wall=1791545087138 thread=Netty IO #1 observed=1292
[04:24:47] [Server thread/INFO] [STDOUT]: [com.layue13.clashweave.experiment.s3b.Experiment:log:22]: CW3 RECEIVE id=50 kind=2 stamp=1293 tickObserved=1292 recvWall=1791545087141 sendWall=1791545087138 wireMs=3
[04:24:47] [Server thread/INFO] [STDOUT]: [com.layue13.clashweave.experiment.s3b.Experiment:log:22]: CW3 CONSUME id=50 stamp=1293 consumeTick=1293 recvObserved=1292 age=0 queueMs=0 sendWall=1791545087138 recvWall=1791545087141 consumeWall=1791545087141 accepted=true
[04:24:47] [Server thread/INFO] [STDOUT]: [com.layue13.clashweave.experiment.s3b.Experiment:log:22]: CW3 FREEZE id=50 tick=1295 target=14 attacker=15 distance=1.0
[04:24:47] [Server thread/INFO] [STDOUT]: [com.layue13.clashweave.experiment.s3b.Experiment:log:22]: CW3 RESULT id=50 lead=3 defer=2 hit=1295 commit=1297 commitWall=1791545087344 press=1293 received=1293 window=true inside=true parry=true vanillaAccepted=false loss=0.0 targetHealth=1000.0
[04:24:47] [Server thread/INFO] [STDOUT]: [com.layue13.clashweave.experiment.s3b.Experiment:log:22]: CW3 PLAN id=51 lead=3 defer=2 anchorTick=1302 hit=1314 stamp=1311 anchorWall=1791545087594 legacy=false
[04:24:48] [Netty IO #1/INFO] [STDOUT]: [com.layue13.clashweave.experiment.s3b.Experiment:log:22]: CW3 WIRE side=SERVER kind=2 id=51 wall=1791545088089 thread=Netty IO #1 observed=1311
[04:24:48] [Server thread/INFO] [STDOUT]: [com.layue13.clashweave.experiment.s3b.Experiment:log:22]: CW3 RECEIVE id=51 kind=2 stamp=1312 tickObserved=1311 recvWall=1791545088098 sendWall=1791545088089 wireMs=9
[04:24:48] [Server thread/INFO] [STDOUT]: [com.layue13.clashweave.experiment.s3b.Experiment:log:22]: CW3 CONSUME id=51 stamp=1312 consumeTick=1312 recvObserved=1311 age=0 queueMs=0 sendWall=1791545088089 recvWall=1791545088098 consumeWall=1791545088098 accepted=true
[04:24:48] [Server thread/INFO] [STDOUT]: [com.layue13.clashweave.experiment.s3b.Experiment:log:22]: CW3 FREEZE id=51 tick=1314 target=14 attacker=15 distance=1.0
[04:24:48] [Server thread/INFO] [STDOUT]: [com.layue13.clashweave.experiment.s3b.Experiment:log:22]: CW3 RESULT id=51 lead=3 defer=2 hit=1314 commit=1316 commitWall=1791545088288 press=1312 received=1312 window=true inside=true parry=true vanillaAccepted=false loss=0.0 targetHealth=1000.0
[04:24:48] [Server thread/INFO] [STDOUT]: [com.layue13.clashweave.experiment.s3b.Experiment:log:22]: CW3 PLAN id=52 lead=3 defer=2 anchorTick=1321 hit=1333 stamp=1330 anchorWall=1791545088541 legacy=false
[04:24:49] [Netty IO #1/INFO] [STDOUT]: [com.layue13.clashweave.experiment.s3b.Experiment:log:22]: CW3 WIRE side=SERVER kind=2 id=52 wall=1791545089038 thread=Netty IO #1 observed=1330
[04:24:49] [Server thread/INFO] [STDOUT]: [com.layue13.clashweave.experiment.s3b.Experiment:log:22]: CW3 RECEIVE id=52 kind=2 stamp=1331 tickObserved=1330 recvWall=1791545089045 sendWall=1791545089038 wireMs=7
[04:24:49] [Server thread/INFO] [STDOUT]: [com.layue13.clashweave.experiment.s3b.Experiment:log:22]: CW3 CONSUME id=52 stamp=1331 consumeTick=1331 recvObserved=1330 age=0 queueMs=0 sendWall=1791545089038 recvWall=1791545089045 consumeWall=1791545089045 accepted=true
[04:24:49] [Server thread/INFO] [STDOUT]: [com.layue13.clashweave.experiment.s3b.Experiment:log:22]: CW3 FREEZE id=52 tick=1333 target=14 attacker=15 distance=1.0
[04:24:49] [Server thread/INFO] [STDOUT]: [com.layue13.clashweave.experiment.s3b.Experiment:log:22]: CW3 RESULT id=52 lead=3 defer=2 hit=1333 commit=1335 commitWall=1791545089250 press=1331 received=1331 window=true inside=true parry=true vanillaAccepted=false loss=0.0 targetHealth=1000.0
[04:24:49] [Server thread/INFO] [STDOUT]: [com.layue13.clashweave.experiment.s3b.Experiment:log:22]: CW3 PLAN id=53 lead=3 defer=2 anchorTick=1340 hit=1352 stamp=1349 anchorWall=1791545089501 legacy=false
[04:24:49] [Netty IO #1/INFO] [STDOUT]: [com.layue13.clashweave.experiment.s3b.Experiment:log:22]: CW3 WIRE side=SERVER kind=2 id=53 wall=1791545089989 thread=Netty IO #1 observed=1350
[04:24:50] [Server thread/INFO] [STDOUT]: [com.layue13.clashweave.experiment.s3b.Experiment:log:22]: CW3 RECEIVE id=53 kind=2 stamp=1350 tickObserved=1350 recvWall=1791545090051 sendWall=1791545089989 wireMs=62
[04:24:50] [Server thread/INFO] [STDOUT]: [com.layue13.clashweave.experiment.s3b.Experiment:log:22]: CW3 CONSUME id=53 stamp=1350 consumeTick=1351 recvObserved=1350 age=1 queueMs=0 sendWall=1791545089989 recvWall=1791545090051 consumeWall=1791545090051 accepted=true
[04:24:50] [Server thread/INFO] [STDOUT]: [com.layue13.clashweave.experiment.s3b.Experiment:log:22]: CW3 FREEZE id=53 tick=1352 target=14 attacker=15 distance=1.0
[04:24:50] [Server thread/INFO] [STDOUT]: [com.layue13.clashweave.experiment.s3b.Experiment:log:22]: CW3 RESULT id=53 lead=3 defer=2 hit=1352 commit=1354 commitWall=1791545090192 press=1350 received=1351 window=true inside=true parry=true vanillaAccepted=false loss=0.0 targetHealth=1000.0
[04:24:50] [Server thread/INFO] [STDOUT]: [com.layue13.clashweave.experiment.s3b.Experiment:log:22]: CW3 PLAN id=54 lead=3 defer=2 anchorTick=1359 hit=1371 stamp=1368 anchorWall=1791545090445 legacy=false
[04:24:50] [Netty IO #1/INFO] [STDOUT]: [com.layue13.clashweave.experiment.s3b.Experiment:log:22]: CW3 WIRE side=SERVER kind=2 id=54 wall=1791545090939 thread=Netty IO #1 observed=1368
[04:24:50] [Server thread/INFO] [STDOUT]: [com.layue13.clashweave.experiment.s3b.Experiment:log:22]: CW3 RECEIVE id=54 kind=2 stamp=1369 tickObserved=1368 recvWall=1791545090950 sendWall=1791545090939 wireMs=11
[04:24:50] [Server thread/INFO] [STDOUT]: [com.layue13.clashweave.experiment.s3b.Experiment:log:22]: CW3 CONSUME id=54 stamp=1369 consumeTick=1369 recvObserved=1368 age=0 queueMs=0 sendWall=1791545090939 recvWall=1791545090950 consumeWall=1791545090950 accepted=true
[04:24:51] [Server thread/INFO] [STDOUT]: [com.layue13.clashweave.experiment.s3b.Experiment:log:22]: CW3 FREEZE id=54 tick=1371 target=14 attacker=15 distance=1.0
[04:24:51] [Server thread/INFO] [STDOUT]: [com.layue13.clashweave.experiment.s3b.Experiment:log:22]: CW3 RESULT id=54 lead=3 defer=2 hit=1371 commit=1373 commitWall=1791545091141 press=1369 received=1369 window=true inside=true parry=true vanillaAccepted=false loss=0.0 targetHealth=1000.0
[04:24:51] [Server thread/INFO] [STDOUT]: [com.layue13.clashweave.experiment.s3b.Experiment:log:22]: CW3 PLAN id=55 lead=3 defer=2 anchorTick=1378 hit=1390 stamp=1387 anchorWall=1791545091393 legacy=false
[04:24:51] [Netty IO #1/INFO] [STDOUT]: [com.layue13.clashweave.experiment.s3b.Experiment:log:22]: CW3 WIRE side=SERVER kind=2 id=55 wall=1791545091889 thread=Netty IO #1 observed=1387
[04:24:51] [Server thread/INFO] [STDOUT]: [com.layue13.clashweave.experiment.s3b.Experiment:log:22]: CW3 RECEIVE id=55 kind=2 stamp=1388 tickObserved=1387 recvWall=1791545091899 sendWall=1791545091889 wireMs=10
[04:24:51] [Server thread/INFO] [STDOUT]: [com.layue13.clashweave.experiment.s3b.Experiment:log:22]: CW3 CONSUME id=55 stamp=1388 consumeTick=1388 recvObserved=1387 age=0 queueMs=0 sendWall=1791545091889 recvWall=1791545091899 consumeWall=1791545091899 accepted=true
[04:24:51] [Server thread/INFO] [STDOUT]: [com.layue13.clashweave.experiment.s3b.Experiment:log:22]: CW3 FREEZE id=55 tick=1390 target=14 attacker=15 distance=1.0
[04:24:52] [Server thread/INFO] [STDOUT]: [com.layue13.clashweave.experiment.s3b.Experiment:log:22]: CW3 RESULT id=55 lead=3 defer=2 hit=1390 commit=1392 commitWall=1791545092089 press=1388 received=1388 window=true inside=true parry=true vanillaAccepted=false loss=0.0 targetHealth=1000.0
[04:24:52] [Server thread/INFO] [STDOUT]: [com.layue13.clashweave.experiment.s3b.Experiment:log:22]: CW3 PLAN id=56 lead=3 defer=2 anchorTick=1397 hit=1409 stamp=1406 anchorWall=1791545092342 legacy=false
[04:24:52] [Netty IO #1/INFO] [STDOUT]: [com.layue13.clashweave.experiment.s3b.Experiment:log:22]: CW3 WIRE side=SERVER kind=2 id=56 wall=1791545092839 thread=Netty IO #1 observed=1406
[04:24:52] [Server thread/INFO] [STDOUT]: [com.layue13.clashweave.experiment.s3b.Experiment:log:22]: CW3 RECEIVE id=56 kind=2 stamp=1407 tickObserved=1406 recvWall=1791545092849 sendWall=1791545092839 wireMs=10
[04:24:52] [Server thread/INFO] [STDOUT]: [com.layue13.clashweave.experiment.s3b.Experiment:log:22]: CW3 CONSUME id=56 stamp=1407 consumeTick=1407 recvObserved=1406 age=0 queueMs=0 sendWall=1791545092839 recvWall=1791545092849 consumeWall=1791545092849 accepted=true
[04:24:52] [Server thread/INFO] [STDOUT]: [com.layue13.clashweave.experiment.s3b.Experiment:log:22]: CW3 FREEZE id=56 tick=1409 target=14 attacker=15 distance=1.0
[04:24:53] [Server thread/INFO] [STDOUT]: [com.layue13.clashweave.experiment.s3b.Experiment:log:22]: CW3 RESULT id=56 lead=3 defer=2 hit=1409 commit=1411 commitWall=1791545093041 press=1407 received=1407 window=true inside=true parry=true vanillaAccepted=false loss=0.0 targetHealth=1000.0
[04:24:53] [Server thread/INFO] [STDOUT]: [com.layue13.clashweave.experiment.s3b.Experiment:log:22]: CW3 PLAN id=57 lead=3 defer=2 anchorTick=1416 hit=1428 stamp=1425 anchorWall=1791545093293 legacy=false
[04:24:53] [Netty IO #1/INFO] [STDOUT]: [com.layue13.clashweave.experiment.s3b.Experiment:log:22]: CW3 WIRE side=SERVER kind=2 id=57 wall=1791545093789 thread=Netty IO #1 observed=1425
[04:24:53] [Server thread/INFO] [STDOUT]: [com.layue13.clashweave.experiment.s3b.Experiment:log:22]: CW3 RECEIVE id=57 kind=2 stamp=1426 tickObserved=1425 recvWall=1791545093798 sendWall=1791545093789 wireMs=9
[04:24:53] [Server thread/INFO] [STDOUT]: [com.layue13.clashweave.experiment.s3b.Experiment:log:22]: CW3 CONSUME id=57 stamp=1426 consumeTick=1426 recvObserved=1425 age=0 queueMs=0 sendWall=1791545093789 recvWall=1791545093798 consumeWall=1791545093798 accepted=true
[04:24:53] [Server thread/INFO] [STDOUT]: [com.layue13.clashweave.experiment.s3b.Experiment:log:22]: CW3 FREEZE id=57 tick=1428 target=14 attacker=15 distance=1.0
[04:24:53] [Server thread/INFO] [STDOUT]: [com.layue13.clashweave.experiment.s3b.Experiment:log:22]: CW3 RESULT id=57 lead=3 defer=2 hit=1428 commit=1430 commitWall=1791545093989 press=1426 received=1426 window=true inside=true parry=true vanillaAccepted=false loss=0.0 targetHealth=1000.0
[04:24:54] [Server thread/INFO] [STDOUT]: [com.layue13.clashweave.experiment.s3b.Experiment:log:22]: CW3 PLAN id=58 lead=3 defer=2 anchorTick=1435 hit=1447 stamp=1444 anchorWall=1791545094244 legacy=false
[04:24:54] [Netty IO #1/INFO] [STDOUT]: [com.layue13.clashweave.experiment.s3b.Experiment:log:22]: CW3 WIRE side=SERVER kind=2 id=58 wall=1791545094739 thread=Netty IO #1 observed=1444
[04:24:54] [Server thread/INFO] [STDOUT]: [com.layue13.clashweave.experiment.s3b.Experiment:log:22]: CW3 RECEIVE id=58 kind=2 stamp=1445 tickObserved=1444 recvWall=1791545094750 sendWall=1791545094739 wireMs=11
[04:24:54] [Server thread/INFO] [STDOUT]: [com.layue13.clashweave.experiment.s3b.Experiment:log:22]: CW3 CONSUME id=58 stamp=1445 consumeTick=1445 recvObserved=1444 age=0 queueMs=0 sendWall=1791545094739 recvWall=1791545094750 consumeWall=1791545094750 accepted=true
[04:24:54] [Server thread/INFO] [STDOUT]: [com.layue13.clashweave.experiment.s3b.Experiment:log:22]: CW3 FREEZE id=58 tick=1447 target=14 attacker=15 distance=1.0
[04:24:54] [Server thread/INFO] [STDOUT]: [com.layue13.clashweave.experiment.s3b.Experiment:log:22]: CW3 RESULT id=58 lead=3 defer=2 hit=1447 commit=1449 commitWall=1791545094938 press=1445 received=1445 window=true inside=true parry=true vanillaAccepted=false loss=0.0 targetHealth=1000.0
[04:24:55] [Server thread/INFO] [STDOUT]: [com.layue13.clashweave.experiment.s3b.Experiment:log:22]: CW3 PLAN id=59 lead=3 defer=2 anchorTick=1454 hit=1466 stamp=1463 anchorWall=1791545095192 legacy=false
[04:24:55] [Netty IO #1/INFO] [STDOUT]: [com.layue13.clashweave.experiment.s3b.Experiment:log:22]: CW3 WIRE side=SERVER kind=2 id=59 wall=1791545095689 thread=Netty IO #1 observed=1463
[04:24:55] [Server thread/INFO] [STDOUT]: [com.layue13.clashweave.experiment.s3b.Experiment:log:22]: CW3 RECEIVE id=59 kind=2 stamp=1464 tickObserved=1463 recvWall=1791545095698 sendWall=1791545095689 wireMs=9
[04:24:55] [Server thread/INFO] [STDOUT]: [com.layue13.clashweave.experiment.s3b.Experiment:log:22]: CW3 CONSUME id=59 stamp=1464 consumeTick=1464 recvObserved=1463 age=0 queueMs=0 sendWall=1791545095689 recvWall=1791545095698 consumeWall=1791545095698 accepted=true
[04:24:55] [Server thread/INFO] [STDOUT]: [com.layue13.clashweave.experiment.s3b.Experiment:log:22]: CW3 FREEZE id=59 tick=1466 target=14 attacker=15 distance=1.0
[04:24:55] [Server thread/INFO] [STDOUT]: [com.layue13.clashweave.experiment.s3b.Experiment:log:22]: CW3 RESULT id=59 lead=3 defer=2 hit=1466 commit=1468 commitWall=1791545095901 press=1464 received=1464 window=true inside=true parry=true vanillaAccepted=false loss=0.0 targetHealth=1000.0
[04:24:56] [Server thread/INFO] [STDOUT]: [com.layue13.clashweave.experiment.s3b.Experiment:log:22]: CW3 PLAN id=60 lead=4 defer=2 anchorTick=1473 hit=1485 stamp=1481 anchorWall=1791545096151 legacy=false
[04:24:56] [Netty IO #1/INFO] [STDOUT]: [com.layue13.clashweave.experiment.s3b.Experiment:log:22]: CW3 WIRE side=SERVER kind=2 id=60 wall=1791545096592 thread=Netty IO #1 observed=1482
[04:24:56] [Server thread/INFO] [STDOUT]: [com.layue13.clashweave.experiment.s3b.Experiment:log:22]: CW3 RECEIVE id=60 kind=2 stamp=1482 tickObserved=1482 recvWall=1791545096639 sendWall=1791545096592 wireMs=47
[04:24:56] [Server thread/INFO] [STDOUT]: [com.layue13.clashweave.experiment.s3b.Experiment:log:22]: CW3 CONSUME id=60 stamp=1482 consumeTick=1483 recvObserved=1482 age=1 queueMs=0 sendWall=1791545096592 recvWall=1791545096639 consumeWall=1791545096639 accepted=true
[04:24:56] [Server thread/INFO] [STDOUT]: [com.layue13.clashweave.experiment.s3b.Experiment:log:22]: CW3 FREEZE id=60 tick=1485 target=14 attacker=15 distance=1.0
[04:24:56] [Server thread/INFO] [STDOUT]: [com.layue13.clashweave.experiment.s3b.Experiment:log:22]: CW3 RESULT id=60 lead=4 defer=2 hit=1485 commit=1487 commitWall=1791545096846 press=1482 received=1483 window=true inside=true parry=true vanillaAccepted=false loss=0.0 targetHealth=1000.0
[04:24:57] [Server thread/INFO] [STDOUT]: [com.layue13.clashweave.experiment.s3b.Experiment:log:22]: CW3 PLAN id=61 lead=4 defer=2 anchorTick=1492 hit=1504 stamp=1500 anchorWall=1791545097099 legacy=false
[04:24:57] [Netty IO #1/INFO] [STDOUT]: [com.layue13.clashweave.experiment.s3b.Experiment:log:22]: CW3 WIRE side=SERVER kind=2 id=61 wall=1791545097541 thread=Netty IO #1 observed=1501
[04:24:57] [Server thread/INFO] [STDOUT]: [com.layue13.clashweave.experiment.s3b.Experiment:log:22]: CW3 RECEIVE id=61 kind=2 stamp=1501 tickObserved=1501 recvWall=1791545097588 sendWall=1791545097540 wireMs=48
[04:24:57] [Server thread/INFO] [STDOUT]: [com.layue13.clashweave.experiment.s3b.Experiment:log:22]: CW3 CONSUME id=61 stamp=1501 consumeTick=1502 recvObserved=1501 age=1 queueMs=0 sendWall=1791545097540 recvWall=1791545097588 consumeWall=1791545097588 accepted=true
[04:24:57] [Server thread/INFO] [STDOUT]: [com.layue13.clashweave.experiment.s3b.Experiment:log:22]: CW3 FREEZE id=61 tick=1504 target=14 attacker=15 distance=1.0
[04:24:57] [Server thread/INFO] [STDOUT]: [com.layue13.clashweave.experiment.s3b.Experiment:log:22]: CW3 RESULT id=61 lead=4 defer=2 hit=1504 commit=1506 commitWall=1791545097794 press=1501 received=1502 window=true inside=true parry=true vanillaAccepted=false loss=0.0 targetHealth=1000.0
[04:24:58] [Server thread/INFO] [STDOUT]: [com.layue13.clashweave.experiment.s3b.Experiment:log:22]: CW3 PLAN id=62 lead=4 defer=2 anchorTick=1511 hit=1523 stamp=1519 anchorWall=1791545098046 legacy=false
[04:24:58] [Netty IO #1/INFO] [STDOUT]: [com.layue13.clashweave.experiment.s3b.Experiment:log:22]: CW3 WIRE side=SERVER kind=2 id=62 wall=1791545098489 thread=Netty IO #1 observed=1519
[04:24:58] [Server thread/INFO] [STDOUT]: [com.layue13.clashweave.experiment.s3b.Experiment:log:22]: CW3 RECEIVE id=62 kind=2 stamp=1520 tickObserved=1519 recvWall=1791545098502 sendWall=1791545098489 wireMs=13
[04:24:58] [Server thread/INFO] [STDOUT]: [com.layue13.clashweave.experiment.s3b.Experiment:log:22]: CW3 CONSUME id=62 stamp=1520 consumeTick=1520 recvObserved=1519 age=0 queueMs=0 sendWall=1791545098489 recvWall=1791545098502 consumeWall=1791545098502 accepted=true
[04:24:58] [Server thread/INFO] [STDOUT]: [com.layue13.clashweave.experiment.s3b.Experiment:log:22]: CW3 FREEZE id=62 tick=1523 target=14 attacker=15 distance=1.0
[04:24:58] [Server thread/INFO] [STDOUT]: [com.layue13.clashweave.experiment.s3b.Experiment:log:22]: CW3 RESULT id=62 lead=4 defer=2 hit=1523 commit=1525 commitWall=1791545098752 press=1520 received=1520 window=true inside=true parry=true vanillaAccepted=false loss=0.0 targetHealth=1000.0
[04:24:59] [Server thread/INFO] [STDOUT]: [com.layue13.clashweave.experiment.s3b.Experiment:log:22]: CW3 PLAN id=63 lead=4 defer=2 anchorTick=1530 hit=1542 stamp=1538 anchorWall=1791545099000 legacy=false
[04:24:59] [Netty IO #1/INFO] [STDOUT]: [com.layue13.clashweave.experiment.s3b.Experiment:log:22]: CW3 WIRE side=SERVER kind=2 id=63 wall=1791545099439 thread=Netty IO #1 observed=1539
[04:24:59] [Server thread/INFO] [STDOUT]: [com.layue13.clashweave.experiment.s3b.Experiment:log:22]: CW3 RECEIVE id=63 kind=2 stamp=1539 tickObserved=1539 recvWall=1791545099500 sendWall=1791545099439 wireMs=61
[04:24:59] [Server thread/INFO] [STDOUT]: [com.layue13.clashweave.experiment.s3b.Experiment:log:22]: CW3 CONSUME id=63 stamp=1539 consumeTick=1540 recvObserved=1539 age=1 queueMs=0 sendWall=1791545099439 recvWall=1791545099500 consumeWall=1791545099500 accepted=true
[04:24:59] [Server thread/INFO] [STDOUT]: [com.layue13.clashweave.experiment.s3b.Experiment:log:22]: CW3 FREEZE id=63 tick=1542 target=14 attacker=15 distance=1.0
[04:24:59] [Server thread/INFO] [STDOUT]: [com.layue13.clashweave.experiment.s3b.Experiment:log:22]: CW3 RESULT id=63 lead=4 defer=2 hit=1542 commit=1544 commitWall=1791545099702 press=1539 received=1540 window=true inside=true parry=true vanillaAccepted=false loss=0.0 targetHealth=1000.0
[04:24:59] [Server thread/INFO] [STDOUT]: [com.layue13.clashweave.experiment.s3b.Experiment:log:22]: CW3 PLAN id=64 lead=4 defer=2 anchorTick=1549 hit=1561 stamp=1557 anchorWall=1791545099938 legacy=false
[04:25:00] [Netty IO #1/INFO] [STDOUT]: [com.layue13.clashweave.experiment.s3b.Experiment:log:22]: CW3 WIRE side=SERVER kind=2 id=64 wall=1791545100339 thread=Netty IO #1 observed=1557
[04:25:00] [Server thread/INFO] [STDOUT]: [com.layue13.clashweave.experiment.s3b.Experiment:log:22]: CW3 RECEIVE id=64 kind=2 stamp=1557 tickObserved=1557 recvWall=1791545100401 sendWall=1791545100339 wireMs=62
[04:25:00] [Server thread/INFO] [STDOUT]: [com.layue13.clashweave.experiment.s3b.Experiment:log:22]: CW3 CONSUME id=64 stamp=1557 consumeTick=1558 recvObserved=1557 age=1 queueMs=0 sendWall=1791545100339 recvWall=1791545100401 consumeWall=1791545100401 accepted=true
[04:25:00] [Server thread/INFO] [STDOUT]: [com.layue13.clashweave.experiment.s3b.Experiment:log:22]: CW3 FREEZE id=64 tick=1561 target=14 attacker=15 distance=1.0
[04:25:00] [Server thread/INFO] [STDOUT]: [com.layue13.clashweave.experiment.s3b.Experiment:log:22]: CW3 RESULT id=64 lead=4 defer=2 hit=1561 commit=1563 commitWall=1791545100651 press=1557 received=1558 window=true inside=true parry=true vanillaAccepted=false loss=0.0 targetHealth=1000.0
[04:25:00] [Server thread/INFO] [STDOUT]: [com.layue13.clashweave.experiment.s3b.Experiment:log:22]: CW3 PLAN id=65 lead=4 defer=2 anchorTick=1568 hit=1580 stamp=1576 anchorWall=1791545100902 legacy=false
[04:25:01] [Netty IO #1/INFO] [STDOUT]: [com.layue13.clashweave.experiment.s3b.Experiment:log:22]: CW3 WIRE side=SERVER kind=2 id=65 wall=1791545101343 thread=Netty IO #1 observed=1577
[04:25:01] [Server thread/INFO] [STDOUT]: [com.layue13.clashweave.experiment.s3b.Experiment:log:22]: CW3 RECEIVE id=65 kind=2 stamp=1577 tickObserved=1577 recvWall=1791545101391 sendWall=1791545101343 wireMs=48
[04:25:01] [Server thread/INFO] [STDOUT]: [com.layue13.clashweave.experiment.s3b.Experiment:log:22]: CW3 CONSUME id=65 stamp=1577 consumeTick=1578 recvObserved=1577 age=1 queueMs=0 sendWall=1791545101343 recvWall=1791545101391 consumeWall=1791545101391 accepted=true
[04:25:01] [Server thread/INFO] [STDOUT]: [com.layue13.clashweave.experiment.s3b.Experiment:log:22]: CW3 FREEZE id=65 tick=1580 target=14 attacker=15 distance=1.0
[04:25:01] [Server thread/INFO] [STDOUT]: [com.layue13.clashweave.experiment.s3b.Experiment:log:22]: CW3 RESULT id=65 lead=4 defer=2 hit=1580 commit=1582 commitWall=1791545101594 press=1577 received=1578 window=true inside=true parry=true vanillaAccepted=false loss=0.0 targetHealth=1000.0
[04:25:01] [Server thread/INFO] [STDOUT]: [com.layue13.clashweave.experiment.s3b.Experiment:log:22]: CW3 PLAN id=66 lead=4 defer=2 anchorTick=1587 hit=1599 stamp=1595 anchorWall=1791545101847 legacy=false
[04:25:02] [Netty IO #1/INFO] [STDOUT]: [com.layue13.clashweave.experiment.s3b.Experiment:log:22]: CW3 WIRE side=SERVER kind=2 id=66 wall=1791545102289 thread=Netty IO #1 observed=1595
[04:25:02] [Server thread/INFO] [STDOUT]: [com.layue13.clashweave.experiment.s3b.Experiment:log:22]: CW3 RECEIVE id=66 kind=2 stamp=1596 tickObserved=1595 recvWall=1791545102301 sendWall=1791545102289 wireMs=12
[04:25:02] [Server thread/INFO] [STDOUT]: [com.layue13.clashweave.experiment.s3b.Experiment:log:22]: CW3 CONSUME id=66 stamp=1596 consumeTick=1596 recvObserved=1595 age=0 queueMs=0 sendWall=1791545102289 recvWall=1791545102301 consumeWall=1791545102301 accepted=true
[04:25:02] [Server thread/INFO] [STDOUT]: [com.layue13.clashweave.experiment.s3b.Experiment:log:22]: CW3 FREEZE id=66 tick=1599 target=14 attacker=15 distance=1.0
[04:25:02] [Server thread/INFO] [STDOUT]: [com.layue13.clashweave.experiment.s3b.Experiment:log:22]: CW3 RESULT id=66 lead=4 defer=2 hit=1599 commit=1601 commitWall=1791545102550 press=1596 received=1596 window=true inside=true parry=true vanillaAccepted=false loss=0.0 targetHealth=1000.0
[04:25:02] [Server thread/INFO] [STDOUT]: [com.layue13.clashweave.experiment.s3b.Experiment:log:22]: CW3 PLAN id=67 lead=4 defer=2 anchorTick=1606 hit=1618 stamp=1614 anchorWall=1791545102798 legacy=false
[04:25:03] [Netty IO #1/INFO] [STDOUT]: [com.layue13.clashweave.experiment.s3b.Experiment:log:22]: CW3 WIRE side=SERVER kind=2 id=67 wall=1791545103240 thread=Netty IO #1 observed=1615
[04:25:03] [Server thread/INFO] [STDOUT]: [com.layue13.clashweave.experiment.s3b.Experiment:log:22]: CW3 RECEIVE id=67 kind=2 stamp=1615 tickObserved=1615 recvWall=1791545103302 sendWall=1791545103240 wireMs=62
[04:25:03] [Server thread/INFO] [STDOUT]: [com.layue13.clashweave.experiment.s3b.Experiment:log:22]: CW3 CONSUME id=67 stamp=1615 consumeTick=1616 recvObserved=1615 age=1 queueMs=0 sendWall=1791545103240 recvWall=1791545103302 consumeWall=1791545103302 accepted=true
[04:25:03] [Server thread/INFO] [STDOUT]: [com.layue13.clashweave.experiment.s3b.Experiment:log:22]: CW3 FREEZE id=67 tick=1618 target=14 attacker=15 distance=1.0
[04:25:03] [Server thread/INFO] [STDOUT]: [com.layue13.clashweave.experiment.s3b.Experiment:log:22]: CW3 RESULT id=67 lead=4 defer=2 hit=1618 commit=1620 commitWall=1791545103490 press=1615 received=1616 window=true inside=true parry=true vanillaAccepted=false loss=0.0 targetHealth=1000.0
[04:25:03] [Server thread/INFO] [STDOUT]: [com.layue13.clashweave.experiment.s3b.Experiment:log:22]: CW3 PLAN id=68 lead=4 defer=2 anchorTick=1625 hit=1637 stamp=1633 anchorWall=1791545103743 legacy=false
[04:25:04] [Netty IO #1/INFO] [STDOUT]: [com.layue13.clashweave.experiment.s3b.Experiment:log:22]: CW3 WIRE side=SERVER kind=2 id=68 wall=1791545104189 thread=Netty IO #1 observed=1633
[04:25:04] [Server thread/INFO] [STDOUT]: [com.layue13.clashweave.experiment.s3b.Experiment:log:22]: CW3 RECEIVE id=68 kind=2 stamp=1634 tickObserved=1633 recvWall=1791545104201 sendWall=1791545104189 wireMs=12
[04:25:04] [Server thread/INFO] [STDOUT]: [com.layue13.clashweave.experiment.s3b.Experiment:log:22]: CW3 CONSUME id=68 stamp=1634 consumeTick=1634 recvObserved=1633 age=0 queueMs=0 sendWall=1791545104189 recvWall=1791545104201 consumeWall=1791545104201 accepted=true
[04:25:04] [Server thread/INFO] [STDOUT]: [com.layue13.clashweave.experiment.s3b.Experiment:log:22]: CW3 FREEZE id=68 tick=1637 target=14 attacker=15 distance=1.0
[04:25:04] [Server thread/INFO] [STDOUT]: [com.layue13.clashweave.experiment.s3b.Experiment:log:22]: CW3 RESULT id=68 lead=4 defer=2 hit=1637 commit=1639 commitWall=1791545104450 press=1634 received=1634 window=true inside=true parry=true vanillaAccepted=false loss=0.0 targetHealth=1000.0
[04:25:04] [Server thread/INFO] [STDOUT]: [com.layue13.clashweave.experiment.s3b.Experiment:log:22]: CW3 PLAN id=69 lead=4 defer=2 anchorTick=1644 hit=1656 stamp=1652 anchorWall=1791545104701 legacy=false
[04:25:05] [Netty IO #1/INFO] [STDOUT]: [com.layue13.clashweave.experiment.s3b.Experiment:log:22]: CW3 WIRE side=SERVER kind=2 id=69 wall=1791545105145 thread=Netty IO #1 observed=1653
[04:25:05] [Server thread/INFO] [STDOUT]: [com.layue13.clashweave.experiment.s3b.Experiment:log:22]: CW3 RECEIVE id=69 kind=2 stamp=1653 tickObserved=1653 recvWall=1791545105191 sendWall=1791545105145 wireMs=46
[04:25:05] [Server thread/INFO] [STDOUT]: [com.layue13.clashweave.experiment.s3b.Experiment:log:22]: CW3 CONSUME id=69 stamp=1653 consumeTick=1654 recvObserved=1653 age=1 queueMs=0 sendWall=1791545105145 recvWall=1791545105191 consumeWall=1791545105191 accepted=true
[04:25:05] [Server thread/INFO] [STDOUT]: [com.layue13.clashweave.experiment.s3b.Experiment:log:22]: CW3 FREEZE id=69 tick=1656 target=14 attacker=15 distance=1.0
[04:25:05] [Server thread/INFO] [STDOUT]: [com.layue13.clashweave.experiment.s3b.Experiment:log:22]: CW3 RESULT id=69 lead=4 defer=2 hit=1656 commit=1658 commitWall=1791545105395 press=1653 received=1654 window=true inside=true parry=true vanillaAccepted=false loss=0.0 targetHealth=1000.0
[04:25:05] [Server thread/INFO] [STDOUT]: [com.layue13.clashweave.experiment.s3b.Experiment:log:22]: CW3 PLAN id=70 lead=0 defer=3 anchorTick=1663 hit=1675 stamp=1675 anchorWall=1791545105648 legacy=false
[04:25:06] [Server thread/INFO] [STDOUT]: [com.layue13.clashweave.experiment.s3b.Experiment:log:22]: CW3 FREEZE id=70 tick=1675 target=14 attacker=15 distance=1.0
[04:25:06] [Netty IO #1/INFO] [STDOUT]: [com.layue13.clashweave.experiment.s3b.Experiment:log:22]: CW3 WIRE side=SERVER kind=2 id=70 wall=1791545106292 thread=Netty IO #1 observed=1676
[04:25:06] [Server thread/INFO] [STDOUT]: [com.layue13.clashweave.experiment.s3b.Experiment:log:22]: CW3 RECEIVE id=70 kind=2 stamp=1676 tickObserved=1676 recvWall=1791545106339 sendWall=1791545106292 wireMs=47
[04:25:06] [Server thread/INFO] [STDOUT]: [com.layue13.clashweave.experiment.s3b.Experiment:log:22]: CW3 CONSUME id=70 stamp=1676 consumeTick=1677 recvObserved=1676 age=1 queueMs=0 sendWall=1791545106292 recvWall=1791545106339 consumeWall=1791545106339 accepted=true
[04:25:06] [Server thread/INFO] [STDOUT]: [com.layue13.clashweave.experiment.s3b.Experiment:log:22]: CW3 RESULT id=70 lead=0 defer=3 hit=1675 commit=1678 commitWall=1791545106401 press=1676 received=1677 window=false inside=true parry=false vanillaAccepted=true loss=1.0 targetHealth=999.0
[04:25:06] [Server thread/INFO] [STDOUT]: [com.layue13.clashweave.experiment.s3b.Experiment:log:22]: CW3 PLAN id=71 lead=0 defer=3 anchorTick=1683 hit=1695 stamp=1695 anchorWall=1791545106638 legacy=false
[04:25:07] [Netty IO #1/INFO] [STDOUT]: [com.layue13.clashweave.experiment.s3b.Experiment:log:22]: CW3 WIRE side=SERVER kind=2 id=71 wall=1791545107239 thread=Netty IO #1 observed=1694
[04:25:07] [Server thread/INFO] [STDOUT]: [com.layue13.clashweave.experiment.s3b.Experiment:log:22]: CW3 RECEIVE id=71 kind=2 stamp=1695 tickObserved=1694 recvWall=1791545107250 sendWall=1791545107239 wireMs=11
[04:25:07] [Server thread/INFO] [STDOUT]: [com.layue13.clashweave.experiment.s3b.Experiment:log:22]: CW3 CONSUME id=71 stamp=1695 consumeTick=1695 recvObserved=1694 age=0 queueMs=15 sendWall=1791545107239 recvWall=1791545107250 consumeWall=1791545107265 accepted=true
[04:25:07] [Server thread/INFO] [STDOUT]: [com.layue13.clashweave.experiment.s3b.Experiment:log:22]: CW3 FREEZE id=71 tick=1695 target=14 attacker=15 distance=1.0
[04:25:07] [Server thread/INFO] [STDOUT]: [com.layue13.clashweave.experiment.s3b.Experiment:log:22]: CW3 RESULT id=71 lead=0 defer=3 hit=1695 commit=1698 commitWall=1791545107392 press=1695 received=1695 window=true inside=true parry=true vanillaAccepted=false loss=0.0 targetHealth=1000.0
[04:25:07] [Server thread/INFO] [STDOUT]: [com.layue13.clashweave.experiment.s3b.Experiment:log:22]: CW3 PLAN id=72 lead=0 defer=3 anchorTick=1703 hit=1715 stamp=1715 anchorWall=1791545107641 legacy=false
[04:25:08] [Server thread/INFO] [STDOUT]: [com.layue13.clashweave.experiment.s3b.Experiment:log:22]: CW3 FREEZE id=72 tick=1715 target=14 attacker=15 distance=1.0
[04:25:08] [Netty IO #1/INFO] [STDOUT]: [com.layue13.clashweave.experiment.s3b.Experiment:log:22]: CW3 WIRE side=SERVER kind=2 id=72 wall=1791545108288 thread=Netty IO #1 observed=1715
[04:25:08] [Server thread/INFO] [STDOUT]: [com.layue13.clashweave.experiment.s3b.Experiment:log:22]: CW3 RECEIVE id=72 kind=2 stamp=1716 tickObserved=1715 recvWall=1791545108303 sendWall=1791545108288 wireMs=15
[04:25:08] [Server thread/INFO] [STDOUT]: [com.layue13.clashweave.experiment.s3b.Experiment:log:22]: CW3 CONSUME id=72 stamp=1716 consumeTick=1716 recvObserved=1715 age=0 queueMs=0 sendWall=1791545108288 recvWall=1791545108303 consumeWall=1791545108303 accepted=true
[04:25:08] [Server thread/INFO] [STDOUT]: [com.layue13.clashweave.experiment.s3b.Experiment:log:22]: CW3 RESULT id=72 lead=0 defer=3 hit=1715 commit=1718 commitWall=1791545108396 press=1716 received=1716 window=false inside=true parry=false vanillaAccepted=true loss=1.0 targetHealth=999.0
[04:25:08] [Server thread/INFO] [STDOUT]: [com.layue13.clashweave.experiment.s3b.Experiment:log:22]: CW3 PLAN id=73 lead=0 defer=3 anchorTick=1723 hit=1735 stamp=1735 anchorWall=1791545108645 legacy=false
[04:25:09] [Server thread/INFO] [STDOUT]: [com.layue13.clashweave.experiment.s3b.Experiment:log:22]: CW3 FREEZE id=73 tick=1735 target=14 attacker=15 distance=1.0
[04:25:09] [Netty IO #1/INFO] [STDOUT]: [com.layue13.clashweave.experiment.s3b.Experiment:log:22]: CW3 WIRE side=SERVER kind=2 id=73 wall=1791545109288 thread=Netty IO #1 observed=1735
[04:25:09] [Server thread/INFO] [STDOUT]: [com.layue13.clashweave.experiment.s3b.Experiment:log:22]: CW3 RECEIVE id=73 kind=2 stamp=1736 tickObserved=1736 recvWall=1791545109350 sendWall=1791545109288 wireMs=62
[04:25:09] [Server thread/INFO] [STDOUT]: [com.layue13.clashweave.experiment.s3b.Experiment:log:22]: CW3 CONSUME id=73 stamp=1736 consumeTick=1737 recvObserved=1736 age=1 queueMs=0 sendWall=1791545109288 recvWall=1791545109350 consumeWall=1791545109350 accepted=true
[04:25:09] [Server thread/INFO] [STDOUT]: [com.layue13.clashweave.experiment.s3b.Experiment:log:22]: CW3 RESULT id=73 lead=0 defer=3 hit=1735 commit=1738 commitWall=1791545109397 press=1736 received=1737 window=false inside=true parry=false vanillaAccepted=true loss=1.0 targetHealth=999.0
[04:25:09] [Server thread/INFO] [STDOUT]: [com.layue13.clashweave.experiment.s3b.Experiment:log:22]: CW3 PLAN id=74 lead=0 defer=3 anchorTick=1743 hit=1755 stamp=1755 anchorWall=1791545109645 legacy=false
[04:25:10] [Server thread/INFO] [STDOUT]: [com.layue13.clashweave.experiment.s3b.Experiment:log:22]: CW3 FREEZE id=74 tick=1755 target=14 attacker=15 distance=1.0
[04:25:10] [Netty IO #1/INFO] [STDOUT]: [com.layue13.clashweave.experiment.s3b.Experiment:log:22]: CW3 WIRE side=SERVER kind=2 id=74 wall=1791545110289 thread=Netty IO #1 observed=1755
[04:25:10] [Server thread/INFO] [STDOUT]: [com.layue13.clashweave.experiment.s3b.Experiment:log:22]: CW3 RECEIVE id=74 kind=2 stamp=1756 tickObserved=1755 recvWall=1791545110300 sendWall=1791545110289 wireMs=11
[04:25:10] [Server thread/INFO] [STDOUT]: [com.layue13.clashweave.experiment.s3b.Experiment:log:22]: CW3 CONSUME id=74 stamp=1756 consumeTick=1756 recvObserved=1755 age=0 queueMs=0 sendWall=1791545110289 recvWall=1791545110300 consumeWall=1791545110300 accepted=true
[04:25:10] [Server thread/INFO] [STDOUT]: [com.layue13.clashweave.experiment.s3b.Experiment:log:22]: CW3 RESULT id=74 lead=0 defer=3 hit=1755 commit=1758 commitWall=1791545110395 press=1756 received=1756 window=false inside=true parry=false vanillaAccepted=true loss=1.0 targetHealth=999.0
[04:25:10] [Server thread/INFO] [STDOUT]: [com.layue13.clashweave.experiment.s3b.Experiment:log:22]: CW3 PLAN id=75 lead=0 defer=3 anchorTick=1763 hit=1775 stamp=1775 anchorWall=1791545110645 legacy=false
[04:25:11] [Server thread/INFO] [STDOUT]: [com.layue13.clashweave.experiment.s3b.Experiment:log:22]: CW3 FREEZE id=75 tick=1775 target=14 attacker=15 distance=1.0
[04:25:11] [Netty IO #1/INFO] [STDOUT]: [com.layue13.clashweave.experiment.s3b.Experiment:log:22]: CW3 WIRE side=SERVER kind=2 id=75 wall=1791545111291 thread=Netty IO #1 observed=1776
[04:25:11] [Server thread/INFO] [STDOUT]: [com.layue13.clashweave.experiment.s3b.Experiment:log:22]: CW3 RECEIVE id=75 kind=2 stamp=1776 tickObserved=1776 recvWall=1791545111338 sendWall=1791545111291 wireMs=47
[04:25:11] [Server thread/INFO] [STDOUT]: [com.layue13.clashweave.experiment.s3b.Experiment:log:22]: CW3 CONSUME id=75 stamp=1776 consumeTick=1777 recvObserved=1776 age=1 queueMs=0 sendWall=1791545111291 recvWall=1791545111338 consumeWall=1791545111338 accepted=true
[04:25:11] [Server thread/INFO] [STDOUT]: [com.layue13.clashweave.experiment.s3b.Experiment:log:22]: CW3 RESULT id=75 lead=0 defer=3 hit=1775 commit=1778 commitWall=1791545111400 press=1776 received=1777 window=false inside=true parry=false vanillaAccepted=true loss=1.0 targetHealth=999.0
[04:25:11] [Server thread/INFO] [STDOUT]: [com.layue13.clashweave.experiment.s3b.Experiment:log:22]: CW3 PLAN id=76 lead=0 defer=3 anchorTick=1783 hit=1795 stamp=1795 anchorWall=1791545111652 legacy=false
[04:25:12] [Server thread/INFO] [STDOUT]: [com.layue13.clashweave.experiment.s3b.Experiment:log:22]: CW3 FREEZE id=76 tick=1795 target=14 attacker=15 distance=1.0
[04:25:12] [Netty IO #1/INFO] [STDOUT]: [com.layue13.clashweave.experiment.s3b.Experiment:log:22]: CW3 WIRE side=SERVER kind=2 id=76 wall=1791545112289 thread=Netty IO #1 observed=1795
[04:25:12] [Server thread/INFO] [STDOUT]: [com.layue13.clashweave.experiment.s3b.Experiment:log:22]: CW3 RECEIVE id=76 kind=2 stamp=1796 tickObserved=1795 recvWall=1791545112297 sendWall=1791545112289 wireMs=8
[04:25:12] [Server thread/INFO] [STDOUT]: [com.layue13.clashweave.experiment.s3b.Experiment:log:22]: CW3 CONSUME id=76 stamp=1796 consumeTick=1796 recvObserved=1795 age=0 queueMs=0 sendWall=1791545112289 recvWall=1791545112297 consumeWall=1791545112297 accepted=true
[04:25:12] [Server thread/INFO] [STDOUT]: [com.layue13.clashweave.experiment.s3b.Experiment:log:22]: CW3 RESULT id=76 lead=0 defer=3 hit=1795 commit=1798 commitWall=1791545112392 press=1796 received=1796 window=false inside=true parry=false vanillaAccepted=true loss=1.0 targetHealth=999.0
[04:25:12] [Server thread/INFO] [STDOUT]: [com.layue13.clashweave.experiment.s3b.Experiment:log:22]: CW3 PLAN id=77 lead=0 defer=3 anchorTick=1803 hit=1815 stamp=1815 anchorWall=1791545112642 legacy=false
[04:25:13] [Server thread/INFO] [STDOUT]: [com.layue13.clashweave.experiment.s3b.Experiment:log:22]: CW3 FREEZE id=77 tick=1815 target=14 attacker=15 distance=1.0
[04:25:13] [Netty IO #1/INFO] [STDOUT]: [com.layue13.clashweave.experiment.s3b.Experiment:log:22]: CW3 WIRE side=SERVER kind=2 id=77 wall=1791545113290 thread=Netty IO #1 observed=1815
[04:25:13] [Server thread/INFO] [STDOUT]: [com.layue13.clashweave.experiment.s3b.Experiment:log:22]: CW3 RECEIVE id=77 kind=2 stamp=1816 tickObserved=1815 recvWall=1791545113301 sendWall=1791545113290 wireMs=11
[04:25:13] [Server thread/INFO] [STDOUT]: [com.layue13.clashweave.experiment.s3b.Experiment:log:22]: CW3 CONSUME id=77 stamp=1816 consumeTick=1816 recvObserved=1815 age=0 queueMs=0 sendWall=1791545113290 recvWall=1791545113301 consumeWall=1791545113301 accepted=true
[04:25:13] [Server thread/INFO] [STDOUT]: [com.layue13.clashweave.experiment.s3b.Experiment:log:22]: CW3 RESULT id=77 lead=0 defer=3 hit=1815 commit=1818 commitWall=1791545113394 press=1816 received=1816 window=false inside=true parry=false vanillaAccepted=true loss=1.0 targetHealth=999.0
[04:25:13] [Server thread/INFO] [STDOUT]: [com.layue13.clashweave.experiment.s3b.Experiment:log:22]: CW3 PLAN id=78 lead=0 defer=3 anchorTick=1823 hit=1835 stamp=1835 anchorWall=1791545113645 legacy=false
[04:25:14] [Server thread/INFO] [STDOUT]: [com.layue13.clashweave.experiment.s3b.Experiment:log:22]: CW3 FREEZE id=78 tick=1835 target=14 attacker=15 distance=1.0
[04:25:14] [Netty IO #1/INFO] [STDOUT]: [com.layue13.clashweave.experiment.s3b.Experiment:log:22]: CW3 WIRE side=SERVER kind=2 id=78 wall=1791545114290 thread=Netty IO #1 observed=1835
[04:25:14] [Server thread/INFO] [STDOUT]: [com.layue13.clashweave.experiment.s3b.Experiment:log:22]: CW3 RECEIVE id=78 kind=2 stamp=1836 tickObserved=1835 recvWall=1791545114303 sendWall=1791545114290 wireMs=13
[04:25:14] [Server thread/INFO] [STDOUT]: [com.layue13.clashweave.experiment.s3b.Experiment:log:22]: CW3 CONSUME id=78 stamp=1836 consumeTick=1836 recvObserved=1835 age=0 queueMs=0 sendWall=1791545114290 recvWall=1791545114303 consumeWall=1791545114303 accepted=true
[04:25:14] [Server thread/INFO] [STDOUT]: [com.layue13.clashweave.experiment.s3b.Experiment:log:22]: CW3 RESULT id=78 lead=0 defer=3 hit=1835 commit=1838 commitWall=1791545114397 press=1836 received=1836 window=false inside=true parry=false vanillaAccepted=true loss=1.0 targetHealth=999.0
[04:25:14] [Server thread/INFO] [STDOUT]: [com.layue13.clashweave.experiment.s3b.Experiment:log:22]: CW3 PLAN id=79 lead=0 defer=3 anchorTick=1843 hit=1855 stamp=1855 anchorWall=1791545114651 legacy=false
[04:25:15] [Server thread/INFO] [STDOUT]: [com.layue13.clashweave.experiment.s3b.Experiment:log:22]: CW3 FREEZE id=79 tick=1855 target=14 attacker=15 distance=1.0
[04:25:15] [Netty IO #1/INFO] [STDOUT]: [com.layue13.clashweave.experiment.s3b.Experiment:log:22]: CW3 WIRE side=SERVER kind=2 id=79 wall=1791545115291 thread=Netty IO #1 observed=1856
[04:25:15] [Server thread/INFO] [STDOUT]: [com.layue13.clashweave.experiment.s3b.Experiment:log:22]: CW3 RECEIVE id=79 kind=2 stamp=1856 tickObserved=1856 recvWall=1791545115338 sendWall=1791545115291 wireMs=47
[04:25:15] [Server thread/INFO] [STDOUT]: [com.layue13.clashweave.experiment.s3b.Experiment:log:22]: CW3 CONSUME id=79 stamp=1856 consumeTick=1857 recvObserved=1856 age=1 queueMs=0 sendWall=1791545115291 recvWall=1791545115338 consumeWall=1791545115338 accepted=true
[04:25:15] [Server thread/INFO] [STDOUT]: [com.layue13.clashweave.experiment.s3b.Experiment:log:22]: CW3 RESULT id=79 lead=0 defer=3 hit=1855 commit=1858 commitWall=1791545115401 press=1856 received=1857 window=false inside=true parry=false vanillaAccepted=true loss=1.0 targetHealth=999.0
[04:25:15] [Server thread/INFO] [STDOUT]: [com.layue13.clashweave.experiment.s3b.Experiment:log:22]: CW3 PLAN id=80 lead=1 defer=3 anchorTick=1863 hit=1875 stamp=1874 anchorWall=1791545115651 legacy=false
[04:25:16] [Server thread/INFO] [STDOUT]: [com.layue13.clashweave.experiment.s3b.Experiment:log:22]: CW3 FREEZE id=80 tick=1875 target=14 attacker=15 distance=1.0
[04:25:16] [Netty IO #1/INFO] [STDOUT]: [com.layue13.clashweave.experiment.s3b.Experiment:log:22]: CW3 WIRE side=SERVER kind=2 id=80 wall=1791545116244 thread=Netty IO #1 observed=1875
[04:25:16] [Server thread/INFO] [STDOUT]: [com.layue13.clashweave.experiment.s3b.Experiment:log:22]: CW3 RECEIVE id=80 kind=2 stamp=1875 tickObserved=1875 recvWall=1791545116291 sendWall=1791545116244 wireMs=47
[04:25:16] [Server thread/INFO] [STDOUT]: [com.layue13.clashweave.experiment.s3b.Experiment:log:22]: CW3 CONSUME id=80 stamp=1875 consumeTick=1876 recvObserved=1875 age=1 queueMs=0 sendWall=1791545116244 recvWall=1791545116291 consumeWall=1791545116291 accepted=true
[04:25:16] [Server thread/INFO] [STDOUT]: [com.layue13.clashweave.experiment.s3b.Experiment:log:22]: CW3 RESULT id=80 lead=1 defer=3 hit=1875 commit=1878 commitWall=1791545116402 press=1875 received=1876 window=true inside=true parry=true vanillaAccepted=false loss=0.0 targetHealth=1000.0
[04:25:16] [Server thread/INFO] [STDOUT]: [com.layue13.clashweave.experiment.s3b.Experiment:log:22]: CW3 PLAN id=81 lead=1 defer=3 anchorTick=1883 hit=1895 stamp=1894 anchorWall=1791545116652 legacy=false
[04:25:17] [Netty IO #1/INFO] [STDOUT]: [com.layue13.clashweave.experiment.s3b.Experiment:log:22]: CW3 WIRE side=SERVER kind=2 id=81 wall=1791545117239 thread=Netty IO #1 observed=1894
[04:25:17] [Server thread/INFO] [STDOUT]: [com.layue13.clashweave.experiment.s3b.Experiment:log:22]: CW3 RECEIVE id=81 kind=2 stamp=1895 tickObserved=1894 recvWall=1791545117252 sendWall=1791545117239 wireMs=13
[04:25:17] [Server thread/INFO] [STDOUT]: [com.layue13.clashweave.experiment.s3b.Experiment:log:22]: CW3 CONSUME id=81 stamp=1895 consumeTick=1895 recvObserved=1894 age=0 queueMs=0 sendWall=1791545117239 recvWall=1791545117252 consumeWall=1791545117252 accepted=true
[04:25:17] [Server thread/INFO] [STDOUT]: [com.layue13.clashweave.experiment.s3b.Experiment:log:22]: CW3 FREEZE id=81 tick=1895 target=14 attacker=15 distance=1.0
[04:25:17] [Server thread/INFO] [STDOUT]: [com.layue13.clashweave.experiment.s3b.Experiment:log:22]: CW3 RESULT id=81 lead=1 defer=3 hit=1895 commit=1898 commitWall=1791545117394 press=1895 received=1895 window=true inside=true parry=true vanillaAccepted=false loss=0.0 targetHealth=1000.0
[04:25:17] [Server thread/INFO] [STDOUT]: [com.layue13.clashweave.experiment.s3b.Experiment:log:22]: CW3 PLAN id=82 lead=1 defer=3 anchorTick=1903 hit=1915 stamp=1914 anchorWall=1791545117645 legacy=false
[04:25:18] [Server thread/INFO] [STDOUT]: [com.layue13.clashweave.experiment.s3b.Experiment:log:22]: CW3 FREEZE id=82 tick=1915 target=14 attacker=15 distance=1.0
[04:25:18] [Netty IO #1/INFO] [STDOUT]: [com.layue13.clashweave.experiment.s3b.Experiment:log:22]: CW3 WIRE side=SERVER kind=2 id=82 wall=1791545118240 thread=Netty IO #1 observed=1915
[04:25:18] [Server thread/INFO] [STDOUT]: [com.layue13.clashweave.experiment.s3b.Experiment:log:22]: CW3 RECEIVE id=82 kind=2 stamp=1915 tickObserved=1915 recvWall=1791545118303 sendWall=1791545118240 wireMs=63
[04:25:18] [Server thread/INFO] [STDOUT]: [com.layue13.clashweave.experiment.s3b.Experiment:log:22]: CW3 CONSUME id=82 stamp=1915 consumeTick=1916 recvObserved=1915 age=1 queueMs=0 sendWall=1791545118240 recvWall=1791545118303 consumeWall=1791545118303 accepted=true
[04:25:18] [Server thread/INFO] [STDOUT]: [com.layue13.clashweave.experiment.s3b.Experiment:log:22]: CW3 RESULT id=82 lead=1 defer=3 hit=1915 commit=1918 commitWall=1791545118397 press=1915 received=1916 window=true inside=true parry=true vanillaAccepted=false loss=0.0 targetHealth=1000.0
[04:25:18] [Server thread/INFO] [STDOUT]: [com.layue13.clashweave.experiment.s3b.Experiment:log:22]: CW3 PLAN id=83 lead=1 defer=3 anchorTick=1923 hit=1935 stamp=1934 anchorWall=1791545118650 legacy=false
[04:25:19] [Server thread/INFO] [STDOUT]: [com.layue13.clashweave.experiment.s3b.Experiment:log:22]: CW3 FREEZE id=83 tick=1935 target=14 attacker=15 distance=1.0
[04:25:19] [Netty IO #1/INFO] [STDOUT]: [com.layue13.clashweave.experiment.s3b.Experiment:log:22]: CW3 WIRE side=SERVER kind=2 id=83 wall=1791545119244 thread=Netty IO #1 observed=1935
[04:25:19] [Server thread/INFO] [STDOUT]: [com.layue13.clashweave.experiment.s3b.Experiment:log:22]: CW3 RECEIVE id=83 kind=2 stamp=1935 tickObserved=1935 recvWall=1791545119291 sendWall=1791545119244 wireMs=47
[04:25:19] [Server thread/INFO] [STDOUT]: [com.layue13.clashweave.experiment.s3b.Experiment:log:22]: CW3 CONSUME id=83 stamp=1935 consumeTick=1936 recvObserved=1935 age=1 queueMs=0 sendWall=1791545119244 recvWall=1791545119291 consumeWall=1791545119291 accepted=true
[04:25:19] [Server thread/INFO] [STDOUT]: [com.layue13.clashweave.experiment.s3b.Experiment:log:22]: CW3 RESULT id=83 lead=1 defer=3 hit=1935 commit=1938 commitWall=1791545119401 press=1935 received=1936 window=true inside=true parry=true vanillaAccepted=false loss=0.0 targetHealth=1000.0
[04:25:19] [Server thread/INFO] [STDOUT]: [com.layue13.clashweave.experiment.s3b.Experiment:log:22]: CW3 PLAN id=84 lead=1 defer=3 anchorTick=1943 hit=1955 stamp=1954 anchorWall=1791545119651 legacy=false
[04:25:20] [Server thread/INFO] [STDOUT]: [com.layue13.clashweave.experiment.s3b.Experiment:log:22]: CW3 FREEZE id=84 tick=1955 target=14 attacker=15 distance=1.0
[04:25:20] [Netty IO #1/INFO] [STDOUT]: [com.layue13.clashweave.experiment.s3b.Experiment:log:22]: CW3 WIRE side=SERVER kind=2 id=84 wall=1791545120244 thread=Netty IO #1 observed=1955
[04:25:20] [Server thread/INFO] [STDOUT]: [com.layue13.clashweave.experiment.s3b.Experiment:log:22]: CW3 RECEIVE id=84 kind=2 stamp=1955 tickObserved=1955 recvWall=1791545120291 sendWall=1791545120244 wireMs=47
[04:25:20] [Server thread/INFO] [STDOUT]: [com.layue13.clashweave.experiment.s3b.Experiment:log:22]: CW3 CONSUME id=84 stamp=1955 consumeTick=1956 recvObserved=1955 age=1 queueMs=0 sendWall=1791545120244 recvWall=1791545120291 consumeWall=1791545120291 accepted=true
[04:25:20] [Server thread/INFO] [STDOUT]: [com.layue13.clashweave.experiment.s3b.Experiment:log:22]: CW3 RESULT id=84 lead=1 defer=3 hit=1955 commit=1958 commitWall=1791545120399 press=1955 received=1956 window=true inside=true parry=true vanillaAccepted=false loss=0.0 targetHealth=1000.0
[04:25:20] [Server thread/INFO] [STDOUT]: [com.layue13.clashweave.experiment.s3b.Experiment:log:22]: CW3 PLAN id=85 lead=1 defer=3 anchorTick=1963 hit=1975 stamp=1974 anchorWall=1791545120650 legacy=false
[04:25:21] [Server thread/INFO] [STDOUT]: [com.layue13.clashweave.experiment.s3b.Experiment:log:22]: CW3 FREEZE id=85 tick=1975 target=14 attacker=15 distance=1.0
[04:25:21] [Netty IO #1/INFO] [STDOUT]: [com.layue13.clashweave.experiment.s3b.Experiment:log:22]: CW3 WIRE side=SERVER kind=2 id=85 wall=1791545121244 thread=Netty IO #1 observed=1975
[04:25:21] [Server thread/INFO] [STDOUT]: [com.layue13.clashweave.experiment.s3b.Experiment:log:22]: CW3 RECEIVE id=85 kind=2 stamp=1975 tickObserved=1975 recvWall=1791545121290 sendWall=1791545121244 wireMs=46
[04:25:21] [Server thread/INFO] [STDOUT]: [com.layue13.clashweave.experiment.s3b.Experiment:log:22]: CW3 CONSUME id=85 stamp=1975 consumeTick=1976 recvObserved=1975 age=1 queueMs=0 sendWall=1791545121244 recvWall=1791545121290 consumeWall=1791545121290 accepted=true
[04:25:21] [Server thread/INFO] [STDOUT]: [com.layue13.clashweave.experiment.s3b.Experiment:log:22]: CW3 RESULT id=85 lead=1 defer=3 hit=1975 commit=1978 commitWall=1791545121400 press=1975 received=1976 window=true inside=true parry=true vanillaAccepted=false loss=0.0 targetHealth=1000.0
[04:25:21] [Server thread/INFO] [STDOUT]: [com.layue13.clashweave.experiment.s3b.Experiment:log:22]: CW3 PLAN id=86 lead=1 defer=3 anchorTick=1983 hit=1995 stamp=1994 anchorWall=1791545121638 legacy=false
[04:25:22] [Netty IO #1/INFO] [STDOUT]: [com.layue13.clashweave.experiment.s3b.Experiment:log:22]: CW3 WIRE side=SERVER kind=2 id=86 wall=1791545122189 thread=Netty IO #1 observed=1993
[04:25:22] [Server thread/INFO] [STDOUT]: [com.layue13.clashweave.experiment.s3b.Experiment:log:22]: CW3 RECEIVE id=86 kind=2 stamp=1994 tickObserved=1993 recvWall=1791545122202 sendWall=1791545122189 wireMs=13
[04:25:22] [Server thread/INFO] [STDOUT]: [com.layue13.clashweave.experiment.s3b.Experiment:log:22]: CW3 CONSUME id=86 stamp=1994 consumeTick=1994 recvObserved=1993 age=0 queueMs=0 sendWall=1791545122189 recvWall=1791545122202 consumeWall=1791545122202 accepted=true
[04:25:22] [Server thread/INFO] [STDOUT]: [com.layue13.clashweave.experiment.s3b.Experiment:log:22]: CW3 FREEZE id=86 tick=1995 target=14 attacker=15 distance=1.0
[04:25:22] [Server thread/INFO] [STDOUT]: [com.layue13.clashweave.experiment.s3b.Experiment:log:22]: CW3 RESULT id=86 lead=1 defer=3 hit=1995 commit=1998 commitWall=1791545122391 press=1994 received=1994 window=true inside=true parry=true vanillaAccepted=false loss=0.0 targetHealth=1000.0
[04:25:22] [Server thread/INFO] [STDOUT]: [com.layue13.clashweave.experiment.s3b.Experiment:log:22]: CW3 PLAN id=87 lead=1 defer=3 anchorTick=2003 hit=2015 stamp=2014 anchorWall=1791545122645 legacy=false
[04:25:23] [Server thread/INFO] [STDOUT]: [com.layue13.clashweave.experiment.s3b.Experiment:log:22]: CW3 FREEZE id=87 tick=2015 target=14 attacker=15 distance=1.0
[04:25:23] [Netty IO #1/INFO] [STDOUT]: [com.layue13.clashweave.experiment.s3b.Experiment:log:22]: CW3 WIRE side=SERVER kind=2 id=87 wall=1791545123242 thread=Netty IO #1 observed=2015
[04:25:23] [Server thread/INFO] [STDOUT]: [com.layue13.clashweave.experiment.s3b.Experiment:log:22]: CW3 RECEIVE id=87 kind=2 stamp=2015 tickObserved=2015 recvWall=1791545123290 sendWall=1791545123242 wireMs=48
[04:25:23] [Server thread/INFO] [STDOUT]: [com.layue13.clashweave.experiment.s3b.Experiment:log:22]: CW3 CONSUME id=87 stamp=2015 consumeTick=2016 recvObserved=2015 age=1 queueMs=0 sendWall=1791545123242 recvWall=1791545123290 consumeWall=1791545123290 accepted=true
[04:25:23] [Server thread/INFO] [STDOUT]: [com.layue13.clashweave.experiment.s3b.Experiment:log:22]: CW3 RESULT id=87 lead=1 defer=3 hit=2015 commit=2018 commitWall=1791545123400 press=2015 received=2016 window=true inside=true parry=true vanillaAccepted=false loss=0.0 targetHealth=1000.0
[04:25:23] [Server thread/INFO] [STDOUT]: [com.layue13.clashweave.experiment.s3b.Experiment:log:22]: CW3 PLAN id=88 lead=1 defer=3 anchorTick=2023 hit=2035 stamp=2034 anchorWall=1791545123652 legacy=false
[04:25:24] [Netty IO #1/INFO] [STDOUT]: [com.layue13.clashweave.experiment.s3b.Experiment:log:22]: CW3 WIRE side=SERVER kind=2 id=88 wall=1791545124239 thread=Netty IO #1 observed=2034
[04:25:24] [Server thread/INFO] [STDOUT]: [com.layue13.clashweave.experiment.s3b.Experiment:log:22]: CW3 RECEIVE id=88 kind=2 stamp=2035 tickObserved=2034 recvWall=1791545124248 sendWall=1791545124239 wireMs=9
[04:25:24] [Server thread/INFO] [STDOUT]: [com.layue13.clashweave.experiment.s3b.Experiment:log:22]: CW3 CONSUME id=88 stamp=2035 consumeTick=2035 recvObserved=2034 age=0 queueMs=0 sendWall=1791545124239 recvWall=1791545124248 consumeWall=1791545124248 accepted=true
[04:25:24] [Server thread/INFO] [STDOUT]: [com.layue13.clashweave.experiment.s3b.Experiment:log:22]: CW3 FREEZE id=88 tick=2035 target=14 attacker=15 distance=1.0
[04:25:24] [Server thread/INFO] [STDOUT]: [com.layue13.clashweave.experiment.s3b.Experiment:log:22]: CW3 RESULT id=88 lead=1 defer=3 hit=2035 commit=2038 commitWall=1791545124390 press=2035 received=2035 window=true inside=true parry=true vanillaAccepted=false loss=0.0 targetHealth=1000.0
[04:25:24] [Server thread/INFO] [STDOUT]: [com.layue13.clashweave.experiment.s3b.Experiment:log:22]: CW3 PLAN id=89 lead=1 defer=3 anchorTick=2043 hit=2055 stamp=2054 anchorWall=1791545124641 legacy=false
[04:25:25] [Netty IO #1/INFO] [STDOUT]: [com.layue13.clashweave.experiment.s3b.Experiment:log:22]: CW3 WIRE side=SERVER kind=2 id=89 wall=1791545125193 thread=Netty IO #1 observed=2054
[04:25:25] [Server thread/INFO] [STDOUT]: [com.layue13.clashweave.experiment.s3b.Experiment:log:22]: CW3 RECEIVE id=89 kind=2 stamp=2054 tickObserved=2054 recvWall=1791545125241 sendWall=1791545125193 wireMs=48
[04:25:25] [Server thread/INFO] [STDOUT]: [com.layue13.clashweave.experiment.s3b.Experiment:log:22]: CW3 CONSUME id=89 stamp=2054 consumeTick=2055 recvObserved=2054 age=1 queueMs=0 sendWall=1791545125193 recvWall=1791545125241 consumeWall=1791545125241 accepted=true
[04:25:25] [Server thread/INFO] [STDOUT]: [com.layue13.clashweave.experiment.s3b.Experiment:log:22]: CW3 FREEZE id=89 tick=2055 target=14 attacker=15 distance=1.0
[04:25:25] [Server thread/INFO] [STDOUT]: [com.layue13.clashweave.experiment.s3b.Experiment:log:22]: CW3 RESULT id=89 lead=1 defer=3 hit=2055 commit=2058 commitWall=1791545125398 press=2054 received=2055 window=true inside=true parry=true vanillaAccepted=false loss=0.0 targetHealth=1000.0
[04:25:25] [Server thread/INFO] [STDOUT]: [com.layue13.clashweave.experiment.s3b.Experiment:log:22]: CW3 PLAN id=90 lead=2 defer=3 anchorTick=2063 hit=2075 stamp=2073 anchorWall=1791545125649 legacy=false
[04:25:26] [Netty IO #1/INFO] [STDOUT]: [com.layue13.clashweave.experiment.s3b.Experiment:log:22]: CW3 WIRE side=SERVER kind=2 id=90 wall=1791545126189 thread=Netty IO #1 observed=2073
[04:25:26] [Server thread/INFO] [STDOUT]: [com.layue13.clashweave.experiment.s3b.Experiment:log:22]: CW3 RECEIVE id=90 kind=2 stamp=2074 tickObserved=2073 recvWall=1791545126199 sendWall=1791545126189 wireMs=10
[04:25:26] [Server thread/INFO] [STDOUT]: [com.layue13.clashweave.experiment.s3b.Experiment:log:22]: CW3 CONSUME id=90 stamp=2074 consumeTick=2074 recvObserved=2073 age=0 queueMs=1 sendWall=1791545126189 recvWall=1791545126199 consumeWall=1791545126200 accepted=true
[04:25:26] [Server thread/INFO] [STDOUT]: [com.layue13.clashweave.experiment.s3b.Experiment:log:22]: CW3 FREEZE id=90 tick=2075 target=14 attacker=15 distance=1.0
[04:25:26] [Server thread/INFO] [STDOUT]: [com.layue13.clashweave.experiment.s3b.Experiment:log:22]: CW3 RESULT id=90 lead=2 defer=3 hit=2075 commit=2078 commitWall=1791545126402 press=2074 received=2074 window=true inside=true parry=true vanillaAccepted=false loss=0.0 targetHealth=1000.0
[04:25:26] [Server thread/INFO] [STDOUT]: [com.layue13.clashweave.experiment.s3b.Experiment:log:22]: CW3 PLAN id=91 lead=2 defer=3 anchorTick=2083 hit=2095 stamp=2093 anchorWall=1791545126653 legacy=false
[04:25:27] [Netty IO #1/INFO] [STDOUT]: [com.layue13.clashweave.experiment.s3b.Experiment:log:22]: CW3 WIRE side=SERVER kind=2 id=91 wall=1791545127188 thread=Netty IO #1 observed=2093
[04:25:27] [Server thread/INFO] [STDOUT]: [com.layue13.clashweave.experiment.s3b.Experiment:log:22]: CW3 RECEIVE id=91 kind=2 stamp=2094 tickObserved=2093 recvWall=1791545127196 sendWall=1791545127188 wireMs=8
[04:25:27] [Server thread/INFO] [STDOUT]: [com.layue13.clashweave.experiment.s3b.Experiment:log:22]: CW3 CONSUME id=91 stamp=2094 consumeTick=2094 recvObserved=2093 age=0 queueMs=0 sendWall=1791545127188 recvWall=1791545127196 consumeWall=1791545127196 accepted=true
[04:25:27] [Server thread/INFO] [STDOUT]: [com.layue13.clashweave.experiment.s3b.Experiment:log:22]: CW3 FREEZE id=91 tick=2095 target=14 attacker=15 distance=1.0
[04:25:27] [Server thread/INFO] [STDOUT]: [com.layue13.clashweave.experiment.s3b.Experiment:log:22]: CW3 RESULT id=91 lead=2 defer=3 hit=2095 commit=2098 commitWall=1791545127400 press=2094 received=2094 window=true inside=true parry=true vanillaAccepted=false loss=0.0 targetHealth=1000.0
[04:25:27] [Server thread/INFO] [STDOUT]: [com.layue13.clashweave.experiment.s3b.Experiment:log:22]: CW3 PLAN id=92 lead=2 defer=3 anchorTick=2103 hit=2115 stamp=2113 anchorWall=1791545127648 legacy=false
[04:25:28] [Netty IO #1/INFO] [STDOUT]: [com.layue13.clashweave.experiment.s3b.Experiment:log:22]: CW3 WIRE side=SERVER kind=2 id=92 wall=1791545128188 thread=Netty IO #1 observed=2113
[04:25:28] [Server thread/INFO] [STDOUT]: [com.layue13.clashweave.experiment.s3b.Experiment:log:22]: CW3 RECEIVE id=92 kind=2 stamp=2114 tickObserved=2113 recvWall=1791545128198 sendWall=1791545128188 wireMs=10
[04:25:28] [Server thread/INFO] [STDOUT]: [com.layue13.clashweave.experiment.s3b.Experiment:log:22]: CW3 CONSUME id=92 stamp=2114 consumeTick=2114 recvObserved=2113 age=0 queueMs=0 sendWall=1791545128188 recvWall=1791545128198 consumeWall=1791545128198 accepted=true
[04:25:28] [Server thread/INFO] [STDOUT]: [com.layue13.clashweave.experiment.s3b.Experiment:log:22]: CW3 FREEZE id=92 tick=2115 target=14 attacker=15 distance=1.0
[04:25:28] [Server thread/INFO] [STDOUT]: [com.layue13.clashweave.experiment.s3b.Experiment:log:22]: CW3 RESULT id=92 lead=2 defer=3 hit=2115 commit=2118 commitWall=1791545128402 press=2114 received=2114 window=true inside=true parry=true vanillaAccepted=false loss=0.0 targetHealth=1000.0
[04:25:28] [Server thread/INFO] [STDOUT]: [com.layue13.clashweave.experiment.s3b.Experiment:log:22]: CW3 PLAN id=93 lead=2 defer=3 anchorTick=2123 hit=2135 stamp=2133 anchorWall=1791545128640 legacy=false
[04:25:29] [Netty IO #1/INFO] [STDOUT]: [com.layue13.clashweave.experiment.s3b.Experiment:log:22]: CW3 WIRE side=SERVER kind=2 id=93 wall=1791545129142 thread=Netty IO #1 observed=2133
[04:25:29] [Server thread/INFO] [STDOUT]: [com.layue13.clashweave.experiment.s3b.Experiment:log:22]: CW3 RECEIVE id=93 kind=2 stamp=2133 tickObserved=2133 recvWall=1791545129188 sendWall=1791545129142 wireMs=46
[04:25:29] [Server thread/INFO] [STDOUT]: [com.layue13.clashweave.experiment.s3b.Experiment:log:22]: CW3 CONSUME id=93 stamp=2133 consumeTick=2134 recvObserved=2133 age=1 queueMs=0 sendWall=1791545129142 recvWall=1791545129188 consumeWall=1791545129188 accepted=true
[04:25:29] [Server thread/INFO] [STDOUT]: [com.layue13.clashweave.experiment.s3b.Experiment:log:22]: CW3 FREEZE id=93 tick=2135 target=14 attacker=15 distance=1.0
[04:25:29] [Server thread/INFO] [STDOUT]: [com.layue13.clashweave.experiment.s3b.Experiment:log:22]: CW3 RESULT id=93 lead=2 defer=3 hit=2135 commit=2138 commitWall=1791545129393 press=2133 received=2134 window=true inside=true parry=true vanillaAccepted=false loss=0.0 targetHealth=1000.0
[04:25:29] [Server thread/INFO] [STDOUT]: [com.layue13.clashweave.experiment.s3b.Experiment:log:22]: CW3 PLAN id=94 lead=2 defer=3 anchorTick=2143 hit=2155 stamp=2153 anchorWall=1791545129641 legacy=false
[04:25:30] [Netty IO #1/INFO] [STDOUT]: [com.layue13.clashweave.experiment.s3b.Experiment:log:22]: CW3 WIRE side=SERVER kind=2 id=94 wall=1791545130141 thread=Netty IO #1 observed=2152
[04:25:30] [Server thread/INFO] [STDOUT]: [com.layue13.clashweave.experiment.s3b.Experiment:log:22]: CW3 RECEIVE id=94 kind=2 stamp=2153 tickObserved=2153 recvWall=1791545130202 sendWall=1791545130141 wireMs=61
[04:25:30] [Server thread/INFO] [STDOUT]: [com.layue13.clashweave.experiment.s3b.Experiment:log:22]: CW3 CONSUME id=94 stamp=2153 consumeTick=2154 recvObserved=2153 age=1 queueMs=0 sendWall=1791545130141 recvWall=1791545130202 consumeWall=1791545130202 accepted=true
[04:25:30] [Server thread/INFO] [STDOUT]: [com.layue13.clashweave.experiment.s3b.Experiment:log:22]: CW3 FREEZE id=94 tick=2155 target=14 attacker=15 distance=1.0
[04:25:30] [Server thread/INFO] [STDOUT]: [com.layue13.clashweave.experiment.s3b.Experiment:log:22]: CW3 RESULT id=94 lead=2 defer=3 hit=2155 commit=2158 commitWall=1791545130389 press=2153 received=2154 window=true inside=true parry=true vanillaAccepted=false loss=0.0 targetHealth=1000.0
[04:25:30] [Server thread/INFO] [STDOUT]: [com.layue13.clashweave.experiment.s3b.Experiment:log:22]: CW3 PLAN id=95 lead=2 defer=3 anchorTick=2163 hit=2175 stamp=2173 anchorWall=1791545130641 legacy=false
[04:25:31] [Netty IO #1/INFO] [STDOUT]: [com.layue13.clashweave.experiment.s3b.Experiment:log:22]: CW3 WIRE side=SERVER kind=2 id=95 wall=1791545131188 thread=Netty IO #1 observed=2173
[04:25:31] [Server thread/INFO] [STDOUT]: [com.layue13.clashweave.experiment.s3b.Experiment:log:22]: CW3 RECEIVE id=95 kind=2 stamp=2174 tickObserved=2173 recvWall=1791545131202 sendWall=1791545131188 wireMs=14
[04:25:31] [Server thread/INFO] [STDOUT]: [com.layue13.clashweave.experiment.s3b.Experiment:log:22]: CW3 CONSUME id=95 stamp=2174 consumeTick=2174 recvObserved=2173 age=0 queueMs=0 sendWall=1791545131188 recvWall=1791545131202 consumeWall=1791545131202 accepted=true
[04:25:31] [Server thread/INFO] [STDOUT]: [com.layue13.clashweave.experiment.s3b.Experiment:log:22]: CW3 FREEZE id=95 tick=2175 target=14 attacker=15 distance=1.0
[04:25:31] [Server thread/INFO] [STDOUT]: [com.layue13.clashweave.experiment.s3b.Experiment:log:22]: CW3 RESULT id=95 lead=2 defer=3 hit=2175 commit=2178 commitWall=1791545131389 press=2174 received=2174 window=true inside=true parry=true vanillaAccepted=false loss=0.0 targetHealth=1000.0
[04:25:31] [Server thread/INFO] [STDOUT]: [com.layue13.clashweave.experiment.s3b.Experiment:log:22]: CW3 PLAN id=96 lead=2 defer=3 anchorTick=2183 hit=2195 stamp=2193 anchorWall=1791545131640 legacy=false
[04:25:32] [Netty IO #1/INFO] [STDOUT]: [com.layue13.clashweave.experiment.s3b.Experiment:log:22]: CW3 WIRE side=SERVER kind=2 id=96 wall=1791545132189 thread=Netty IO #1 observed=2193
[04:25:32] [Server thread/INFO] [STDOUT]: [com.layue13.clashweave.experiment.s3b.Experiment:log:22]: CW3 RECEIVE id=96 kind=2 stamp=2194 tickObserved=2193 recvWall=1791545132201 sendWall=1791545132189 wireMs=12
[04:25:32] [Server thread/INFO] [STDOUT]: [com.layue13.clashweave.experiment.s3b.Experiment:log:22]: CW3 CONSUME id=96 stamp=2194 consumeTick=2194 recvObserved=2193 age=0 queueMs=0 sendWall=1791545132189 recvWall=1791545132201 consumeWall=1791545132201 accepted=true
[04:25:32] [Server thread/INFO] [STDOUT]: [com.layue13.clashweave.experiment.s3b.Experiment:log:22]: CW3 FREEZE id=96 tick=2195 target=14 attacker=15 distance=1.0
[04:25:32] [Server thread/INFO] [STDOUT]: [com.layue13.clashweave.experiment.s3b.Experiment:log:22]: CW3 RESULT id=96 lead=2 defer=3 hit=2195 commit=2198 commitWall=1791545132390 press=2194 received=2194 window=true inside=true parry=true vanillaAccepted=false loss=0.0 targetHealth=1000.0
[04:25:32] [Server thread/INFO] [STDOUT]: [com.layue13.clashweave.experiment.s3b.Experiment:log:22]: CW3 PLAN id=97 lead=2 defer=3 anchorTick=2203 hit=2215 stamp=2213 anchorWall=1791545132641 legacy=false
[04:25:33] [Netty IO #1/INFO] [STDOUT]: [com.layue13.clashweave.experiment.s3b.Experiment:log:22]: CW3 WIRE side=SERVER kind=2 id=97 wall=1791545133188 thread=Netty IO #1 observed=2213
[04:25:33] [Server thread/INFO] [STDOUT]: [com.layue13.clashweave.experiment.s3b.Experiment:log:22]: CW3 RECEIVE id=97 kind=2 stamp=2214 tickObserved=2213 recvWall=1791545133202 sendWall=1791545133188 wireMs=14
[04:25:33] [Server thread/INFO] [STDOUT]: [com.layue13.clashweave.experiment.s3b.Experiment:log:22]: CW3 CONSUME id=97 stamp=2214 consumeTick=2214 recvObserved=2213 age=0 queueMs=0 sendWall=1791545133188 recvWall=1791545133202 consumeWall=1791545133202 accepted=true
[04:25:33] [Server thread/INFO] [STDOUT]: [com.layue13.clashweave.experiment.s3b.Experiment:log:22]: CW3 FREEZE id=97 tick=2215 target=14 attacker=15 distance=1.0
[04:25:33] [Server thread/INFO] [STDOUT]: [com.layue13.clashweave.experiment.s3b.Experiment:log:22]: CW3 RESULT id=97 lead=2 defer=3 hit=2215 commit=2218 commitWall=1791545133390 press=2214 received=2214 window=true inside=true parry=true vanillaAccepted=false loss=0.0 targetHealth=1000.0
[04:25:33] [Server thread/INFO] [STDOUT]: [com.layue13.clashweave.experiment.s3b.Experiment:log:22]: CW3 PLAN id=98 lead=2 defer=3 anchorTick=2223 hit=2235 stamp=2233 anchorWall=1791545133640 legacy=false
[04:25:34] [Netty IO #1/INFO] [STDOUT]: [com.layue13.clashweave.experiment.s3b.Experiment:log:22]: CW3 WIRE side=SERVER kind=2 id=98 wall=1791545134188 thread=Netty IO #1 observed=2233
[04:25:34] [Server thread/INFO] [STDOUT]: [com.layue13.clashweave.experiment.s3b.Experiment:log:22]: CW3 RECEIVE id=98 kind=2 stamp=2234 tickObserved=2233 recvWall=1791545134200 sendWall=1791545134188 wireMs=12
[04:25:34] [Server thread/INFO] [STDOUT]: [com.layue13.clashweave.experiment.s3b.Experiment:log:22]: CW3 CONSUME id=98 stamp=2234 consumeTick=2234 recvObserved=2233 age=0 queueMs=0 sendWall=1791545134188 recvWall=1791545134200 consumeWall=1791545134200 accepted=true
[04:25:34] [Server thread/INFO] [STDOUT]: [com.layue13.clashweave.experiment.s3b.Experiment:log:22]: CW3 FREEZE id=98 tick=2235 target=14 attacker=15 distance=1.0
[04:25:34] [Server thread/INFO] [STDOUT]: [com.layue13.clashweave.experiment.s3b.Experiment:log:22]: CW3 RESULT id=98 lead=2 defer=3 hit=2235 commit=2238 commitWall=1791545134388 press=2234 received=2234 window=true inside=true parry=true vanillaAccepted=false loss=0.0 targetHealth=1000.0
[04:25:34] [Server thread/INFO] [STDOUT]: [com.layue13.clashweave.experiment.s3b.Experiment:log:22]: CW3 PLAN id=99 lead=2 defer=3 anchorTick=2243 hit=2255 stamp=2253 anchorWall=1791545134640 legacy=false
[04:25:35] [Netty IO #1/INFO] [STDOUT]: [com.layue13.clashweave.experiment.s3b.Experiment:log:22]: CW3 WIRE side=SERVER kind=2 id=99 wall=1791545135142 thread=Netty IO #1 observed=2253
[04:25:35] [Server thread/INFO] [STDOUT]: [com.layue13.clashweave.experiment.s3b.Experiment:log:22]: CW3 RECEIVE id=99 kind=2 stamp=2253 tickObserved=2253 recvWall=1791545135190 sendWall=1791545135142 wireMs=48
[04:25:35] [Server thread/INFO] [STDOUT]: [com.layue13.clashweave.experiment.s3b.Experiment:log:22]: CW3 CONSUME id=99 stamp=2253 consumeTick=2254 recvObserved=2253 age=1 queueMs=0 sendWall=1791545135142 recvWall=1791545135190 consumeWall=1791545135190 accepted=true
[04:25:35] [Server thread/INFO] [STDOUT]: [com.layue13.clashweave.experiment.s3b.Experiment:log:22]: CW3 FREEZE id=99 tick=2255 target=14 attacker=15 distance=1.0
[04:25:35] [Server thread/INFO] [STDOUT]: [com.layue13.clashweave.experiment.s3b.Experiment:log:22]: CW3 RESULT id=99 lead=2 defer=3 hit=2255 commit=2258 commitWall=1791545135393 press=2253 received=2254 window=true inside=true parry=true vanillaAccepted=false loss=0.0 targetHealth=1000.0
[04:25:35] [Server thread/INFO] [STDOUT]: [com.layue13.clashweave.experiment.s3b.Experiment:log:22]: CW3 PLAN id=100 lead=3 defer=3 anchorTick=2263 hit=2275 stamp=2272 anchorWall=1791545135644 legacy=false
[04:25:36] [Netty IO #1/INFO] [STDOUT]: [com.layue13.clashweave.experiment.s3b.Experiment:log:22]: CW3 WIRE side=SERVER kind=2 id=100 wall=1791545136144 thread=Netty IO #1 observed=2273
[04:25:36] [Server thread/INFO] [STDOUT]: [com.layue13.clashweave.experiment.s3b.Experiment:log:22]: CW3 RECEIVE id=100 kind=2 stamp=2273 tickObserved=2273 recvWall=1791545136190 sendWall=1791545136144 wireMs=46
[04:25:36] [Server thread/INFO] [STDOUT]: [com.layue13.clashweave.experiment.s3b.Experiment:log:22]: CW3 CONSUME id=100 stamp=2273 consumeTick=2274 recvObserved=2273 age=1 queueMs=0 sendWall=1791545136144 recvWall=1791545136190 consumeWall=1791545136190 accepted=true
[04:25:36] [Server thread/INFO] [STDOUT]: [com.layue13.clashweave.experiment.s3b.Experiment:log:22]: CW3 FREEZE id=100 tick=2275 target=14 attacker=15 distance=1.0
[04:25:36] [Server thread/INFO] [STDOUT]: [com.layue13.clashweave.experiment.s3b.Experiment:log:22]: CW3 RESULT id=100 lead=3 defer=3 hit=2275 commit=2278 commitWall=1791545136394 press=2273 received=2274 window=true inside=true parry=true vanillaAccepted=false loss=0.0 targetHealth=1000.0
[04:25:36] [Server thread/INFO] [STDOUT]: [com.layue13.clashweave.experiment.s3b.Experiment:log:22]: CW3 PLAN id=101 lead=3 defer=3 anchorTick=2283 hit=2295 stamp=2292 anchorWall=1791545136645 legacy=false
[04:25:37] [Netty IO #1/INFO] [STDOUT]: [com.layue13.clashweave.experiment.s3b.Experiment:log:22]: CW3 WIRE side=SERVER kind=2 id=101 wall=1791545137144 thread=Netty IO #1 observed=2293
[04:25:37] [Server thread/INFO] [STDOUT]: [com.layue13.clashweave.experiment.s3b.Experiment:log:22]: CW3 RECEIVE id=101 kind=2 stamp=2293 tickObserved=2293 recvWall=1791545137190 sendWall=1791545137144 wireMs=46
[04:25:37] [Server thread/INFO] [STDOUT]: [com.layue13.clashweave.experiment.s3b.Experiment:log:22]: CW3 CONSUME id=101 stamp=2293 consumeTick=2294 recvObserved=2293 age=1 queueMs=0 sendWall=1791545137144 recvWall=1791545137190 consumeWall=1791545137190 accepted=true
[04:25:37] [Server thread/INFO] [STDOUT]: [com.layue13.clashweave.experiment.s3b.Experiment:log:22]: CW3 FREEZE id=101 tick=2295 target=14 attacker=15 distance=1.0
[04:25:37] [Server thread/INFO] [STDOUT]: [com.layue13.clashweave.experiment.s3b.Experiment:log:22]: CW3 RESULT id=101 lead=3 defer=3 hit=2295 commit=2298 commitWall=1791545137393 press=2293 received=2294 window=true inside=true parry=true vanillaAccepted=false loss=0.0 targetHealth=1000.0
[04:25:37] [Server thread/INFO] [STDOUT]: [com.layue13.clashweave.experiment.s3b.Experiment:log:22]: CW3 PLAN id=102 lead=3 defer=3 anchorTick=2303 hit=2315 stamp=2312 anchorWall=1791545137643 legacy=false
[04:25:38] [Netty IO #1/INFO] [STDOUT]: [com.layue13.clashweave.experiment.s3b.Experiment:log:22]: CW3 WIRE side=SERVER kind=2 id=102 wall=1791545138143 thread=Netty IO #1 observed=2313
[04:25:38] [Server thread/INFO] [STDOUT]: [com.layue13.clashweave.experiment.s3b.Experiment:log:22]: CW3 RECEIVE id=102 kind=2 stamp=2313 tickObserved=2313 recvWall=1791545138190 sendWall=1791545138143 wireMs=47
[04:25:38] [Server thread/INFO] [STDOUT]: [com.layue13.clashweave.experiment.s3b.Experiment:log:22]: CW3 CONSUME id=102 stamp=2313 consumeTick=2314 recvObserved=2313 age=1 queueMs=0 sendWall=1791545138143 recvWall=1791545138190 consumeWall=1791545138190 accepted=true
[04:25:38] [Server thread/INFO] [STDOUT]: [com.layue13.clashweave.experiment.s3b.Experiment:log:22]: CW3 FREEZE id=102 tick=2315 target=14 attacker=15 distance=1.0
[04:25:38] [Server thread/INFO] [STDOUT]: [com.layue13.clashweave.experiment.s3b.Experiment:log:22]: CW3 RESULT id=102 lead=3 defer=3 hit=2315 commit=2318 commitWall=1791545138394 press=2313 received=2314 window=true inside=true parry=true vanillaAccepted=false loss=0.0 targetHealth=1000.0
[04:25:38] [Server thread/INFO] [STDOUT]: [com.layue13.clashweave.experiment.s3b.Experiment:log:22]: CW3 PLAN id=103 lead=3 defer=3 anchorTick=2323 hit=2335 stamp=2332 anchorWall=1791545138642 legacy=false
[04:25:39] [Netty IO #1/INFO] [STDOUT]: [com.layue13.clashweave.experiment.s3b.Experiment:log:22]: CW3 WIRE side=SERVER kind=2 id=103 wall=1791545139093 thread=Netty IO #1 observed=2332
[04:25:39] [Server thread/INFO] [STDOUT]: [com.layue13.clashweave.experiment.s3b.Experiment:log:22]: CW3 RECEIVE id=103 kind=2 stamp=2332 tickObserved=2332 recvWall=1791545139140 sendWall=1791545139093 wireMs=47
[04:25:39] [Server thread/INFO] [STDOUT]: [com.layue13.clashweave.experiment.s3b.Experiment:log:22]: CW3 CONSUME id=103 stamp=2332 consumeTick=2333 recvObserved=2332 age=1 queueMs=1 sendWall=1791545139093 recvWall=1791545139140 consumeWall=1791545139141 accepted=true
[04:25:39] [Server thread/INFO] [STDOUT]: [com.layue13.clashweave.experiment.s3b.Experiment:log:22]: CW3 FREEZE id=103 tick=2335 target=14 attacker=15 distance=1.0
[04:25:39] [Server thread/INFO] [STDOUT]: [com.layue13.clashweave.experiment.s3b.Experiment:log:22]: CW3 RESULT id=103 lead=3 defer=3 hit=2335 commit=2338 commitWall=1791545139391 press=2332 received=2333 window=true inside=true parry=true vanillaAccepted=false loss=0.0 targetHealth=1000.0
[04:25:39] [Server thread/INFO] [STDOUT]: [com.layue13.clashweave.experiment.s3b.Experiment:log:22]: CW3 PLAN id=104 lead=3 defer=3 anchorTick=2343 hit=2355 stamp=2352 anchorWall=1791545139641 legacy=false
[04:25:40] [Netty IO #1/INFO] [STDOUT]: [com.layue13.clashweave.experiment.s3b.Experiment:log:22]: CW3 WIRE side=SERVER kind=2 id=104 wall=1791545140093 thread=Netty IO #1 observed=2352
[04:25:40] [Server thread/INFO] [STDOUT]: [com.layue13.clashweave.experiment.s3b.Experiment:log:22]: CW3 RECEIVE id=104 kind=2 stamp=2352 tickObserved=2352 recvWall=1791545140139 sendWall=1791545140092 wireMs=47
[04:25:40] [Server thread/INFO] [STDOUT]: [com.layue13.clashweave.experiment.s3b.Experiment:log:22]: CW3 CONSUME id=104 stamp=2352 consumeTick=2353 recvObserved=2352 age=1 queueMs=0 sendWall=1791545140092 recvWall=1791545140139 consumeWall=1791545140139 accepted=true
[04:25:40] [Server thread/INFO] [STDOUT]: [com.layue13.clashweave.experiment.s3b.Experiment:log:22]: CW3 FREEZE id=104 tick=2355 target=14 attacker=15 distance=1.0
[04:25:40] [Server thread/INFO] [STDOUT]: [com.layue13.clashweave.experiment.s3b.Experiment:log:22]: CW3 RESULT id=104 lead=3 defer=3 hit=2355 commit=2358 commitWall=1791545140393 press=2352 received=2353 window=true inside=true parry=true vanillaAccepted=false loss=0.0 targetHealth=1000.0
[04:25:40] [Server thread/INFO] [STDOUT]: [com.layue13.clashweave.experiment.s3b.Experiment:log:22]: CW3 PLAN id=105 lead=3 defer=3 anchorTick=2363 hit=2375 stamp=2372 anchorWall=1791545140646 legacy=false
[04:25:41] [Netty IO #1/INFO] [STDOUT]: [com.layue13.clashweave.experiment.s3b.Experiment:log:22]: CW3 WIRE side=SERVER kind=2 id=105 wall=1791545141138 thread=Netty IO #1 observed=2372
[04:25:41] [Server thread/INFO] [STDOUT]: [com.layue13.clashweave.experiment.s3b.Experiment:log:22]: CW3 RECEIVE id=105 kind=2 stamp=2373 tickObserved=2372 recvWall=1791545141148 sendWall=1791545141138 wireMs=10
[04:25:41] [Server thread/INFO] [STDOUT]: [com.layue13.clashweave.experiment.s3b.Experiment:log:22]: CW3 CONSUME id=105 stamp=2373 consumeTick=2373 recvObserved=2372 age=0 queueMs=0 sendWall=1791545141138 recvWall=1791545141148 consumeWall=1791545141148 accepted=true
[04:25:41] [Server thread/INFO] [STDOUT]: [com.layue13.clashweave.experiment.s3b.Experiment:log:22]: CW3 FREEZE id=105 tick=2375 target=14 attacker=15 distance=1.0
[04:25:41] [Server thread/INFO] [STDOUT]: [com.layue13.clashweave.experiment.s3b.Experiment:log:22]: CW3 RESULT id=105 lead=3 defer=3 hit=2375 commit=2378 commitWall=1791545141401 press=2373 received=2373 window=true inside=true parry=true vanillaAccepted=false loss=0.0 targetHealth=1000.0
[04:25:41] [Server thread/INFO] [STDOUT]: [com.layue13.clashweave.experiment.s3b.Experiment:log:22]: CW3 PLAN id=106 lead=3 defer=3 anchorTick=2383 hit=2395 stamp=2392 anchorWall=1791545141652 legacy=false
[04:25:42] [Netty IO #1/INFO] [STDOUT]: [com.layue13.clashweave.experiment.s3b.Experiment:log:22]: CW3 WIRE side=SERVER kind=2 id=106 wall=1791545142142 thread=Netty IO #1 observed=2393
[04:25:42] [Server thread/INFO] [STDOUT]: [com.layue13.clashweave.experiment.s3b.Experiment:log:22]: CW3 RECEIVE id=106 kind=2 stamp=2393 tickObserved=2393 recvWall=1791545142190 sendWall=1791545142142 wireMs=48
[04:25:42] [Server thread/INFO] [STDOUT]: [com.layue13.clashweave.experiment.s3b.Experiment:log:22]: CW3 CONSUME id=106 stamp=2393 consumeTick=2394 recvObserved=2393 age=1 queueMs=0 sendWall=1791545142142 recvWall=1791545142190 consumeWall=1791545142190 accepted=true
[04:25:42] [Server thread/INFO] [STDOUT]: [com.layue13.clashweave.experiment.s3b.Experiment:log:22]: CW3 FREEZE id=106 tick=2395 target=14 attacker=15 distance=1.0
[04:25:42] [Server thread/INFO] [STDOUT]: [com.layue13.clashweave.experiment.s3b.Experiment:log:22]: CW3 RESULT id=106 lead=3 defer=3 hit=2395 commit=2398 commitWall=1791545142394 press=2393 received=2394 window=true inside=true parry=true vanillaAccepted=false loss=0.0 targetHealth=1000.0
[04:25:42] [Server thread/INFO] [STDOUT]: [com.layue13.clashweave.experiment.s3b.Experiment:log:22]: CW3 PLAN id=107 lead=3 defer=3 anchorTick=2403 hit=2415 stamp=2412 anchorWall=1791545142648 legacy=false
[04:25:43] [Netty IO #1/INFO] [STDOUT]: [com.layue13.clashweave.experiment.s3b.Experiment:log:22]: CW3 WIRE side=SERVER kind=2 id=107 wall=1791545143140 thread=Netty IO #1 observed=2413
[04:25:43] [Server thread/INFO] [STDOUT]: [com.layue13.clashweave.experiment.s3b.Experiment:log:22]: CW3 RECEIVE id=107 kind=2 stamp=2413 tickObserved=2413 recvWall=1791545143202 sendWall=1791545143140 wireMs=62
[04:25:43] [Server thread/INFO] [STDOUT]: [com.layue13.clashweave.experiment.s3b.Experiment:log:22]: CW3 CONSUME id=107 stamp=2413 consumeTick=2414 recvObserved=2413 age=1 queueMs=0 sendWall=1791545143140 recvWall=1791545143202 consumeWall=1791545143202 accepted=true
[04:25:43] [Server thread/INFO] [STDOUT]: [com.layue13.clashweave.experiment.s3b.Experiment:log:22]: CW3 FREEZE id=107 tick=2415 target=14 attacker=15 distance=1.0
[04:25:43] [Server thread/INFO] [STDOUT]: [com.layue13.clashweave.experiment.s3b.Experiment:log:22]: CW3 RESULT id=107 lead=3 defer=3 hit=2415 commit=2418 commitWall=1791545143391 press=2413 received=2414 window=true inside=true parry=true vanillaAccepted=false loss=0.0 targetHealth=1000.0
[04:25:43] [Server thread/INFO] [STDOUT]: [com.layue13.clashweave.experiment.s3b.Experiment:log:22]: CW3 PLAN id=108 lead=3 defer=3 anchorTick=2423 hit=2435 stamp=2432 anchorWall=1791545143639 legacy=false
[04:25:44] [Netty IO #1/INFO] [STDOUT]: [com.layue13.clashweave.experiment.s3b.Experiment:log:22]: CW3 WIRE side=SERVER kind=2 id=108 wall=1791545144090 thread=Netty IO #1 observed=2432
[04:25:44] [Server thread/INFO] [STDOUT]: [com.layue13.clashweave.experiment.s3b.Experiment:log:22]: CW3 RECEIVE id=108 kind=2 stamp=2432 tickObserved=2432 recvWall=1791545144151 sendWall=1791545144090 wireMs=61
[04:25:44] [Server thread/INFO] [STDOUT]: [com.layue13.clashweave.experiment.s3b.Experiment:log:22]: CW3 CONSUME id=108 stamp=2432 consumeTick=2433 recvObserved=2432 age=1 queueMs=0 sendWall=1791545144090 recvWall=1791545144151 consumeWall=1791545144151 accepted=true
[04:25:44] [Server thread/INFO] [STDOUT]: [com.layue13.clashweave.experiment.s3b.Experiment:log:22]: CW3 FREEZE id=108 tick=2435 target=14 attacker=15 distance=1.0
[04:25:44] [Server thread/INFO] [STDOUT]: [com.layue13.clashweave.experiment.s3b.Experiment:log:22]: CW3 RESULT id=108 lead=3 defer=3 hit=2435 commit=2438 commitWall=1791545144401 press=2432 received=2433 window=true inside=true parry=true vanillaAccepted=false loss=0.0 targetHealth=1000.0
[04:25:44] [Server thread/INFO] [STDOUT]: [com.layue13.clashweave.experiment.s3b.Experiment:log:22]: CW3 PLAN id=109 lead=3 defer=3 anchorTick=2443 hit=2455 stamp=2452 anchorWall=1791545144648 legacy=false
[04:25:45] [Netty IO #1/INFO] [STDOUT]: [com.layue13.clashweave.experiment.s3b.Experiment:log:22]: CW3 WIRE side=SERVER kind=2 id=109 wall=1791545145139 thread=Netty IO #1 observed=2452
[04:25:45] [Server thread/INFO] [STDOUT]: [com.layue13.clashweave.experiment.s3b.Experiment:log:22]: CW3 RECEIVE id=109 kind=2 stamp=2453 tickObserved=2452 recvWall=1791545145147 sendWall=1791545145139 wireMs=8
[04:25:45] [Server thread/INFO] [STDOUT]: [com.layue13.clashweave.experiment.s3b.Experiment:log:22]: CW3 CONSUME id=109 stamp=2453 consumeTick=2453 recvObserved=2452 age=0 queueMs=0 sendWall=1791545145139 recvWall=1791545145147 consumeWall=1791545145147 accepted=true
[04:25:45] [Server thread/INFO] [STDOUT]: [com.layue13.clashweave.experiment.s3b.Experiment:log:22]: CW3 FREEZE id=109 tick=2455 target=14 attacker=15 distance=1.0
[04:25:45] [Server thread/INFO] [STDOUT]: [com.layue13.clashweave.experiment.s3b.Experiment:log:22]: CW3 RESULT id=109 lead=3 defer=3 hit=2455 commit=2458 commitWall=1791545145394 press=2453 received=2453 window=true inside=true parry=true vanillaAccepted=false loss=0.0 targetHealth=1000.0
[04:25:45] [Server thread/INFO] [STDOUT]: [com.layue13.clashweave.experiment.s3b.Experiment:log:22]: CW3 PLAN id=110 lead=4 defer=3 anchorTick=2463 hit=2475 stamp=2471 anchorWall=1791545145645 legacy=false
[04:25:46] [Netty IO #1/INFO] [STDOUT]: [com.layue13.clashweave.experiment.s3b.Experiment:log:22]: CW3 WIRE side=SERVER kind=2 id=110 wall=1791545146089 thread=Netty IO #1 observed=2471
[04:25:46] [Server thread/INFO] [STDOUT]: [com.layue13.clashweave.experiment.s3b.Experiment:log:22]: CW3 RECEIVE id=110 kind=2 stamp=2472 tickObserved=2471 recvWall=1791545146099 sendWall=1791545146089 wireMs=10
[04:25:46] [Server thread/INFO] [STDOUT]: [com.layue13.clashweave.experiment.s3b.Experiment:log:22]: CW3 CONSUME id=110 stamp=2472 consumeTick=2472 recvObserved=2471 age=0 queueMs=0 sendWall=1791545146089 recvWall=1791545146099 consumeWall=1791545146099 accepted=true
[04:25:46] [Server thread/INFO] [STDOUT]: [com.layue13.clashweave.experiment.s3b.Experiment:log:22]: CW3 FREEZE id=110 tick=2475 target=14 attacker=15 distance=1.0
[04:25:46] [Server thread/INFO] [STDOUT]: [com.layue13.clashweave.experiment.s3b.Experiment:log:22]: CW3 RESULT id=110 lead=4 defer=3 hit=2475 commit=2478 commitWall=1791545146398 press=2472 received=2472 window=true inside=true parry=true vanillaAccepted=false loss=0.0 targetHealth=1000.0
[04:25:46] [Server thread/INFO] [STDOUT]: [com.layue13.clashweave.experiment.s3b.Experiment:log:22]: CW3 PLAN id=111 lead=4 defer=3 anchorTick=2483 hit=2495 stamp=2491 anchorWall=1791545146648 legacy=false
[04:25:47] [Netty IO #1/INFO] [STDOUT]: [com.layue13.clashweave.experiment.s3b.Experiment:log:22]: CW3 WIRE side=SERVER kind=2 id=111 wall=1791545147089 thread=Netty IO #1 observed=2492
[04:25:47] [Server thread/INFO] [STDOUT]: [com.layue13.clashweave.experiment.s3b.Experiment:log:22]: CW3 RECEIVE id=111 kind=2 stamp=2492 tickObserved=2492 recvWall=1791545147151 sendWall=1791545147089 wireMs=62
[04:25:47] [Server thread/INFO] [STDOUT]: [com.layue13.clashweave.experiment.s3b.Experiment:log:22]: CW3 CONSUME id=111 stamp=2492 consumeTick=2493 recvObserved=2492 age=1 queueMs=0 sendWall=1791545147089 recvWall=1791545147151 consumeWall=1791545147151 accepted=true
[04:25:47] [Server thread/INFO] [STDOUT]: [com.layue13.clashweave.experiment.s3b.Experiment:log:22]: CW3 FREEZE id=111 tick=2495 target=14 attacker=15 distance=1.0
[04:25:47] [Server thread/INFO] [STDOUT]: [com.layue13.clashweave.experiment.s3b.Experiment:log:22]: CW3 RESULT id=111 lead=4 defer=3 hit=2495 commit=2498 commitWall=1791545147402 press=2492 received=2493 window=true inside=true parry=true vanillaAccepted=false loss=0.0 targetHealth=1000.0
[04:25:47] [Server thread/INFO] [STDOUT]: [com.layue13.clashweave.experiment.s3b.Experiment:log:22]: CW3 PLAN id=112 lead=4 defer=3 anchorTick=2503 hit=2515 stamp=2511 anchorWall=1791545147653 legacy=false
[04:25:48] [Netty IO #1/INFO] [STDOUT]: [com.layue13.clashweave.experiment.s3b.Experiment:log:22]: CW3 WIRE side=SERVER kind=2 id=112 wall=1791545148092 thread=Netty IO #1 observed=2512
[04:25:48] [Server thread/INFO] [STDOUT]: [com.layue13.clashweave.experiment.s3b.Experiment:log:22]: CW3 RECEIVE id=112 kind=2 stamp=2512 tickObserved=2512 recvWall=1791545148139 sendWall=1791545148092 wireMs=47
[04:25:48] [Server thread/INFO] [STDOUT]: [com.layue13.clashweave.experiment.s3b.Experiment:log:22]: CW3 CONSUME id=112 stamp=2512 consumeTick=2513 recvObserved=2512 age=1 queueMs=0 sendWall=1791545148092 recvWall=1791545148139 consumeWall=1791545148139 accepted=true
[04:25:48] [Server thread/INFO] [STDOUT]: [com.layue13.clashweave.experiment.s3b.Experiment:log:22]: CW3 FREEZE id=112 tick=2515 target=14 attacker=15 distance=1.0
[04:25:48] [Server thread/INFO] [STDOUT]: [com.layue13.clashweave.experiment.s3b.Experiment:log:22]: CW3 RESULT id=112 lead=4 defer=3 hit=2515 commit=2518 commitWall=1791545148391 press=2512 received=2513 window=true inside=true parry=true vanillaAccepted=false loss=0.0 targetHealth=1000.0
[04:25:48] [Server thread/INFO] [STDOUT]: [com.layue13.clashweave.experiment.s3b.Experiment:log:22]: CW3 PLAN id=113 lead=4 defer=3 anchorTick=2523 hit=2535 stamp=2531 anchorWall=1791545148640 legacy=false
[04:25:49] [Netty IO #1/INFO] [STDOUT]: [com.layue13.clashweave.experiment.s3b.Experiment:log:22]: CW3 WIRE side=SERVER kind=2 id=113 wall=1791545149088 thread=Netty IO #1 observed=2531
[04:25:49] [Server thread/INFO] [STDOUT]: [com.layue13.clashweave.experiment.s3b.Experiment:log:22]: CW3 RECEIVE id=113 kind=2 stamp=2532 tickObserved=2531 recvWall=1791545149096 sendWall=1791545149088 wireMs=8
[04:25:49] [Server thread/INFO] [STDOUT]: [com.layue13.clashweave.experiment.s3b.Experiment:log:22]: CW3 CONSUME id=113 stamp=2532 consumeTick=2532 recvObserved=2531 age=0 queueMs=0 sendWall=1791545149088 recvWall=1791545149096 consumeWall=1791545149096 accepted=true
[04:25:49] [Server thread/INFO] [STDOUT]: [com.layue13.clashweave.experiment.s3b.Experiment:log:22]: CW3 FREEZE id=113 tick=2535 target=14 attacker=15 distance=1.0
[04:25:49] [Server thread/INFO] [STDOUT]: [com.layue13.clashweave.experiment.s3b.Experiment:log:22]: CW3 RESULT id=113 lead=4 defer=3 hit=2535 commit=2538 commitWall=1791545149395 press=2532 received=2532 window=true inside=true parry=true vanillaAccepted=false loss=0.0 targetHealth=1000.0
[04:25:49] [Server thread/INFO] [STDOUT]: [com.layue13.clashweave.experiment.s3b.Experiment:log:22]: CW3 PLAN id=114 lead=4 defer=3 anchorTick=2543 hit=2555 stamp=2551 anchorWall=1791545149644 legacy=false
[04:25:50] [Netty IO #1/INFO] [STDOUT]: [com.layue13.clashweave.experiment.s3b.Experiment:log:22]: CW3 WIRE side=SERVER kind=2 id=114 wall=1791545150089 thread=Netty IO #1 observed=2551
[04:25:50] [Server thread/INFO] [STDOUT]: [com.layue13.clashweave.experiment.s3b.Experiment:log:22]: CW3 RECEIVE id=114 kind=2 stamp=2552 tickObserved=2551 recvWall=1791545150098 sendWall=1791545150089 wireMs=9
[04:25:50] [Server thread/INFO] [STDOUT]: [com.layue13.clashweave.experiment.s3b.Experiment:log:22]: CW3 CONSUME id=114 stamp=2552 consumeTick=2552 recvObserved=2551 age=0 queueMs=0 sendWall=1791545150089 recvWall=1791545150098 consumeWall=1791545150098 accepted=true
[04:25:50] [Server thread/INFO] [STDOUT]: [com.layue13.clashweave.experiment.s3b.Experiment:log:22]: CW3 FREEZE id=114 tick=2555 target=14 attacker=15 distance=1.0
[04:25:50] [Server thread/INFO] [STDOUT]: [com.layue13.clashweave.experiment.s3b.Experiment:log:22]: CW3 RESULT id=114 lead=4 defer=3 hit=2555 commit=2558 commitWall=1791545150390 press=2552 received=2552 window=true inside=true parry=true vanillaAccepted=false loss=0.0 targetHealth=1000.0
[04:25:50] [Server thread/INFO] [STDOUT]: [com.layue13.clashweave.experiment.s3b.Experiment:log:22]: CW3 PLAN id=115 lead=4 defer=3 anchorTick=2563 hit=2575 stamp=2571 anchorWall=1791545150640 legacy=false
[04:25:51] [Netty IO #1/INFO] [STDOUT]: [com.layue13.clashweave.experiment.s3b.Experiment:log:22]: CW3 WIRE side=SERVER kind=2 id=115 wall=1791545151089 thread=Netty IO #1 observed=2571
[04:25:51] [Server thread/INFO] [STDOUT]: [com.layue13.clashweave.experiment.s3b.Experiment:log:22]: CW3 RECEIVE id=115 kind=2 stamp=2572 tickObserved=2571 recvWall=1791545151094 sendWall=1791545151089 wireMs=5
[04:25:51] [Server thread/INFO] [STDOUT]: [com.layue13.clashweave.experiment.s3b.Experiment:log:22]: CW3 CONSUME id=115 stamp=2572 consumeTick=2572 recvObserved=2571 age=0 queueMs=0 sendWall=1791545151089 recvWall=1791545151094 consumeWall=1791545151094 accepted=true
[04:25:51] [Server thread/INFO] [STDOUT]: [com.layue13.clashweave.experiment.s3b.Experiment:log:22]: CW3 FREEZE id=115 tick=2575 target=14 attacker=15 distance=1.0
[04:25:51] [Server thread/INFO] [STDOUT]: [com.layue13.clashweave.experiment.s3b.Experiment:log:22]: CW3 RESULT id=115 lead=4 defer=3 hit=2575 commit=2578 commitWall=1791545151389 press=2572 received=2572 window=true inside=true parry=true vanillaAccepted=false loss=0.0 targetHealth=1000.0
[04:25:51] [Server thread/INFO] [STDOUT]: [com.layue13.clashweave.experiment.s3b.Experiment:log:22]: CW3 PLAN id=116 lead=4 defer=3 anchorTick=2583 hit=2595 stamp=2591 anchorWall=1791545151642 legacy=false
[04:25:52] [Netty IO #1/INFO] [STDOUT]: [com.layue13.clashweave.experiment.s3b.Experiment:log:22]: CW3 WIRE side=SERVER kind=2 id=116 wall=1791545152094 thread=Netty IO #1 observed=2592
[04:25:52] [Server thread/INFO] [STDOUT]: [com.layue13.clashweave.experiment.s3b.Experiment:log:22]: CW3 RECEIVE id=116 kind=2 stamp=2592 tickObserved=2592 recvWall=1791545152141 sendWall=1791545152094 wireMs=47
[04:25:52] [Server thread/INFO] [STDOUT]: [com.layue13.clashweave.experiment.s3b.Experiment:log:22]: CW3 CONSUME id=116 stamp=2592 consumeTick=2593 recvObserved=2592 age=1 queueMs=0 sendWall=1791545152094 recvWall=1791545152141 consumeWall=1791545152141 accepted=true
[04:25:52] [Server thread/INFO] [STDOUT]: [com.layue13.clashweave.experiment.s3b.Experiment:log:22]: CW3 FREEZE id=116 tick=2595 target=14 attacker=15 distance=1.0
[04:25:52] [Server thread/INFO] [STDOUT]: [com.layue13.clashweave.experiment.s3b.Experiment:log:22]: CW3 RESULT id=116 lead=4 defer=3 hit=2595 commit=2598 commitWall=1791545152391 press=2592 received=2593 window=true inside=true parry=true vanillaAccepted=false loss=0.0 targetHealth=1000.0
[04:25:52] [Server thread/INFO] [STDOUT]: [com.layue13.clashweave.experiment.s3b.Experiment:log:22]: CW3 PLAN id=117 lead=4 defer=3 anchorTick=2603 hit=2615 stamp=2611 anchorWall=1791545152640 legacy=false
[04:25:53] [Netty IO #1/INFO] [STDOUT]: [com.layue13.clashweave.experiment.s3b.Experiment:log:22]: CW3 WIRE side=SERVER kind=2 id=117 wall=1791545153092 thread=Netty IO #1 observed=2612
[04:25:53] [Server thread/INFO] [STDOUT]: [com.layue13.clashweave.experiment.s3b.Experiment:log:22]: CW3 RECEIVE id=117 kind=2 stamp=2612 tickObserved=2612 recvWall=1791545153139 sendWall=1791545153092 wireMs=47
[04:25:53] [Server thread/INFO] [STDOUT]: [com.layue13.clashweave.experiment.s3b.Experiment:log:22]: CW3 CONSUME id=117 stamp=2612 consumeTick=2613 recvObserved=2612 age=1 queueMs=0 sendWall=1791545153092 recvWall=1791545153139 consumeWall=1791545153139 accepted=true
[04:25:53] [Server thread/INFO] [STDOUT]: [com.layue13.clashweave.experiment.s3b.Experiment:log:22]: CW3 FREEZE id=117 tick=2615 target=14 attacker=15 distance=1.0
[04:25:53] [Server thread/INFO] [STDOUT]: [com.layue13.clashweave.experiment.s3b.Experiment:log:22]: CW3 RESULT id=117 lead=4 defer=3 hit=2615 commit=2618 commitWall=1791545153390 press=2612 received=2613 window=true inside=true parry=true vanillaAccepted=false loss=0.0 targetHealth=1000.0
[04:25:53] [Server thread/INFO] [STDOUT]: [com.layue13.clashweave.experiment.s3b.Experiment:log:22]: CW3 PLAN id=118 lead=4 defer=3 anchorTick=2623 hit=2635 stamp=2631 anchorWall=1791545153638 legacy=false
[04:25:54] [Netty IO #1/INFO] [STDOUT]: [com.layue13.clashweave.experiment.s3b.Experiment:log:22]: CW3 WIRE side=SERVER kind=2 id=118 wall=1791545154039 thread=Netty IO #1 observed=2630
[04:25:54] [Server thread/INFO] [STDOUT]: [com.layue13.clashweave.experiment.s3b.Experiment:log:22]: CW3 RECEIVE id=118 kind=2 stamp=2631 tickObserved=2630 recvWall=1791545154046 sendWall=1791545154039 wireMs=7
[04:25:54] [Server thread/INFO] [STDOUT]: [com.layue13.clashweave.experiment.s3b.Experiment:log:22]: CW3 CONSUME id=118 stamp=2631 consumeTick=2631 recvObserved=2630 age=0 queueMs=0 sendWall=1791545154039 recvWall=1791545154046 consumeWall=1791545154046 accepted=true
[04:25:54] [Server thread/INFO] [STDOUT]: [com.layue13.clashweave.experiment.s3b.Experiment:log:22]: CW3 FREEZE id=118 tick=2635 target=14 attacker=15 distance=1.0
[04:25:54] [Server thread/INFO] [STDOUT]: [com.layue13.clashweave.experiment.s3b.Experiment:log:22]: CW3 RESULT id=118 lead=4 defer=3 hit=2635 commit=2638 commitWall=1791545154389 press=2631 received=2631 window=true inside=true parry=true vanillaAccepted=false loss=0.0 targetHealth=1000.0
[04:25:54] [Server thread/INFO] [STDOUT]: [com.layue13.clashweave.experiment.s3b.Experiment:log:22]: CW3 PLAN id=119 lead=4 defer=3 anchorTick=2643 hit=2655 stamp=2651 anchorWall=1791545154639 legacy=false
[04:25:55] [Netty IO #1/INFO] [STDOUT]: [com.layue13.clashweave.experiment.s3b.Experiment:log:22]: CW3 WIRE side=SERVER kind=2 id=119 wall=1791545155039 thread=Netty IO #1 observed=2650
[04:25:55] [Server thread/INFO] [STDOUT]: [com.layue13.clashweave.experiment.s3b.Experiment:log:22]: CW3 RECEIVE id=119 kind=2 stamp=2651 tickObserved=2650 recvWall=1791545155046 sendWall=1791545155039 wireMs=7
[04:25:55] [Server thread/INFO] [STDOUT]: [com.layue13.clashweave.experiment.s3b.Experiment:log:22]: CW3 CONSUME id=119 stamp=2651 consumeTick=2651 recvObserved=2650 age=0 queueMs=0 sendWall=1791545155039 recvWall=1791545155046 consumeWall=1791545155046 accepted=true
[04:25:55] [Server thread/INFO] [STDOUT]: [com.layue13.clashweave.experiment.s3b.Experiment:log:22]: CW3 FREEZE id=119 tick=2655 target=14 attacker=15 distance=1.0
[04:25:55] [Server thread/INFO] [STDOUT]: [com.layue13.clashweave.experiment.s3b.Experiment:log:22]: CW3 RESULT id=119 lead=4 defer=3 hit=2655 commit=2658 commitWall=1791545155392 press=2651 received=2651 window=true inside=true parry=true vanillaAccepted=false loss=0.0 targetHealth=1000.0
[04:25:55] [Server thread/INFO] [STDOUT]: [com.layue13.clashweave.experiment.s3b.Experiment:log:22]: CW3 DONE total=120 eligible=99 eligibleSuccess=99 conditionalAll=true window=5 ageCap=8 worldRollback=false
[04:25:55] [Server thread/INFO]: Stopping the server
[04:25:55] [Server thread/INFO]: Stopping server
[04:25:55] [Server thread/INFO]: Saving players
[04:25:55] [Server thread/INFO]: Saving worlds
[04:25:55] [Server thread/INFO]: Saving chunks for level 'world'/Overworld
[04:25:55] [Server thread/INFO]: Saving chunks for level 'world'/Nether
[04:25:55] [Server thread/INFO]: Saving chunks for level 'world'/The End
[04:25:55] [Server thread/INFO] [FML]: Unloading dimension 0
[04:25:55] [Server thread/INFO] [FML]: Unloading dimension -1
[04:25:55] [Server thread/INFO] [FML]: Unloading dimension 1
[04:25:55] [Server thread/INFO] [FML]: Applying holder lookups
[04:25:55] [Server thread/INFO] [FML]: Holder lookups applied
