# Log excerpt; complete raw log retained locally under build/p0/runs.
# Original lines: 1824
# Marker counts: {'ERROR': 3, 'CW_RENDER': 1, 'Exception': 2, 'P0_AUDIO': 63, 'CW_VIEW': 14, 'CW_ENGAGEMENT': 2, 'P0_APPEARANCE': 2, 'P0_VIEW_SEQUENCE': 40, 'P0_LOCAL_AUDIO': 20, 'CW_LOCAL_SWING': 20, 'P0_REQUEST': 61, 'CW_ALIGN': 20, 'CW_PRESENT': 186, 'P0_VIEW_START': 61, 'CW_FEEDBACK': 62, 'CW_FRAME': 62, 'P0_VIEW': 1088}
[17:14:08] [main/ERROR] [FML]: The binary patch set is missing. Either you are in a development environment, or things are not going to work!
[17:14:09] [main/ERROR] [FML]: FML appears to be missing any signature data. This is not a good thing
This is just a prompt for computer specs to be printed. THIS IS NOT A ERROR
[17:14:12] [Client thread/INFO] [STDOUT]: [com.layue13.clashweave.client.KatanaRendering:load:35]: CW_RENDER models loaded units=block blade=+Y sheath=downwardBipedY angle=45.0
[17:14:13] [Forge Version Check/INFO] [STDERR]: [java.lang.Throwable$WrappedPrintStream:println:749]: com.google.gson.JsonSyntaxException: java.lang.IllegalStateException: Expected BEGIN_OBJECT but was STRING at line 1 column 1
[17:14:13] [Forge Version Check/INFO] [STDERR]: [java.lang.Throwable$WrappedPrintStream:println:749]: Caused by: java.lang.IllegalStateException: Expected BEGIN_OBJECT but was STRING at line 1 column 1
[17:14:13] [Client thread/INFO] [STDOUT]: [com.layue13.clashweave.validation.ClientReplay:<init>:69]: P0_AUDIO initial loader settled
[17:14:18] [Client thread/INFO] [STDOUT]: [com.layue13.clashweave.client.ViewPreservingCorrections$Preserved:processPacket:140]: CW_VIEW packet=1 marker=0 protected=false yawDelta=0.0 pitchDelta=0.0 requestedYawDelta=0.0 requestedPitchDelta=0.0 nano=37274620369100
[17:14:18] [Client thread/INFO] [STDOUT]: [com.layue13.clashweave.client.ViewPreservingCorrections$Preserved:processPacket:140]: CW_VIEW packet=1 marker=0 protected=false yawDelta=0.0 pitchDelta=0.0 requestedYawDelta=0.0 requestedPitchDelta=0.0 nano=37274620713100
[17:14:18] [Client thread/INFO] [STDOUT]: [com.layue13.clashweave.client.ViewPreservingCorrections$Preserved:processPacket:140]: CW_VIEW packet=1 marker=0 protected=false yawDelta=0.0 pitchDelta=0.0 requestedYawDelta=0.0 requestedPitchDelta=0.0 nano=37274620940900
[17:14:18] [Client thread/INFO] [STDOUT]: [com.layue13.clashweave.client.ViewPreservingCorrections$Preserved:processPacket:140]: CW_VIEW packet=1 marker=0 protected=false yawDelta=0.0 pitchDelta=0.0 requestedYawDelta=0.0 requestedPitchDelta=0.0 nano=37274621140400
[17:14:18] [Client thread/INFO] [STDOUT]: [com.layue13.clashweave.client.ViewPreservingCorrections$Preserved:processPacket:140]: CW_VIEW packet=1 marker=0 protected=false yawDelta=0.0 pitchDelta=0.0 requestedYawDelta=0.0 requestedPitchDelta=0.0 nano=37274621385800
[17:14:18] [Client thread/INFO] [STDOUT]: [com.layue13.clashweave.client.ViewPreservingCorrections$Preserved:processPacket:140]: CW_VIEW packet=1 marker=0 protected=false yawDelta=0.0 pitchDelta=0.0 requestedYawDelta=0.0 requestedPitchDelta=0.0 nano=37274621571900
[17:14:18] [Client thread/INFO] [STDOUT]: [com.layue13.clashweave.client.ViewPreservingCorrections$Preserved:processPacket:140]: CW_VIEW packet=1 marker=0 protected=false yawDelta=0.0 pitchDelta=0.0 requestedYawDelta=0.0 requestedPitchDelta=0.0 nano=37274621751600
[17:14:18] [Client thread/INFO] [STDOUT]: [com.layue13.clashweave.client.ViewPreservingCorrections$Preserved:processPacket:140]: CW_VIEW packet=1 marker=0 protected=false yawDelta=0.0 pitchDelta=0.0 requestedYawDelta=0.0 requestedPitchDelta=0.0 nano=37274621986800
[17:14:18] [Client thread/INFO] [STDOUT]: [com.layue13.clashweave.client.ViewPreservingCorrections$Preserved:processPacket:140]: CW_VIEW packet=1 marker=0 protected=false yawDelta=0.0 pitchDelta=0.0 requestedYawDelta=0.0 requestedPitchDelta=0.0 nano=37274622230000
[17:14:18] [Client thread/INFO] [STDOUT]: [com.layue13.clashweave.client.ViewPreservingCorrections$Preserved:processPacket:140]: CW_VIEW packet=1 marker=0 protected=false yawDelta=0.0 pitchDelta=0.0 requestedYawDelta=0.0 requestedPitchDelta=0.0 nano=37274622453800
[17:14:18] [Client thread/INFO] [STDOUT]: [com.layue13.clashweave.client.ViewPreservingCorrections$Preserved:processPacket:140]: CW_VIEW packet=1 marker=0 protected=false yawDelta=0.0 pitchDelta=0.0 requestedYawDelta=0.0 requestedPitchDelta=0.0 nano=37274622638000
[17:14:18] [Client thread/INFO] [STDOUT]: [com.layue13.clashweave.client.ViewPreservingCorrections$Preserved:processPacket:140]: CW_VIEW packet=1 marker=0 protected=false yawDelta=0.0 pitchDelta=0.0 requestedYawDelta=0.0 requestedPitchDelta=0.0 nano=37274622829700
[17:14:19] [Client thread/INFO] [STDOUT]: [com.layue13.clashweave.client.ClientProxy:apply:246]: CW_ENGAGEMENT player=P0A engaged=false revision=1 tick=195 receive=37274906327100
[17:14:19] [Client thread/INFO] [STDOUT]: [com.layue13.clashweave.validation.ClientReplay:tick:96]: P0_APPEARANCE entity=0 skin=clashweave:katana effects=clashweave:default animations=clashweave:katana style=katana
[17:14:29] [Client thread/INFO] [STDOUT]: [com.layue13.clashweave.client.ClientProxy:apply:246]: CW_ENGAGEMENT player=P0A engaged=true revision=3 tick=416 receive=37285016014200
[17:14:29] [Client thread/INFO] [STDOUT]: [com.layue13.clashweave.validation.ClientReplay:tick:96]: P0_APPEARANCE entity=70993 skin=clashweave:katana effects=clashweave:default animations=clashweave:katana style=katana
[17:14:34] [Client thread/INFO] [STDOUT]: [com.layue13.clashweave.validation.ClientReplay:viewReplay:298]: P0_VIEW_SEQUENCE begin=1 nano=37290180162000
[17:14:34] [Client thread/INFO] [STDOUT]: [com.layue13.clashweave.validation.ClientReplay:audio:411]: P0_LOCAL_AUDIO nano=37290181309500
[17:14:34] [Client thread/INFO] [STDOUT]: [com.layue13.clashweave.client.ClientProxy:send:163]: CW_LOCAL_SWING seq=2 press=37290181070000 feedback=37290183304600
[17:14:34] [Client thread/INFO] [STDOUT]: [com.layue13.clashweave.validation.ClientReplay:request:313]: P0_REQUEST intent=LIGHT yaw=8.368053 pitch=-1.5961332 nano=37290183522400
[17:14:34] [Client thread/INFO] [STDOUT]: [com.layue13.clashweave.client.ClientProxy:apply:260]: CW_ALIGN player=P0A seq=2 predicted=0 authoritative=0 sameAction=true
[17:14:34] [Client thread/INFO] [STDOUT]: [com.layue13.clashweave.client.ClientProxy:tick:190]: CW_PRESENT id=1 kind=DRAW actor=0 owner=0
[17:14:34] [Client thread/INFO] [STDOUT]: [com.layue13.clashweave.client.ClientProxy:tick:190]: CW_PRESENT id=2 kind=SWING actor=0 owner=0
[17:14:34] [Client thread/INFO] [STDOUT]: [com.layue13.clashweave.validation.ClientReplay:viewReplay:277]: P0_VIEW_START sequence=1 instance=1 yawDelta=0.0 pitchDelta=0.0 yaw=8.368053 pitch=-1.5961332 nano=37290232319200
[17:14:34] [Client thread/INFO] [STDOUT]: [com.layue13.clashweave.client.ClientProxy:apply:305]: CW_FEEDBACK player=P0A result=HIT frozen=37290444059900 receive=37290480738100 corrections=0
[17:14:34] [Client thread/INFO] [STDOUT]: [com.layue13.clashweave.validation.ClientReplay:audio:412]: P0_AUDIO source=random.successful_hit frozen=37290444059900 nano=37290481097700
[17:14:34] [Client thread/INFO] [STDOUT]: [com.layue13.clashweave.client.ClientProxy:tick:190]: CW_PRESENT id=3 kind=HIT actor=0 owner=0
[17:14:34] [Client thread/INFO] [STDOUT]: [com.layue13.clashweave.client.ClientProxy:tick:190]: CW_PRESENT id=4 kind=HURT actor=71342 owner=0
[17:14:34] [Client thread/INFO] [STDOUT]: [com.layue13.clashweave.client.ClientProxy:hud:368]: CW_FRAME frozen=37290444059900 frame=37290483883600
[17:14:34] [Client thread/INFO] [STDOUT]: [com.layue13.clashweave.validation.ClientReplay:request:313]: P0_REQUEST intent=LIGHT yaw=8.763294 pitch=-2.0021517 nano=37290530727700
[17:14:35] [Client thread/INFO] [STDOUT]: [com.layue13.clashweave.client.ClientProxy:apply:305]: CW_FEEDBACK player=P0A result=HIT frozen=37290444344000 receive=37290633388500 corrections=0
[17:14:35] [Client thread/INFO] [STDOUT]: [com.layue13.clashweave.client.ClientProxy:tick:190]: CW_PRESENT id=5 kind=SWING actor=0 owner=0
[17:14:35] [Client thread/INFO] [STDOUT]: [com.layue13.clashweave.validation.ClientReplay:audio:412]: P0_AUDIO source=random.successful_hit frozen=37290444344000 nano=37290633819700
[17:14:35] [Client thread/INFO] [STDOUT]: [com.layue13.clashweave.client.ClientProxy:tick:190]: CW_PRESENT id=6 kind=HIT actor=0 owner=0
[17:14:35] [Client thread/INFO] [STDOUT]: [com.layue13.clashweave.client.ClientProxy:tick:190]: CW_PRESENT id=7 kind=HURT actor=70993 owner=0
[17:14:35] [Client thread/INFO] [STDOUT]: [com.layue13.clashweave.validation.ClientReplay:viewReplay:277]: P0_VIEW_START sequence=1 instance=2 yawDelta=0.0 pitchDelta=0.0 yaw=8.797803 pitch=-2.061442 nano=37290634244100
[17:14:35] [Client thread/INFO] [STDOUT]: [com.layue13.clashweave.client.ClientProxy:hud:368]: CW_FRAME frozen=37290444344000 frame=37290634618900
[17:14:35] [Client thread/INFO] [STDOUT]: [com.layue13.clashweave.client.ClientProxy:apply:305]: CW_FEEDBACK player=P0A result=HIT frozen=37290793245700 receive=37290831529800 corrections=0
[17:14:35] [Client thread/INFO] [STDOUT]: [com.layue13.clashweave.validation.ClientReplay:audio:412]: P0_AUDIO source=random.successful_hit frozen=37290793245700 nano=37290831832000
[17:14:35] [Client thread/INFO] [STDOUT]: [com.layue13.clashweave.client.ClientProxy:tick:190]: CW_PRESENT id=8 kind=HIT actor=0 owner=0
[17:14:35] [Client thread/INFO] [STDOUT]: [com.layue13.clashweave.client.ClientProxy:tick:190]: CW_PRESENT id=9 kind=HURT actor=71342 owner=0
[17:14:35] [Client thread/INFO] [STDOUT]: [com.layue13.clashweave.client.ClientProxy:hud:368]: CW_FRAME frozen=37290793245700 frame=37290832514400
[17:14:35] [Client thread/INFO] [STDOUT]: [com.layue13.clashweave.validation.ClientReplay:request:313]: P0_REQUEST intent=LIGHT yaw=8.887405 pitch=-2.4203196 nano=37290880203900
[17:14:35] [Client thread/INFO] [STDOUT]: [com.layue13.clashweave.client.ClientProxy:tick:190]: CW_PRESENT id=10 kind=SWING actor=0 owner=0
[17:14:35] [Client thread/INFO] [STDOUT]: [com.layue13.clashweave.validation.ClientReplay:viewReplay:277]: P0_VIEW_START sequence=1 instance=3 yawDelta=0.0 pitchDelta=0.0 yaw=8.882677 pitch=-2.4803064 nano=37290980576200
[17:14:35] [Client thread/INFO] [STDOUT]: [com.layue13.clashweave.client.ClientProxy:apply:305]: CW_FEEDBACK player=P0A result=HIT frozen=37291092345700 receive=37291130510000 corrections=0
[17:14:35] [Client thread/INFO] [STDOUT]: [com.layue13.clashweave.validation.ClientReplay:audio:412]: P0_AUDIO source=random.successful_hit frozen=37291092345700 nano=37291130760600
[17:14:35] [Client thread/INFO] [STDOUT]: [com.layue13.clashweave.client.ClientProxy:tick:190]: CW_PRESENT id=11 kind=HIT actor=0 owner=0
[17:14:35] [Client thread/INFO] [STDOUT]: [com.layue13.clashweave.client.ClientProxy:tick:190]: CW_PRESENT id=12 kind=HURT actor=71342 owner=0
[17:14:35] [Client thread/INFO] [STDOUT]: [com.layue13.clashweave.client.ClientProxy:hud:368]: CW_FRAME frozen=37291092345700 frame=37291131481200
[17:14:35] [Client thread/INFO] [STDOUT]: [com.layue13.clashweave.validation.ClientReplay:request:313]: P0_REQUEST intent=LIGHT yaw=8.77489 pitch=-2.778738 nano=37291183471400
[17:14:35] [Client thread/INFO] [STDOUT]: [com.layue13.clashweave.validation.ClientReplay:viewReplay:277]: P0_VIEW_START sequence=1 instance=4 yawDelta=0.0 pitchDelta=0.0 yaw=8.736598 pitch=-2.8378627 nano=37291280615700
[17:14:35] [Client thread/INFO] [STDOUT]: [com.layue13.clashweave.client.ClientProxy:apply:305]: CW_FEEDBACK player=P0A result=HIT frozen=37291443023000 receive=37291480566500 corrections=0
[17:14:35] [Client thread/INFO] [STDOUT]: [com.layue13.clashweave.validation.ClientReplay:audio:412]: P0_AUDIO source=random.successful_hit frozen=37291443023000 nano=37291480909500
[17:14:35] [Client thread/INFO] [STDOUT]: [com.layue13.clashweave.client.ClientProxy:hud:368]: CW_FRAME frozen=37291443023000 frame=37291481731300
[17:14:36] [Client thread/INFO] [STDOUT]: [com.layue13.clashweave.validation.ClientReplay:viewReplay:290]: P0_VIEW_SEQUENCE completed=1 nano=37291981058100
[17:14:36] [Client thread/INFO] [STDOUT]: [com.layue13.clashweave.validation.ClientReplay:viewReplay:298]: P0_VIEW_SEQUENCE begin=2 nano=37292180478700
[17:14:36] [Client thread/INFO] [STDOUT]: [com.layue13.clashweave.validation.ClientReplay:audio:411]: P0_LOCAL_AUDIO nano=37292181483700
[17:14:36] [Client thread/INFO] [STDOUT]: [com.layue13.clashweave.client.ClientProxy:send:163]: CW_LOCAL_SWING seq=10 press=37292181357700 feedback=37292181669200
[17:14:36] [Client thread/INFO] [STDOUT]: [com.layue13.clashweave.validation.ClientReplay:request:313]: P0_REQUEST intent=LIGHT yaw=7.0057817 pitch=-3.8685834 nano=37292181846100
[17:14:36] [Client thread/INFO] [STDOUT]: [com.layue13.clashweave.client.ClientProxy:apply:260]: CW_ALIGN player=P0A seq=10 predicted=0 authoritative=0 sameAction=true
[17:14:36] [Client thread/INFO] [STDOUT]: [com.layue13.clashweave.validation.ClientReplay:viewReplay:277]: P0_VIEW_START sequence=2 instance=5 yawDelta=0.0 pitchDelta=0.0 yaw=7.0057817 pitch=-3.8685834 nano=37292231684500
[17:14:36] [Client thread/INFO] [STDOUT]: [com.layue13.clashweave.client.ClientProxy:apply:305]: CW_FEEDBACK player=P0A result=HIT frozen=37292393659000 receive=37292397633900 corrections=0
[17:14:36] [Client thread/INFO] [STDOUT]: [com.layue13.clashweave.validation.ClientReplay:audio:412]: P0_AUDIO source=random.successful_hit frozen=37292393659000 nano=37292397910000
[17:14:36] [Client thread/INFO] [STDOUT]: [com.layue13.clashweave.client.ClientProxy:hud:368]: CW_FRAME frozen=37292393659000 frame=37292398668500
[17:14:36] [Client thread/INFO] [STDOUT]: [com.layue13.clashweave.validation.ClientReplay:request:313]: P0_REQUEST intent=LIGHT yaw=6.263577 pitch=-4.0937834 nano=37292447680700
[17:14:36] [Client thread/INFO] [STDOUT]: [com.layue13.clashweave.validation.ClientReplay:viewReplay:277]: P0_VIEW_START sequence=2 instance=6 yawDelta=0.0 pitchDelta=0.0 yaw=5.9381332 pitch=-4.1766458 nano=37292597761000
[17:14:37] [Client thread/INFO] [STDOUT]: [com.layue13.clashweave.client.ClientProxy:apply:305]: CW_FEEDBACK player=P0A result=HIT frozen=37292693626000 receive=37292697290600 corrections=0
[17:14:37] [Client thread/INFO] [STDOUT]: [com.layue13.clashweave.validation.ClientReplay:audio:412]: P0_AUDIO source=random.successful_hit frozen=37292693626000 nano=37292697551800
[17:14:37] [Client thread/INFO] [STDOUT]: [com.layue13.clashweave.client.ClientProxy:hud:368]: CW_FRAME frozen=37292693626000 frame=37292698273100
[17:14:37] [Client thread/INFO] [STDOUT]: [com.layue13.clashweave.validation.ClientReplay:request:313]: P0_REQUEST intent=LIGHT yaw=5.242727 pitch=-4.3288507 nano=37292747392000
[17:14:37] [Client thread/INFO] [STDOUT]: [com.layue13.clashweave.validation.ClientReplay:viewReplay:277]: P0_VIEW_START sequence=2 instance=7 yawDelta=0.0 pitchDelta=0.0 yaw=5.0602307 pitch=-4.363946 nano=37292847607100
[17:14:37] [Client thread/INFO] [STDOUT]: [com.layue13.clashweave.client.ClientProxy:apply:305]: CW_FEEDBACK player=P0A result=HIT frozen=37293043570700 receive=37293048412800 corrections=0
[17:14:37] [Client thread/INFO] [STDOUT]: [com.layue13.clashweave.validation.ClientReplay:audio:412]: P0_AUDIO source=random.successful_hit frozen=37293043570700 nano=37293048752000
[17:14:37] [Client thread/INFO] [STDOUT]: [com.layue13.clashweave.client.ClientProxy:hud:368]: CW_FRAME frozen=37293043570700 frame=37293049505700
[17:14:37] [Client thread/INFO] [STDOUT]: [com.layue13.clashweave.validation.ClientReplay:viewReplay:290]: P0_VIEW_SEQUENCE completed=2 nano=37293547335500
[17:14:38] [Client thread/INFO] [STDOUT]: [com.layue13.clashweave.validation.ClientReplay:viewReplay:298]: P0_VIEW_SEQUENCE begin=3 nano=37293697242900
[17:14:38] [Client thread/INFO] [STDOUT]: [com.layue13.clashweave.validation.ClientReplay:audio:411]: P0_LOCAL_AUDIO nano=37293698315400
[17:14:38] [Client thread/INFO] [STDOUT]: [com.layue13.clashweave.client.ClientProxy:send:163]: CW_LOCAL_SWING seq=16 press=37293698175200 feedback=37293698582900
[17:14:38] [Client thread/INFO] [STDOUT]: [com.layue13.clashweave.validation.ClientReplay:request:313]: P0_REQUEST intent=LIGHT yaw=1.3416356 pitch=-4.7684064 nano=37293698778600
[17:14:38] [Client thread/INFO] [STDOUT]: [com.layue13.clashweave.client.ClientProxy:apply:260]: CW_ALIGN player=P0A seq=16 predicted=0 authoritative=0 sameAction=true
[17:14:38] [Client thread/INFO] [STDOUT]: [com.layue13.clashweave.validation.ClientReplay:viewReplay:277]: P0_VIEW_START sequence=3 instance=8 yawDelta=0.0 pitchDelta=0.0 yaw=1.3416356 pitch=-4.7684064 nano=37293748022200
[17:14:38] [Client thread/INFO] [STDOUT]: [com.layue13.clashweave.client.ClientProxy:apply:305]: CW_FEEDBACK player=P0A result=HIT frozen=37293944357600 receive=37293949313300 corrections=0
[17:14:38] [Client thread/INFO] [STDOUT]: [com.layue13.clashweave.validation.ClientReplay:audio:412]: P0_AUDIO source=random.successful_hit frozen=37293944357600 nano=37293949644300
[17:14:38] [Client thread/INFO] [STDOUT]: [com.layue13.clashweave.client.ClientProxy:hud:368]: CW_FRAME frozen=37293944357600 frame=37293950891700
[17:14:38] [Client thread/INFO] [STDOUT]: [com.layue13.clashweave.validation.ClientReplay:request:313]: P0_REQUEST intent=LIGHT yaw=-0.002000466 pitch=-4.7997575 nano=37293998109100
[17:14:38] [Client thread/INFO] [STDOUT]: [com.layue13.clashweave.validation.ClientReplay:viewReplay:277]: P0_VIEW_START sequence=3 instance=9 yawDelta=0.0 pitchDelta=0.0 yaw=-0.22700046 pitch=-4.799744 nano=37294097497200
[17:14:38] [Client thread/INFO] [STDOUT]: [com.layue13.clashweave.client.ClientProxy:apply:305]: CW_FEEDBACK player=P0A result=HIT frozen=37294245260800 receive=37294247293000 corrections=0
[17:14:38] [Client thread/INFO] [STDOUT]: [com.layue13.clashweave.validation.ClientReplay:audio:412]: P0_AUDIO source=random.successful_hit frozen=37294245260800 nano=37294247565700
[17:14:38] [Client thread/INFO] [STDOUT]: [com.layue13.clashweave.client.ClientProxy:hud:368]: CW_FRAME frozen=37294245260800 frame=37294248360700
[17:14:38] [Client thread/INFO] [STDOUT]: [com.layue13.clashweave.validation.ClientReplay:request:313]: P0_REQUEST intent=LIGHT yaw=-1.3481182 pitch=-4.777213 nano=37294297268200
[17:14:38] [Client thread/INFO] [STDOUT]: [com.layue13.clashweave.validation.ClientReplay:viewReplay:277]: P0_VIEW_START sequence=3 instance=10 yawDelta=0.0 pitchDelta=0.0 yaw=-1.5705842 pitch=-4.768234 nano=37294398256400
[17:14:38] [Client thread/INFO] [STDOUT]: [com.layue13.clashweave.client.ClientProxy:apply:305]: CW_FEEDBACK player=P0A result=HIT frozen=37294594278200 receive=37294598261000 corrections=0
[17:14:38] [Client thread/INFO] [STDOUT]: [com.layue13.clashweave.validation.ClientReplay:audio:412]: P0_AUDIO source=random.successful_hit frozen=37294594278200 nano=37294598658700
[17:14:38] [Client thread/INFO] [STDOUT]: [com.layue13.clashweave.client.ClientProxy:hud:368]: CW_FRAME frozen=37294594278200 frame=37294599484400
[17:14:39] [Client thread/INFO] [STDOUT]: [com.layue13.clashweave.validation.ClientReplay:viewReplay:290]: P0_VIEW_SEQUENCE completed=3 nano=37295097507800
[17:14:39] [Client thread/INFO] [STDOUT]: [com.layue13.clashweave.validation.ClientReplay:viewReplay:298]: P0_VIEW_SEQUENCE begin=4 nano=37295197321900
[17:14:39] [Client thread/INFO] [STDOUT]: [com.layue13.clashweave.validation.ClientReplay:audio:411]: P0_LOCAL_AUDIO nano=37295197749800
[17:14:39] [Client thread/INFO] [STDOUT]: [com.layue13.clashweave.client.ClientProxy:send:163]: CW_LOCAL_SWING seq=22 press=37295197592700 feedback=37295197957600
[17:14:39] [Client thread/INFO] [STDOUT]: [com.layue13.clashweave.validation.ClientReplay:request:313]: P0_REQUEST intent=LIGHT yaw=-5.1028333 pitch=-4.3972225 nano=37295198111800
[17:14:39] [Client thread/INFO] [STDOUT]: [com.layue13.clashweave.client.ClientProxy:apply:260]: CW_ALIGN player=P0A seq=22 predicted=0 authoritative=0 sameAction=true
[17:14:39] [Client thread/INFO] [STDOUT]: [com.layue13.clashweave.validation.ClientReplay:viewReplay:277]: P0_VIEW_START sequence=4 instance=11 yawDelta=0.0 pitchDelta=0.0 yaw=-5.1028333 pitch=-4.3972225 nano=37295247952000
[17:14:39] [Client thread/INFO] [STDOUT]: [com.layue13.clashweave.client.ClientProxy:apply:305]: CW_FEEDBACK player=P0A result=HIT frozen=37295444390300 receive=37295447494300 corrections=0
[17:14:39] [Client thread/INFO] [STDOUT]: [com.layue13.clashweave.client.ClientProxy:hud:368]: CW_FRAME frozen=37295444390300 frame=37295448601700
[17:14:39] [Client thread/INFO] [STDOUT]: [com.layue13.clashweave.validation.ClientReplay:request:313]: P0_REQUEST intent=LIGHT yaw=-6.1660957 pitch=-4.1759286 nano=37295498628700
[17:14:39] [Client thread/INFO] [STDOUT]: [com.layue13.clashweave.validation.ClientReplay:viewReplay:277]: P0_VIEW_START sequence=4 instance=12 yawDelta=0.0 pitchDelta=0.0 yaw=-6.330692 pitch=-4.1350207 nano=37295598195100
[17:14:40] [Client thread/INFO] [STDOUT]: [com.layue13.clashweave.validation.ClientReplay:viewReplay:290]: P0_VIEW_SEQUENCE completed=4 nano=37296597173800
[17:14:41] [Client thread/INFO] [STDOUT]: [com.layue13.clashweave.validation.ClientReplay:viewReplay:298]: P0_VIEW_SEQUENCE begin=5 nano=37296697183600
[17:14:41] [Client thread/INFO] [STDOUT]: [com.layue13.clashweave.validation.ClientReplay:audio:411]: P0_LOCAL_AUDIO nano=37296697545000
[17:14:41] [Client thread/INFO] [STDOUT]: [com.layue13.clashweave.client.ClientProxy:send:163]: CW_LOCAL_SWING seq=28 press=37296697404300 feedback=37296697829600
[17:14:41] [Client thread/INFO] [STDOUT]: [com.layue13.clashweave.client.ClientProxy:apply:260]: CW_ALIGN player=P0A seq=28 predicted=0 authoritative=0 sameAction=true
[17:14:42] [Client thread/INFO] [STDOUT]: [com.layue13.clashweave.validation.ClientReplay:viewReplay:290]: P0_VIEW_SEQUENCE completed=5 nano=37298097439400
[17:14:42] [Client thread/INFO] [STDOUT]: [com.layue13.clashweave.validation.ClientReplay:viewReplay:298]: P0_VIEW_SEQUENCE begin=6 nano=37298197457600
[17:14:42] [Client thread/INFO] [STDOUT]: [com.layue13.clashweave.validation.ClientReplay:audio:411]: P0_LOCAL_AUDIO nano=37298197841600
[17:14:42] [Client thread/INFO] [STDOUT]: [com.layue13.clashweave.client.ClientProxy:send:163]: CW_LOCAL_SWING seq=34 press=37298197744900 feedback=37298198050800
[17:14:42] [Client thread/INFO] [STDOUT]: [com.layue13.clashweave.client.ClientProxy:apply:260]: CW_ALIGN player=P0A seq=34 predicted=0 authoritative=0 sameAction=true
[17:14:43] [Client thread/INFO] [STDOUT]: [com.layue13.clashweave.validation.ClientReplay:viewReplay:290]: P0_VIEW_SEQUENCE completed=6 nano=37299597466200
[17:14:44] [Client thread/INFO] [STDOUT]: [com.layue13.clashweave.validation.ClientReplay:audio:411]: P0_LOCAL_AUDIO nano=37299697573100
[17:14:44] [Client thread/INFO] [STDOUT]: [com.layue13.clashweave.client.ClientProxy:send:163]: CW_LOCAL_SWING seq=40 press=37299697444100 feedback=37299697791200
[17:14:44] [Client thread/INFO] [STDOUT]: [com.layue13.clashweave.client.ClientProxy:apply:260]: CW_ALIGN player=P0A seq=40 predicted=0 authoritative=0 sameAction=true
[17:14:45] [Client thread/INFO] [STDOUT]: [com.layue13.clashweave.validation.ClientReplay:audio:411]: P0_LOCAL_AUDIO nano=37301198310700
[17:14:45] [Client thread/INFO] [STDOUT]: [com.layue13.clashweave.client.ClientProxy:send:163]: CW_LOCAL_SWING seq=46 press=37301198186300 feedback=37301198494900
[17:14:45] [Client thread/INFO] [STDOUT]: [com.layue13.clashweave.client.ClientProxy:apply:260]: CW_ALIGN player=P0A seq=46 predicted=0 authoritative=0 sameAction=true
[17:14:47] [Client thread/INFO] [STDOUT]: [com.layue13.clashweave.validation.ClientReplay:audio:411]: P0_LOCAL_AUDIO nano=37302698227100
[17:14:47] [Client thread/INFO] [STDOUT]: [com.layue13.clashweave.client.ClientProxy:send:163]: CW_LOCAL_SWING seq=52 press=37302698112500 feedback=37302698428000
[17:14:47] [Client thread/INFO] [STDOUT]: [com.layue13.clashweave.client.ClientProxy:apply:260]: CW_ALIGN player=P0A seq=52 predicted=0 authoritative=0 sameAction=true
[17:14:48] [Client thread/INFO] [STDOUT]: [com.layue13.clashweave.validation.ClientReplay:audio:411]: P0_LOCAL_AUDIO nano=37304197673300
[17:14:48] [Client thread/INFO] [STDOUT]: [com.layue13.clashweave.client.ClientProxy:send:163]: CW_LOCAL_SWING seq=58 press=37304197555800 feedback=37304197865100
[17:14:48] [Client thread/INFO] [STDOUT]: [com.layue13.clashweave.client.ClientProxy:apply:260]: CW_ALIGN player=P0A seq=58 predicted=0 authoritative=0 sameAction=true
[17:14:50] [Client thread/INFO] [STDOUT]: [com.layue13.clashweave.validation.ClientReplay:audio:411]: P0_LOCAL_AUDIO nano=37305697498400
[17:14:50] [Client thread/INFO] [STDOUT]: [com.layue13.clashweave.client.ClientProxy:send:163]: CW_LOCAL_SWING seq=64 press=37305697379800 feedback=37305697670600
[17:14:50] [Client thread/INFO] [STDOUT]: [com.layue13.clashweave.client.ClientProxy:apply:260]: CW_ALIGN player=P0A seq=64 predicted=0 authoritative=0 sameAction=true
[17:14:51] [Client thread/INFO] [STDOUT]: [com.layue13.clashweave.validation.ClientReplay:audio:411]: P0_LOCAL_AUDIO nano=37307197415800
[17:14:51] [Client thread/INFO] [STDOUT]: [com.layue13.clashweave.client.ClientProxy:send:163]: CW_LOCAL_SWING seq=70 press=37307197302900 feedback=37307197576000
[17:14:51] [Client thread/INFO] [STDOUT]: [com.layue13.clashweave.client.ClientProxy:apply:260]: CW_ALIGN player=P0A seq=70 predicted=0 authoritative=0 sameAction=true
[17:15:04] [Client thread/INFO] [STDOUT]: [com.layue13.clashweave.validation.ClientReplay:viewReplay:307]: P0_VIEW COMPLETE nano=37320598580500
[17:15:05] [Client thread/INFO] [STDOUT]: [com.layue13.clashweave.validation.ClientReplay:viewReplay:307]: P0_VIEW COMPLETE nano=37320647851400
[17:15:05] [Client thread/INFO] [STDOUT]: [com.layue13.clashweave.validation.ClientReplay:viewReplay:307]: P0_VIEW COMPLETE nano=37320698385500
[17:15:05] [Client thread/INFO] [STDOUT]: [com.layue13.clashweave.validation.ClientReplay:viewReplay:307]: P0_VIEW COMPLETE nano=37320747239000
[17:15:05] [Client thread/INFO] [STDOUT]: [com.layue13.clashweave.validation.ClientReplay:viewReplay:307]: P0_VIEW COMPLETE nano=37320797215500
[17:15:05] [Client thread/INFO] [STDOUT]: [com.layue13.clashweave.validation.ClientReplay:viewReplay:307]: P0_VIEW COMPLETE nano=37320847090400
[17:15:05] [Client thread/INFO] [STDOUT]: [com.layue13.clashweave.validation.ClientReplay:viewReplay:307]: P0_VIEW COMPLETE nano=37320897051300
[17:15:05] [Client thread/INFO] [STDOUT]: [com.layue13.clashweave.validation.ClientReplay:viewReplay:307]: P0_VIEW COMPLETE nano=37320947424700
[17:15:05] [Client thread/INFO] [STDOUT]: [com.layue13.clashweave.validation.ClientReplay:viewReplay:307]: P0_VIEW COMPLETE nano=37320997340200
[17:15:05] [Client thread/INFO] [STDOUT]: [com.layue13.clashweave.validation.ClientReplay:viewReplay:307]: P0_VIEW COMPLETE nano=37321048660000
[17:15:05] [Client thread/INFO] [STDOUT]: [com.layue13.clashweave.validation.ClientReplay:viewReplay:307]: P0_VIEW COMPLETE nano=37321097063100
[17:15:05] [Client thread/INFO] [STDOUT]: [com.layue13.clashweave.validation.ClientReplay:viewReplay:307]: P0_VIEW COMPLETE nano=37321148498500
[17:15:05] [Client thread/INFO] [STDOUT]: [com.layue13.clashweave.validation.ClientReplay:viewReplay:307]: P0_VIEW COMPLETE nano=37321197468600
[17:15:05] [Client thread/INFO] [STDOUT]: [com.layue13.clashweave.validation.ClientReplay:viewReplay:307]: P0_VIEW COMPLETE nano=37321247320600
[17:15:05] [Client thread/INFO] [STDOUT]: [com.layue13.clashweave.validation.ClientReplay:viewReplay:307]: P0_VIEW COMPLETE nano=37321298345300
[17:15:05] [Client thread/INFO] [STDOUT]: [com.layue13.clashweave.validation.ClientReplay:viewReplay:307]: P0_VIEW COMPLETE nano=37321347084500
[17:15:05] [Client thread/INFO] [STDOUT]: [com.layue13.clashweave.validation.ClientReplay:viewReplay:307]: P0_VIEW COMPLETE nano=37321397172800
[17:15:05] [Client thread/INFO] [STDOUT]: [com.layue13.clashweave.validation.ClientReplay:viewReplay:307]: P0_VIEW COMPLETE nano=37321447364300
[17:15:05] [Client thread/INFO] [STDOUT]: [com.layue13.clashweave.validation.ClientReplay:viewReplay:307]: P0_VIEW COMPLETE nano=37321498456700
[17:15:05] [Client thread/INFO] [STDOUT]: [com.layue13.clashweave.validation.ClientReplay:viewReplay:307]: P0_VIEW COMPLETE nano=37321547274800
[17:15:05] [Client thread/INFO] [STDOUT]: [com.layue13.clashweave.validation.ClientReplay:viewReplay:307]: P0_VIEW COMPLETE nano=37321597467700
[17:15:06] [Client thread/INFO] [STDOUT]: [com.layue13.clashweave.validation.ClientReplay:viewReplay:307]: P0_VIEW COMPLETE nano=37321647428400
[17:15:06] [Client thread/INFO] [STDOUT]: [com.layue13.clashweave.validation.ClientReplay:viewReplay:307]: P0_VIEW COMPLETE nano=37321697603000
[17:15:06] [Client thread/INFO] [STDOUT]: [com.layue13.clashweave.validation.ClientReplay:viewReplay:307]: P0_VIEW COMPLETE nano=37321747426800
[17:15:06] [Client thread/INFO] [STDOUT]: [com.layue13.clashweave.validation.ClientReplay:viewReplay:307]: P0_VIEW COMPLETE nano=37321797123800
[17:15:06] [Client thread/INFO] [STDOUT]: [com.layue13.clashweave.validation.ClientReplay:viewReplay:307]: P0_VIEW COMPLETE nano=37321847058000
[17:15:06] [Client thread/INFO] [STDOUT]: [com.layue13.clashweave.validation.ClientReplay:viewReplay:307]: P0_VIEW COMPLETE nano=37321897156600
[17:15:06] [Client thread/INFO] [STDOUT]: [com.layue13.clashweave.validation.ClientReplay:viewReplay:307]: P0_VIEW COMPLETE nano=37321947896000
[17:15:06] [Client thread/INFO] [STDOUT]: [com.layue13.clashweave.validation.ClientReplay:viewReplay:307]: P0_VIEW COMPLETE nano=37321998439300
[17:15:06] [Client thread/INFO] [STDOUT]: [com.layue13.clashweave.validation.ClientReplay:viewReplay:307]: P0_VIEW COMPLETE nano=37322047328800
[17:15:06] [Client thread/INFO] [STDOUT]: [com.layue13.clashweave.validation.ClientReplay:viewReplay:307]: P0_VIEW COMPLETE nano=37322097357200
[17:15:06] [Client thread/INFO] [STDOUT]: [com.layue13.clashweave.validation.ClientReplay:viewReplay:307]: P0_VIEW COMPLETE nano=37322147357100
[17:15:06] [Client thread/INFO] [STDOUT]: [com.layue13.clashweave.validation.ClientReplay:viewReplay:307]: P0_VIEW COMPLETE nano=37322197278200
[17:15:06] [Client thread/INFO] [STDOUT]: [com.layue13.clashweave.validation.ClientReplay:viewReplay:307]: P0_VIEW COMPLETE nano=37322247163000
[17:15:06] [Client thread/INFO] [STDOUT]: [com.layue13.clashweave.validation.ClientReplay:viewReplay:307]: P0_VIEW COMPLETE nano=37322297172500
[17:15:06] [Client thread/INFO] [STDOUT]: [com.layue13.clashweave.validation.ClientReplay:viewReplay:307]: P0_VIEW COMPLETE nano=37322347017800
[17:15:06] [Client thread/INFO] [STDOUT]: [com.layue13.clashweave.validation.ClientReplay:viewReplay:307]: P0_VIEW COMPLETE nano=37322397286100
[17:15:06] [Client thread/INFO] [STDOUT]: [com.layue13.clashweave.validation.ClientReplay:viewReplay:307]: P0_VIEW COMPLETE nano=37322447829400
[17:15:06] [Client thread/INFO] [STDOUT]: [com.layue13.clashweave.validation.ClientReplay:viewReplay:307]: P0_VIEW COMPLETE nano=37322497144800
[17:15:06] [Client thread/INFO] [STDOUT]: [com.layue13.clashweave.validation.ClientReplay:viewReplay:307]: P0_VIEW COMPLETE nano=37322547233600
[17:15:06] [Client thread/INFO] [STDOUT]: [com.layue13.clashweave.validation.ClientReplay:viewReplay:307]: P0_VIEW COMPLETE nano=37322597447700
[17:15:07] [Client thread/INFO] [STDOUT]: [com.layue13.clashweave.validation.ClientReplay:viewReplay:307]: P0_VIEW COMPLETE nano=37322647428700
[17:15:07] [Client thread/INFO] [STDOUT]: [com.layue13.clashweave.validation.ClientReplay:viewReplay:307]: P0_VIEW COMPLETE nano=37322697469700
[17:15:07] [Client thread/INFO] [STDOUT]: [com.layue13.clashweave.validation.ClientReplay:viewReplay:307]: P0_VIEW COMPLETE nano=37322747365000
[17:15:07] [Client thread/INFO] [STDOUT]: [com.layue13.clashweave.validation.ClientReplay:viewReplay:307]: P0_VIEW COMPLETE nano=37322797502400
[17:15:07] [Client thread/INFO] [STDOUT]: [com.layue13.clashweave.validation.ClientReplay:viewReplay:307]: P0_VIEW COMPLETE nano=37322847243600
[17:15:07] [Client thread/INFO] [STDOUT]: [com.layue13.clashweave.validation.ClientReplay:viewReplay:307]: P0_VIEW COMPLETE nano=37322897074100
[17:15:07] [Client thread/INFO] [STDOUT]: [com.layue13.clashweave.validation.ClientReplay:viewReplay:307]: P0_VIEW COMPLETE nano=37322947076100
[17:15:07] [Client thread/INFO] [STDOUT]: [com.layue13.clashweave.validation.ClientReplay:viewReplay:307]: P0_VIEW COMPLETE nano=37322997387300
[17:15:07] [Client thread/INFO] [STDOUT]: [com.layue13.clashweave.validation.ClientReplay:viewReplay:307]: P0_VIEW COMPLETE nano=37323048470100
[17:15:07] [Client thread/INFO] [STDOUT]: [com.layue13.clashweave.validation.ClientReplay:viewReplay:307]: P0_VIEW COMPLETE nano=37323098314600
[17:15:07] [Client thread/INFO] [STDOUT]: [com.layue13.clashweave.validation.ClientReplay:viewReplay:307]: P0_VIEW COMPLETE nano=37323147291300
[17:15:07] [Client thread/INFO] [STDOUT]: [com.layue13.clashweave.validation.ClientReplay:viewReplay:307]: P0_VIEW COMPLETE nano=37323197560100
[17:15:07] [Client thread/INFO] [STDOUT]: [com.layue13.clashweave.validation.ClientReplay:viewReplay:307]: P0_VIEW COMPLETE nano=37323247079800
[17:15:07] [Client thread/INFO] [STDOUT]: [com.layue13.clashweave.validation.ClientReplay:viewReplay:307]: P0_VIEW COMPLETE nano=37323297374500
[17:15:07] [Client thread/INFO] [STDOUT]: [com.layue13.clashweave.validation.ClientReplay:viewReplay:307]: P0_VIEW COMPLETE nano=37323348442700
[17:15:07] [Client thread/INFO] [STDOUT]: [com.layue13.clashweave.validation.ClientReplay:viewReplay:307]: P0_VIEW COMPLETE nano=37323397050200
[17:15:07] [Client thread/INFO] [STDOUT]: [com.layue13.clashweave.validation.ClientReplay:viewReplay:307]: P0_VIEW COMPLETE nano=37323448472900
[17:15:07] [Client thread/INFO] [STDOUT]: [com.layue13.clashweave.validation.ClientReplay:viewReplay:307]: P0_VIEW COMPLETE nano=37323497310800
[17:15:07] [Client thread/INFO] [STDOUT]: [com.layue13.clashweave.validation.ClientReplay:viewReplay:307]: P0_VIEW COMPLETE nano=37323547184300
[17:15:07] [Client thread/INFO] [STDOUT]: [com.layue13.clashweave.validation.ClientReplay:viewReplay:307]: P0_VIEW COMPLETE nano=37323597545800
[17:15:08] [Client thread/INFO] [STDOUT]: [com.layue13.clashweave.validation.ClientReplay:viewReplay:307]: P0_VIEW COMPLETE nano=37323647064400
[17:15:08] [Client thread/INFO] [STDOUT]: [com.layue13.clashweave.validation.ClientReplay:viewReplay:307]: P0_VIEW COMPLETE nano=37323697102200
[17:15:08] [Client thread/INFO] [STDOUT]: [com.layue13.clashweave.validation.ClientReplay:viewReplay:307]: P0_VIEW COMPLETE nano=37323747105500
[17:15:08] [Client thread/INFO] [STDOUT]: [com.layue13.clashweave.validation.ClientReplay:viewReplay:307]: P0_VIEW COMPLETE nano=37323797175000
[17:15:08] [Client thread/INFO] [STDOUT]: [com.layue13.clashweave.validation.ClientReplay:viewReplay:307]: P0_VIEW COMPLETE nano=37323847393400
[17:15:08] [Client thread/INFO] [STDOUT]: [com.layue13.clashweave.validation.ClientReplay:viewReplay:307]: P0_VIEW COMPLETE nano=37323897202400
[17:15:08] [Client thread/INFO] [STDOUT]: [com.layue13.clashweave.validation.ClientReplay:viewReplay:307]: P0_VIEW COMPLETE nano=37323947552600
[17:15:08] [Client thread/INFO] [STDOUT]: [com.layue13.clashweave.validation.ClientReplay:viewReplay:307]: P0_VIEW COMPLETE nano=37323997538600
[17:15:08] [Client thread/INFO] [STDOUT]: [com.layue13.clashweave.validation.ClientReplay:viewReplay:307]: P0_VIEW COMPLETE nano=37324048647600
[17:15:08] [Client thread/INFO] [STDOUT]: [com.layue13.clashweave.validation.ClientReplay:viewReplay:307]: P0_VIEW COMPLETE nano=37324097296700
[17:15:08] [Client thread/INFO] [STDOUT]: [com.layue13.clashweave.validation.ClientReplay:viewReplay:307]: P0_VIEW COMPLETE nano=37324147220500
[17:15:08] [Client thread/INFO] [STDOUT]: [com.layue13.clashweave.validation.ClientReplay:viewReplay:307]: P0_VIEW COMPLETE nano=37324198391000
[17:15:08] [Client thread/INFO] [STDOUT]: [com.layue13.clashweave.validation.ClientReplay:viewReplay:307]: P0_VIEW COMPLETE nano=37324248073100
[17:15:08] [Client thread/INFO] [STDOUT]: [com.layue13.clashweave.validation.ClientReplay:viewReplay:307]: P0_VIEW COMPLETE nano=37324297474900
[17:15:08] [Client thread/INFO] [STDOUT]: [com.layue13.clashweave.validation.ClientReplay:viewReplay:307]: P0_VIEW COMPLETE nano=37324347944000
[17:15:08] [Client thread/INFO] [STDOUT]: [com.layue13.clashweave.validation.ClientReplay:viewReplay:307]: P0_VIEW COMPLETE nano=37324397753200
[17:15:08] [Client thread/INFO] [STDOUT]: [com.layue13.clashweave.validation.ClientReplay:viewReplay:307]: P0_VIEW COMPLETE nano=37324447832800
[17:15:08] [Client thread/INFO] [STDOUT]: [com.layue13.clashweave.validation.ClientReplay:viewReplay:307]: P0_VIEW COMPLETE nano=37324497401000
[17:15:08] [Client thread/INFO] [STDOUT]: [com.layue13.clashweave.validation.ClientReplay:viewReplay:307]: P0_VIEW COMPLETE nano=37324547488700
[17:15:08] [Client thread/INFO] [STDOUT]: [com.layue13.clashweave.validation.ClientReplay:viewReplay:307]: P0_VIEW COMPLETE nano=37324597669100
[17:15:09] [Client thread/INFO] [STDOUT]: [com.layue13.clashweave.validation.ClientReplay:viewReplay:307]: P0_VIEW COMPLETE nano=37324647242000
[17:15:09] [Client thread/INFO] [STDOUT]: [com.layue13.clashweave.validation.ClientReplay:viewReplay:307]: P0_VIEW COMPLETE nano=37324697311100
[17:15:09] [Client thread/INFO] [STDOUT]: [com.layue13.clashweave.validation.ClientReplay:viewReplay:307]: P0_VIEW COMPLETE nano=37324747886000
[17:15:09] [Client thread/INFO] [STDOUT]: [com.layue13.clashweave.validation.ClientReplay:viewReplay:307]: P0_VIEW COMPLETE nano=37324797030300
[17:15:09] [Client thread/INFO] [STDOUT]: [com.layue13.clashweave.validation.ClientReplay:viewReplay:307]: P0_VIEW COMPLETE nano=37324847676600
[17:15:09] [Client thread/INFO] [STDOUT]: [com.layue13.clashweave.validation.ClientReplay:viewReplay:307]: P0_VIEW COMPLETE nano=37324897185100
[17:15:09] [Client thread/INFO] [STDOUT]: [com.layue13.clashweave.validation.ClientReplay:viewReplay:307]: P0_VIEW COMPLETE nano=37324947704300
[17:15:09] [Client thread/INFO] [STDOUT]: [com.layue13.clashweave.validation.ClientReplay:viewReplay:307]: P0_VIEW COMPLETE nano=37324997371200
[17:15:09] [Client thread/INFO] [STDOUT]: [com.layue13.clashweave.validation.ClientReplay:viewReplay:307]: P0_VIEW COMPLETE nano=37325047365100
[17:15:09] [Client thread/INFO] [STDOUT]: [com.layue13.clashweave.validation.ClientReplay:viewReplay:307]: P0_VIEW COMPLETE nano=37325097568100
[17:15:09] [Client thread/INFO] [STDOUT]: [com.layue13.clashweave.validation.ClientReplay:viewReplay:307]: P0_VIEW COMPLETE nano=37325147339500
[17:15:09] [Client thread/INFO] [STDOUT]: [com.layue13.clashweave.validation.ClientReplay:viewReplay:307]: P0_VIEW COMPLETE nano=37325197385800
[17:15:09] [Client thread/INFO] [STDOUT]: [com.layue13.clashweave.validation.ClientReplay:viewReplay:307]: P0_VIEW COMPLETE nano=37325247487200
[17:15:09] [Client thread/INFO] [STDOUT]: [com.layue13.clashweave.validation.ClientReplay:viewReplay:307]: P0_VIEW COMPLETE nano=37325297274000
[17:15:09] [Client thread/INFO] [STDOUT]: [com.layue13.clashweave.validation.ClientReplay:viewReplay:307]: P0_VIEW COMPLETE nano=37325348510200
[17:15:09] [Client thread/INFO] [STDOUT]: [com.layue13.clashweave.validation.ClientReplay:viewReplay:307]: P0_VIEW COMPLETE nano=37325397703900
[17:15:09] [Client thread/INFO] [STDOUT]: [com.layue13.clashweave.validation.ClientReplay:viewReplay:307]: P0_VIEW COMPLETE nano=37325447110900
[17:15:09] [Client thread/INFO] [STDOUT]: [com.layue13.clashweave.validation.ClientReplay:viewReplay:307]: P0_VIEW COMPLETE nano=37325497434800
[17:15:09] [Client thread/INFO] [STDOUT]: [com.layue13.clashweave.validation.ClientReplay:viewReplay:307]: P0_VIEW COMPLETE nano=37325547581000
[17:15:09] [Client thread/INFO] [STDOUT]: [com.layue13.clashweave.validation.ClientReplay:viewReplay:307]: P0_VIEW COMPLETE nano=37325597070600
[17:15:10] [Client thread/INFO] [STDOUT]: [com.layue13.clashweave.validation.ClientReplay:viewReplay:307]: P0_VIEW COMPLETE nano=37325647260500
[17:15:10] [Client thread/INFO] [STDOUT]: [com.layue13.clashweave.validation.ClientReplay:viewReplay:307]: P0_VIEW COMPLETE nano=37325697028900
[17:15:10] [Client thread/INFO] [STDOUT]: [com.layue13.clashweave.validation.ClientReplay:viewReplay:307]: P0_VIEW COMPLETE nano=37325747142000
[17:15:10] [Client thread/INFO] [STDOUT]: [com.layue13.clashweave.validation.ClientReplay:viewReplay:307]: P0_VIEW COMPLETE nano=37325797323100
[17:15:10] [Client thread/INFO] [STDOUT]: [com.layue13.clashweave.validation.ClientReplay:viewReplay:307]: P0_VIEW COMPLETE nano=37325847286000
[17:15:10] [Client thread/INFO] [STDOUT]: [com.layue13.clashweave.validation.ClientReplay:viewReplay:307]: P0_VIEW COMPLETE nano=37325897246700
[17:15:10] [Client thread/INFO] [STDOUT]: [com.layue13.clashweave.validation.ClientReplay:viewReplay:307]: P0_VIEW COMPLETE nano=37325947156700
[17:15:10] [Client thread/INFO] [STDOUT]: [com.layue13.clashweave.validation.ClientReplay:viewReplay:307]: P0_VIEW COMPLETE nano=37325997430200
[17:15:10] [Client thread/INFO] [STDOUT]: [com.layue13.clashweave.validation.ClientReplay:viewReplay:307]: P0_VIEW COMPLETE nano=37326047864800
[17:15:10] [Client thread/INFO] [STDOUT]: [com.layue13.clashweave.validation.ClientReplay:viewReplay:307]: P0_VIEW COMPLETE nano=37326097419800
[17:15:10] [Client thread/INFO] [STDOUT]: [com.layue13.clashweave.validation.ClientReplay:viewReplay:307]: P0_VIEW COMPLETE nano=37326147088500
[17:15:10] [Client thread/INFO] [STDOUT]: [com.layue13.clashweave.validation.ClientReplay:viewReplay:307]: P0_VIEW COMPLETE nano=37326197088700
[17:15:10] [Client thread/INFO] [STDOUT]: [com.layue13.clashweave.validation.ClientReplay:viewReplay:307]: P0_VIEW COMPLETE nano=37326247077700
[17:15:10] [Client thread/INFO] [STDOUT]: [com.layue13.clashweave.validation.ClientReplay:viewReplay:307]: P0_VIEW COMPLETE nano=37326297536600
[17:15:10] [Client thread/INFO] [STDOUT]: [com.layue13.clashweave.validation.ClientReplay:viewReplay:307]: P0_VIEW COMPLETE nano=37326347990100
[17:15:10] [Client thread/INFO] [STDOUT]: [com.layue13.clashweave.validation.ClientReplay:viewReplay:307]: P0_VIEW COMPLETE nano=37326398187700
[17:15:10] [Client thread/INFO] [STDOUT]: [com.layue13.clashweave.validation.ClientReplay:viewReplay:307]: P0_VIEW COMPLETE nano=37326447543200
[17:15:10] [Client thread/INFO] [STDOUT]: [com.layue13.clashweave.validation.ClientReplay:viewReplay:307]: P0_VIEW COMPLETE nano=37326497564700
[17:15:10] [Client thread/INFO] [STDOUT]: [com.layue13.clashweave.validation.ClientReplay:viewReplay:307]: P0_VIEW COMPLETE nano=37326547932900
[17:15:10] [Client thread/INFO] [STDOUT]: [com.layue13.clashweave.validation.ClientReplay:viewReplay:307]: P0_VIEW COMPLETE nano=37326597588800
[17:15:11] [Client thread/INFO] [STDOUT]: [com.layue13.clashweave.validation.ClientReplay:viewReplay:307]: P0_VIEW COMPLETE nano=37326647400100
[17:15:11] [Client thread/INFO] [STDOUT]: [com.layue13.clashweave.validation.ClientReplay:viewReplay:307]: P0_VIEW COMPLETE nano=37326698506000
[17:15:11] [Client thread/INFO] [STDOUT]: [com.layue13.clashweave.validation.ClientReplay:viewReplay:307]: P0_VIEW COMPLETE nano=37326747563900
[17:15:11] [Client thread/INFO] [STDOUT]: [com.layue13.clashweave.validation.ClientReplay:viewReplay:307]: P0_VIEW COMPLETE nano=37326798449400
[17:15:11] [Client thread/INFO] [STDOUT]: [com.layue13.clashweave.validation.ClientReplay:viewReplay:307]: P0_VIEW COMPLETE nano=37326847164000
[17:15:11] [Client thread/INFO] [STDOUT]: [com.layue13.clashweave.validation.ClientReplay:viewReplay:307]: P0_VIEW COMPLETE nano=37326898508300
[17:15:11] [Client thread/INFO] [STDOUT]: [com.layue13.clashweave.validation.ClientReplay:viewReplay:307]: P0_VIEW COMPLETE nano=37326947425700
[17:15:11] [Client thread/INFO] [STDOUT]: [com.layue13.clashweave.validation.ClientReplay:viewReplay:307]: P0_VIEW COMPLETE nano=37326997480000
[17:15:11] [Client thread/INFO] [STDOUT]: [com.layue13.clashweave.validation.ClientReplay:viewReplay:307]: P0_VIEW COMPLETE nano=37327048559500
[17:15:11] [Client thread/INFO] [STDOUT]: [com.layue13.clashweave.validation.ClientReplay:viewReplay:307]: P0_VIEW COMPLETE nano=37327097460700
[17:15:11] [Client thread/INFO] [STDOUT]: [com.layue13.clashweave.validation.ClientReplay:viewReplay:307]: P0_VIEW COMPLETE nano=37327147501100
[17:15:11] [Client thread/INFO] [STDOUT]: [com.layue13.clashweave.validation.ClientReplay:viewReplay:307]: P0_VIEW COMPLETE nano=37327197136800
[17:15:11] [Client thread/INFO] [STDOUT]: [com.layue13.clashweave.validation.ClientReplay:viewReplay:307]: P0_VIEW COMPLETE nano=37327247042000
[17:15:11] [Client thread/INFO] [STDOUT]: [com.layue13.clashweave.validation.ClientReplay:viewReplay:307]: P0_VIEW COMPLETE nano=37327298491400
[17:15:11] [Client thread/INFO] [STDOUT]: [com.layue13.clashweave.validation.ClientReplay:viewReplay:307]: P0_VIEW COMPLETE nano=37327347587200
[17:15:11] [Client thread/INFO] [STDOUT]: [com.layue13.clashweave.validation.ClientReplay:viewReplay:307]: P0_VIEW COMPLETE nano=37327397219700
[17:15:11] [Client thread/INFO] [STDOUT]: [com.layue13.clashweave.validation.ClientReplay:viewReplay:307]: P0_VIEW COMPLETE nano=37327447469500
[17:15:11] [Client thread/INFO] [STDOUT]: [com.layue13.clashweave.validation.ClientReplay:viewReplay:307]: P0_VIEW COMPLETE nano=37327497089700
[17:15:11] [Client thread/INFO] [STDOUT]: [com.layue13.clashweave.validation.ClientReplay:viewReplay:307]: P0_VIEW COMPLETE nano=37327547820900
[17:15:11] [Client thread/INFO] [STDOUT]: [com.layue13.clashweave.validation.ClientReplay:viewReplay:307]: P0_VIEW COMPLETE nano=37327597303000
[17:15:12] [Client thread/INFO] [STDOUT]: [com.layue13.clashweave.validation.ClientReplay:viewReplay:307]: P0_VIEW COMPLETE nano=37327647483500
[17:15:12] [Client thread/INFO] [STDOUT]: [com.layue13.clashweave.validation.ClientReplay:viewReplay:307]: P0_VIEW COMPLETE nano=37327697301700
[17:15:12] [Client thread/INFO] [STDOUT]: [com.layue13.clashweave.validation.ClientReplay:viewReplay:307]: P0_VIEW COMPLETE nano=37327747383600
[17:15:12] [Client thread/INFO] [STDOUT]: [com.layue13.clashweave.validation.ClientReplay:viewReplay:307]: P0_VIEW COMPLETE nano=37327797298600
[17:15:12] [Client thread/INFO] [STDOUT]: [com.layue13.clashweave.validation.ClientReplay:viewReplay:307]: P0_VIEW COMPLETE nano=37327847336900
[17:15:12] [Client thread/INFO] [STDOUT]: [com.layue13.clashweave.validation.ClientReplay:viewReplay:307]: P0_VIEW COMPLETE nano=37327897565800
[17:15:12] [Client thread/INFO] [STDOUT]: [com.layue13.clashweave.validation.ClientReplay:viewReplay:307]: P0_VIEW COMPLETE nano=37327947463800
[17:15:12] [Client thread/INFO] [STDOUT]: [com.layue13.clashweave.validation.ClientReplay:viewReplay:307]: P0_VIEW COMPLETE nano=37327997924800
[17:15:12] [Client thread/INFO] [STDOUT]: [com.layue13.clashweave.validation.ClientReplay:viewReplay:307]: P0_VIEW COMPLETE nano=37328048554200
[17:15:12] [Client thread/INFO] [STDOUT]: [com.layue13.clashweave.validation.ClientReplay:viewReplay:307]: P0_VIEW COMPLETE nano=37328097647800
[17:15:12] [Client thread/INFO] [STDOUT]: [com.layue13.clashweave.validation.ClientReplay:viewReplay:307]: P0_VIEW COMPLETE nano=37328147574200
[17:15:12] [Client thread/INFO] [STDOUT]: [com.layue13.clashweave.validation.ClientReplay:viewReplay:307]: P0_VIEW COMPLETE nano=37328197304000
[17:15:12] [Client thread/INFO] [STDOUT]: [com.layue13.clashweave.validation.ClientReplay:viewReplay:307]: P0_VIEW COMPLETE nano=37328248528300
[17:15:12] [Client thread/INFO] [STDOUT]: [com.layue13.clashweave.validation.ClientReplay:viewReplay:307]: P0_VIEW COMPLETE nano=37328298094200
[17:15:12] [Client thread/INFO] [STDOUT]: [com.layue13.clashweave.validation.ClientReplay:viewReplay:307]: P0_VIEW COMPLETE nano=37328347282000
[17:15:12] [Client thread/INFO] [STDOUT]: [com.layue13.clashweave.validation.ClientReplay:viewReplay:307]: P0_VIEW COMPLETE nano=37328397083400
[17:15:12] [Client thread/INFO] [STDOUT]: [com.layue13.clashweave.validation.ClientReplay:viewReplay:307]: P0_VIEW COMPLETE nano=37328447281600
[17:15:12] [Client thread/INFO] [STDOUT]: [com.layue13.clashweave.validation.ClientReplay:viewReplay:307]: P0_VIEW COMPLETE nano=37328497227600
[17:15:12] [Client thread/INFO] [STDOUT]: [com.layue13.clashweave.validation.ClientReplay:viewReplay:307]: P0_VIEW COMPLETE nano=37328547545100
[17:15:12] [Client thread/INFO] [STDOUT]: [com.layue13.clashweave.validation.ClientReplay:viewReplay:307]: P0_VIEW COMPLETE nano=37328597612700
[17:15:13] [Client thread/INFO] [STDOUT]: [com.layue13.clashweave.validation.ClientReplay:viewReplay:307]: P0_VIEW COMPLETE nano=37328647156400
[17:15:13] [Client thread/INFO] [STDOUT]: [com.layue13.clashweave.validation.ClientReplay:viewReplay:307]: P0_VIEW COMPLETE nano=37328698506200
[17:15:13] [Client thread/INFO] [STDOUT]: [com.layue13.clashweave.validation.ClientReplay:viewReplay:307]: P0_VIEW COMPLETE nano=37328748521400
[17:15:13] [Client thread/INFO] [STDOUT]: [com.layue13.clashweave.validation.ClientReplay:viewReplay:307]: P0_VIEW COMPLETE nano=37328797444700
[17:15:13] [Client thread/INFO] [STDOUT]: [com.layue13.clashweave.validation.ClientReplay:viewReplay:307]: P0_VIEW COMPLETE nano=37328847217400
[17:15:13] [Client thread/INFO] [STDOUT]: [com.layue13.clashweave.validation.ClientReplay:viewReplay:307]: P0_VIEW COMPLETE nano=37328897376200
[17:15:13] [Client thread/INFO] [STDOUT]: [com.layue13.clashweave.validation.ClientReplay:viewReplay:307]: P0_VIEW COMPLETE nano=37328948071100
[17:15:13] [Client thread/INFO] [STDOUT]: [com.layue13.clashweave.validation.ClientReplay:viewReplay:307]: P0_VIEW COMPLETE nano=37328997347400
[17:15:13] [Client thread/INFO] [STDOUT]: [com.layue13.clashweave.validation.ClientReplay:viewReplay:307]: P0_VIEW COMPLETE nano=37329047141600
[17:15:13] [Client thread/INFO] [STDOUT]: [com.layue13.clashweave.validation.ClientReplay:viewReplay:307]: P0_VIEW COMPLETE nano=37329097174200
[17:15:13] [Client thread/INFO] [STDOUT]: [com.layue13.clashweave.validation.ClientReplay:viewReplay:307]: P0_VIEW COMPLETE nano=37329147566600
[17:15:13] [Client thread/INFO] [STDOUT]: [com.layue13.clashweave.validation.ClientReplay:viewReplay:307]: P0_VIEW COMPLETE nano=37329197403300
[17:15:13] [Client thread/INFO] [STDOUT]: [com.layue13.clashweave.validation.ClientReplay:viewReplay:307]: P0_VIEW COMPLETE nano=37329247238300
[17:15:13] [Client thread/INFO] [STDOUT]: [com.layue13.clashweave.validation.ClientReplay:viewReplay:307]: P0_VIEW COMPLETE nano=37329309854600
[17:15:13] [Client thread/INFO] [STDOUT]: [com.layue13.clashweave.validation.ClientReplay:viewReplay:307]: P0_VIEW COMPLETE nano=37329371793300
[17:15:13] [Client thread/INFO] [STDOUT]: [com.layue13.clashweave.validation.ClientReplay:viewReplay:307]: P0_VIEW COMPLETE nano=37329401647300
[17:15:13] [Client thread/INFO] [STDOUT]: [com.layue13.clashweave.validation.ClientReplay:viewReplay:307]: P0_VIEW COMPLETE nano=37329451531700
[17:15:13] [Client thread/INFO] [STDOUT]: [com.layue13.clashweave.validation.ClientReplay:viewReplay:307]: P0_VIEW COMPLETE nano=37329501122900
[17:15:13] [Client thread/INFO] [STDOUT]: [com.layue13.clashweave.validation.ClientReplay:viewReplay:307]: P0_VIEW COMPLETE nano=37329551223800
[17:15:13] [Client thread/INFO] [STDOUT]: [com.layue13.clashweave.validation.ClientReplay:viewReplay:307]: P0_VIEW COMPLETE nano=37329601454800
[17:15:14] [Client thread/INFO] [STDOUT]: [com.layue13.clashweave.validation.ClientReplay:viewReplay:307]: P0_VIEW COMPLETE nano=37329651148000
[17:15:14] [Client thread/INFO] [STDOUT]: [com.layue13.clashweave.validation.ClientReplay:viewReplay:307]: P0_VIEW COMPLETE nano=37329701508700
[17:15:14] [Client thread/INFO] [STDOUT]: [com.layue13.clashweave.validation.ClientReplay:viewReplay:307]: P0_VIEW COMPLETE nano=37329751401000
[17:15:14] [Client thread/INFO] [STDOUT]: [com.layue13.clashweave.validation.ClientReplay:viewReplay:307]: P0_VIEW COMPLETE nano=37329801411700
[17:15:14] [Client thread/INFO] [STDOUT]: [com.layue13.clashweave.validation.ClientReplay:viewReplay:307]: P0_VIEW COMPLETE nano=37329851506200
[17:15:14] [Client thread/INFO] [STDOUT]: [com.layue13.clashweave.validation.ClientReplay:viewReplay:307]: P0_VIEW COMPLETE nano=37329901592700
[17:15:14] [Client thread/INFO] [STDOUT]: [com.layue13.clashweave.validation.ClientReplay:viewReplay:307]: P0_VIEW COMPLETE nano=37329951722400
[17:15:14] [Client thread/INFO] [STDOUT]: [com.layue13.clashweave.validation.ClientReplay:viewReplay:307]: P0_VIEW COMPLETE nano=37330001420200
[17:15:14] [Client thread/INFO] [STDOUT]: [com.layue13.clashweave.validation.ClientReplay:viewReplay:307]: P0_VIEW COMPLETE nano=37330051282400
[17:15:14] [Client thread/INFO] [STDOUT]: [com.layue13.clashweave.validation.ClientReplay:viewReplay:307]: P0_VIEW COMPLETE nano=37330101156100
[17:15:14] [Client thread/INFO] [STDOUT]: [com.layue13.clashweave.validation.ClientReplay:viewReplay:307]: P0_VIEW COMPLETE nano=37330151116600
[17:15:14] [Client thread/INFO] [STDOUT]: [com.layue13.clashweave.validation.ClientReplay:viewReplay:307]: P0_VIEW COMPLETE nano=37330201235700
[17:15:14] [Client thread/INFO] [STDOUT]: [com.layue13.clashweave.validation.ClientReplay:viewReplay:307]: P0_VIEW COMPLETE nano=37330251108900
[17:15:14] [Client thread/INFO] [STDOUT]: [com.layue13.clashweave.validation.ClientReplay:viewReplay:307]: P0_VIEW COMPLETE nano=37330301589900
[17:15:14] [Client thread/INFO] [STDOUT]: [com.layue13.clashweave.validation.ClientReplay:viewReplay:307]: P0_VIEW COMPLETE nano=37330351576900
[17:15:14] [Client thread/INFO] [STDOUT]: [com.layue13.clashweave.validation.ClientReplay:viewReplay:307]: P0_VIEW COMPLETE nano=37330401339900
[17:15:14] [Client thread/INFO] [STDOUT]: [com.layue13.clashweave.validation.ClientReplay:viewReplay:307]: P0_VIEW COMPLETE nano=37330451527000
[17:15:14] [Client thread/INFO] [STDOUT]: [com.layue13.clashweave.validation.ClientReplay:viewReplay:307]: P0_VIEW COMPLETE nano=37330502233300
[17:15:14] [Client thread/INFO] [STDOUT]: [com.layue13.clashweave.validation.ClientReplay:viewReplay:307]: P0_VIEW COMPLETE nano=37330551507700
[17:15:14] [Client thread/INFO] [STDOUT]: [com.layue13.clashweave.validation.ClientReplay:viewReplay:307]: P0_VIEW COMPLETE nano=37330602045700
[17:15:15] [Client thread/INFO] [STDOUT]: [com.layue13.clashweave.validation.ClientReplay:viewReplay:307]: P0_VIEW COMPLETE nano=37330651978500
[17:15:15] [Client thread/INFO] [STDOUT]: [com.layue13.clashweave.validation.ClientReplay:viewReplay:307]: P0_VIEW COMPLETE nano=37330701046300
[17:15:15] [Client thread/INFO] [STDOUT]: [com.layue13.clashweave.validation.ClientReplay:viewReplay:307]: P0_VIEW COMPLETE nano=37330751163800
[17:15:15] [Client thread/INFO] [STDOUT]: [com.layue13.clashweave.validation.ClientReplay:viewReplay:307]: P0_VIEW COMPLETE nano=37330801731100
[17:15:15] [Client thread/INFO] [STDOUT]: [com.layue13.clashweave.validation.ClientReplay:viewReplay:307]: P0_VIEW COMPLETE nano=37330851220000
[17:15:15] [Client thread/INFO] [STDOUT]: [com.layue13.clashweave.validation.ClientReplay:viewReplay:307]: P0_VIEW COMPLETE nano=37330901145900
[17:15:15] [Client thread/INFO] [STDOUT]: [com.layue13.clashweave.validation.ClientReplay:viewReplay:307]: P0_VIEW COMPLETE nano=37330951761400
[17:15:15] [Client thread/INFO] [STDOUT]: [com.layue13.clashweave.validation.ClientReplay:viewReplay:307]: P0_VIEW COMPLETE nano=37331001467500
[17:15:15] [Client thread/INFO] [STDOUT]: [com.layue13.clashweave.validation.ClientReplay:viewReplay:307]: P0_VIEW COMPLETE nano=37331051922600
[17:15:15] [Client thread/INFO] [STDOUT]: [com.layue13.clashweave.validation.ClientReplay:viewReplay:307]: P0_VIEW COMPLETE nano=37331101480800
[17:15:15] [Client thread/INFO] [STDOUT]: [com.layue13.clashweave.validation.ClientReplay:viewReplay:307]: P0_VIEW COMPLETE nano=37331151796500
[17:15:15] [Client thread/INFO] [STDOUT]: [com.layue13.clashweave.validation.ClientReplay:viewReplay:307]: P0_VIEW COMPLETE nano=37331201405100
[17:15:15] [Client thread/INFO] [STDOUT]: [com.layue13.clashweave.validation.ClientReplay:viewReplay:307]: P0_VIEW COMPLETE nano=37331251515900
[17:15:15] [Client thread/INFO] [STDOUT]: [com.layue13.clashweave.validation.ClientReplay:viewReplay:307]: P0_VIEW COMPLETE nano=37331301218500
[17:15:15] [Client thread/INFO] [STDOUT]: [com.layue13.clashweave.validation.ClientReplay:viewReplay:307]: P0_VIEW COMPLETE nano=37331351488800
[17:15:15] [Client thread/INFO] [STDOUT]: [com.layue13.clashweave.validation.ClientReplay:viewReplay:307]: P0_VIEW COMPLETE nano=37331402068700
[17:15:15] [Client thread/INFO] [STDOUT]: [com.layue13.clashweave.validation.ClientReplay:viewReplay:307]: P0_VIEW COMPLETE nano=37331451549300
[17:15:15] [Client thread/INFO] [STDOUT]: [com.layue13.clashweave.validation.ClientReplay:viewReplay:307]: P0_VIEW COMPLETE nano=37331501478700
[17:15:15] [Client thread/INFO] [STDOUT]: [com.layue13.clashweave.validation.ClientReplay:viewReplay:307]: P0_VIEW COMPLETE nano=37331552240200
[17:15:15] [Client thread/INFO] [STDOUT]: [com.layue13.clashweave.validation.ClientReplay:viewReplay:307]: P0_VIEW COMPLETE nano=37331601427600
[17:15:16] [Client thread/INFO] [STDOUT]: [com.layue13.clashweave.validation.ClientReplay:viewReplay:307]: P0_VIEW COMPLETE nano=37331651836700
[17:15:16] [Client thread/INFO] [STDOUT]: [com.layue13.clashweave.validation.ClientReplay:viewReplay:307]: P0_VIEW COMPLETE nano=37331701115400
[17:15:16] [Client thread/INFO] [STDOUT]: [com.layue13.clashweave.validation.ClientReplay:viewReplay:307]: P0_VIEW COMPLETE nano=37331751497300
[17:15:16] [Client thread/INFO] [STDOUT]: [com.layue13.clashweave.validation.ClientReplay:viewReplay:307]: P0_VIEW COMPLETE nano=37331801149900
[17:15:16] [Client thread/INFO] [STDOUT]: [com.layue13.clashweave.validation.ClientReplay:viewReplay:307]: P0_VIEW COMPLETE nano=37331851190200
[17:15:16] [Client thread/INFO] [STDOUT]: [com.layue13.clashweave.validation.ClientReplay:viewReplay:307]: P0_VIEW COMPLETE nano=37331901208500
[17:15:16] [Client thread/INFO] [STDOUT]: [com.layue13.clashweave.validation.ClientReplay:viewReplay:307]: P0_VIEW COMPLETE nano=37331951759600
[17:15:16] [Client thread/INFO] [STDOUT]: [com.layue13.clashweave.validation.ClientReplay:viewReplay:307]: P0_VIEW COMPLETE nano=37332001627600
[17:15:16] [Client thread/INFO] [STDOUT]: [com.layue13.clashweave.validation.ClientReplay:viewReplay:307]: P0_VIEW COMPLETE nano=37332051174700
[17:15:16] [Client thread/INFO] [STDOUT]: [com.layue13.clashweave.validation.ClientReplay:viewReplay:307]: P0_VIEW COMPLETE nano=37332101313300
[17:15:16] [Client thread/INFO] [STDOUT]: [com.layue13.clashweave.validation.ClientReplay:viewReplay:307]: P0_VIEW COMPLETE nano=37332151741100
[17:15:16] [Client thread/INFO] [STDOUT]: [com.layue13.clashweave.validation.ClientReplay:viewReplay:307]: P0_VIEW COMPLETE nano=37332201360300
[17:15:16] [Client thread/INFO] [STDOUT]: [com.layue13.clashweave.validation.ClientReplay:viewReplay:307]: P0_VIEW COMPLETE nano=37332251342200
[17:15:16] [Client thread/INFO] [STDOUT]: [com.layue13.clashweave.validation.ClientReplay:viewReplay:307]: P0_VIEW COMPLETE nano=37332301986400
[17:15:16] [Client thread/INFO] [STDOUT]: [com.layue13.clashweave.validation.ClientReplay:viewReplay:307]: P0_VIEW COMPLETE nano=37332351364300
[17:15:16] [Client thread/INFO] [STDOUT]: [com.layue13.clashweave.validation.ClientReplay:viewReplay:307]: P0_VIEW COMPLETE nano=37332401472500
[17:15:16] [Client thread/INFO] [STDOUT]: [com.layue13.clashweave.validation.ClientReplay:viewReplay:307]: P0_VIEW COMPLETE nano=37332451826400
[17:15:16] [Client thread/INFO] [STDOUT]: [com.layue13.clashweave.validation.ClientReplay:viewReplay:307]: P0_VIEW COMPLETE nano=37332501565800
[17:15:16] [Client thread/INFO] [STDOUT]: [com.layue13.clashweave.validation.ClientReplay:viewReplay:307]: P0_VIEW COMPLETE nano=37332551080000
[17:15:16] [Client thread/INFO] [STDOUT]: [com.layue13.clashweave.validation.ClientReplay:viewReplay:307]: P0_VIEW COMPLETE nano=37332601265300
[17:15:17] [Client thread/INFO] [STDOUT]: [com.layue13.clashweave.validation.ClientReplay:viewReplay:307]: P0_VIEW COMPLETE nano=37332651493000
[17:15:17] [Client thread/INFO] [STDOUT]: [com.layue13.clashweave.validation.ClientReplay:viewReplay:307]: P0_VIEW COMPLETE nano=37332701131700
[17:15:17] [Client thread/INFO] [STDOUT]: [com.layue13.clashweave.validation.ClientReplay:viewReplay:307]: P0_VIEW COMPLETE nano=37332751500100
[17:15:17] [Client thread/INFO] [STDOUT]: [com.layue13.clashweave.validation.ClientReplay:viewReplay:307]: P0_VIEW COMPLETE nano=37332801066800
[17:15:17] [Client thread/INFO] [STDOUT]: [com.layue13.clashweave.validation.ClientReplay:viewReplay:307]: P0_VIEW COMPLETE nano=37332851128600
[17:15:17] [Client thread/INFO] [STDOUT]: [com.layue13.clashweave.validation.ClientReplay:viewReplay:307]: P0_VIEW COMPLETE nano=37332901364300
[17:15:17] [Client thread/INFO] [STDOUT]: [com.layue13.clashweave.validation.ClientReplay:viewReplay:307]: P0_VIEW COMPLETE nano=37332951054900
[17:15:17] [Client thread/INFO] [STDOUT]: [com.layue13.clashweave.validation.ClientReplay:viewReplay:307]: P0_VIEW COMPLETE nano=37333001401700
[17:15:17] [Client thread/INFO] [STDOUT]: [com.layue13.clashweave.validation.ClientReplay:viewReplay:307]: P0_VIEW COMPLETE nano=37333051793300
[17:15:17] [Client thread/INFO] [STDOUT]: [com.layue13.clashweave.validation.ClientReplay:viewReplay:307]: P0_VIEW COMPLETE nano=37333101529500
[17:15:17] [Client thread/INFO] [STDOUT]: [com.layue13.clashweave.validation.ClientReplay:viewReplay:307]: P0_VIEW COMPLETE nano=37333151513200
[17:15:17] [Client thread/INFO] [STDOUT]: [com.layue13.clashweave.validation.ClientReplay:viewReplay:307]: P0_VIEW COMPLETE nano=37333201894500
[17:15:17] [Client thread/INFO] [STDOUT]: [com.layue13.clashweave.validation.ClientReplay:viewReplay:307]: P0_VIEW COMPLETE nano=37333251887200
[17:15:17] [Client thread/INFO] [STDOUT]: [com.layue13.clashweave.validation.ClientReplay:viewReplay:307]: P0_VIEW COMPLETE nano=37333301314300
[17:15:17] [Client thread/INFO] [STDOUT]: [com.layue13.clashweave.validation.ClientReplay:viewReplay:307]: P0_VIEW COMPLETE nano=37333351449800
[17:15:17] [Client thread/INFO] [STDOUT]: [com.layue13.clashweave.validation.ClientReplay:viewReplay:307]: P0_VIEW COMPLETE nano=37333401731500
[17:15:17] [Client thread/INFO] [STDOUT]: [com.layue13.clashweave.validation.ClientReplay:viewReplay:307]: P0_VIEW COMPLETE nano=37333451473000
[17:15:17] [Client thread/INFO] [STDOUT]: [com.layue13.clashweave.validation.ClientReplay:viewReplay:307]: P0_VIEW COMPLETE nano=37333501278200
[17:15:17] [Client thread/INFO] [STDOUT]: [com.layue13.clashweave.validation.ClientReplay:viewReplay:307]: P0_VIEW COMPLETE nano=37333551460200
[17:15:17] [Client thread/INFO] [STDOUT]: [com.layue13.clashweave.validation.ClientReplay:viewReplay:307]: P0_VIEW COMPLETE nano=37333601437100
[17:15:18] [Client thread/INFO] [STDOUT]: [com.layue13.clashweave.validation.ClientReplay:viewReplay:307]: P0_VIEW COMPLETE nano=37333651340800
[17:15:18] [Client thread/INFO] [STDOUT]: [com.layue13.clashweave.validation.ClientReplay:viewReplay:307]: P0_VIEW COMPLETE nano=37333701852400
[17:15:18] [Client thread/INFO] [STDOUT]: [com.layue13.clashweave.validation.ClientReplay:viewReplay:307]: P0_VIEW COMPLETE nano=37333751854200
[17:15:18] [Client thread/INFO] [STDOUT]: [com.layue13.clashweave.validation.ClientReplay:viewReplay:307]: P0_VIEW COMPLETE nano=37333802106800
[17:15:18] [Client thread/INFO] [STDOUT]: [com.layue13.clashweave.validation.ClientReplay:viewReplay:307]: P0_VIEW COMPLETE nano=37333851307400
[17:15:18] [Client thread/INFO] [STDOUT]: [com.layue13.clashweave.validation.ClientReplay:viewReplay:307]: P0_VIEW COMPLETE nano=37333901445200
[17:15:18] [Client thread/INFO] [STDOUT]: [com.layue13.clashweave.validation.ClientReplay:viewReplay:307]: P0_VIEW COMPLETE nano=37333951324300
[17:15:18] [Client thread/INFO] [STDOUT]: [com.layue13.clashweave.validation.ClientReplay:viewReplay:307]: P0_VIEW COMPLETE nano=37334001124700
[17:15:18] [Client thread/INFO] [STDOUT]: [com.layue13.clashweave.validation.ClientReplay:viewReplay:307]: P0_VIEW COMPLETE nano=37334051816700
[17:15:18] [Client thread/INFO] [STDOUT]: [com.layue13.clashweave.validation.ClientReplay:viewReplay:307]: P0_VIEW COMPLETE nano=37334101157800
[17:15:18] [Client thread/INFO] [STDOUT]: [com.layue13.clashweave.validation.ClientReplay:viewReplay:307]: P0_VIEW COMPLETE nano=37334151305300
[17:15:18] [Client thread/INFO] [STDOUT]: [com.layue13.clashweave.validation.ClientReplay:viewReplay:307]: P0_VIEW COMPLETE nano=37334201349200
[17:15:18] [Client thread/INFO] [STDOUT]: [com.layue13.clashweave.validation.ClientReplay:viewReplay:307]: P0_VIEW COMPLETE nano=37334251121300
[17:15:18] [Client thread/INFO] [STDOUT]: [com.layue13.clashweave.validation.ClientReplay:viewReplay:307]: P0_VIEW COMPLETE nano=37334301438700
[17:15:18] [Client thread/INFO] [STDOUT]: [com.layue13.clashweave.validation.ClientReplay:viewReplay:307]: P0_VIEW COMPLETE nano=37334351475100
[17:15:18] [Client thread/INFO] [STDOUT]: [com.layue13.clashweave.validation.ClientReplay:viewReplay:307]: P0_VIEW COMPLETE nano=37334401187800
[17:15:18] [Client thread/INFO] [STDOUT]: [com.layue13.clashweave.validation.ClientReplay:viewReplay:307]: P0_VIEW COMPLETE nano=37334451486200
[17:15:18] [Client thread/INFO] [STDOUT]: [com.layue13.clashweave.validation.ClientReplay:viewReplay:307]: P0_VIEW COMPLETE nano=37334501366700
[17:15:18] [Client thread/INFO] [STDOUT]: [com.layue13.clashweave.validation.ClientReplay:viewReplay:307]: P0_VIEW COMPLETE nano=37334551417800
[17:15:18] [Client thread/INFO] [STDOUT]: [com.layue13.clashweave.validation.ClientReplay:viewReplay:307]: P0_VIEW COMPLETE nano=37334601541300
[17:15:19] [Client thread/INFO] [STDOUT]: [com.layue13.clashweave.validation.ClientReplay:viewReplay:307]: P0_VIEW COMPLETE nano=37334651785100
[17:15:19] [Client thread/INFO] [STDOUT]: [com.layue13.clashweave.validation.ClientReplay:viewReplay:307]: P0_VIEW COMPLETE nano=37334701160800
[17:15:19] [Client thread/INFO] [STDOUT]: [com.layue13.clashweave.validation.ClientReplay:viewReplay:307]: P0_VIEW COMPLETE nano=37334751838000
[17:15:19] [Client thread/INFO] [STDOUT]: [com.layue13.clashweave.validation.ClientReplay:viewReplay:307]: P0_VIEW COMPLETE nano=37334802038500
[17:15:19] [Client thread/INFO] [STDOUT]: [com.layue13.clashweave.validation.ClientReplay:viewReplay:307]: P0_VIEW COMPLETE nano=37334851052600
[17:15:19] [Client thread/INFO] [STDOUT]: [com.layue13.clashweave.validation.ClientReplay:viewReplay:307]: P0_VIEW COMPLETE nano=37334901814100
[17:15:19] [Client thread/INFO] [STDOUT]: [com.layue13.clashweave.validation.ClientReplay:viewReplay:307]: P0_VIEW COMPLETE nano=37334951510900
[17:15:19] [Client thread/INFO] [STDOUT]: [com.layue13.clashweave.validation.ClientReplay:viewReplay:307]: P0_VIEW COMPLETE nano=37335002061000
[17:15:19] [Client thread/INFO] [STDOUT]: [com.layue13.clashweave.validation.ClientReplay:viewReplay:307]: P0_VIEW COMPLETE nano=37335051915200
[17:15:19] [Client thread/INFO] [STDOUT]: [com.layue13.clashweave.validation.ClientReplay:viewReplay:307]: P0_VIEW COMPLETE nano=37335101570200
[17:15:19] [Client thread/INFO] [STDOUT]: [com.layue13.clashweave.validation.ClientReplay:viewReplay:307]: P0_VIEW COMPLETE nano=37335151774800
[17:15:19] [Client thread/INFO] [STDOUT]: [com.layue13.clashweave.validation.ClientReplay:viewReplay:307]: P0_VIEW COMPLETE nano=37335201131600
[17:15:19] [Client thread/INFO] [STDOUT]: [com.layue13.clashweave.validation.ClientReplay:viewReplay:307]: P0_VIEW COMPLETE nano=37335251260600
[17:15:19] [Client thread/INFO] [STDOUT]: [com.layue13.clashweave.validation.ClientReplay:viewReplay:307]: P0_VIEW COMPLETE nano=37335301007300
[17:15:19] [Client thread/INFO] [STDOUT]: [com.layue13.clashweave.validation.ClientReplay:viewReplay:307]: P0_VIEW COMPLETE nano=37335351398300
[17:15:19] [Client thread/INFO] [STDOUT]: [com.layue13.clashweave.validation.ClientReplay:viewReplay:307]: P0_VIEW COMPLETE nano=37335401453000
[17:15:19] [Client thread/INFO] [STDOUT]: [com.layue13.clashweave.validation.ClientReplay:viewReplay:307]: P0_VIEW COMPLETE nano=37335452004600
[17:15:19] [Client thread/INFO] [STDOUT]: [com.layue13.clashweave.validation.ClientReplay:viewReplay:307]: P0_VIEW COMPLETE nano=37335501491400
[17:15:19] [Client thread/INFO] [STDOUT]: [com.layue13.clashweave.validation.ClientReplay:viewReplay:307]: P0_VIEW COMPLETE nano=37335551033000
[17:15:19] [Client thread/INFO] [STDOUT]: [com.layue13.clashweave.validation.ClientReplay:viewReplay:307]: P0_VIEW COMPLETE nano=37335601474100
[17:15:20] [Client thread/INFO] [STDOUT]: [com.layue13.clashweave.validation.ClientReplay:viewReplay:307]: P0_VIEW COMPLETE nano=37335651069100
[17:15:20] [Client thread/INFO] [STDOUT]: [com.layue13.clashweave.validation.ClientReplay:viewReplay:307]: P0_VIEW COMPLETE nano=37335701400000
[17:15:20] [Client thread/INFO] [STDOUT]: [com.layue13.clashweave.validation.ClientReplay:viewReplay:307]: P0_VIEW COMPLETE nano=37335751407900
[17:15:20] [Client thread/INFO] [STDOUT]: [com.layue13.clashweave.validation.ClientReplay:viewReplay:307]: P0_VIEW COMPLETE nano=37335801571500
[17:15:20] [Client thread/INFO] [STDOUT]: [com.layue13.clashweave.validation.ClientReplay:viewReplay:307]: P0_VIEW COMPLETE nano=37335851996400
[17:15:20] [Client thread/INFO] [STDOUT]: [com.layue13.clashweave.validation.ClientReplay:viewReplay:307]: P0_VIEW COMPLETE nano=37335901463300
[17:15:20] [Client thread/INFO] [STDOUT]: [com.layue13.clashweave.validation.ClientReplay:viewReplay:307]: P0_VIEW COMPLETE nano=37335951467700
[17:15:20] [Client thread/INFO] [STDOUT]: [com.layue13.clashweave.validation.ClientReplay:viewReplay:307]: P0_VIEW COMPLETE nano=37336001429000
[17:15:20] [Client thread/INFO] [STDOUT]: [com.layue13.clashweave.validation.ClientReplay:viewReplay:307]: P0_VIEW COMPLETE nano=37336051104600
[17:15:20] [Client thread/INFO] [STDOUT]: [com.layue13.clashweave.validation.ClientReplay:viewReplay:307]: P0_VIEW COMPLETE nano=37336101633600
[17:15:20] [Client thread/INFO] [STDOUT]: [com.layue13.clashweave.validation.ClientReplay:viewReplay:307]: P0_VIEW COMPLETE nano=37336151079200
[17:15:20] [Client thread/INFO] [STDOUT]: [com.layue13.clashweave.validation.ClientReplay:viewReplay:307]: P0_VIEW COMPLETE nano=37336201118800
[17:15:20] [Client thread/INFO] [STDOUT]: [com.layue13.clashweave.validation.ClientReplay:viewReplay:307]: P0_VIEW COMPLETE nano=37336251970800
[17:15:20] [Client thread/INFO] [STDOUT]: [com.layue13.clashweave.validation.ClientReplay:viewReplay:307]: P0_VIEW COMPLETE nano=37336301706700
[17:15:20] [Client thread/INFO] [STDOUT]: [com.layue13.clashweave.validation.ClientReplay:viewReplay:307]: P0_VIEW COMPLETE nano=37336351271700
[17:15:20] [Client thread/INFO] [STDOUT]: [com.layue13.clashweave.validation.ClientReplay:viewReplay:307]: P0_VIEW COMPLETE nano=37336401490200
[17:15:20] [Client thread/INFO] [STDOUT]: [com.layue13.clashweave.validation.ClientReplay:viewReplay:307]: P0_VIEW COMPLETE nano=37336451342100
[17:15:20] [Client thread/INFO] [STDOUT]: [com.layue13.clashweave.validation.ClientReplay:viewReplay:307]: P0_VIEW COMPLETE nano=37336501462500
[17:15:20] [Client thread/INFO] [STDOUT]: [com.layue13.clashweave.validation.ClientReplay:viewReplay:307]: P0_VIEW COMPLETE nano=37336551360600
[17:15:20] [Client thread/INFO] [STDOUT]: [com.layue13.clashweave.validation.ClientReplay:viewReplay:307]: P0_VIEW COMPLETE nano=37336601103200
[17:15:21] [Client thread/INFO] [STDOUT]: [com.layue13.clashweave.validation.ClientReplay:viewReplay:307]: P0_VIEW COMPLETE nano=37336651542300
[17:15:21] [Client thread/INFO] [STDOUT]: [com.layue13.clashweave.validation.ClientReplay:viewReplay:307]: P0_VIEW COMPLETE nano=37336701437900
[17:15:21] [Client thread/INFO] [STDOUT]: [com.layue13.clashweave.validation.ClientReplay:viewReplay:307]: P0_VIEW COMPLETE nano=37336751145200
[17:15:21] [Client thread/INFO] [STDOUT]: [com.layue13.clashweave.validation.ClientReplay:viewReplay:307]: P0_VIEW COMPLETE nano=37336801071900
[17:15:21] [Client thread/INFO] [STDOUT]: [com.layue13.clashweave.validation.ClientReplay:viewReplay:307]: P0_VIEW COMPLETE nano=37336851442300
[17:15:21] [Client thread/INFO] [STDOUT]: [com.layue13.clashweave.validation.ClientReplay:viewReplay:307]: P0_VIEW COMPLETE nano=37336901006700
[17:15:21] [Client thread/INFO] [STDOUT]: [com.layue13.clashweave.validation.ClientReplay:viewReplay:307]: P0_VIEW COMPLETE nano=37336951539200
[17:15:21] [Client thread/INFO] [STDOUT]: [com.layue13.clashweave.validation.ClientReplay:viewReplay:307]: P0_VIEW COMPLETE nano=37337001144300
[17:15:21] [Client thread/INFO] [STDOUT]: [com.layue13.clashweave.validation.ClientReplay:viewReplay:307]: P0_VIEW COMPLETE nano=37337051327200
[17:15:21] [Client thread/INFO] [STDOUT]: [com.layue13.clashweave.validation.ClientReplay:viewReplay:307]: P0_VIEW COMPLETE nano=37337101227200
[17:15:21] [Client thread/INFO] [STDOUT]: [com.layue13.clashweave.validation.ClientReplay:viewReplay:307]: P0_VIEW COMPLETE nano=37337151089600
[17:15:21] [Client thread/INFO] [STDOUT]: [com.layue13.clashweave.validation.ClientReplay:viewReplay:307]: P0_VIEW COMPLETE nano=37337201589200
[17:15:21] [Client thread/INFO] [STDOUT]: [com.layue13.clashweave.validation.ClientReplay:viewReplay:307]: P0_VIEW COMPLETE nano=37337251693900
[17:15:21] [Client thread/INFO] [STDOUT]: [com.layue13.clashweave.validation.ClientReplay:viewReplay:307]: P0_VIEW COMPLETE nano=37337301907800
[17:15:21] [Client thread/INFO] [STDOUT]: [com.layue13.clashweave.validation.ClientReplay:viewReplay:307]: P0_VIEW COMPLETE nano=37337352110900
[17:15:21] [Client thread/INFO] [STDOUT]: [com.layue13.clashweave.validation.ClientReplay:viewReplay:307]: P0_VIEW COMPLETE nano=37337401316900
[17:15:21] [Client thread/INFO] [STDOUT]: [com.layue13.clashweave.validation.ClientReplay:viewReplay:307]: P0_VIEW COMPLETE nano=37337451262200
[17:15:21] [Client thread/INFO] [STDOUT]: [com.layue13.clashweave.validation.ClientReplay:viewReplay:307]: P0_VIEW COMPLETE nano=37337501856400
[17:15:21] [Client thread/INFO] [STDOUT]: [com.layue13.clashweave.validation.ClientReplay:viewReplay:307]: P0_VIEW COMPLETE nano=37337551435800
[17:15:21] [Client thread/INFO] [STDOUT]: [com.layue13.clashweave.validation.ClientReplay:viewReplay:307]: P0_VIEW COMPLETE nano=37337601965400
[17:15:22] [Client thread/INFO] [STDOUT]: [com.layue13.clashweave.validation.ClientReplay:viewReplay:307]: P0_VIEW COMPLETE nano=37337651961700
[17:15:22] [Client thread/INFO] [STDOUT]: [com.layue13.clashweave.validation.ClientReplay:viewReplay:307]: P0_VIEW COMPLETE nano=37337701674400
[17:15:22] [Client thread/INFO] [STDOUT]: [com.layue13.clashweave.validation.ClientReplay:viewReplay:307]: P0_VIEW COMPLETE nano=37337751155800
[17:15:22] [Client thread/INFO] [STDOUT]: [com.layue13.clashweave.validation.ClientReplay:viewReplay:307]: P0_VIEW COMPLETE nano=37337801148800
[17:15:22] [Client thread/INFO] [STDOUT]: [com.layue13.clashweave.validation.ClientReplay:viewReplay:307]: P0_VIEW COMPLETE nano=37337852095600
[17:15:22] [Client thread/INFO] [STDOUT]: [com.layue13.clashweave.validation.ClientReplay:viewReplay:307]: P0_VIEW COMPLETE nano=37337901159400
[17:15:22] [Client thread/INFO] [STDOUT]: [com.layue13.clashweave.validation.ClientReplay:viewReplay:307]: P0_VIEW COMPLETE nano=37337951515500
[17:15:22] [Client thread/INFO] [STDOUT]: [com.layue13.clashweave.validation.ClientReplay:viewReplay:307]: P0_VIEW COMPLETE nano=37338001075500
[17:15:22] [Client thread/INFO] [STDOUT]: [com.layue13.clashweave.validation.ClientReplay:viewReplay:307]: P0_VIEW COMPLETE nano=37338051479900
[17:15:22] [Client thread/INFO] [STDOUT]: [com.layue13.clashweave.validation.ClientReplay:viewReplay:307]: P0_VIEW COMPLETE nano=37338101111700
[17:15:22] [Client thread/INFO] [STDOUT]: [com.layue13.clashweave.validation.ClientReplay:viewReplay:307]: P0_VIEW COMPLETE nano=37338151051000
[17:15:22] [Client thread/INFO] [STDOUT]: [com.layue13.clashweave.validation.ClientReplay:viewReplay:307]: P0_VIEW COMPLETE nano=37338201544600
[17:15:22] [Client thread/INFO] [STDOUT]: [com.layue13.clashweave.validation.ClientReplay:viewReplay:307]: P0_VIEW COMPLETE nano=37338251207500
[17:15:22] [Client thread/INFO] [STDOUT]: [com.layue13.clashweave.validation.ClientReplay:viewReplay:307]: P0_VIEW COMPLETE nano=37338303791300
[17:15:22] [Client thread/INFO] [STDOUT]: [com.layue13.clashweave.validation.ClientReplay:viewReplay:307]: P0_VIEW COMPLETE nano=37338351045900
[17:15:22] [Client thread/INFO] [STDOUT]: [com.layue13.clashweave.validation.ClientReplay:viewReplay:307]: P0_VIEW COMPLETE nano=37338401432500
[17:15:22] [Client thread/INFO] [STDOUT]: [com.layue13.clashweave.validation.ClientReplay:viewReplay:307]: P0_VIEW COMPLETE nano=37338451404200
[17:15:22] [Client thread/INFO] [STDOUT]: [com.layue13.clashweave.validation.ClientReplay:viewReplay:307]: P0_VIEW COMPLETE nano=37338501357200
[17:15:22] [Client thread/INFO] [STDOUT]: [com.layue13.clashweave.validation.ClientReplay:viewReplay:307]: P0_VIEW COMPLETE nano=37338551460100
[17:15:22] [Client thread/INFO] [STDOUT]: [com.layue13.clashweave.validation.ClientReplay:viewReplay:307]: P0_VIEW COMPLETE nano=37338601175800
[17:15:23] [Client thread/INFO] [STDOUT]: [com.layue13.clashweave.validation.ClientReplay:viewReplay:307]: P0_VIEW COMPLETE nano=37338651362300
[17:15:23] [Client thread/INFO] [STDOUT]: [com.layue13.clashweave.validation.ClientReplay:viewReplay:307]: P0_VIEW COMPLETE nano=37338701384300
[17:15:23] [Client thread/INFO] [STDOUT]: [com.layue13.clashweave.validation.ClientReplay:viewReplay:307]: P0_VIEW COMPLETE nano=37338751363900
[17:15:23] [Client thread/INFO] [STDOUT]: [com.layue13.clashweave.validation.ClientReplay:viewReplay:307]: P0_VIEW COMPLETE nano=37338801876500
[17:15:23] [Client thread/INFO] [STDOUT]: [com.layue13.clashweave.validation.ClientReplay:viewReplay:307]: P0_VIEW COMPLETE nano=37338851047400
[17:15:23] [Client thread/INFO] [STDOUT]: [com.layue13.clashweave.validation.ClientReplay:viewReplay:307]: P0_VIEW COMPLETE nano=37338901306100
[17:15:23] [Client thread/INFO] [STDOUT]: [com.layue13.clashweave.validation.ClientReplay:viewReplay:307]: P0_VIEW COMPLETE nano=37338951339500
[17:15:23] [Client thread/INFO] [STDOUT]: [com.layue13.clashweave.validation.ClientReplay:viewReplay:307]: P0_VIEW COMPLETE nano=37339001361900
[17:15:23] [Client thread/INFO] [STDOUT]: [com.layue13.clashweave.validation.ClientReplay:viewReplay:307]: P0_VIEW COMPLETE nano=37339052598000
[17:15:23] [Client thread/INFO] [STDOUT]: [com.layue13.clashweave.validation.ClientReplay:viewReplay:307]: P0_VIEW COMPLETE nano=37339101685100
[17:15:23] [Client thread/INFO] [STDOUT]: [com.layue13.clashweave.validation.ClientReplay:viewReplay:307]: P0_VIEW COMPLETE nano=37339151665700
[17:15:23] [Client thread/INFO] [STDOUT]: [com.layue13.clashweave.validation.ClientReplay:viewReplay:307]: P0_VIEW COMPLETE nano=37339201187600
[17:15:23] [Client thread/INFO] [STDOUT]: [com.layue13.clashweave.validation.ClientReplay:viewReplay:307]: P0_VIEW COMPLETE nano=37339251400300
[17:15:23] [Client thread/INFO] [STDOUT]: [com.layue13.clashweave.validation.ClientReplay:viewReplay:307]: P0_VIEW COMPLETE nano=37339301821000
[17:15:23] [Client thread/INFO] [STDOUT]: [com.layue13.clashweave.validation.ClientReplay:viewReplay:307]: P0_VIEW COMPLETE nano=37339351370000
[17:15:23] [Client thread/INFO] [STDOUT]: [com.layue13.clashweave.validation.ClientReplay:viewReplay:307]: P0_VIEW COMPLETE nano=37339401240300
[17:15:23] [Client thread/INFO] [STDOUT]: [com.layue13.clashweave.validation.ClientReplay:viewReplay:307]: P0_VIEW COMPLETE nano=37339455771500
[17:15:23] [Client thread/INFO] [STDOUT]: [com.layue13.clashweave.validation.ClientReplay:viewReplay:307]: P0_VIEW COMPLETE nano=37339501006700
[17:15:23] [Client thread/INFO] [STDOUT]: [com.layue13.clashweave.validation.ClientReplay:viewReplay:307]: P0_VIEW COMPLETE nano=37339551077300
[17:15:23] [Client thread/INFO] [STDOUT]: [com.layue13.clashweave.validation.ClientReplay:viewReplay:307]: P0_VIEW COMPLETE nano=37339601230600
[17:15:24] [Client thread/INFO] [STDOUT]: [com.layue13.clashweave.validation.ClientReplay:viewReplay:307]: P0_VIEW COMPLETE nano=37339651147000
[17:15:24] [Client thread/INFO] [STDOUT]: [com.layue13.clashweave.validation.ClientReplay:viewReplay:307]: P0_VIEW COMPLETE nano=37339701936200
[17:15:24] [Client thread/INFO] [STDOUT]: [com.layue13.clashweave.validation.ClientReplay:viewReplay:307]: P0_VIEW COMPLETE nano=37339751458400
[17:15:24] [Client thread/INFO] [STDOUT]: [com.layue13.clashweave.validation.ClientReplay:viewReplay:307]: P0_VIEW COMPLETE nano=37339801322700
[17:15:24] [Client thread/INFO] [STDOUT]: [com.layue13.clashweave.validation.ClientReplay:viewReplay:307]: P0_VIEW COMPLETE nano=37339851421300
[17:15:24] [Client thread/INFO] [STDOUT]: [com.layue13.clashweave.validation.ClientReplay:viewReplay:307]: P0_VIEW COMPLETE nano=37339901194500
[17:15:24] [Client thread/INFO] [STDOUT]: [com.layue13.clashweave.validation.ClientReplay:viewReplay:307]: P0_VIEW COMPLETE nano=37339951830200
[17:15:24] [Client thread/INFO] [STDOUT]: [com.layue13.clashweave.validation.ClientReplay:viewReplay:307]: P0_VIEW COMPLETE nano=37340001585500
[17:15:24] [Client thread/INFO] [STDOUT]: [com.layue13.clashweave.validation.ClientReplay:viewReplay:307]: P0_VIEW COMPLETE nano=37340051369400
[17:15:24] [Client thread/INFO] [STDOUT]: [com.layue13.clashweave.validation.ClientReplay:viewReplay:307]: P0_VIEW COMPLETE nano=37340101976800
[17:15:24] [Client thread/INFO] [STDOUT]: [com.layue13.clashweave.validation.ClientReplay:viewReplay:307]: P0_VIEW COMPLETE nano=37340151179700
[17:15:24] [Client thread/INFO] [STDOUT]: [com.layue13.clashweave.validation.ClientReplay:viewReplay:307]: P0_VIEW COMPLETE nano=37340201835400
[17:15:24] [Client thread/INFO] [STDOUT]: [com.layue13.clashweave.validation.ClientReplay:viewReplay:307]: P0_VIEW COMPLETE nano=37340251224400
[17:15:24] [Client thread/INFO] [STDOUT]: [com.layue13.clashweave.validation.ClientReplay:viewReplay:307]: P0_VIEW COMPLETE nano=37340301848300
[17:15:24] [Client thread/INFO] [STDOUT]: [com.layue13.clashweave.validation.ClientReplay:viewReplay:307]: P0_VIEW COMPLETE nano=37340351070700
[17:15:24] [Client thread/INFO] [STDOUT]: [com.layue13.clashweave.validation.ClientReplay:viewReplay:307]: P0_VIEW COMPLETE nano=37340401729000
[17:15:24] [Client thread/INFO] [STDOUT]: [com.layue13.clashweave.validation.ClientReplay:viewReplay:307]: P0_VIEW COMPLETE nano=37340451529300
[17:15:24] [Client thread/INFO] [STDOUT]: [com.layue13.clashweave.validation.ClientReplay:viewReplay:307]: P0_VIEW COMPLETE nano=37340501843700
[17:15:24] [Client thread/INFO] [STDOUT]: [com.layue13.clashweave.validation.ClientReplay:viewReplay:307]: P0_VIEW COMPLETE nano=37340551353100
[17:15:24] [Client thread/INFO] [STDOUT]: [com.layue13.clashweave.validation.ClientReplay:viewReplay:307]: P0_VIEW COMPLETE nano=37340601714900
[17:15:25] [Client thread/INFO] [STDOUT]: [com.layue13.clashweave.validation.ClientReplay:viewReplay:307]: P0_VIEW COMPLETE nano=37340652347900
[17:15:25] [Client thread/INFO] [STDOUT]: [com.layue13.clashweave.validation.ClientReplay:viewReplay:307]: P0_VIEW COMPLETE nano=37340701180600
[17:15:25] [Client thread/INFO] [STDOUT]: [com.layue13.clashweave.validation.ClientReplay:viewReplay:307]: P0_VIEW COMPLETE nano=37340751331900
[17:15:25] [Client thread/INFO] [STDOUT]: [com.layue13.clashweave.validation.ClientReplay:viewReplay:307]: P0_VIEW COMPLETE nano=37340801740600
[17:15:25] [Client thread/INFO] [STDOUT]: [com.layue13.clashweave.validation.ClientReplay:viewReplay:307]: P0_VIEW COMPLETE nano=37340851359700
[17:15:25] [Client thread/INFO] [STDOUT]: [com.layue13.clashweave.validation.ClientReplay:viewReplay:307]: P0_VIEW COMPLETE nano=37340901325100
[17:15:25] [Client thread/INFO] [STDOUT]: [com.layue13.clashweave.validation.ClientReplay:viewReplay:307]: P0_VIEW COMPLETE nano=37340951333100
[17:15:25] [Client thread/INFO] [STDOUT]: [com.layue13.clashweave.validation.ClientReplay:viewReplay:307]: P0_VIEW COMPLETE nano=37341001735900
[17:15:25] [Client thread/INFO] [STDOUT]: [com.layue13.clashweave.validation.ClientReplay:viewReplay:307]: P0_VIEW COMPLETE nano=37341051421000
[17:15:25] [Client thread/INFO] [STDOUT]: [com.layue13.clashweave.validation.ClientReplay:viewReplay:307]: P0_VIEW COMPLETE nano=37341101098400
[17:15:25] [Client thread/INFO] [STDOUT]: [com.layue13.clashweave.validation.ClientReplay:viewReplay:307]: P0_VIEW COMPLETE nano=37341151557000
[17:15:25] [Client thread/INFO] [STDOUT]: [com.layue13.clashweave.validation.ClientReplay:viewReplay:307]: P0_VIEW COMPLETE nano=37341201678100
[17:15:25] [Client thread/INFO] [STDOUT]: [com.layue13.clashweave.validation.ClientReplay:viewReplay:307]: P0_VIEW COMPLETE nano=37341251344500
[17:15:25] [Client thread/INFO] [STDOUT]: [com.layue13.clashweave.validation.ClientReplay:viewReplay:307]: P0_VIEW COMPLETE nano=37341301016100
[17:15:25] [Client thread/INFO] [STDOUT]: [com.layue13.clashweave.validation.ClientReplay:viewReplay:307]: P0_VIEW COMPLETE nano=37341351237100
[17:15:25] [Client thread/INFO] [STDOUT]: [com.layue13.clashweave.validation.ClientReplay:viewReplay:307]: P0_VIEW COMPLETE nano=37341401044200
[17:15:25] [Client thread/INFO] [STDOUT]: [com.layue13.clashweave.validation.ClientReplay:viewReplay:307]: P0_VIEW COMPLETE nano=37341451192000
[17:15:25] [Client thread/INFO] [STDOUT]: [com.layue13.clashweave.validation.ClientReplay:viewReplay:307]: P0_VIEW COMPLETE nano=37341501274600
[17:15:25] [Client thread/INFO] [STDOUT]: [com.layue13.clashweave.validation.ClientReplay:viewReplay:307]: P0_VIEW COMPLETE nano=37341552220000
[17:15:25] [Client thread/INFO] [STDOUT]: [com.layue13.clashweave.validation.ClientReplay:viewReplay:307]: P0_VIEW COMPLETE nano=37341601398000
[17:15:26] [Client thread/INFO] [STDOUT]: [com.layue13.clashweave.validation.ClientReplay:viewReplay:307]: P0_VIEW COMPLETE nano=37341652304600
[17:15:26] [Client thread/INFO] [STDOUT]: [com.layue13.clashweave.validation.ClientReplay:viewReplay:307]: P0_VIEW COMPLETE nano=37341701571700
[17:15:26] [Client thread/INFO] [STDOUT]: [com.layue13.clashweave.validation.ClientReplay:viewReplay:307]: P0_VIEW COMPLETE nano=37341751780800
[17:15:26] [Client thread/INFO] [STDOUT]: [com.layue13.clashweave.validation.ClientReplay:viewReplay:307]: P0_VIEW COMPLETE nano=37341801884700
[17:15:26] [Client thread/INFO] [STDOUT]: [com.layue13.clashweave.validation.ClientReplay:viewReplay:307]: P0_VIEW COMPLETE nano=37341851427700
[17:15:26] [Client thread/INFO] [STDOUT]: [com.layue13.clashweave.validation.ClientReplay:viewReplay:307]: P0_VIEW COMPLETE nano=37341901775300
[17:15:26] [Client thread/INFO] [STDOUT]: [com.layue13.clashweave.validation.ClientReplay:viewReplay:307]: P0_VIEW COMPLETE nano=37341951037500
[17:15:26] [Client thread/INFO] [STDOUT]: [com.layue13.clashweave.validation.ClientReplay:viewReplay:307]: P0_VIEW COMPLETE nano=37342001254200
[17:15:26] [Client thread/INFO] [STDOUT]: [com.layue13.clashweave.validation.ClientReplay:viewReplay:307]: P0_VIEW COMPLETE nano=37342051418200
[17:15:26] [Client thread/INFO] [STDOUT]: [com.layue13.clashweave.validation.ClientReplay:viewReplay:307]: P0_VIEW COMPLETE nano=37342101195300
[17:15:26] [Client thread/INFO] [STDOUT]: [com.layue13.clashweave.validation.ClientReplay:viewReplay:307]: P0_VIEW COMPLETE nano=37342151070300
[17:15:26] [Client thread/INFO] [STDOUT]: [com.layue13.clashweave.validation.ClientReplay:viewReplay:307]: P0_VIEW COMPLETE nano=37342201252600
[17:15:26] [Client thread/INFO] [STDOUT]: [com.layue13.clashweave.validation.ClientReplay:viewReplay:307]: P0_VIEW COMPLETE nano=37342251071300
[17:15:26] [Client thread/INFO] [STDOUT]: [com.layue13.clashweave.validation.ClientReplay:viewReplay:307]: P0_VIEW COMPLETE nano=37342301162000
[17:15:26] [Client thread/INFO] [STDOUT]: [com.layue13.clashweave.validation.ClientReplay:viewReplay:307]: P0_VIEW COMPLETE nano=37342351058000
[17:15:26] [Client thread/INFO] [STDOUT]: [com.layue13.clashweave.validation.ClientReplay:viewReplay:307]: P0_VIEW COMPLETE nano=37342401626600
[17:15:26] [Client thread/INFO] [STDOUT]: [com.layue13.clashweave.validation.ClientReplay:viewReplay:307]: P0_VIEW COMPLETE nano=37342451623300
[17:15:26] [Client thread/INFO] [STDOUT]: [com.layue13.clashweave.validation.ClientReplay:viewReplay:307]: P0_VIEW COMPLETE nano=37342501468500
[17:15:26] [Client thread/INFO] [STDOUT]: [com.layue13.clashweave.validation.ClientReplay:viewReplay:307]: P0_VIEW COMPLETE nano=37342551274900
[17:15:26] [Client thread/INFO] [STDOUT]: [com.layue13.clashweave.validation.ClientReplay:viewReplay:307]: P0_VIEW COMPLETE nano=37342601471200
[17:15:27] [Client thread/INFO] [STDOUT]: [com.layue13.clashweave.validation.ClientReplay:viewReplay:307]: P0_VIEW COMPLETE nano=37342651833500
[17:15:27] [Client thread/INFO] [STDOUT]: [com.layue13.clashweave.validation.ClientReplay:viewReplay:307]: P0_VIEW COMPLETE nano=37342701146500
[17:15:27] [Client thread/INFO] [STDOUT]: [com.layue13.clashweave.validation.ClientReplay:viewReplay:307]: P0_VIEW COMPLETE nano=37342751281100
[17:15:27] [Client thread/INFO] [STDOUT]: [com.layue13.clashweave.validation.ClientReplay:viewReplay:307]: P0_VIEW COMPLETE nano=37342801090700
[17:15:27] [Client thread/INFO] [STDOUT]: [com.layue13.clashweave.validation.ClientReplay:viewReplay:307]: P0_VIEW COMPLETE nano=37342851137700
[17:15:27] [Client thread/INFO] [STDOUT]: [com.layue13.clashweave.validation.ClientReplay:viewReplay:307]: P0_VIEW COMPLETE nano=37342901422100
[17:15:27] [Client thread/INFO] [STDOUT]: [com.layue13.clashweave.validation.ClientReplay:viewReplay:307]: P0_VIEW COMPLETE nano=37342952458400
[17:15:27] [Client thread/INFO] [STDOUT]: [com.layue13.clashweave.validation.ClientReplay:viewReplay:307]: P0_VIEW COMPLETE nano=37343001475500
[17:15:27] [Client thread/INFO] [STDOUT]: [com.layue13.clashweave.validation.ClientReplay:viewReplay:307]: P0_VIEW COMPLETE nano=37343051938400
[17:15:27] [Client thread/INFO] [STDOUT]: [com.layue13.clashweave.validation.ClientReplay:viewReplay:307]: P0_VIEW COMPLETE nano=37343101141300
[17:15:27] [Client thread/INFO] [STDOUT]: [com.layue13.clashweave.validation.ClientReplay:viewReplay:307]: P0_VIEW COMPLETE nano=37343151459900
[17:15:27] [Client thread/INFO] [STDOUT]: [com.layue13.clashweave.validation.ClientReplay:viewReplay:307]: P0_VIEW COMPLETE nano=37343201483500
[17:15:27] [Client thread/INFO] [STDOUT]: [com.layue13.clashweave.validation.ClientReplay:viewReplay:307]: P0_VIEW COMPLETE nano=37343251458200
[17:15:27] [Client thread/INFO] [STDOUT]: [com.layue13.clashweave.validation.ClientReplay:viewReplay:307]: P0_VIEW COMPLETE nano=37343301006200
[17:15:27] [Client thread/INFO] [STDOUT]: [com.layue13.clashweave.validation.ClientReplay:viewReplay:307]: P0_VIEW COMPLETE nano=37343351211700
[17:15:27] [Client thread/INFO] [STDOUT]: [com.layue13.clashweave.validation.ClientReplay:viewReplay:307]: P0_VIEW COMPLETE nano=37343401156100
[17:15:27] [Client thread/INFO] [STDOUT]: [com.layue13.clashweave.validation.ClientReplay:viewReplay:307]: P0_VIEW COMPLETE nano=37343451172400
[17:15:27] [Client thread/INFO] [STDOUT]: [com.layue13.clashweave.validation.ClientReplay:viewReplay:307]: P0_VIEW COMPLETE nano=37343502490200
[17:15:27] [Client thread/INFO] [STDOUT]: [com.layue13.clashweave.validation.ClientReplay:viewReplay:307]: P0_VIEW COMPLETE nano=37343551074100
[17:15:27] [Client thread/INFO] [STDOUT]: [com.layue13.clashweave.validation.ClientReplay:viewReplay:307]: P0_VIEW COMPLETE nano=37343601235800
[17:15:28] [Client thread/INFO] [STDOUT]: [com.layue13.clashweave.validation.ClientReplay:viewReplay:307]: P0_VIEW COMPLETE nano=37343651398500
[17:15:28] [Client thread/INFO] [STDOUT]: [com.layue13.clashweave.validation.ClientReplay:viewReplay:307]: P0_VIEW COMPLETE nano=37343701503600
[17:15:28] [Client thread/INFO] [STDOUT]: [com.layue13.clashweave.validation.ClientReplay:viewReplay:307]: P0_VIEW COMPLETE nano=37343751175100
[17:15:28] [Client thread/INFO] [STDOUT]: [com.layue13.clashweave.validation.ClientReplay:viewReplay:307]: P0_VIEW COMPLETE nano=37343801207800
[17:15:28] [Client thread/INFO] [STDOUT]: [com.layue13.clashweave.validation.ClientReplay:viewReplay:307]: P0_VIEW COMPLETE nano=37343851430300
[17:15:28] [Client thread/INFO] [STDOUT]: [com.layue13.clashweave.validation.ClientReplay:viewReplay:307]: P0_VIEW COMPLETE nano=37343901047100
[17:15:28] [Client thread/INFO] [STDOUT]: [com.layue13.clashweave.validation.ClientReplay:viewReplay:307]: P0_VIEW COMPLETE nano=37343951001800
[17:15:28] [Client thread/INFO] [STDOUT]: [com.layue13.clashweave.validation.ClientReplay:viewReplay:307]: P0_VIEW COMPLETE nano=37344001152400
[17:15:28] [Client thread/INFO] [STDOUT]: [com.layue13.clashweave.validation.ClientReplay:viewReplay:307]: P0_VIEW COMPLETE nano=37344051500800
[17:15:28] [Client thread/INFO] [STDOUT]: [com.layue13.clashweave.validation.ClientReplay:viewReplay:307]: P0_VIEW COMPLETE nano=37344101200000
[17:15:28] [Client thread/INFO] [STDOUT]: [com.layue13.clashweave.validation.ClientReplay:viewReplay:307]: P0_VIEW COMPLETE nano=37344151578000
[17:15:28] [Client thread/INFO] [STDOUT]: [com.layue13.clashweave.validation.ClientReplay:viewReplay:307]: P0_VIEW COMPLETE nano=37344201902000
[17:15:28] [Client thread/INFO] [STDOUT]: [com.layue13.clashweave.validation.ClientReplay:viewReplay:307]: P0_VIEW COMPLETE nano=37344251348500
[17:15:28] [Client thread/INFO] [STDOUT]: [com.layue13.clashweave.validation.ClientReplay:viewReplay:307]: P0_VIEW COMPLETE nano=37344301410300
[17:15:28] [Client thread/INFO] [STDOUT]: [com.layue13.clashweave.validation.ClientReplay:viewReplay:307]: P0_VIEW COMPLETE nano=37344351275700
[17:15:28] [Client thread/INFO] [STDOUT]: [com.layue13.clashweave.validation.ClientReplay:viewReplay:307]: P0_VIEW COMPLETE nano=37344401915200
[17:15:28] [Client thread/INFO] [STDOUT]: [com.layue13.clashweave.validation.ClientReplay:viewReplay:307]: P0_VIEW COMPLETE nano=37344451436700
[17:15:28] [Client thread/INFO] [STDOUT]: [com.layue13.clashweave.validation.ClientReplay:viewReplay:307]: P0_VIEW COMPLETE nano=37344501387100
[17:15:28] [Client thread/INFO] [STDOUT]: [com.layue13.clashweave.validation.ClientReplay:viewReplay:307]: P0_VIEW COMPLETE nano=37344551033800
[17:15:28] [Client thread/INFO] [STDOUT]: [com.layue13.clashweave.validation.ClientReplay:viewReplay:307]: P0_VIEW COMPLETE nano=37344602044800
[17:15:29] [Client thread/INFO] [STDOUT]: [com.layue13.clashweave.validation.ClientReplay:viewReplay:307]: P0_VIEW COMPLETE nano=37344651407000
[17:15:29] [Client thread/INFO] [STDOUT]: [com.layue13.clashweave.validation.ClientReplay:viewReplay:307]: P0_VIEW COMPLETE nano=37344701659000
[17:15:29] [Client thread/INFO] [STDOUT]: [com.layue13.clashweave.validation.ClientReplay:viewReplay:307]: P0_VIEW COMPLETE nano=37344751516500
[17:15:29] [Client thread/INFO] [STDOUT]: [com.layue13.clashweave.validation.ClientReplay:viewReplay:307]: P0_VIEW COMPLETE nano=37344801107500
[17:15:29] [Client thread/INFO] [STDOUT]: [com.layue13.clashweave.validation.ClientReplay:viewReplay:307]: P0_VIEW COMPLETE nano=37344851517500
[17:15:29] [Client thread/INFO] [STDOUT]: [com.layue13.clashweave.validation.ClientReplay:viewReplay:307]: P0_VIEW COMPLETE nano=37344901082300
[17:15:29] [Client thread/INFO] [STDOUT]: [com.layue13.clashweave.validation.ClientReplay:viewReplay:307]: P0_VIEW COMPLETE nano=37344951054600
[17:15:29] [Client thread/INFO] [STDOUT]: [com.layue13.clashweave.validation.ClientReplay:viewReplay:307]: P0_VIEW COMPLETE nano=37345001381500
[17:15:29] [Client thread/INFO] [STDOUT]: [com.layue13.clashweave.validation.ClientReplay:viewReplay:307]: P0_VIEW COMPLETE nano=37345051150600
[17:15:29] [Client thread/INFO] [STDOUT]: [com.layue13.clashweave.validation.ClientReplay:viewReplay:307]: P0_VIEW COMPLETE nano=37345101092700
[17:15:29] [Client thread/INFO] [STDOUT]: [com.layue13.clashweave.validation.ClientReplay:viewReplay:307]: P0_VIEW COMPLETE nano=37345151079500
[17:15:29] [Client thread/INFO] [STDOUT]: [com.layue13.clashweave.validation.ClientReplay:viewReplay:307]: P0_VIEW COMPLETE nano=37345201198000
[17:15:29] [Client thread/INFO] [STDOUT]: [com.layue13.clashweave.validation.ClientReplay:viewReplay:307]: P0_VIEW COMPLETE nano=37345251097900
[17:15:29] [Client thread/INFO] [STDOUT]: [com.layue13.clashweave.validation.ClientReplay:viewReplay:307]: P0_VIEW COMPLETE nano=37345301240200
[17:15:29] [Client thread/INFO] [STDOUT]: [com.layue13.clashweave.validation.ClientReplay:viewReplay:307]: P0_VIEW COMPLETE nano=37345351323400
[17:15:29] [Client thread/INFO] [STDOUT]: [com.layue13.clashweave.validation.ClientReplay:viewReplay:307]: P0_VIEW COMPLETE nano=37345400998700
[17:15:29] [Client thread/INFO] [STDOUT]: [com.layue13.clashweave.validation.ClientReplay:viewReplay:307]: P0_VIEW COMPLETE nano=37345451131700
[17:15:29] [Client thread/INFO] [STDOUT]: [com.layue13.clashweave.validation.ClientReplay:viewReplay:307]: P0_VIEW COMPLETE nano=37345501566500
[17:15:29] [Client thread/INFO] [STDOUT]: [com.layue13.clashweave.validation.ClientReplay:viewReplay:307]: P0_VIEW COMPLETE nano=37345551291000
[17:15:29] [Client thread/INFO] [STDOUT]: [com.layue13.clashweave.validation.ClientReplay:viewReplay:307]: P0_VIEW COMPLETE nano=37345601253200
[17:15:30] [Client thread/INFO] [STDOUT]: [com.layue13.clashweave.validation.ClientReplay:viewReplay:307]: P0_VIEW COMPLETE nano=37345651366600
[17:15:30] [Client thread/INFO] [STDOUT]: [com.layue13.clashweave.validation.ClientReplay:viewReplay:307]: P0_VIEW COMPLETE nano=37345701109200
[17:15:30] [Client thread/INFO] [STDOUT]: [com.layue13.clashweave.validation.ClientReplay:viewReplay:307]: P0_VIEW COMPLETE nano=37345751354300
[17:15:30] [Client thread/INFO] [STDOUT]: [com.layue13.clashweave.validation.ClientReplay:viewReplay:307]: P0_VIEW COMPLETE nano=37345801252000
[17:15:30] [Client thread/INFO] [STDOUT]: [com.layue13.clashweave.validation.ClientReplay:viewReplay:307]: P0_VIEW COMPLETE nano=37345851206300
[17:15:30] [Client thread/INFO] [STDOUT]: [com.layue13.clashweave.validation.ClientReplay:viewReplay:307]: P0_VIEW COMPLETE nano=37345901282600
[17:15:30] [Client thread/INFO] [STDOUT]: [com.layue13.clashweave.validation.ClientReplay:viewReplay:307]: P0_VIEW COMPLETE nano=37345951557300
[17:15:30] [Client thread/INFO] [STDOUT]: [com.layue13.clashweave.validation.ClientReplay:viewReplay:307]: P0_VIEW COMPLETE nano=37346001225900
[17:15:30] [Client thread/INFO] [STDOUT]: [com.layue13.clashweave.validation.ClientReplay:viewReplay:307]: P0_VIEW COMPLETE nano=37346051215000
[17:15:30] [Client thread/INFO] [STDOUT]: [com.layue13.clashweave.validation.ClientReplay:viewReplay:307]: P0_VIEW COMPLETE nano=37346101095100
[17:15:30] [Client thread/INFO] [STDOUT]: [com.layue13.clashweave.validation.ClientReplay:viewReplay:307]: P0_VIEW COMPLETE nano=37346151099700
[17:15:30] [Client thread/INFO] [STDOUT]: [com.layue13.clashweave.validation.ClientReplay:viewReplay:307]: P0_VIEW COMPLETE nano=37346201260600
[17:15:30] [Client thread/INFO] [STDOUT]: [com.layue13.clashweave.validation.ClientReplay:viewReplay:307]: P0_VIEW COMPLETE nano=37346251281100
[17:15:30] [Client thread/INFO] [STDOUT]: [com.layue13.clashweave.validation.ClientReplay:viewReplay:307]: P0_VIEW COMPLETE nano=37346301425700
[17:15:30] [Client thread/INFO] [STDOUT]: [com.layue13.clashweave.validation.ClientReplay:viewReplay:307]: P0_VIEW COMPLETE nano=37346352052300
[17:15:30] [Client thread/INFO] [STDOUT]: [com.layue13.clashweave.validation.ClientReplay:viewReplay:307]: P0_VIEW COMPLETE nano=37346401836000
[17:15:30] [Client thread/INFO] [STDOUT]: [com.layue13.clashweave.validation.ClientReplay:viewReplay:307]: P0_VIEW COMPLETE nano=37346451625000
[17:15:30] [Client thread/INFO] [STDOUT]: [com.layue13.clashweave.validation.ClientReplay:viewReplay:307]: P0_VIEW COMPLETE nano=37346502247400
[17:15:30] [Client thread/INFO] [STDOUT]: [com.layue13.clashweave.validation.ClientReplay:viewReplay:307]: P0_VIEW COMPLETE nano=37346551348600
[17:15:30] [Client thread/INFO] [STDOUT]: [com.layue13.clashweave.validation.ClientReplay:viewReplay:307]: P0_VIEW COMPLETE nano=37346601115700
[17:15:31] [Client thread/INFO] [STDOUT]: [com.layue13.clashweave.validation.ClientReplay:viewReplay:307]: P0_VIEW COMPLETE nano=37346651117700
[17:15:31] [Client thread/INFO] [STDOUT]: [com.layue13.clashweave.validation.ClientReplay:viewReplay:307]: P0_VIEW COMPLETE nano=37346701427800
[17:15:31] [Client thread/INFO] [STDOUT]: [com.layue13.clashweave.validation.ClientReplay:viewReplay:307]: P0_VIEW COMPLETE nano=37346751103300
[17:15:31] [Client thread/INFO] [STDOUT]: [com.layue13.clashweave.validation.ClientReplay:viewReplay:307]: P0_VIEW COMPLETE nano=37346801072500
[17:15:31] [Client thread/INFO] [STDOUT]: [com.layue13.clashweave.validation.ClientReplay:viewReplay:307]: P0_VIEW COMPLETE nano=37346851712700
[17:15:31] [Client thread/INFO] [STDOUT]: [com.layue13.clashweave.validation.ClientReplay:viewReplay:307]: P0_VIEW COMPLETE nano=37346901223300
[17:15:31] [Client thread/INFO] [STDOUT]: [com.layue13.clashweave.validation.ClientReplay:viewReplay:307]: P0_VIEW COMPLETE nano=37346953580000
[17:15:31] [Client thread/INFO] [STDOUT]: [com.layue13.clashweave.validation.ClientReplay:viewReplay:307]: P0_VIEW COMPLETE nano=37347001558400
[17:15:31] [Client thread/INFO] [STDOUT]: [com.layue13.clashweave.validation.ClientReplay:viewReplay:307]: P0_VIEW COMPLETE nano=37347051090500
[17:15:31] [Client thread/INFO] [STDOUT]: [com.layue13.clashweave.validation.ClientReplay:viewReplay:307]: P0_VIEW COMPLETE nano=37347101460500
[17:15:31] [Client thread/INFO] [STDOUT]: [com.layue13.clashweave.validation.ClientReplay:viewReplay:307]: P0_VIEW COMPLETE nano=37347151984400
[17:15:31] [Client thread/INFO] [STDOUT]: [com.layue13.clashweave.validation.ClientReplay:viewReplay:307]: P0_VIEW COMPLETE nano=37347201129600
[17:15:31] [Client thread/INFO] [STDOUT]: [com.layue13.clashweave.validation.ClientReplay:viewReplay:307]: P0_VIEW COMPLETE nano=37347252591300
[17:15:31] [Client thread/INFO] [STDOUT]: [com.layue13.clashweave.validation.ClientReplay:viewReplay:307]: P0_VIEW COMPLETE nano=37347301387700
[17:15:31] [Client thread/INFO] [STDOUT]: [com.layue13.clashweave.validation.ClientReplay:viewReplay:307]: P0_VIEW COMPLETE nano=37347351272700
[17:15:31] [Client thread/INFO] [STDOUT]: [com.layue13.clashweave.validation.ClientReplay:viewReplay:307]: P0_VIEW COMPLETE nano=37347402542100
[17:15:31] [Client thread/INFO] [STDOUT]: [com.layue13.clashweave.validation.ClientReplay:viewReplay:307]: P0_VIEW COMPLETE nano=37347451087700
[17:15:31] [Client thread/INFO] [STDOUT]: [com.layue13.clashweave.validation.ClientReplay:viewReplay:307]: P0_VIEW COMPLETE nano=37347501461300
[17:15:31] [Client thread/INFO] [STDOUT]: [com.layue13.clashweave.validation.ClientReplay:viewReplay:307]: P0_VIEW COMPLETE nano=37347551361500
[17:15:31] [Client thread/INFO] [STDOUT]: [com.layue13.clashweave.validation.ClientReplay:viewReplay:307]: P0_VIEW COMPLETE nano=37347601338700
[17:15:32] [Client thread/INFO] [STDOUT]: [com.layue13.clashweave.validation.ClientReplay:viewReplay:307]: P0_VIEW COMPLETE nano=37347651397500
[17:15:32] [Client thread/INFO] [STDOUT]: [com.layue13.clashweave.validation.ClientReplay:viewReplay:307]: P0_VIEW COMPLETE nano=37347701245700
[17:15:32] [Client thread/INFO] [STDOUT]: [com.layue13.clashweave.validation.ClientReplay:viewReplay:307]: P0_VIEW COMPLETE nano=37347751914700
[17:15:32] [Client thread/INFO] [STDOUT]: [com.layue13.clashweave.validation.ClientReplay:viewReplay:307]: P0_VIEW COMPLETE nano=37347801274100
[17:15:32] [Client thread/INFO] [STDOUT]: [com.layue13.clashweave.validation.ClientReplay:viewReplay:307]: P0_VIEW COMPLETE nano=37347851147000
[17:15:32] [Client thread/INFO] [STDOUT]: [com.layue13.clashweave.validation.ClientReplay:viewReplay:307]: P0_VIEW COMPLETE nano=37347901296500
[17:15:32] [Client thread/INFO] [STDOUT]: [com.layue13.clashweave.validation.ClientReplay:viewReplay:307]: P0_VIEW COMPLETE nano=37347952429600
[17:15:32] [Client thread/INFO] [STDOUT]: [com.layue13.clashweave.validation.ClientReplay:viewReplay:307]: P0_VIEW COMPLETE nano=37348001240300
[17:15:32] [Client thread/INFO] [STDOUT]: [com.layue13.clashweave.validation.ClientReplay:viewReplay:307]: P0_VIEW COMPLETE nano=37348051438800
[17:15:32] [Client thread/INFO] [STDOUT]: [com.layue13.clashweave.validation.ClientReplay:viewReplay:307]: P0_VIEW COMPLETE nano=37348101191400
[17:15:32] [Client thread/INFO] [STDOUT]: [com.layue13.clashweave.validation.ClientReplay:viewReplay:307]: P0_VIEW COMPLETE nano=37348151099400
[17:15:32] [Client thread/INFO] [STDOUT]: [com.layue13.clashweave.validation.ClientReplay:viewReplay:307]: P0_VIEW COMPLETE nano=37348201185500
[17:15:32] [Client thread/INFO] [STDOUT]: [com.layue13.clashweave.validation.ClientReplay:viewReplay:307]: P0_VIEW COMPLETE nano=37348251209300
[17:15:32] [Client thread/INFO] [STDOUT]: [com.layue13.clashweave.validation.ClientReplay:viewReplay:307]: P0_VIEW COMPLETE nano=37348301287100
[17:15:32] [Client thread/INFO] [STDOUT]: [com.layue13.clashweave.validation.ClientReplay:viewReplay:307]: P0_VIEW COMPLETE nano=37348351182600
[17:15:32] [Client thread/INFO] [STDOUT]: [com.layue13.clashweave.validation.ClientReplay:viewReplay:307]: P0_VIEW COMPLETE nano=37348401357700
[17:15:32] [Client thread/INFO] [STDOUT]: [com.layue13.clashweave.validation.ClientReplay:viewReplay:307]: P0_VIEW COMPLETE nano=37348451554200
[17:15:32] [Client thread/INFO] [STDOUT]: [com.layue13.clashweave.validation.ClientReplay:viewReplay:307]: P0_VIEW COMPLETE nano=37348501135700
[17:15:32] [Client thread/INFO] [STDOUT]: [com.layue13.clashweave.validation.ClientReplay:viewReplay:307]: P0_VIEW COMPLETE nano=37348551149600
[17:15:32] [Client thread/INFO] [STDOUT]: [com.layue13.clashweave.validation.ClientReplay:viewReplay:307]: P0_VIEW COMPLETE nano=37348601279300
[17:15:33] [Client thread/INFO] [STDOUT]: [com.layue13.clashweave.validation.ClientReplay:viewReplay:307]: P0_VIEW COMPLETE nano=37348651313800
[17:15:33] [Client thread/INFO] [STDOUT]: [com.layue13.clashweave.validation.ClientReplay:viewReplay:307]: P0_VIEW COMPLETE nano=37348701062200
[17:15:33] [Client thread/INFO] [STDOUT]: [com.layue13.clashweave.validation.ClientReplay:viewReplay:307]: P0_VIEW COMPLETE nano=37348751824800
[17:15:33] [Client thread/INFO] [STDOUT]: [com.layue13.clashweave.validation.ClientReplay:viewReplay:307]: P0_VIEW COMPLETE nano=37348801248600
[17:15:33] [Client thread/INFO] [STDOUT]: [com.layue13.clashweave.validation.ClientReplay:viewReplay:307]: P0_VIEW COMPLETE nano=37348851240800
[17:15:33] [Client thread/INFO] [STDOUT]: [com.layue13.clashweave.validation.ClientReplay:viewReplay:307]: P0_VIEW COMPLETE nano=37348901486700
[17:15:33] [Client thread/INFO] [STDOUT]: [com.layue13.clashweave.validation.ClientReplay:viewReplay:307]: P0_VIEW COMPLETE nano=37348951366400
[17:15:33] [Client thread/INFO] [STDOUT]: [com.layue13.clashweave.validation.ClientReplay:viewReplay:307]: P0_VIEW COMPLETE nano=37349001052700
[17:15:33] [Client thread/INFO] [STDOUT]: [com.layue13.clashweave.validation.ClientReplay:viewReplay:307]: P0_VIEW COMPLETE nano=37349051245400
[17:15:33] [Client thread/INFO] [STDOUT]: [com.layue13.clashweave.validation.ClientReplay:viewReplay:307]: P0_VIEW COMPLETE nano=37349101262800
[17:15:33] [Client thread/INFO] [STDOUT]: [com.layue13.clashweave.validation.ClientReplay:viewReplay:307]: P0_VIEW COMPLETE nano=37349151058900
[17:15:33] [Client thread/INFO] [STDOUT]: [com.layue13.clashweave.validation.ClientReplay:viewReplay:307]: P0_VIEW COMPLETE nano=37349201638300
[17:15:33] [Client thread/INFO] [STDOUT]: [com.layue13.clashweave.validation.ClientReplay:viewReplay:307]: P0_VIEW COMPLETE nano=37349251152200
[17:15:33] [Client thread/INFO] [STDOUT]: [com.layue13.clashweave.validation.ClientReplay:viewReplay:307]: P0_VIEW COMPLETE nano=37349301466000
[17:15:33] [Client thread/INFO] [STDOUT]: [com.layue13.clashweave.validation.ClientReplay:viewReplay:307]: P0_VIEW COMPLETE nano=37349351540500
[17:15:33] [Client thread/INFO] [STDOUT]: [com.layue13.clashweave.validation.ClientReplay:viewReplay:307]: P0_VIEW COMPLETE nano=37349401205000
[17:15:33] [Client thread/INFO] [STDOUT]: [com.layue13.clashweave.validation.ClientReplay:viewReplay:307]: P0_VIEW COMPLETE nano=37349451240900
[17:15:33] [Client thread/INFO] [STDOUT]: [com.layue13.clashweave.validation.ClientReplay:viewReplay:307]: P0_VIEW COMPLETE nano=37349501250200
[17:15:33] [Client thread/INFO] [STDOUT]: [com.layue13.clashweave.validation.ClientReplay:viewReplay:307]: P0_VIEW COMPLETE nano=37349551206600
[17:15:33] [Client thread/INFO] [STDOUT]: [com.layue13.clashweave.validation.ClientReplay:viewReplay:307]: P0_VIEW COMPLETE nano=37349601987700
[17:15:34] [Client thread/INFO] [STDOUT]: [com.layue13.clashweave.validation.ClientReplay:viewReplay:307]: P0_VIEW COMPLETE nano=37349651348400
[17:15:34] [Client thread/INFO] [STDOUT]: [com.layue13.clashweave.validation.ClientReplay:viewReplay:307]: P0_VIEW COMPLETE nano=37349701514000
[17:15:34] [Client thread/INFO] [STDOUT]: [com.layue13.clashweave.validation.ClientReplay:viewReplay:307]: P0_VIEW COMPLETE nano=37349751247100
[17:15:34] [Client thread/INFO] [STDOUT]: [com.layue13.clashweave.validation.ClientReplay:viewReplay:307]: P0_VIEW COMPLETE nano=37349801071800
[17:15:34] [Client thread/INFO] [STDOUT]: [com.layue13.clashweave.validation.ClientReplay:viewReplay:307]: P0_VIEW COMPLETE nano=37349851224600
[17:15:34] [Client thread/INFO] [STDOUT]: [com.layue13.clashweave.validation.ClientReplay:viewReplay:307]: P0_VIEW COMPLETE nano=37349901121600
[17:15:34] [Client thread/INFO] [STDOUT]: [com.layue13.clashweave.validation.ClientReplay:viewReplay:307]: P0_VIEW COMPLETE nano=37349951522100
[17:15:34] [Client thread/INFO] [STDOUT]: [com.layue13.clashweave.validation.ClientReplay:viewReplay:307]: P0_VIEW COMPLETE nano=37350001734900
[17:15:34] [Client thread/INFO] [STDOUT]: [com.layue13.clashweave.validation.ClientReplay:viewReplay:307]: P0_VIEW COMPLETE nano=37350051638700
[17:15:34] [Client thread/INFO] [STDOUT]: [com.layue13.clashweave.validation.ClientReplay:viewReplay:307]: P0_VIEW COMPLETE nano=37350101143400
[17:15:34] [Client thread/INFO] [STDOUT]: [com.layue13.clashweave.validation.ClientReplay:viewReplay:307]: P0_VIEW COMPLETE nano=37350234952600
[17:15:34] [Client thread/INFO] [STDOUT]: [com.layue13.clashweave.validation.ClientReplay:viewReplay:307]: P0_VIEW COMPLETE nano=37350235365100
[17:15:34] [Client thread/INFO] [STDOUT]: [com.layue13.clashweave.validation.ClientReplay:viewReplay:307]: P0_VIEW COMPLETE nano=37350251173900
[17:15:34] [Client thread/INFO] [STDOUT]: [com.layue13.clashweave.validation.ClientReplay:viewReplay:307]: P0_VIEW COMPLETE nano=37350301569500
[17:15:34] [Client thread/INFO] [STDOUT]: [com.layue13.clashweave.validation.ClientReplay:viewReplay:307]: P0_VIEW COMPLETE nano=37350351220700
[17:15:34] [Client thread/INFO] [STDOUT]: [com.layue13.clashweave.validation.ClientReplay:viewReplay:307]: P0_VIEW COMPLETE nano=37350401041100
[17:15:34] [Client thread/INFO] [STDOUT]: [com.layue13.clashweave.validation.ClientReplay:viewReplay:307]: P0_VIEW COMPLETE nano=37350451162500
[17:15:34] [Client thread/INFO] [STDOUT]: [com.layue13.clashweave.validation.ClientReplay:viewReplay:307]: P0_VIEW COMPLETE nano=37350501360900
[17:15:34] [Client thread/INFO] [STDOUT]: [com.layue13.clashweave.validation.ClientReplay:viewReplay:307]: P0_VIEW COMPLETE nano=37350551188700
[17:15:34] [Client thread/INFO] [STDOUT]: [com.layue13.clashweave.validation.ClientReplay:viewReplay:307]: P0_VIEW COMPLETE nano=37350602185400
[17:15:35] [Client thread/INFO] [STDOUT]: [com.layue13.clashweave.validation.ClientReplay:viewReplay:307]: P0_VIEW COMPLETE nano=37350651104100
[17:15:35] [Client thread/INFO] [STDOUT]: [com.layue13.clashweave.validation.ClientReplay:viewReplay:307]: P0_VIEW COMPLETE nano=37350701950600
[17:15:35] [Client thread/INFO] [STDOUT]: [com.layue13.clashweave.validation.ClientReplay:viewReplay:307]: P0_VIEW COMPLETE nano=37350751262700
[17:15:35] [Client thread/INFO] [STDOUT]: [com.layue13.clashweave.validation.ClientReplay:viewReplay:307]: P0_VIEW COMPLETE nano=37350801570200
[17:15:35] [Client thread/INFO] [STDOUT]: [com.layue13.clashweave.validation.ClientReplay:viewReplay:307]: P0_VIEW COMPLETE nano=37350851897400
[17:15:35] [Client thread/INFO] [STDOUT]: [com.layue13.clashweave.validation.ClientReplay:viewReplay:307]: P0_VIEW COMPLETE nano=37350901416900
[17:15:35] [Client thread/INFO] [STDOUT]: [com.layue13.clashweave.validation.ClientReplay:viewReplay:307]: P0_VIEW COMPLETE nano=37350951128000
[17:15:35] [Client thread/INFO] [STDOUT]: [com.layue13.clashweave.validation.ClientReplay:viewReplay:307]: P0_VIEW COMPLETE nano=37351001659000
[17:15:35] [Client thread/INFO] [STDOUT]: [com.layue13.clashweave.validation.ClientReplay:viewReplay:307]: P0_VIEW COMPLETE nano=37351051096000
[17:15:35] [Client thread/INFO] [STDOUT]: [com.layue13.clashweave.validation.ClientReplay:viewReplay:307]: P0_VIEW COMPLETE nano=37351101402400
[17:15:35] [Client thread/INFO] [STDOUT]: [com.layue13.clashweave.validation.ClientReplay:viewReplay:307]: P0_VIEW COMPLETE nano=37351151344700
[17:15:35] [Client thread/INFO] [STDOUT]: [com.layue13.clashweave.validation.ClientReplay:viewReplay:307]: P0_VIEW COMPLETE nano=37351201243300
[17:15:35] [Client thread/INFO] [STDOUT]: [com.layue13.clashweave.validation.ClientReplay:viewReplay:307]: P0_VIEW COMPLETE nano=37351251236600
[17:15:35] [Client thread/INFO] [STDOUT]: [com.layue13.clashweave.validation.ClientReplay:viewReplay:307]: P0_VIEW COMPLETE nano=37351301581800
[17:15:35] [Client thread/INFO] [STDOUT]: [com.layue13.clashweave.validation.ClientReplay:viewReplay:307]: P0_VIEW COMPLETE nano=37351351053200
[17:15:35] [Client thread/INFO] [STDOUT]: [com.layue13.clashweave.validation.ClientReplay:viewReplay:307]: P0_VIEW COMPLETE nano=37351401159800
[17:15:35] [Client thread/INFO] [STDOUT]: [com.layue13.clashweave.validation.ClientReplay:viewReplay:307]: P0_VIEW COMPLETE nano=37351451368100
[17:15:35] [Client thread/INFO] [STDOUT]: [com.layue13.clashweave.validation.ClientReplay:viewReplay:307]: P0_VIEW COMPLETE nano=37351501642600
[17:15:35] [Client thread/INFO] [STDOUT]: [com.layue13.clashweave.validation.ClientReplay:viewReplay:307]: P0_VIEW COMPLETE nano=37351551974300
[17:15:35] [Client thread/INFO] [STDOUT]: [com.layue13.clashweave.validation.ClientReplay:viewReplay:307]: P0_VIEW COMPLETE nano=37351601316500
[17:15:36] [Client thread/INFO] [STDOUT]: [com.layue13.clashweave.validation.ClientReplay:viewReplay:307]: P0_VIEW COMPLETE nano=37351651842200
[17:15:36] [Client thread/INFO] [STDOUT]: [com.layue13.clashweave.validation.ClientReplay:viewReplay:307]: P0_VIEW COMPLETE nano=37351701072800
[17:15:36] [Client thread/INFO] [STDOUT]: [com.layue13.clashweave.validation.ClientReplay:viewReplay:307]: P0_VIEW COMPLETE nano=37351751207000
[17:15:36] [Client thread/INFO] [STDOUT]: [com.layue13.clashweave.validation.ClientReplay:viewReplay:307]: P0_VIEW COMPLETE nano=37351801144500
[17:15:36] [Client thread/INFO] [STDOUT]: [com.layue13.clashweave.validation.ClientReplay:viewReplay:307]: P0_VIEW COMPLETE nano=37351851335000
[17:15:36] [Client thread/INFO] [STDOUT]: [com.layue13.clashweave.validation.ClientReplay:viewReplay:307]: P0_VIEW COMPLETE nano=37351901261600
[17:15:36] [Client thread/INFO] [STDOUT]: [com.layue13.clashweave.validation.ClientReplay:viewReplay:307]: P0_VIEW COMPLETE nano=37351951329800
[17:15:36] [Client thread/INFO] [STDOUT]: [com.layue13.clashweave.validation.ClientReplay:viewReplay:307]: P0_VIEW COMPLETE nano=37352001191600
[17:15:36] [Client thread/INFO] [STDOUT]: [com.layue13.clashweave.validation.ClientReplay:viewReplay:307]: P0_VIEW COMPLETE nano=37352051349800
[17:15:36] [Client thread/INFO] [STDOUT]: [com.layue13.clashweave.validation.ClientReplay:viewReplay:307]: P0_VIEW COMPLETE nano=37352101362800
[17:15:36] [Client thread/INFO] [STDOUT]: [com.layue13.clashweave.validation.ClientReplay:viewReplay:307]: P0_VIEW COMPLETE nano=37352151660100
[17:15:36] [Client thread/INFO] [STDOUT]: [com.layue13.clashweave.validation.ClientReplay:viewReplay:307]: P0_VIEW COMPLETE nano=37352201412600
[17:15:36] [Client thread/INFO] [STDOUT]: [com.layue13.clashweave.validation.ClientReplay:viewReplay:307]: P0_VIEW COMPLETE nano=37352251160100
[17:15:36] [Client thread/INFO] [STDOUT]: [com.layue13.clashweave.validation.ClientReplay:viewReplay:307]: P0_VIEW COMPLETE nano=37352301590600
[17:15:36] [Client thread/INFO] [STDOUT]: [com.layue13.clashweave.validation.ClientReplay:viewReplay:307]: P0_VIEW COMPLETE nano=37352351322500
[17:15:36] [Client thread/INFO] [STDOUT]: [com.layue13.clashweave.validation.ClientReplay:viewReplay:307]: P0_VIEW COMPLETE nano=37352401219500
[17:15:36] [Client thread/INFO] [STDOUT]: [com.layue13.clashweave.validation.ClientReplay:viewReplay:307]: P0_VIEW COMPLETE nano=37352451225900
[17:15:36] [Client thread/INFO] [STDOUT]: [com.layue13.clashweave.validation.ClientReplay:viewReplay:307]: P0_VIEW COMPLETE nano=37352501583400
[17:15:36] [Client thread/INFO] [STDOUT]: [com.layue13.clashweave.validation.ClientReplay:viewReplay:307]: P0_VIEW COMPLETE nano=37352551129400
[17:15:36] [Client thread/INFO] [STDOUT]: [com.layue13.clashweave.validation.ClientReplay:viewReplay:307]: P0_VIEW COMPLETE nano=37352601187500
[17:15:37] [Client thread/INFO] [STDOUT]: [com.layue13.clashweave.validation.ClientReplay:viewReplay:307]: P0_VIEW COMPLETE nano=37352651319300
[17:15:37] [Client thread/INFO] [STDOUT]: [com.layue13.clashweave.validation.ClientReplay:viewReplay:307]: P0_VIEW COMPLETE nano=37352701295800
[17:15:37] [Client thread/INFO] [STDOUT]: [com.layue13.clashweave.validation.ClientReplay:viewReplay:307]: P0_VIEW COMPLETE nano=37352751286100
[17:15:37] [Client thread/INFO] [STDOUT]: [com.layue13.clashweave.validation.ClientReplay:viewReplay:307]: P0_VIEW COMPLETE nano=37352801218200
[17:15:37] [Client thread/INFO] [STDOUT]: [com.layue13.clashweave.validation.ClientReplay:viewReplay:307]: P0_VIEW COMPLETE nano=37352851242300
[17:15:37] [Client thread/INFO] [STDOUT]: [com.layue13.clashweave.validation.ClientReplay:viewReplay:307]: P0_VIEW COMPLETE nano=37352901385500
[17:15:37] [Client thread/INFO] [STDOUT]: [com.layue13.clashweave.validation.ClientReplay:viewReplay:307]: P0_VIEW COMPLETE nano=37352951072100
[17:15:37] [Client thread/INFO] [STDOUT]: [com.layue13.clashweave.validation.ClientReplay:viewReplay:307]: P0_VIEW COMPLETE nano=37353001920600
[17:15:37] [Client thread/INFO] [STDOUT]: [com.layue13.clashweave.validation.ClientReplay:viewReplay:307]: P0_VIEW COMPLETE nano=37353051373700
[17:15:37] [Client thread/INFO] [STDOUT]: [com.layue13.clashweave.validation.ClientReplay:viewReplay:307]: P0_VIEW COMPLETE nano=37353101362900
[17:15:37] [Client thread/INFO] [STDOUT]: [com.layue13.clashweave.validation.ClientReplay:viewReplay:307]: P0_VIEW COMPLETE nano=37353151088600
[17:15:37] [Client thread/INFO] [STDOUT]: [com.layue13.clashweave.validation.ClientReplay:viewReplay:307]: P0_VIEW COMPLETE nano=37353201112600
[17:15:37] [Client thread/INFO] [STDOUT]: [com.layue13.clashweave.validation.ClientReplay:viewReplay:307]: P0_VIEW COMPLETE nano=37353251532600
[17:15:37] [Client thread/INFO] [STDOUT]: [com.layue13.clashweave.validation.ClientReplay:viewReplay:307]: P0_VIEW COMPLETE nano=37353301307600
[17:15:37] [Client thread/INFO] [STDOUT]: [com.layue13.clashweave.validation.ClientReplay:viewReplay:307]: P0_VIEW COMPLETE nano=37353351214100
[17:15:37] [Client thread/INFO] [STDOUT]: [com.layue13.clashweave.validation.ClientReplay:viewReplay:307]: P0_VIEW COMPLETE nano=37353401181400
[17:15:37] [Client thread/INFO] [STDOUT]: [com.layue13.clashweave.validation.ClientReplay:viewReplay:307]: P0_VIEW COMPLETE nano=37353451877700
[17:15:37] [Client thread/INFO] [STDOUT]: [com.layue13.clashweave.validation.ClientReplay:viewReplay:307]: P0_VIEW COMPLETE nano=37353501065200
[17:15:37] [Client thread/INFO] [STDOUT]: [com.layue13.clashweave.validation.ClientReplay:viewReplay:307]: P0_VIEW COMPLETE nano=37353551191700
[17:15:37] [Client thread/INFO] [STDOUT]: [com.layue13.clashweave.validation.ClientReplay:viewReplay:307]: P0_VIEW COMPLETE nano=37353601633300
[17:15:38] [Client thread/INFO] [STDOUT]: [com.layue13.clashweave.validation.ClientReplay:viewReplay:307]: P0_VIEW COMPLETE nano=37353651605300
[17:15:38] [Client thread/INFO] [STDOUT]: [com.layue13.clashweave.validation.ClientReplay:viewReplay:307]: P0_VIEW COMPLETE nano=37353701975600
[17:15:38] [Client thread/INFO] [STDOUT]: [com.layue13.clashweave.validation.ClientReplay:viewReplay:307]: P0_VIEW COMPLETE nano=37353752014600
[17:15:38] [Client thread/INFO] [STDOUT]: [com.layue13.clashweave.validation.ClientReplay:viewReplay:307]: P0_VIEW COMPLETE nano=37353801173700
[17:15:38] [Client thread/INFO] [STDOUT]: [com.layue13.clashweave.validation.ClientReplay:viewReplay:307]: P0_VIEW COMPLETE nano=37353851131500
[17:15:38] [Client thread/INFO] [STDOUT]: [com.layue13.clashweave.validation.ClientReplay:viewReplay:307]: P0_VIEW COMPLETE nano=37353901383000
[17:15:38] [Client thread/INFO] [STDOUT]: [com.layue13.clashweave.validation.ClientReplay:viewReplay:307]: P0_VIEW COMPLETE nano=37353951455100
[17:15:38] [Client thread/INFO] [STDOUT]: [com.layue13.clashweave.validation.ClientReplay:viewReplay:307]: P0_VIEW COMPLETE nano=37354001017500
[17:15:38] [Client thread/INFO] [STDOUT]: [com.layue13.clashweave.validation.ClientReplay:viewReplay:307]: P0_VIEW COMPLETE nano=37354051291900
[17:15:38] [Client thread/INFO] [STDOUT]: [com.layue13.clashweave.validation.ClientReplay:viewReplay:307]: P0_VIEW COMPLETE nano=37354101975000
[17:15:38] [Client thread/INFO] [STDOUT]: [com.layue13.clashweave.validation.ClientReplay:viewReplay:307]: P0_VIEW COMPLETE nano=37354151401500
[17:15:38] [Client thread/INFO] [STDOUT]: [com.layue13.clashweave.validation.ClientReplay:viewReplay:307]: P0_VIEW COMPLETE nano=37354201203800
[17:15:38] [Client thread/INFO] [STDOUT]: [com.layue13.clashweave.validation.ClientReplay:viewReplay:307]: P0_VIEW COMPLETE nano=37354251835900
[17:15:38] [Client thread/INFO] [STDOUT]: [com.layue13.clashweave.validation.ClientReplay:viewReplay:307]: P0_VIEW COMPLETE nano=37354301182700
[17:15:38] [Client thread/INFO] [STDOUT]: [com.layue13.clashweave.validation.ClientReplay:viewReplay:307]: P0_VIEW COMPLETE nano=37354351078500
[17:15:38] [Client thread/INFO] [STDOUT]: [com.layue13.clashweave.validation.ClientReplay:viewReplay:307]: P0_VIEW COMPLETE nano=37354401047100
[17:15:38] [Client thread/INFO] [STDOUT]: [com.layue13.clashweave.validation.ClientReplay:viewReplay:307]: P0_VIEW COMPLETE nano=37354451510500
[17:15:38] [Client thread/INFO] [STDOUT]: [com.layue13.clashweave.validation.ClientReplay:viewReplay:307]: P0_VIEW COMPLETE nano=37354502493500
[17:15:38] [Client thread/INFO] [STDOUT]: [com.layue13.clashweave.validation.ClientReplay:viewReplay:307]: P0_VIEW COMPLETE nano=37354551031800
[17:15:38] [Client thread/INFO] [STDOUT]: [com.layue13.clashweave.validation.ClientReplay:viewReplay:307]: P0_VIEW COMPLETE nano=37354601291100
[17:15:39] [Client thread/INFO] [STDOUT]: [com.layue13.clashweave.validation.ClientReplay:viewReplay:307]: P0_VIEW COMPLETE nano=37354651449700
[17:15:39] [Client thread/INFO] [STDOUT]: [com.layue13.clashweave.validation.ClientReplay:viewReplay:307]: P0_VIEW COMPLETE nano=37354701365000
[17:15:39] [Client thread/INFO] [STDOUT]: [com.layue13.clashweave.validation.ClientReplay:viewReplay:307]: P0_VIEW COMPLETE nano=37354751379100
[17:15:39] [Client thread/INFO] [STDOUT]: [com.layue13.clashweave.validation.ClientReplay:viewReplay:307]: P0_VIEW COMPLETE nano=37354801293800
[17:15:39] [Client thread/INFO] [STDOUT]: [com.layue13.clashweave.validation.ClientReplay:viewReplay:307]: P0_VIEW COMPLETE nano=37354851270000
[17:15:39] [Client thread/INFO] [STDOUT]: [com.layue13.clashweave.validation.ClientReplay:viewReplay:307]: P0_VIEW COMPLETE nano=37354901130300
[17:15:39] [Client thread/INFO] [STDOUT]: [com.layue13.clashweave.validation.ClientReplay:viewReplay:307]: P0_VIEW COMPLETE nano=37354951896100
[17:15:39] [Client thread/INFO] [STDOUT]: [com.layue13.clashweave.validation.ClientReplay:viewReplay:307]: P0_VIEW COMPLETE nano=37355001214400
[17:15:39] [Client thread/INFO] [STDOUT]: [com.layue13.clashweave.validation.ClientReplay:viewReplay:307]: P0_VIEW COMPLETE nano=37355051484800
[17:15:39] [Client thread/INFO] [STDOUT]: [com.layue13.clashweave.validation.ClientReplay:viewReplay:307]: P0_VIEW COMPLETE nano=37355101493300
[17:15:39] [Client thread/INFO] [STDOUT]: [com.layue13.clashweave.validation.ClientReplay:viewReplay:307]: P0_VIEW COMPLETE nano=37355151317300
[17:15:39] [Client thread/INFO] [STDOUT]: [com.layue13.clashweave.validation.ClientReplay:viewReplay:307]: P0_VIEW COMPLETE nano=37355201296900
[17:15:39] [Client thread/INFO] [STDOUT]: [com.layue13.clashweave.validation.ClientReplay:viewReplay:307]: P0_VIEW COMPLETE nano=37355251365500
[17:15:39] [Client thread/INFO] [STDOUT]: [com.layue13.clashweave.validation.ClientReplay:viewReplay:307]: P0_VIEW COMPLETE nano=37355301094600
[17:15:39] [Client thread/INFO] [STDOUT]: [com.layue13.clashweave.validation.ClientReplay:viewReplay:307]: P0_VIEW COMPLETE nano=37355351412200
[17:15:39] [Client thread/INFO] [STDOUT]: [com.layue13.clashweave.validation.ClientReplay:viewReplay:307]: P0_VIEW COMPLETE nano=37355401422200
[17:15:39] [Client thread/INFO] [STDOUT]: [com.layue13.clashweave.validation.ClientReplay:viewReplay:307]: P0_VIEW COMPLETE nano=37355451919100
[17:15:39] [Client thread/INFO] [STDOUT]: [com.layue13.clashweave.validation.ClientReplay:viewReplay:307]: P0_VIEW COMPLETE nano=37355501344700
[17:15:39] [Client thread/INFO] [STDOUT]: [com.layue13.clashweave.validation.ClientReplay:viewReplay:307]: P0_VIEW COMPLETE nano=37355552251900
[17:15:39] [Client thread/INFO] [STDOUT]: [com.layue13.clashweave.validation.ClientReplay:viewReplay:307]: P0_VIEW COMPLETE nano=37355601421500
[17:15:40] [Client thread/INFO] [STDOUT]: [com.layue13.clashweave.validation.ClientReplay:viewReplay:307]: P0_VIEW COMPLETE nano=37355651277700
[17:15:40] [Client thread/INFO] [STDOUT]: [com.layue13.clashweave.validation.ClientReplay:viewReplay:307]: P0_VIEW COMPLETE nano=37355701295200
[17:15:40] [Client thread/INFO] [STDOUT]: [com.layue13.clashweave.validation.ClientReplay:viewReplay:307]: P0_VIEW COMPLETE nano=37355751913800
[17:15:40] [Client thread/INFO] [STDOUT]: [com.layue13.clashweave.validation.ClientReplay:viewReplay:307]: P0_VIEW COMPLETE nano=37355802060500
[17:15:40] [Client thread/INFO] [STDOUT]: [com.layue13.clashweave.validation.ClientReplay:viewReplay:307]: P0_VIEW COMPLETE nano=37355851959900
[17:15:40] [Client thread/INFO] [STDOUT]: [com.layue13.clashweave.validation.ClientReplay:viewReplay:307]: P0_VIEW COMPLETE nano=37355901117100
[17:15:40] [Client thread/INFO] [STDOUT]: [com.layue13.clashweave.validation.ClientReplay:viewReplay:307]: P0_VIEW COMPLETE nano=37355951711000
[17:15:40] [Client thread/INFO] [STDOUT]: [com.layue13.clashweave.validation.ClientReplay:viewReplay:307]: P0_VIEW COMPLETE nano=37356001409600
[17:15:40] [Client thread/INFO] [STDOUT]: [com.layue13.clashweave.validation.ClientReplay:viewReplay:307]: P0_VIEW COMPLETE nano=37356051529200
[17:15:40] [Client thread/INFO] [STDOUT]: [com.layue13.clashweave.validation.ClientReplay:viewReplay:307]: P0_VIEW COMPLETE nano=37356101140900
[17:15:40] [Client thread/INFO] [STDOUT]: [com.layue13.clashweave.validation.ClientReplay:viewReplay:307]: P0_VIEW COMPLETE nano=37356151130100
[17:15:40] [Client thread/INFO] [STDOUT]: [com.layue13.clashweave.validation.ClientReplay:viewReplay:307]: P0_VIEW COMPLETE nano=37356201083500
[17:15:40] [Client thread/INFO] [STDOUT]: [com.layue13.clashweave.validation.ClientReplay:viewReplay:307]: P0_VIEW COMPLETE nano=37356251287400
[17:15:40] [Client thread/INFO] [STDOUT]: [com.layue13.clashweave.validation.ClientReplay:viewReplay:307]: P0_VIEW COMPLETE nano=37356301175400
[17:15:40] [Client thread/INFO] [STDOUT]: [com.layue13.clashweave.validation.ClientReplay:viewReplay:307]: P0_VIEW COMPLETE nano=37356351891600
[17:15:40] [Client thread/INFO] [STDOUT]: [com.layue13.clashweave.validation.ClientReplay:viewReplay:307]: P0_VIEW COMPLETE nano=37356401186900
[17:15:40] [Client thread/INFO] [STDOUT]: [com.layue13.clashweave.validation.ClientReplay:viewReplay:307]: P0_VIEW COMPLETE nano=37356451076100
[17:15:40] [Client thread/INFO] [STDOUT]: [com.layue13.clashweave.validation.ClientReplay:viewReplay:307]: P0_VIEW COMPLETE nano=37356501283800
[17:15:40] [Client thread/INFO] [STDOUT]: [com.layue13.clashweave.validation.ClientReplay:viewReplay:307]: P0_VIEW COMPLETE nano=37356551172700
[17:15:40] [Client thread/INFO] [STDOUT]: [com.layue13.clashweave.validation.ClientReplay:viewReplay:307]: P0_VIEW COMPLETE nano=37356601486100
[17:15:41] [Client thread/INFO] [STDOUT]: [com.layue13.clashweave.validation.ClientReplay:viewReplay:307]: P0_VIEW COMPLETE nano=37356651480800
[17:15:41] [Client thread/INFO] [STDOUT]: [com.layue13.clashweave.validation.ClientReplay:viewReplay:307]: P0_VIEW COMPLETE nano=37356701670200
[17:15:41] [Client thread/INFO] [STDOUT]: [com.layue13.clashweave.validation.ClientReplay:viewReplay:307]: P0_VIEW COMPLETE nano=37356751036800
[17:15:41] [Client thread/INFO] [STDOUT]: [com.layue13.clashweave.validation.ClientReplay:viewReplay:307]: P0_VIEW COMPLETE nano=37356801222000
[17:15:41] [Client thread/INFO] [STDOUT]: [com.layue13.clashweave.validation.ClientReplay:viewReplay:307]: P0_VIEW COMPLETE nano=37356851027400
[17:15:41] [Client thread/INFO] [STDOUT]: [com.layue13.clashweave.validation.ClientReplay:viewReplay:307]: P0_VIEW COMPLETE nano=37356901377500
[17:15:41] [Client thread/INFO] [STDOUT]: [com.layue13.clashweave.validation.ClientReplay:viewReplay:307]: P0_VIEW COMPLETE nano=37356951910700
[17:15:41] [Client thread/INFO] [STDOUT]: [com.layue13.clashweave.validation.ClientReplay:viewReplay:307]: P0_VIEW COMPLETE nano=37357001932900
[17:15:41] [Client thread/INFO] [STDOUT]: [com.layue13.clashweave.validation.ClientReplay:viewReplay:307]: P0_VIEW COMPLETE nano=37357051352200
[17:15:41] [Client thread/INFO] [STDOUT]: [com.layue13.clashweave.validation.ClientReplay:viewReplay:307]: P0_VIEW COMPLETE nano=37357101941200
[17:15:41] [Client thread/INFO] [STDOUT]: [com.layue13.clashweave.validation.ClientReplay:viewReplay:307]: P0_VIEW COMPLETE nano=37357151366900
[17:15:41] [Client thread/INFO] [STDOUT]: [com.layue13.clashweave.validation.ClientReplay:viewReplay:307]: P0_VIEW COMPLETE nano=37357201834400
[17:15:41] [Client thread/INFO] [STDOUT]: [com.layue13.clashweave.validation.ClientReplay:viewReplay:307]: P0_VIEW COMPLETE nano=37357251122000
[17:15:41] [Client thread/INFO] [STDOUT]: [com.layue13.clashweave.validation.ClientReplay:viewReplay:307]: P0_VIEW COMPLETE nano=37357301336800
[17:15:41] [Client thread/INFO] [STDOUT]: [com.layue13.clashweave.validation.ClientReplay:viewReplay:307]: P0_VIEW COMPLETE nano=37357351374900
[17:15:41] [Client thread/INFO] [STDOUT]: [com.layue13.clashweave.validation.ClientReplay:viewReplay:307]: P0_VIEW COMPLETE nano=37357401514700
[17:15:41] [Client thread/INFO] [STDOUT]: [com.layue13.clashweave.validation.ClientReplay:viewReplay:307]: P0_VIEW COMPLETE nano=37357451737500
[17:15:41] [Client thread/INFO] [STDOUT]: [com.layue13.clashweave.validation.ClientReplay:viewReplay:307]: P0_VIEW COMPLETE nano=37357501114600
[17:15:41] [Client thread/INFO] [STDOUT]: [com.layue13.clashweave.validation.ClientReplay:viewReplay:307]: P0_VIEW COMPLETE nano=37357551438500
[17:15:41] [Client thread/INFO] [STDOUT]: [com.layue13.clashweave.validation.ClientReplay:viewReplay:307]: P0_VIEW COMPLETE nano=37357601028300
[17:15:42] [Client thread/INFO] [STDOUT]: [com.layue13.clashweave.validation.ClientReplay:viewReplay:307]: P0_VIEW COMPLETE nano=37357652013800
[17:15:42] [Client thread/INFO] [STDOUT]: [com.layue13.clashweave.validation.ClientReplay:viewReplay:307]: P0_VIEW COMPLETE nano=37357701171300
[17:15:42] [Client thread/INFO] [STDOUT]: [com.layue13.clashweave.validation.ClientReplay:viewReplay:307]: P0_VIEW COMPLETE nano=37357751060900
[17:15:42] [Client thread/INFO] [STDOUT]: [com.layue13.clashweave.validation.ClientReplay:viewReplay:307]: P0_VIEW COMPLETE nano=37357801901900
[17:15:42] [Client thread/INFO] [STDOUT]: [com.layue13.clashweave.validation.ClientReplay:viewReplay:307]: P0_VIEW COMPLETE nano=37357851198200
[17:15:42] [Client thread/INFO] [STDOUT]: [com.layue13.clashweave.validation.ClientReplay:viewReplay:307]: P0_VIEW COMPLETE nano=37357902647100
[17:15:42] [Client thread/INFO] [STDOUT]: [com.layue13.clashweave.validation.ClientReplay:viewReplay:307]: P0_VIEW COMPLETE nano=37357951369600
[17:15:42] [Client thread/INFO] [STDOUT]: [com.layue13.clashweave.validation.ClientReplay:viewReplay:307]: P0_VIEW COMPLETE nano=37358001067900
[17:15:42] [Client thread/INFO] [STDOUT]: [com.layue13.clashweave.validation.ClientReplay:viewReplay:307]: P0_VIEW COMPLETE nano=37358051405900
[17:15:42] [Client thread/INFO] [STDOUT]: [com.layue13.clashweave.validation.ClientReplay:viewReplay:307]: P0_VIEW COMPLETE nano=37358101049900
[17:15:42] [Client thread/INFO] [STDOUT]: [com.layue13.clashweave.validation.ClientReplay:viewReplay:307]: P0_VIEW COMPLETE nano=37358151127800
[17:15:42] [Client thread/INFO] [STDOUT]: [com.layue13.clashweave.validation.ClientReplay:viewReplay:307]: P0_VIEW COMPLETE nano=37358201891600
[17:15:42] [Client thread/INFO] [STDOUT]: [com.layue13.clashweave.validation.ClientReplay:viewReplay:307]: P0_VIEW COMPLETE nano=37358251441000
[17:15:42] [Client thread/INFO] [STDOUT]: [com.layue13.clashweave.validation.ClientReplay:viewReplay:307]: P0_VIEW COMPLETE nano=37358301486200
[17:15:42] [Client thread/INFO] [STDOUT]: [com.layue13.clashweave.validation.ClientReplay:viewReplay:307]: P0_VIEW COMPLETE nano=37358351180000
[17:15:42] [Client thread/INFO] [STDOUT]: [com.layue13.clashweave.validation.ClientReplay:viewReplay:307]: P0_VIEW COMPLETE nano=37358401071700
[17:15:42] [Client thread/INFO] [STDOUT]: [com.layue13.clashweave.validation.ClientReplay:viewReplay:307]: P0_VIEW COMPLETE nano=37358451399600
[17:15:42] [Client thread/INFO] [STDOUT]: [com.layue13.clashweave.validation.ClientReplay:viewReplay:307]: P0_VIEW COMPLETE nano=37358501421800
[17:15:42] [Client thread/INFO] [STDOUT]: [com.layue13.clashweave.validation.ClientReplay:viewReplay:307]: P0_VIEW COMPLETE nano=37358551332100
[17:15:42] [Client thread/INFO] [STDOUT]: [com.layue13.clashweave.validation.ClientReplay:viewReplay:307]: P0_VIEW COMPLETE nano=37358601233800
[17:15:43] [Client thread/INFO] [STDOUT]: [com.layue13.clashweave.validation.ClientReplay:viewReplay:307]: P0_VIEW COMPLETE nano=37358651497200
[17:15:43] [Client thread/INFO] [STDOUT]: [com.layue13.clashweave.validation.ClientReplay:viewReplay:307]: P0_VIEW COMPLETE nano=37358701484000
[17:15:43] [Client thread/INFO] [STDOUT]: [com.layue13.clashweave.validation.ClientReplay:viewReplay:307]: P0_VIEW COMPLETE nano=37358751664400
[17:15:43] [Client thread/INFO] [STDOUT]: [com.layue13.clashweave.validation.ClientReplay:viewReplay:307]: P0_VIEW COMPLETE nano=37358801306000
[17:15:43] [Client thread/INFO] [STDOUT]: [com.layue13.clashweave.validation.ClientReplay:viewReplay:307]: P0_VIEW COMPLETE nano=37358851515700
[17:15:43] [Client thread/INFO] [STDOUT]: [com.layue13.clashweave.validation.ClientReplay:viewReplay:307]: P0_VIEW COMPLETE nano=37358901418600
[17:15:43] [Client thread/INFO] [STDOUT]: [com.layue13.clashweave.validation.ClientReplay:viewReplay:307]: P0_VIEW COMPLETE nano=37358951433200
[17:15:43] [Client thread/INFO] [STDOUT]: [com.layue13.clashweave.validation.ClientReplay:viewReplay:307]: P0_VIEW COMPLETE nano=37359001545700
[17:15:43] [Client thread/INFO] [STDOUT]: [com.layue13.clashweave.validation.ClientReplay:viewReplay:307]: P0_VIEW COMPLETE nano=37359051309400
[17:15:43] [Client thread/INFO] [STDOUT]: [com.layue13.clashweave.validation.ClientReplay:viewReplay:307]: P0_VIEW COMPLETE nano=37359101136200
[17:15:43] [Client thread/INFO] [STDOUT]: [com.layue13.clashweave.validation.ClientReplay:viewReplay:307]: P0_VIEW COMPLETE nano=37359151188400
[17:15:43] [Client thread/INFO] [STDOUT]: [com.layue13.clashweave.validation.ClientReplay:viewReplay:307]: P0_VIEW COMPLETE nano=37359201058800
[17:15:43] [Client thread/INFO] [STDOUT]: [com.layue13.clashweave.validation.ClientReplay:viewReplay:307]: P0_VIEW COMPLETE nano=37359251412600
[17:15:43] [Client thread/INFO] [STDOUT]: [com.layue13.clashweave.validation.ClientReplay:viewReplay:307]: P0_VIEW COMPLETE nano=37359301434300
[17:15:43] [Client thread/INFO] [STDOUT]: [com.layue13.clashweave.validation.ClientReplay:viewReplay:307]: P0_VIEW COMPLETE nano=37359351106100
[17:15:43] [Client thread/INFO] [STDOUT]: [com.layue13.clashweave.validation.ClientReplay:viewReplay:307]: P0_VIEW COMPLETE nano=37359401527700
[17:15:43] [Client thread/INFO] [STDOUT]: [com.layue13.clashweave.validation.ClientReplay:viewReplay:307]: P0_VIEW COMPLETE nano=37359451239800
[17:15:43] [Client thread/INFO] [STDOUT]: [com.layue13.clashweave.validation.ClientReplay:viewReplay:307]: P0_VIEW COMPLETE nano=37359506089300
[17:15:43] [Client thread/INFO] [STDOUT]: [com.layue13.clashweave.validation.ClientReplay:viewReplay:307]: P0_VIEW COMPLETE nano=37359551194200
[17:15:43] [Client thread/INFO] [STDOUT]: [com.layue13.clashweave.validation.ClientReplay:viewReplay:307]: P0_VIEW COMPLETE nano=37359601173100
[17:15:44] [Client thread/INFO] [STDOUT]: [com.layue13.clashweave.validation.ClientReplay:viewReplay:307]: P0_VIEW COMPLETE nano=37359651172600
[17:15:44] [Client thread/INFO] [STDOUT]: [com.layue13.clashweave.validation.ClientReplay:viewReplay:307]: P0_VIEW COMPLETE nano=37359701902600
[17:15:44] [Client thread/INFO] [STDOUT]: [com.layue13.clashweave.validation.ClientReplay:viewReplay:307]: P0_VIEW COMPLETE nano=37359751157400
[17:15:44] [Client thread/INFO] [STDOUT]: [com.layue13.clashweave.validation.ClientReplay:viewReplay:307]: P0_VIEW COMPLETE nano=37359801277500
[17:15:44] [Client thread/INFO] [STDOUT]: [com.layue13.clashweave.validation.ClientReplay:viewReplay:307]: P0_VIEW COMPLETE nano=37359852062200
[17:15:44] [Client thread/INFO] [STDOUT]: [com.layue13.clashweave.validation.ClientReplay:viewReplay:307]: P0_VIEW COMPLETE nano=37359901505900
[17:15:44] [Client thread/INFO] [STDOUT]: [com.layue13.clashweave.validation.ClientReplay:viewReplay:307]: P0_VIEW COMPLETE nano=37359951806100
[17:15:44] [Client thread/INFO] [STDOUT]: [com.layue13.clashweave.validation.ClientReplay:viewReplay:307]: P0_VIEW COMPLETE nano=37360001403800
[17:15:44] [Client thread/INFO] [STDOUT]: [com.layue13.clashweave.validation.ClientReplay:viewReplay:307]: P0_VIEW COMPLETE nano=37360051258500
[17:15:44] [Client thread/INFO] [STDOUT]: [com.layue13.clashweave.validation.ClientReplay:viewReplay:307]: P0_VIEW COMPLETE nano=37360101316500
[17:15:44] [Client thread/INFO] [STDOUT]: [com.layue13.clashweave.validation.ClientReplay:viewReplay:307]: P0_VIEW COMPLETE nano=37360151237000
[17:15:44] [Client thread/INFO] [STDOUT]: [com.layue13.clashweave.validation.ClientReplay:viewReplay:307]: P0_VIEW COMPLETE nano=37360201504500
[17:15:44] [Client thread/INFO] [STDOUT]: [com.layue13.clashweave.validation.ClientReplay:viewReplay:307]: P0_VIEW COMPLETE nano=37360251435200
[17:15:44] [Client thread/INFO] [STDOUT]: [com.layue13.clashweave.validation.ClientReplay:viewReplay:307]: P0_VIEW COMPLETE nano=37360301376800
[17:15:44] [Client thread/INFO] [STDOUT]: [com.layue13.clashweave.validation.ClientReplay:viewReplay:307]: P0_VIEW COMPLETE nano=37360351411600
[17:15:44] [Client thread/INFO] [STDOUT]: [com.layue13.clashweave.validation.ClientReplay:viewReplay:307]: P0_VIEW COMPLETE nano=37360401072900
[17:15:44] [Client thread/INFO] [STDOUT]: [com.layue13.clashweave.validation.ClientReplay:viewReplay:307]: P0_VIEW COMPLETE nano=37360451022700
[17:15:44] [Client thread/INFO] [STDOUT]: [com.layue13.clashweave.validation.ClientReplay:viewReplay:307]: P0_VIEW COMPLETE nano=37360501552900
[17:15:44] [Client thread/INFO] [STDOUT]: [com.layue13.clashweave.validation.ClientReplay:viewReplay:307]: P0_VIEW COMPLETE nano=37360551388100
[17:15:44] [Client thread/INFO] [STDOUT]: [com.layue13.clashweave.validation.ClientReplay:viewReplay:307]: P0_VIEW COMPLETE nano=37360601430100
[17:15:45] [Client thread/INFO] [STDOUT]: [com.layue13.clashweave.validation.ClientReplay:viewReplay:307]: P0_VIEW COMPLETE nano=37360651234300
[17:15:45] [Client thread/INFO] [STDOUT]: [com.layue13.clashweave.validation.ClientReplay:viewReplay:307]: P0_VIEW COMPLETE nano=37360701190100
[17:15:45] [Client thread/INFO] [STDOUT]: [com.layue13.clashweave.validation.ClientReplay:viewReplay:307]: P0_VIEW COMPLETE nano=37360751234500
[17:15:45] [Client thread/INFO] [STDOUT]: [com.layue13.clashweave.validation.ClientReplay:viewReplay:307]: P0_VIEW COMPLETE nano=37360801383000
[17:15:45] [Client thread/INFO] [STDOUT]: [com.layue13.clashweave.validation.ClientReplay:viewReplay:307]: P0_VIEW COMPLETE nano=37360851400100
[17:15:45] [Client thread/INFO] [STDOUT]: [com.layue13.clashweave.validation.ClientReplay:viewReplay:307]: P0_VIEW COMPLETE nano=37360901365900
[17:15:45] [Client thread/INFO] [STDOUT]: [com.layue13.clashweave.validation.ClientReplay:viewReplay:307]: P0_VIEW COMPLETE nano=37360951247500
[17:15:45] [Client thread/INFO] [STDOUT]: [com.layue13.clashweave.validation.ClientReplay:viewReplay:307]: P0_VIEW COMPLETE nano=37361001087900
[17:15:45] [Client thread/INFO] [STDOUT]: [com.layue13.clashweave.validation.ClientReplay:viewReplay:307]: P0_VIEW COMPLETE nano=37361051829300
[17:15:45] [Client thread/INFO] [STDOUT]: [com.layue13.clashweave.validation.ClientReplay:viewReplay:307]: P0_VIEW COMPLETE nano=37361101177200
[17:15:45] [Client thread/INFO] [STDOUT]: [com.layue13.clashweave.validation.ClientReplay:viewReplay:307]: P0_VIEW COMPLETE nano=37361151696700
[17:15:45] [Client thread/INFO] [STDOUT]: [com.layue13.clashweave.validation.ClientReplay:viewReplay:307]: P0_VIEW COMPLETE nano=37361201090400
[17:15:45] [Client thread/INFO] [STDOUT]: [com.layue13.clashweave.validation.ClientReplay:viewReplay:307]: P0_VIEW COMPLETE nano=37361251745900
[17:15:45] [Client thread/INFO] [STDOUT]: [com.layue13.clashweave.validation.ClientReplay:viewReplay:307]: P0_VIEW COMPLETE nano=37361301962200
[17:15:45] [Client thread/INFO] [STDOUT]: [com.layue13.clashweave.validation.ClientReplay:viewReplay:307]: P0_VIEW COMPLETE nano=37361351817400
[17:15:45] [Client thread/INFO] [STDOUT]: [com.layue13.clashweave.validation.ClientReplay:viewReplay:307]: P0_VIEW COMPLETE nano=37361401293400
[17:15:45] [Client thread/INFO] [STDOUT]: [com.layue13.clashweave.validation.ClientReplay:viewReplay:307]: P0_VIEW COMPLETE nano=37361451880900
[17:15:45] [Client thread/INFO] [STDOUT]: [com.layue13.clashweave.validation.ClientReplay:viewReplay:307]: P0_VIEW COMPLETE nano=37361501463800
[17:15:45] [Client thread/INFO] [STDOUT]: [com.layue13.clashweave.validation.ClientReplay:viewReplay:307]: P0_VIEW COMPLETE nano=37361551578000
[17:15:45] [Client thread/INFO] [STDOUT]: [com.layue13.clashweave.validation.ClientReplay:viewReplay:307]: P0_VIEW COMPLETE nano=37361601545300
[17:15:46] [Client thread/INFO] [STDOUT]: [com.layue13.clashweave.validation.ClientReplay:viewReplay:307]: P0_VIEW COMPLETE nano=37361651198500
[17:15:46] [Client thread/INFO] [STDOUT]: [com.layue13.clashweave.validation.ClientReplay:viewReplay:307]: P0_VIEW COMPLETE nano=37361701238200
[17:15:46] [Client thread/INFO] [STDOUT]: [com.layue13.clashweave.validation.ClientReplay:viewReplay:307]: P0_VIEW COMPLETE nano=37361751724200
[17:15:46] [Client thread/INFO] [STDOUT]: [com.layue13.clashweave.validation.ClientReplay:viewReplay:307]: P0_VIEW COMPLETE nano=37361801558100
[17:15:46] [Client thread/INFO] [STDOUT]: [com.layue13.clashweave.validation.ClientReplay:viewReplay:307]: P0_VIEW COMPLETE nano=37361852667200
[17:15:46] [Client thread/INFO] [STDOUT]: [com.layue13.clashweave.validation.ClientReplay:viewReplay:307]: P0_VIEW COMPLETE nano=37361901264400
[17:15:46] [Client thread/INFO] [STDOUT]: [com.layue13.clashweave.validation.ClientReplay:viewReplay:307]: P0_VIEW COMPLETE nano=37361951215900
[17:15:46] [Client thread/INFO] [STDOUT]: [com.layue13.clashweave.validation.ClientReplay:viewReplay:307]: P0_VIEW COMPLETE nano=37362001504500
[17:15:46] [Client thread/INFO] [STDOUT]: [com.layue13.clashweave.validation.ClientReplay:viewReplay:307]: P0_VIEW COMPLETE nano=37362051075800
[17:15:46] [Client thread/INFO] [STDOUT]: [com.layue13.clashweave.validation.ClientReplay:viewReplay:307]: P0_VIEW COMPLETE nano=37362101133000
[17:15:46] [Client thread/INFO] [STDOUT]: [com.layue13.clashweave.validation.ClientReplay:viewReplay:307]: P0_VIEW COMPLETE nano=37362151231500
[17:15:46] [Client thread/INFO] [STDOUT]: [com.layue13.clashweave.validation.ClientReplay:viewReplay:307]: P0_VIEW COMPLETE nano=37362201308800
[17:15:46] [Client thread/INFO] [STDOUT]: [com.layue13.clashweave.validation.ClientReplay:viewReplay:307]: P0_VIEW COMPLETE nano=37362251574300
[17:15:46] [Client thread/INFO] [STDOUT]: [com.layue13.clashweave.validation.ClientReplay:viewReplay:307]: P0_VIEW COMPLETE nano=37362302010300
[17:15:46] [Client thread/INFO] [STDOUT]: [com.layue13.clashweave.validation.ClientReplay:viewReplay:307]: P0_VIEW COMPLETE nano=37362351294000
[17:15:46] [Client thread/INFO] [STDOUT]: [com.layue13.clashweave.validation.ClientReplay:viewReplay:307]: P0_VIEW COMPLETE nano=37362401157500
[17:15:46] [Client thread/INFO] [STDOUT]: [com.layue13.clashweave.validation.ClientReplay:viewReplay:307]: P0_VIEW COMPLETE nano=37362451056500
[17:15:46] [Client thread/INFO] [STDOUT]: [com.layue13.clashweave.validation.ClientReplay:viewReplay:307]: P0_VIEW COMPLETE nano=37362501476100
[17:15:46] [Client thread/INFO] [STDOUT]: [com.layue13.clashweave.validation.ClientReplay:viewReplay:307]: P0_VIEW COMPLETE nano=37362551141600
[17:15:46] [Client thread/INFO] [STDOUT]: [com.layue13.clashweave.validation.ClientReplay:viewReplay:307]: P0_VIEW COMPLETE nano=37362601265200
[17:15:47] [Client thread/INFO] [STDOUT]: [com.layue13.clashweave.validation.ClientReplay:viewReplay:307]: P0_VIEW COMPLETE nano=37362651877300
[17:15:47] [Client thread/INFO] [STDOUT]: [com.layue13.clashweave.validation.ClientReplay:viewReplay:307]: P0_VIEW COMPLETE nano=37362701130700
[17:15:47] [Client thread/INFO] [STDOUT]: [com.layue13.clashweave.validation.ClientReplay:viewReplay:307]: P0_VIEW COMPLETE nano=37362751890200
[17:15:47] [Client thread/INFO] [STDOUT]: [com.layue13.clashweave.validation.ClientReplay:viewReplay:307]: P0_VIEW COMPLETE nano=37362801354100
[17:15:47] [Client thread/INFO] [STDOUT]: [com.layue13.clashweave.validation.ClientReplay:viewReplay:307]: P0_VIEW COMPLETE nano=37362851600100
[17:15:47] [Client thread/INFO] [STDOUT]: [com.layue13.clashweave.validation.ClientReplay:viewReplay:307]: P0_VIEW COMPLETE nano=37362901352500
[17:15:47] [Client thread/INFO] [STDOUT]: [com.layue13.clashweave.validation.ClientReplay:viewReplay:307]: P0_VIEW COMPLETE nano=37362951127100
[17:15:47] [Client thread/INFO] [STDOUT]: [com.layue13.clashweave.validation.ClientReplay:viewReplay:307]: P0_VIEW COMPLETE nano=37363002003300
[17:15:47] [Client thread/INFO] [STDOUT]: [com.layue13.clashweave.validation.ClientReplay:viewReplay:307]: P0_VIEW COMPLETE nano=37363051330900
[17:15:47] [Client thread/INFO] [STDOUT]: [com.layue13.clashweave.validation.ClientReplay:viewReplay:307]: P0_VIEW COMPLETE nano=37363101514500
[17:15:47] [Client thread/INFO] [STDOUT]: [com.layue13.clashweave.validation.ClientReplay:viewReplay:307]: P0_VIEW COMPLETE nano=37363151351500
[17:15:47] [Client thread/INFO] [STDOUT]: [com.layue13.clashweave.validation.ClientReplay:viewReplay:307]: P0_VIEW COMPLETE nano=37363201990000
[17:15:47] [Client thread/INFO] [STDOUT]: [com.layue13.clashweave.validation.ClientReplay:viewReplay:307]: P0_VIEW COMPLETE nano=37363251179400
[17:15:47] [Client thread/INFO] [STDOUT]: [com.layue13.clashweave.validation.ClientReplay:viewReplay:307]: P0_VIEW COMPLETE nano=37363301306200
[17:15:47] [Client thread/INFO] [STDOUT]: [com.layue13.clashweave.validation.ClientReplay:viewReplay:307]: P0_VIEW COMPLETE nano=37363351870400
[17:15:47] [Client thread/INFO] [STDOUT]: [com.layue13.clashweave.validation.ClientReplay:viewReplay:307]: P0_VIEW COMPLETE nano=37363401492300
[17:15:47] [Client thread/INFO] [STDOUT]: [com.layue13.clashweave.validation.ClientReplay:viewReplay:307]: P0_VIEW COMPLETE nano=37363451190700
[17:15:47] [Client thread/INFO] [STDOUT]: [com.layue13.clashweave.validation.ClientReplay:viewReplay:307]: P0_VIEW COMPLETE nano=37363501575800
[17:15:47] [Client thread/INFO] [STDOUT]: [com.layue13.clashweave.validation.ClientReplay:viewReplay:307]: P0_VIEW COMPLETE nano=37363551242500
[17:15:47] [Client thread/INFO] [STDOUT]: [com.layue13.clashweave.validation.ClientReplay:viewReplay:307]: P0_VIEW COMPLETE nano=37363601861500
[17:15:48] [Client thread/INFO] [STDOUT]: [com.layue13.clashweave.validation.ClientReplay:viewReplay:307]: P0_VIEW COMPLETE nano=37363651153700
[17:15:48] [Client thread/INFO] [STDOUT]: [com.layue13.clashweave.validation.ClientReplay:viewReplay:307]: P0_VIEW COMPLETE nano=37363701277200
[17:15:48] [Client thread/INFO] [STDOUT]: [com.layue13.clashweave.validation.ClientReplay:viewReplay:307]: P0_VIEW COMPLETE nano=37363751367700
[17:15:48] [Client thread/INFO] [STDOUT]: [com.layue13.clashweave.validation.ClientReplay:viewReplay:307]: P0_VIEW COMPLETE nano=37363801096000
[17:15:48] [Client thread/INFO] [STDOUT]: [com.layue13.clashweave.validation.ClientReplay:viewReplay:307]: P0_VIEW COMPLETE nano=37363851304000
[17:15:48] [Client thread/INFO] [STDOUT]: [com.layue13.clashweave.validation.ClientReplay:viewReplay:307]: P0_VIEW COMPLETE nano=37363901576700
[17:15:48] [Client thread/INFO] [STDOUT]: [com.layue13.clashweave.validation.ClientReplay:viewReplay:307]: P0_VIEW COMPLETE nano=37363951100500
[17:15:48] [Client thread/INFO] [STDOUT]: [com.layue13.clashweave.validation.ClientReplay:viewReplay:307]: P0_VIEW COMPLETE nano=37364001893800
[17:15:48] [Client thread/INFO] [STDOUT]: [com.layue13.clashweave.validation.ClientReplay:viewReplay:307]: P0_VIEW COMPLETE nano=37364051414100
[17:15:48] [Client thread/INFO] [STDOUT]: [com.layue13.clashweave.validation.ClientReplay:viewReplay:307]: P0_VIEW COMPLETE nano=37364101571000
[17:15:48] [Client thread/INFO] [STDOUT]: [com.layue13.clashweave.validation.ClientReplay:viewReplay:307]: P0_VIEW COMPLETE nano=37364151209600
[17:15:48] [Client thread/INFO] [STDOUT]: [com.layue13.clashweave.validation.ClientReplay:viewReplay:307]: P0_VIEW COMPLETE nano=37364201249900
[17:15:48] [Client thread/INFO] [STDOUT]: [com.layue13.clashweave.validation.ClientReplay:viewReplay:307]: P0_VIEW COMPLETE nano=37364251322800
[17:15:48] [Client thread/INFO] [STDOUT]: [com.layue13.clashweave.validation.ClientReplay:viewReplay:307]: P0_VIEW COMPLETE nano=37364301239700
[17:15:48] [Client thread/INFO] [STDOUT]: [com.layue13.clashweave.validation.ClientReplay:viewReplay:307]: P0_VIEW COMPLETE nano=37364351597900
[17:15:48] [Client thread/INFO] [STDOUT]: [com.layue13.clashweave.validation.ClientReplay:viewReplay:307]: P0_VIEW COMPLETE nano=37364401128400
[17:15:48] [Client thread/INFO] [STDOUT]: [com.layue13.clashweave.validation.ClientReplay:viewReplay:307]: P0_VIEW COMPLETE nano=37364451293200
[17:15:48] [Client thread/INFO] [STDOUT]: [com.layue13.clashweave.validation.ClientReplay:viewReplay:307]: P0_VIEW COMPLETE nano=37364502442700
[17:15:48] [Client thread/INFO] [STDOUT]: [com.layue13.clashweave.validation.ClientReplay:viewReplay:307]: P0_VIEW COMPLETE nano=37364551182800
[17:15:48] [Client thread/INFO] [STDOUT]: [com.layue13.clashweave.validation.ClientReplay:viewReplay:307]: P0_VIEW COMPLETE nano=37364601021100
[17:15:49] [Client thread/INFO] [STDOUT]: [com.layue13.clashweave.validation.ClientReplay:viewReplay:307]: P0_VIEW COMPLETE nano=37364651599500
[17:15:49] [Client thread/INFO] [STDOUT]: [com.layue13.clashweave.validation.ClientReplay:viewReplay:307]: P0_VIEW COMPLETE nano=37364702004500
[17:15:49] [Client thread/INFO] [STDOUT]: [com.layue13.clashweave.validation.ClientReplay:viewReplay:307]: P0_VIEW COMPLETE nano=37364751160000
[17:15:49] [Client thread/INFO] [STDOUT]: [com.layue13.clashweave.validation.ClientReplay:viewReplay:307]: P0_VIEW COMPLETE nano=37364801493200
[17:15:49] [Client thread/INFO] [STDOUT]: [com.layue13.clashweave.validation.ClientReplay:viewReplay:307]: P0_VIEW COMPLETE nano=37364851270700
[17:15:49] [Client thread/INFO] [STDOUT]: [com.layue13.clashweave.validation.ClientReplay:viewReplay:307]: P0_VIEW COMPLETE nano=37364901401400
[17:15:49] [Client thread/INFO] [STDOUT]: [com.layue13.clashweave.validation.ClientReplay:viewReplay:307]: P0_VIEW COMPLETE nano=37364951735000
[17:15:49] [Client thread/INFO] [STDOUT]: [com.layue13.clashweave.validation.ClientReplay:viewReplay:307]: P0_VIEW COMPLETE nano=37365002383600
[17:15:49] [Client thread/INFO] [STDOUT]: [com.layue13.clashweave.validation.ClientReplay:viewReplay:307]: P0_VIEW COMPLETE nano=37365051924700
[17:15:49] [Client thread/INFO] [STDOUT]: [com.layue13.clashweave.validation.ClientReplay:viewReplay:307]: P0_VIEW COMPLETE nano=37365101322400
[17:15:49] [Client thread/INFO] [STDOUT]: [com.layue13.clashweave.validation.ClientReplay:viewReplay:307]: P0_VIEW COMPLETE nano=37365151437200
[17:15:49] [Client thread/INFO] [STDOUT]: [com.layue13.clashweave.validation.ClientReplay:viewReplay:307]: P0_VIEW COMPLETE nano=37365201299300
[17:15:49] [Client thread/INFO] [STDOUT]: [com.layue13.clashweave.validation.ClientReplay:viewReplay:307]: P0_VIEW COMPLETE nano=37365251501200
[17:15:49] [Client thread/INFO] [STDOUT]: [com.layue13.clashweave.validation.ClientReplay:viewReplay:307]: P0_VIEW COMPLETE nano=37365302318700
[17:15:49] [Client thread/INFO] [STDOUT]: [com.layue13.clashweave.validation.ClientReplay:viewReplay:307]: P0_VIEW COMPLETE nano=37365351107000
[17:15:49] [Client thread/INFO] [STDOUT]: [com.layue13.clashweave.validation.ClientReplay:viewReplay:307]: P0_VIEW COMPLETE nano=37365401319000
[17:15:49] [Client thread/INFO] [STDOUT]: [com.layue13.clashweave.validation.ClientReplay:viewReplay:307]: P0_VIEW COMPLETE nano=37365451480300
[17:15:49] [Client thread/INFO] [STDOUT]: [com.layue13.clashweave.validation.ClientReplay:viewReplay:307]: P0_VIEW COMPLETE nano=37365501148600
[17:15:49] [Client thread/INFO] [STDOUT]: [com.layue13.clashweave.validation.ClientReplay:viewReplay:307]: P0_VIEW COMPLETE nano=37365551912000
[17:15:49] [Client thread/INFO] [STDOUT]: [com.layue13.clashweave.validation.ClientReplay:viewReplay:307]: P0_VIEW COMPLETE nano=37365601926200
[17:15:50] [Client thread/INFO] [STDOUT]: [com.layue13.clashweave.validation.ClientReplay:viewReplay:307]: P0_VIEW COMPLETE nano=37365651066400
[17:15:50] [Client thread/INFO] [STDOUT]: [com.layue13.clashweave.validation.ClientReplay:viewReplay:307]: P0_VIEW COMPLETE nano=37365701835800
[17:15:50] [Client thread/INFO] [STDOUT]: [com.layue13.clashweave.validation.ClientReplay:viewReplay:307]: P0_VIEW COMPLETE nano=37365751249800
[17:15:50] [Client thread/INFO] [STDOUT]: [com.layue13.clashweave.validation.ClientReplay:viewReplay:307]: P0_VIEW COMPLETE nano=37365801816200
[17:15:50] [Client thread/INFO] [STDOUT]: [com.layue13.clashweave.validation.ClientReplay:viewReplay:307]: P0_VIEW COMPLETE nano=37365851917900
[17:15:50] [Client thread/INFO] [STDOUT]: [com.layue13.clashweave.validation.ClientReplay:viewReplay:307]: P0_VIEW COMPLETE nano=37365901989600
[17:15:50] [Client thread/INFO] [STDOUT]: [com.layue13.clashweave.validation.ClientReplay:viewReplay:307]: P0_VIEW COMPLETE nano=37365951332500
[17:15:50] [Client thread/INFO] [STDOUT]: [com.layue13.clashweave.validation.ClientReplay:viewReplay:307]: P0_VIEW COMPLETE nano=37366001707100
[17:15:50] [Client thread/INFO] [STDOUT]: [com.layue13.clashweave.validation.ClientReplay:viewReplay:307]: P0_VIEW COMPLETE nano=37366052019700
[17:15:50] [Client thread/INFO] [STDOUT]: [com.layue13.clashweave.validation.ClientReplay:viewReplay:307]: P0_VIEW COMPLETE nano=37366101275800
[17:15:50] [Client thread/INFO] [STDOUT]: [com.layue13.clashweave.validation.ClientReplay:viewReplay:307]: P0_VIEW COMPLETE nano=37366151398000
[17:15:50] [Client thread/INFO] [STDOUT]: [com.layue13.clashweave.validation.ClientReplay:viewReplay:307]: P0_VIEW COMPLETE nano=37366201371800
[17:15:50] [Client thread/INFO] [STDOUT]: [com.layue13.clashweave.validation.ClientReplay:viewReplay:307]: P0_VIEW COMPLETE nano=37366251125300
[17:15:50] [Client thread/INFO] [STDOUT]: [com.layue13.clashweave.validation.ClientReplay:viewReplay:307]: P0_VIEW COMPLETE nano=37366301850900
[17:15:50] [Client thread/INFO] [STDOUT]: [com.layue13.clashweave.validation.ClientReplay:viewReplay:307]: P0_VIEW COMPLETE nano=37366351114800
[17:15:50] [Client thread/INFO] [STDOUT]: [com.layue13.clashweave.validation.ClientReplay:viewReplay:307]: P0_VIEW COMPLETE nano=37366401497200
[17:15:50] [Client thread/INFO] [STDOUT]: [com.layue13.clashweave.validation.ClientReplay:viewReplay:307]: P0_VIEW COMPLETE nano=37366451700000
[17:15:50] [Client thread/INFO] [STDOUT]: [com.layue13.clashweave.validation.ClientReplay:viewReplay:307]: P0_VIEW COMPLETE nano=37366501044500
[17:15:50] [Client thread/INFO] [STDOUT]: [com.layue13.clashweave.validation.ClientReplay:viewReplay:307]: P0_VIEW COMPLETE nano=37366551326100
[17:15:50] [Client thread/INFO] [STDOUT]: [com.layue13.clashweave.validation.ClientReplay:viewReplay:307]: P0_VIEW COMPLETE nano=37366601255800
[17:15:51] [Client thread/INFO] [STDOUT]: [com.layue13.clashweave.validation.ClientReplay:viewReplay:307]: P0_VIEW COMPLETE nano=37366651369900
[17:15:51] [Client thread/INFO] [STDOUT]: [com.layue13.clashweave.validation.ClientReplay:viewReplay:307]: P0_VIEW COMPLETE nano=37366701102600
[17:15:51] [Client thread/INFO] [STDOUT]: [com.layue13.clashweave.validation.ClientReplay:viewReplay:307]: P0_VIEW COMPLETE nano=37366751391700
[17:15:51] [Client thread/INFO] [STDOUT]: [com.layue13.clashweave.validation.ClientReplay:viewReplay:307]: P0_VIEW COMPLETE nano=37366801106600
[17:15:51] [Client thread/INFO] [STDOUT]: [com.layue13.clashweave.validation.ClientReplay:viewReplay:307]: P0_VIEW COMPLETE nano=37366851003700
[17:15:51] [Client thread/INFO] [STDOUT]: [com.layue13.clashweave.validation.ClientReplay:viewReplay:307]: P0_VIEW COMPLETE nano=37366901104000
[17:15:51] [Client thread/INFO] [STDOUT]: [com.layue13.clashweave.validation.ClientReplay:viewReplay:307]: P0_VIEW COMPLETE nano=37366951188800
[17:15:51] [Client thread/INFO] [STDOUT]: [com.layue13.clashweave.validation.ClientReplay:viewReplay:307]: P0_VIEW COMPLETE nano=37367001290600
[17:15:51] [Client thread/INFO] [STDOUT]: [com.layue13.clashweave.validation.ClientReplay:viewReplay:307]: P0_VIEW COMPLETE nano=37367051035700
[17:15:51] [Client thread/INFO] [STDOUT]: [com.layue13.clashweave.validation.ClientReplay:viewReplay:307]: P0_VIEW COMPLETE nano=37367101309600
[17:15:51] [Client thread/INFO] [STDOUT]: [com.layue13.clashweave.validation.ClientReplay:viewReplay:307]: P0_VIEW COMPLETE nano=37367152346800
[17:15:51] [Client thread/INFO] [STDOUT]: [com.layue13.clashweave.validation.ClientReplay:viewReplay:307]: P0_VIEW COMPLETE nano=37367202054800
[17:15:51] [Client thread/INFO] [STDOUT]: [com.layue13.clashweave.validation.ClientReplay:viewReplay:307]: P0_VIEW COMPLETE nano=37367251400600
[17:15:51] [Client thread/INFO] [STDOUT]: [com.layue13.clashweave.validation.ClientReplay:viewReplay:307]: P0_VIEW COMPLETE nano=37367301176400
[17:15:51] [Client thread/INFO] [STDOUT]: [com.layue13.clashweave.validation.ClientReplay:viewReplay:307]: P0_VIEW COMPLETE nano=37367351358500
[17:15:51] [Client thread/INFO] [STDOUT]: [com.layue13.clashweave.validation.ClientReplay:viewReplay:307]: P0_VIEW COMPLETE nano=37367401118200
[17:15:51] [Client thread/INFO] [STDOUT]: [com.layue13.clashweave.validation.ClientReplay:viewReplay:307]: P0_VIEW COMPLETE nano=37367451673300
[17:15:51] [Client thread/INFO] [STDOUT]: [com.layue13.clashweave.validation.ClientReplay:viewReplay:307]: P0_VIEW COMPLETE nano=37367501128700
[17:15:51] [Client thread/INFO] [STDOUT]: [com.layue13.clashweave.validation.ClientReplay:viewReplay:307]: P0_VIEW COMPLETE nano=37367551254900
[17:15:51] [Client thread/INFO] [STDOUT]: [com.layue13.clashweave.validation.ClientReplay:viewReplay:307]: P0_VIEW COMPLETE nano=37367601241100
[17:15:52] [Client thread/INFO] [STDOUT]: [com.layue13.clashweave.validation.ClientReplay:viewReplay:307]: P0_VIEW COMPLETE nano=37367651200200
[17:15:52] [Client thread/INFO] [STDOUT]: [com.layue13.clashweave.validation.ClientReplay:viewReplay:307]: P0_VIEW COMPLETE nano=37367701479600
[17:15:52] [Client thread/INFO] [STDOUT]: [com.layue13.clashweave.validation.ClientReplay:viewReplay:307]: P0_VIEW COMPLETE nano=37367751239900
[17:15:52] [Client thread/INFO] [STDOUT]: [com.layue13.clashweave.validation.ClientReplay:viewReplay:307]: P0_VIEW COMPLETE nano=37367801428700
[17:15:52] [Client thread/INFO] [STDOUT]: [com.layue13.clashweave.validation.ClientReplay:viewReplay:307]: P0_VIEW COMPLETE nano=37367851498300
[17:15:52] [Client thread/INFO] [STDOUT]: [com.layue13.clashweave.validation.ClientReplay:viewReplay:307]: P0_VIEW COMPLETE nano=37367901050200
[17:15:52] [Client thread/INFO] [STDOUT]: [com.layue13.clashweave.validation.ClientReplay:viewReplay:307]: P0_VIEW COMPLETE nano=37367951032900
[17:15:52] [Client thread/INFO] [STDOUT]: [com.layue13.clashweave.validation.ClientReplay:viewReplay:307]: P0_VIEW COMPLETE nano=37368001042600
[17:15:52] [Client thread/INFO] [STDOUT]: [com.layue13.clashweave.validation.ClientReplay:viewReplay:307]: P0_VIEW COMPLETE nano=37368051436600
[17:15:52] [Client thread/INFO] [STDOUT]: [com.layue13.clashweave.validation.ClientReplay:viewReplay:307]: P0_VIEW COMPLETE nano=37368101109100
[17:15:52] [Client thread/INFO] [STDOUT]: [com.layue13.clashweave.validation.ClientReplay:viewReplay:307]: P0_VIEW COMPLETE nano=37368151297600
[17:15:52] [Client thread/INFO] [STDOUT]: [com.layue13.clashweave.validation.ClientReplay:viewReplay:307]: P0_VIEW COMPLETE nano=37368201065200
[17:15:52] [Client thread/INFO] [STDOUT]: [com.layue13.clashweave.validation.ClientReplay:viewReplay:307]: P0_VIEW COMPLETE nano=37368251259400
[17:15:52] [Client thread/INFO] [STDOUT]: [com.layue13.clashweave.validation.ClientReplay:viewReplay:307]: P0_VIEW COMPLETE nano=37368301284200
[17:15:52] [Client thread/INFO] [STDOUT]: [com.layue13.clashweave.validation.ClientReplay:viewReplay:307]: P0_VIEW COMPLETE nano=37368351309300
[17:15:52] [Client thread/INFO] [STDOUT]: [com.layue13.clashweave.validation.ClientReplay:viewReplay:307]: P0_VIEW COMPLETE nano=37368401320800
[17:15:52] [Client thread/INFO] [STDOUT]: [com.layue13.clashweave.validation.ClientReplay:viewReplay:307]: P0_VIEW COMPLETE nano=37368451158500
[17:15:52] [Client thread/INFO] [STDOUT]: [com.layue13.clashweave.validation.ClientReplay:viewReplay:307]: P0_VIEW COMPLETE nano=37368501388500
[17:15:52] [Client thread/INFO] [STDOUT]: [com.layue13.clashweave.validation.ClientReplay:viewReplay:307]: P0_VIEW COMPLETE nano=37368551620100
[17:15:52] [Client thread/INFO] [STDOUT]: [com.layue13.clashweave.validation.ClientReplay:viewReplay:307]: P0_VIEW COMPLETE nano=37368601356700
[17:15:53] [Client thread/INFO] [STDOUT]: [com.layue13.clashweave.validation.ClientReplay:viewReplay:307]: P0_VIEW COMPLETE nano=37368651510500
[17:15:53] [Client thread/INFO] [STDOUT]: [com.layue13.clashweave.validation.ClientReplay:viewReplay:307]: P0_VIEW COMPLETE nano=37368700989100
[17:15:53] [Client thread/INFO] [STDOUT]: [com.layue13.clashweave.validation.ClientReplay:viewReplay:307]: P0_VIEW COMPLETE nano=37368751340300
[17:15:53] [Client thread/INFO] [STDOUT]: [com.layue13.clashweave.validation.ClientReplay:viewReplay:307]: P0_VIEW COMPLETE nano=37368801867200
[17:15:53] [Client thread/INFO] [STDOUT]: [com.layue13.clashweave.validation.ClientReplay:viewReplay:307]: P0_VIEW COMPLETE nano=37368851385900
[17:15:53] [Client thread/INFO] [STDOUT]: [com.layue13.clashweave.validation.ClientReplay:viewReplay:307]: P0_VIEW COMPLETE nano=37368901716200
[17:15:53] [Client thread/INFO] [STDOUT]: [com.layue13.clashweave.validation.ClientReplay:viewReplay:307]: P0_VIEW COMPLETE nano=37368951411500
[17:15:53] [Client thread/INFO] [STDOUT]: [com.layue13.clashweave.validation.ClientReplay:viewReplay:307]: P0_VIEW COMPLETE nano=37369001534000
[17:15:53] [Client thread/INFO] [STDOUT]: [com.layue13.clashweave.validation.ClientReplay:viewReplay:307]: P0_VIEW COMPLETE nano=37369051474600
[17:15:53] [Client thread/INFO] [STDOUT]: [com.layue13.clashweave.validation.ClientReplay:viewReplay:307]: P0_VIEW COMPLETE nano=37369101429300
[17:15:53] [Client thread/INFO] [STDOUT]: [com.layue13.clashweave.validation.ClientReplay:viewReplay:307]: P0_VIEW COMPLETE nano=37369151326200
[17:15:53] [Client thread/INFO] [STDOUT]: [com.layue13.clashweave.validation.ClientReplay:viewReplay:307]: P0_VIEW COMPLETE nano=37369201415100
[17:15:53] [Client thread/INFO] [STDOUT]: [com.layue13.clashweave.validation.ClientReplay:viewReplay:307]: P0_VIEW COMPLETE nano=37369251252900
[17:15:53] [Client thread/INFO] [STDOUT]: [com.layue13.clashweave.validation.ClientReplay:viewReplay:307]: P0_VIEW COMPLETE nano=37369301054000
[17:15:53] [Client thread/INFO] [STDOUT]: [com.layue13.clashweave.validation.ClientReplay:viewReplay:307]: P0_VIEW COMPLETE nano=37369351840400
[17:15:53] [Client thread/INFO] [STDOUT]: [com.layue13.clashweave.validation.ClientReplay:viewReplay:307]: P0_VIEW COMPLETE nano=37369401212000
[17:15:53] [Client thread/INFO] [STDOUT]: [com.layue13.clashweave.validation.ClientReplay:viewReplay:307]: P0_VIEW COMPLETE nano=37369451358400
[17:15:53] [Client thread/INFO] [STDOUT]: [com.layue13.clashweave.validation.ClientReplay:viewReplay:307]: P0_VIEW COMPLETE nano=37369501338800
[17:15:53] [Client thread/INFO] [STDOUT]: [com.layue13.clashweave.validation.ClientReplay:viewReplay:307]: P0_VIEW COMPLETE nano=37369552247800
[17:15:53] [Client thread/INFO] [STDOUT]: [com.layue13.clashweave.validation.ClientReplay:viewReplay:307]: P0_VIEW COMPLETE nano=37369601712600
[17:15:54] [Client thread/INFO] [STDOUT]: [com.layue13.clashweave.validation.ClientReplay:viewReplay:307]: P0_VIEW COMPLETE nano=37369651183300
[17:15:54] [Client thread/INFO] [STDOUT]: [com.layue13.clashweave.validation.ClientReplay:viewReplay:307]: P0_VIEW COMPLETE nano=37369701499000
[17:15:54] [Client thread/INFO] [STDOUT]: [com.layue13.clashweave.validation.ClientReplay:viewReplay:307]: P0_VIEW COMPLETE nano=37369751295900
[17:15:54] [Client thread/INFO] [STDOUT]: [com.layue13.clashweave.validation.ClientReplay:viewReplay:307]: P0_VIEW COMPLETE nano=37369801255200
[17:15:54] [Client thread/INFO] [STDOUT]: [com.layue13.clashweave.validation.ClientReplay:viewReplay:307]: P0_VIEW COMPLETE nano=37369851637500
[17:15:54] [Client thread/INFO] [STDOUT]: [com.layue13.clashweave.validation.ClientReplay:viewReplay:307]: P0_VIEW COMPLETE nano=37369901341300
[17:15:54] [Client thread/INFO] [STDOUT]: [com.layue13.clashweave.validation.ClientReplay:viewReplay:307]: P0_VIEW COMPLETE nano=37369951512300
[17:15:54] [Client thread/INFO] [STDOUT]: [com.layue13.clashweave.validation.ClientReplay:viewReplay:307]: P0_VIEW COMPLETE nano=37370001508900
[17:15:54] [Client thread/INFO] [STDOUT]: [com.layue13.clashweave.validation.ClientReplay:viewReplay:307]: P0_VIEW COMPLETE nano=37370051576200
[17:15:54] [Client thread/INFO] [STDOUT]: [com.layue13.clashweave.validation.ClientReplay:viewReplay:307]: P0_VIEW COMPLETE nano=37370101203200
[17:15:54] [Client thread/INFO] [STDOUT]: [com.layue13.clashweave.validation.ClientReplay:viewReplay:307]: P0_VIEW COMPLETE nano=37370151486000
[17:15:54] [Client thread/INFO] [STDOUT]: [com.layue13.clashweave.validation.ClientReplay:viewReplay:307]: P0_VIEW COMPLETE nano=37370201193000
[17:15:54] [Client thread/INFO] [STDOUT]: [com.layue13.clashweave.validation.ClientReplay:viewReplay:307]: P0_VIEW COMPLETE nano=37370251560200
[17:15:54] [Client thread/INFO] [STDOUT]: [com.layue13.clashweave.validation.ClientReplay:viewReplay:307]: P0_VIEW COMPLETE nano=37370301846300
[17:15:54] [Client thread/INFO] [STDOUT]: [com.layue13.clashweave.validation.ClientReplay:viewReplay:307]: P0_VIEW COMPLETE nano=37370351365900
[17:15:54] [Client thread/INFO] [STDOUT]: [com.layue13.clashweave.validation.ClientReplay:viewReplay:307]: P0_VIEW COMPLETE nano=37370401343400
[17:15:54] [Client thread/INFO] [STDOUT]: [com.layue13.clashweave.validation.ClientReplay:viewReplay:307]: P0_VIEW COMPLETE nano=37370451579900
[17:15:54] [Client thread/INFO] [STDOUT]: [com.layue13.clashweave.validation.ClientReplay:viewReplay:307]: P0_VIEW COMPLETE nano=37370501684200
[17:15:54] [Client thread/INFO] [STDOUT]: [com.layue13.clashweave.validation.ClientReplay:viewReplay:307]: P0_VIEW COMPLETE nano=37370627852200
[17:15:55] [Client thread/INFO] [STDOUT]: [com.layue13.clashweave.validation.ClientReplay:viewReplay:307]: P0_VIEW COMPLETE nano=37370628280100
[17:15:55] [Client thread/INFO] [STDOUT]: [com.layue13.clashweave.validation.ClientReplay:viewReplay:307]: P0_VIEW COMPLETE nano=37370644098400
[17:15:55] [Client thread/INFO] [STDOUT]: [com.layue13.clashweave.validation.ClientReplay:viewReplay:307]: P0_VIEW COMPLETE nano=37370694446900
[17:15:55] [Client thread/INFO] [STDOUT]: [com.layue13.clashweave.validation.ClientReplay:viewReplay:307]: P0_VIEW COMPLETE nano=37370744336500
[17:15:55] [Client thread/INFO] [STDOUT]: [com.layue13.clashweave.validation.ClientReplay:viewReplay:307]: P0_VIEW COMPLETE nano=37370794382500
[17:15:55] [Client thread/INFO] [STDOUT]: [com.layue13.clashweave.validation.ClientReplay:viewReplay:307]: P0_VIEW COMPLETE nano=37370844410700
[17:15:55] [Client thread/INFO] [STDOUT]: [com.layue13.clashweave.validation.ClientReplay:viewReplay:307]: P0_VIEW COMPLETE nano=37370894939000
[17:15:55] [Client thread/INFO] [STDOUT]: [com.layue13.clashweave.validation.ClientReplay:viewReplay:307]: P0_VIEW COMPLETE nano=37370944535600
[17:15:55] [Client thread/INFO] [STDOUT]: [com.layue13.clashweave.validation.ClientReplay:viewReplay:307]: P0_VIEW COMPLETE nano=37370994425200
[17:15:55] [Client thread/INFO] [STDOUT]: [com.layue13.clashweave.validation.ClientReplay:viewReplay:307]: P0_VIEW COMPLETE nano=37371044179600
[17:15:55] [Client thread/INFO] [STDOUT]: [com.layue13.clashweave.validation.ClientReplay:viewReplay:307]: P0_VIEW COMPLETE nano=37371094339400
[17:15:55] [Client thread/INFO] [STDOUT]: [com.layue13.clashweave.validation.ClientReplay:viewReplay:307]: P0_VIEW COMPLETE nano=37371144112600
[17:15:55] [Client thread/INFO] [STDOUT]: [com.layue13.clashweave.validation.ClientReplay:viewReplay:307]: P0_VIEW COMPLETE nano=37371194450600
[17:15:55] [Client thread/INFO] [STDOUT]: [com.layue13.clashweave.validation.ClientReplay:viewReplay:307]: P0_VIEW COMPLETE nano=37371244092100
[17:15:55] [Client thread/INFO] [STDOUT]: [com.layue13.clashweave.validation.ClientReplay:viewReplay:307]: P0_VIEW COMPLETE nano=37371294995400
[17:15:55] [Client thread/INFO] [STDOUT]: [com.layue13.clashweave.validation.ClientReplay:viewReplay:307]: P0_VIEW COMPLETE nano=37371344590900
[17:15:55] [Client thread/INFO] [STDOUT]: [com.layue13.clashweave.validation.ClientReplay:viewReplay:307]: P0_VIEW COMPLETE nano=37371394206400
[17:15:55] [Client thread/INFO] [STDOUT]: [com.layue13.clashweave.validation.ClientReplay:viewReplay:307]: P0_VIEW COMPLETE nano=37371444308800
[17:15:55] [Client thread/INFO] [STDOUT]: [com.layue13.clashweave.validation.ClientReplay:viewReplay:307]: P0_VIEW COMPLETE nano=37371494227500
[17:15:55] [Client thread/INFO] [STDOUT]: [com.layue13.clashweave.validation.ClientReplay:viewReplay:307]: P0_VIEW COMPLETE nano=37371544479000
[17:15:55] [Client thread/INFO] [STDOUT]: [com.layue13.clashweave.validation.ClientReplay:viewReplay:307]: P0_VIEW COMPLETE nano=37371594200400
[17:15:56] [Client thread/INFO] [STDOUT]: [com.layue13.clashweave.validation.ClientReplay:viewReplay:307]: P0_VIEW COMPLETE nano=37371644609500
[17:15:56] [Client thread/INFO] [STDOUT]: [com.layue13.clashweave.validation.ClientReplay:viewReplay:307]: P0_VIEW COMPLETE nano=37371694540800
[17:15:56] [Client thread/INFO] [STDOUT]: [com.layue13.clashweave.validation.ClientReplay:viewReplay:307]: P0_VIEW COMPLETE nano=37371744921100
[17:15:56] [Client thread/INFO] [STDOUT]: [com.layue13.clashweave.validation.ClientReplay:viewReplay:307]: P0_VIEW COMPLETE nano=37371794529400
[17:15:56] [Client thread/INFO] [STDOUT]: [com.layue13.clashweave.validation.ClientReplay:viewReplay:307]: P0_VIEW COMPLETE nano=37371844732100
[17:15:56] [Client thread/INFO] [STDOUT]: [com.layue13.clashweave.validation.ClientReplay:viewReplay:307]: P0_VIEW COMPLETE nano=37371894963300
[17:15:56] [Client thread/INFO] [STDOUT]: [com.layue13.clashweave.validation.ClientReplay:viewReplay:307]: P0_VIEW COMPLETE nano=37371944182200
[17:15:56] [Client thread/INFO] [STDOUT]: [com.layue13.clashweave.validation.ClientReplay:viewReplay:307]: P0_VIEW COMPLETE nano=37371994578400
[17:15:56] [Client thread/INFO] [STDOUT]: [com.layue13.clashweave.validation.ClientReplay:viewReplay:307]: P0_VIEW COMPLETE nano=37372044548100
[17:15:56] [Client thread/INFO] [STDOUT]: [com.layue13.clashweave.validation.ClientReplay:viewReplay:307]: P0_VIEW COMPLETE nano=37372094494500
[17:15:56] [Client thread/INFO] [STDOUT]: [com.layue13.clashweave.validation.ClientReplay:viewReplay:307]: P0_VIEW COMPLETE nano=37372144053800
[17:15:56] [Client thread/INFO] [STDOUT]: [com.layue13.clashweave.validation.ClientReplay:viewReplay:307]: P0_VIEW COMPLETE nano=37372194310200
[17:15:56] [Client thread/INFO] [STDOUT]: [com.layue13.clashweave.validation.ClientReplay:viewReplay:307]: P0_VIEW COMPLETE nano=37372244885100
[17:15:56] [Client thread/INFO] [STDOUT]: [com.layue13.clashweave.validation.ClientReplay:viewReplay:307]: P0_VIEW COMPLETE nano=37372294260500
[17:15:56] [Client thread/INFO] [STDOUT]: [com.layue13.clashweave.validation.ClientReplay:viewReplay:307]: P0_VIEW COMPLETE nano=37372344461300
[17:15:56] [Client thread/INFO] [STDOUT]: [com.layue13.clashweave.validation.ClientReplay:viewReplay:307]: P0_VIEW COMPLETE nano=37372394198500
[17:15:56] [Client thread/INFO] [STDOUT]: [com.layue13.clashweave.validation.ClientReplay:viewReplay:307]: P0_VIEW COMPLETE nano=37372444991500
[17:15:56] [Client thread/INFO] [STDOUT]: [com.layue13.clashweave.validation.ClientReplay:viewReplay:307]: P0_VIEW COMPLETE nano=37372494342100
[17:15:56] [Client thread/INFO] [STDOUT]: [com.layue13.clashweave.validation.ClientReplay:viewReplay:307]: P0_VIEW COMPLETE nano=37372544366000
[17:15:56] [Client thread/INFO] [STDOUT]: [com.layue13.clashweave.validation.ClientReplay:viewReplay:307]: P0_VIEW COMPLETE nano=37372594409400
[17:15:57] [Client thread/INFO] [STDOUT]: [com.layue13.clashweave.validation.ClientReplay:viewReplay:307]: P0_VIEW COMPLETE nano=37372644289700
[17:15:57] [Client thread/INFO] [STDOUT]: [com.layue13.clashweave.validation.ClientReplay:viewReplay:307]: P0_VIEW COMPLETE nano=37372694208100
[17:15:57] [Client thread/INFO] [STDOUT]: [com.layue13.clashweave.validation.ClientReplay:viewReplay:307]: P0_VIEW COMPLETE nano=37372744076000
[17:15:57] [Client thread/INFO] [STDOUT]: [com.layue13.clashweave.validation.ClientReplay:viewReplay:307]: P0_VIEW COMPLETE nano=37372794103400
[17:15:57] [Client thread/INFO] [STDOUT]: [com.layue13.clashweave.validation.ClientReplay:viewReplay:307]: P0_VIEW COMPLETE nano=37372844260300
[17:15:57] [Client thread/INFO] [STDOUT]: [com.layue13.clashweave.validation.ClientReplay:viewReplay:307]: P0_VIEW COMPLETE nano=37372894126400
[17:15:57] [Client thread/INFO] [STDOUT]: [com.layue13.clashweave.validation.ClientReplay:viewReplay:307]: P0_VIEW COMPLETE nano=37372944456700
[17:15:57] [Client thread/INFO] [STDOUT]: [com.layue13.clashweave.validation.ClientReplay:viewReplay:307]: P0_VIEW COMPLETE nano=37372994137200
[17:15:57] [Client thread/INFO] [STDOUT]: [com.layue13.clashweave.validation.ClientReplay:viewReplay:307]: P0_VIEW COMPLETE nano=37373045721600
[17:15:57] [Client thread/INFO] [STDOUT]: [com.layue13.clashweave.validation.ClientReplay:viewReplay:307]: P0_VIEW COMPLETE nano=37373094304800
[17:15:57] [Client thread/INFO] [STDOUT]: [com.layue13.clashweave.validation.ClientReplay:viewReplay:307]: P0_VIEW COMPLETE nano=37373144195700
[17:15:57] [Client thread/INFO] [STDOUT]: [com.layue13.clashweave.validation.ClientReplay:viewReplay:307]: P0_VIEW COMPLETE nano=37373194539300
[17:15:57] [Client thread/INFO] [STDOUT]: [com.layue13.clashweave.validation.ClientReplay:viewReplay:307]: P0_VIEW COMPLETE nano=37373244786900
[17:15:57] [Client thread/INFO] [STDOUT]: [com.layue13.clashweave.validation.ClientReplay:viewReplay:307]: P0_VIEW COMPLETE nano=37373294283100
[17:15:57] [Client thread/INFO] [STDOUT]: [com.layue13.clashweave.validation.ClientReplay:viewReplay:307]: P0_VIEW COMPLETE nano=37373344236600
[17:15:57] [Client thread/INFO] [STDOUT]: [com.layue13.clashweave.validation.ClientReplay:viewReplay:307]: P0_VIEW COMPLETE nano=37373394433100
[17:15:57] [Client thread/INFO] [STDOUT]: [com.layue13.clashweave.validation.ClientReplay:viewReplay:307]: P0_VIEW COMPLETE nano=37373445497100
[17:15:57] [Client thread/INFO] [STDOUT]: [com.layue13.clashweave.validation.ClientReplay:viewReplay:307]: P0_VIEW COMPLETE nano=37373494492100
[17:15:57] [Client thread/INFO] [STDOUT]: [com.layue13.clashweave.validation.ClientReplay:viewReplay:307]: P0_VIEW COMPLETE nano=37373544328300
[17:15:57] [Client thread/INFO] [STDOUT]: [com.layue13.clashweave.validation.ClientReplay:viewReplay:307]: P0_VIEW COMPLETE nano=37373594301200
[17:15:58] [Client thread/INFO] [STDOUT]: [com.layue13.clashweave.validation.ClientReplay:viewReplay:307]: P0_VIEW COMPLETE nano=37373644860100
[17:15:58] [Client thread/INFO] [STDOUT]: [com.layue13.clashweave.validation.ClientReplay:viewReplay:307]: P0_VIEW COMPLETE nano=37373694683600
[17:15:58] [Client thread/INFO] [STDOUT]: [com.layue13.clashweave.validation.ClientReplay:viewReplay:307]: P0_VIEW COMPLETE nano=37373744391700
[17:15:58] [Client thread/INFO] [STDOUT]: [com.layue13.clashweave.validation.ClientReplay:viewReplay:307]: P0_VIEW COMPLETE nano=37373794147800
[17:15:58] [Client thread/INFO] [STDOUT]: [com.layue13.clashweave.validation.ClientReplay:viewReplay:307]: P0_VIEW COMPLETE nano=37373844443200
[17:15:58] [Client thread/INFO] [STDOUT]: [com.layue13.clashweave.validation.ClientReplay:viewReplay:307]: P0_VIEW COMPLETE nano=37373894317300
[17:15:58] [Client thread/INFO] [STDOUT]: [com.layue13.clashweave.validation.ClientReplay:viewReplay:307]: P0_VIEW COMPLETE nano=37373944868500
[17:15:58] [Client thread/INFO] [STDOUT]: [com.layue13.clashweave.validation.ClientReplay:viewReplay:307]: P0_VIEW COMPLETE nano=37373994849300
[17:15:58] [Client thread/INFO] [STDOUT]: [com.layue13.clashweave.validation.ClientReplay:viewReplay:307]: P0_VIEW COMPLETE nano=37374044574400
[17:15:58] [Client thread/INFO] [STDOUT]: [com.layue13.clashweave.validation.ClientReplay:viewReplay:307]: P0_VIEW COMPLETE nano=37374094878400
[17:15:58] [Client thread/INFO] [STDOUT]: [com.layue13.clashweave.validation.ClientReplay:viewReplay:307]: P0_VIEW COMPLETE nano=37374144472500
[17:15:58] [Client thread/INFO] [STDOUT]: [com.layue13.clashweave.validation.ClientReplay:viewReplay:307]: P0_VIEW COMPLETE nano=37374194115500
[17:15:58] [Client thread/INFO] [STDOUT]: [com.layue13.clashweave.validation.ClientReplay:viewReplay:307]: P0_VIEW COMPLETE nano=37374244330000
[17:15:58] [Client thread/INFO] [STDOUT]: [com.layue13.clashweave.validation.ClientReplay:viewReplay:307]: P0_VIEW COMPLETE nano=37374294129600
[17:15:58] [Client thread/INFO] [STDOUT]: [com.layue13.clashweave.validation.ClientReplay:viewReplay:307]: P0_VIEW COMPLETE nano=37374344081300
[17:15:58] [Client thread/INFO] [STDOUT]: [com.layue13.clashweave.validation.ClientReplay:viewReplay:307]: P0_VIEW COMPLETE nano=37374394119100
[17:15:58] [Client thread/INFO] [STDOUT]: [com.layue13.clashweave.validation.ClientReplay:viewReplay:307]: P0_VIEW COMPLETE nano=37374444212400
[17:15:58] [Client thread/INFO] [STDOUT]: [com.layue13.clashweave.validation.ClientReplay:viewReplay:307]: P0_VIEW COMPLETE nano=37374495233900
[17:15:58] [Client thread/INFO] [STDOUT]: [com.layue13.clashweave.validation.ClientReplay:viewReplay:307]: P0_VIEW COMPLETE nano=37374544714500
[17:15:58] [Client thread/INFO] [STDOUT]: [com.layue13.clashweave.validation.ClientReplay:viewReplay:307]: P0_VIEW COMPLETE nano=37374594180000
[17:15:59] [Client thread/INFO] [STDOUT]: [com.layue13.clashweave.validation.ClientReplay:viewReplay:307]: P0_VIEW COMPLETE nano=37374644371900
[17:15:59] [Client thread/INFO] [STDOUT]: [com.layue13.clashweave.validation.ClientReplay:viewReplay:307]: P0_VIEW COMPLETE nano=37374694493100
[17:15:59] [Client thread/INFO] [STDOUT]: [com.layue13.clashweave.validation.ClientReplay:viewReplay:307]: P0_VIEW COMPLETE nano=37374744073500
[17:15:59] [Client thread/INFO] [STDOUT]: [com.layue13.clashweave.validation.ClientReplay:viewReplay:307]: P0_VIEW COMPLETE nano=37374794312700
[17:15:59] [Client thread/INFO] [STDOUT]: [com.layue13.clashweave.validation.ClientReplay:viewReplay:307]: P0_VIEW COMPLETE nano=37374844714600
[17:15:59] [Client thread/INFO] [STDOUT]: [com.layue13.clashweave.validation.ClientReplay:viewReplay:307]: P0_VIEW COMPLETE nano=37374894371800
[17:15:59] [Client thread/INFO] [STDOUT]: [com.layue13.clashweave.validation.ClientReplay:viewReplay:307]: P0_VIEW COMPLETE nano=37374945038700
