[Opened C:\Program Files\Zulu\zulu-8\jre\lib\rt.jar]
[Opened C:\Program Files\Zulu\zulu-8\jre\lib\jfr.jar]
[04:28:03] [main/INFO] [GradleStart]: Extra: [nogui]
[04:28:03] [main/INFO] [GradleStart]: Running with arguments: [--tweakClass, cpw.mods.fml.common.launcher.FMLServerTweaker, nogui, --tweakClass, net.minecraftforge.gradle.tweakers.CoremodTweaker]
[04:28:03] [main/INFO] [LaunchWrapper]: Loading tweak class name cpw.mods.fml.common.launcher.FMLServerTweaker
[04:28:03] [main/INFO] [LaunchWrapper]: Using primary tweak class name cpw.mods.fml.common.launcher.FMLServerTweaker
[04:28:03] [main/INFO] [LaunchWrapper]: Loading tweak class name net.minecraftforge.gradle.tweakers.CoremodTweaker
[04:28:03] [main/INFO] [LaunchWrapper]: Calling tweak class cpw.mods.fml.common.launcher.FMLServerTweaker
[04:28:03] [main/INFO] [FML]: Forge Mod Loader version 7.99.40.1614 for Minecraft 1.7.10 loading
[04:28:03] [main/INFO] [FML]: Java is OpenJDK 64-Bit Server VM, version 1.8.0_504, running on Windows 11:amd64:10.0, installed at C:\Program Files\Zulu\zulu-8\jre
[04:28:03] [main/INFO] [FML]: Managed to load a deobfuscated Minecraft name- we are in a deobfuscated environment. Skipping runtime deobfuscation
[04:28:03] [main/INFO] [LaunchWrapper]: Calling tweak class net.minecraftforge.gradle.tweakers.CoremodTweaker
[04:28:03] [main/INFO] [GradleStart]: Injecting location in coremod cpw.mods.fml.relauncher.FMLCorePlugin
[04:28:03] [main/INFO] [GradleStart]: Injecting location in coremod net.minecraftforge.classloading.FMLForgePlugin
[04:28:03] [main/INFO] [LaunchWrapper]: Loading tweak class name cpw.mods.fml.common.launcher.FMLInjectionAndSortingTweaker
[04:28:03] [main/INFO] [LaunchWrapper]: Loading tweak class name cpw.mods.fml.common.launcher.FMLDeobfTweaker
[04:28:03] [main/INFO] [LaunchWrapper]: Loading tweak class name net.minecraftforge.gradle.tweakers.AccessTransformerTweaker
[04:28:03] [main/INFO] [LaunchWrapper]: Calling tweak class cpw.mods.fml.common.launcher.FMLInjectionAndSortingTweaker
[04:28:03] [main/INFO] [LaunchWrapper]: Calling tweak class cpw.mods.fml.common.launcher.FMLInjectionAndSortingTweaker
[04:28:03] [main/INFO] [LaunchWrapper]: Calling tweak class cpw.mods.fml.relauncher.CoreModManager$FMLPluginWrapper
[04:28:03] [main/ERROR] [FML]: The binary patch set is missing. Either you are in a development environment, or things are not going to work!
[04:28:03] [main/ERROR] [FML]: FML appears to be missing any signature data. This is not a good thing
[04:28:03] [main/INFO] [LaunchWrapper]: Calling tweak class cpw.mods.fml.relauncher.CoreModManager$FMLPluginWrapper
[04:28:03] [main/INFO] [LaunchWrapper]: Calling tweak class cpw.mods.fml.common.launcher.FMLDeobfTweaker
[04:28:03] [main/INFO] [LaunchWrapper]: Calling tweak class net.minecraftforge.gradle.tweakers.AccessTransformerTweaker
[04:28:03] [main/INFO] [LaunchWrapper]: Loading tweak class name cpw.mods.fml.common.launcher.TerminalTweaker
[04:28:03] [main/INFO] [LaunchWrapper]: Calling tweak class cpw.mods.fml.common.launcher.TerminalTweaker
[04:28:03] [main/INFO] [LaunchWrapper]: Launching wrapped minecraft {net.minecraft.server.MinecraftServer}
[Opened C:\Program Files\Zulu\zulu-8\jre\lib\jsse.jar]
[04:28:04] [Server thread/INFO]: Starting minecraft server version 1.7.10
[04:28:04] [Server thread/INFO] [MinecraftForge]: Attempting early MinecraftForge initialization
[04:28:04] [Server thread/INFO] [FML]: MinecraftForge v10.13.4.1614 Initialized
[04:28:04] [Server thread/INFO] [FML]: Replaced 183 ore recipies
[04:28:04] [Server thread/INFO] [MinecraftForge]: Completed early MinecraftForge initialization
[04:28:04] [Server thread/INFO] [FML]: Config directory created successfully
[04:28:04] [Server thread/INFO] [FML]: Found 0 mods from the command line. Injecting into mod discoverer
[04:28:04] [Server thread/INFO] [FML]: Searching C:\Users\layue13\Documents\Projects\Clashweave\run\probes2\s3b-qpc-rtt100\server\mods for mods
[04:28:06] [Server thread/INFO] [FML]: Forge Mod Loader has identified 5 mods to load
[04:28:06] [Server thread/INFO] [FML]: Attempting connection with missing mods [mcp, FML, Forge, clashweave, cw_s3b] at CLIENT
[04:28:06] [Server thread/INFO] [FML]: Attempting connection with missing mods [mcp, FML, Forge, clashweave, cw_s3b] at SERVER
[04:28:06] [Server thread/INFO] [FML]: Processing ObjectHolder annotations
[04:28:06] [Server thread/INFO] [FML]: Found 341 ObjectHolder annotations
[04:28:06] [Server thread/INFO] [FML]: Identifying ItemStackHolder annotations
[04:28:06] [Server thread/INFO] [FML]: Found 0 ItemStackHolder annotations
[04:28:06] [Server thread/INFO] [FML]: Configured a dormant chunk cache size of 0
[04:28:06] [Server thread/INFO] [clashweave]: Clashweave 0.1.0-dev initialized
[04:28:06] [Server thread/INFO] [FML]: Applying holder lookups
[04:28:06] [Server thread/INFO] [FML]: Holder lookups applied
[04:28:06] [Server thread/INFO] [FML]: Injecting itemstacks
[04:28:06] [Server thread/INFO] [FML]: Itemstack injection complete
[04:28:06] [Server thread/INFO]: Loading properties
[04:28:06] [Server thread/INFO]: Default game type: SURVIVAL
[04:28:06] [Server thread/INFO]: Generating keypair
[Opened C:\Program Files\Zulu\zulu-8\jre\lib\jce.jar]
[04:28:06] [Server thread/INFO]: Starting Minecraft server on 127.0.0.1:25572
[04:28:07] [Server thread/WARN]: **** SERVER IS RUNNING IN OFFLINE/INSECURE MODE!
[04:28:07] [Server thread/WARN]: The server will make no attempt to authenticate usernames. Beware.
[04:28:07] [Server thread/WARN]: While this makes the game possible to play without internet access, it also opens up the ability for hackers to connect with any username they choose.
[04:28:07] [Server thread/WARN]: To change this, set "online-mode" to "true" in the server.properties file.
[04:28:07] [Server thread/INFO] [FML]: Injecting itemstacks
[04:28:07] [Server thread/INFO] [FML]: Itemstack injection complete
[04:28:07] [Server thread/INFO] [FML]: Forge Mod Loader has successfully loaded 5 mods
[04:28:07] [Server thread/WARN]: Failed to load user banlist: 
java.io.FileNotFoundException: banned-players.json (The system cannot find the file specified)
	at java.io.FileInputStream.open0(Native Method) ~[?:1.8.0_504]
	at java.io.FileInputStream.open(FileInputStream.java:195) ~[?:1.8.0_504]
	at java.io.FileInputStream.<init>(FileInputStream.java:138) ~[?:1.8.0_504]
	at com.google.common.io.Files.newReader(Files.java:86) ~[guava-17.0.jar:?]
	at net.minecraft.server.management.UserList.func_152679_g(UserList.java:195) ~[UserList.class:?]
	at net.minecraft.server.dedicated.DedicatedPlayerList.func_152620_y(DedicatedPlayerList.java:124) [DedicatedPlayerList.class:?]
	at net.minecraft.server.dedicated.DedicatedPlayerList.<init>(DedicatedPlayerList.java:31) [DedicatedPlayerList.class:?]
	at net.minecraft.server.dedicated.DedicatedServer.startServer(DedicatedServer.java:214) [DedicatedServer.class:?]
	at net.minecraft.server.MinecraftServer.run(MinecraftServer.java:449) [MinecraftServer.class:?]
	at net.minecraft.server.MinecraftServer$2.run(MinecraftServer.java:756) [MinecraftServer$2.class:?]
[04:28:07] [Server thread/WARN]: Failed to load ip banlist: 
java.io.FileNotFoundException: banned-ips.json (The system cannot find the file specified)
	at java.io.FileInputStream.open0(Native Method) ~[?:1.8.0_504]
	at java.io.FileInputStream.open(FileInputStream.java:195) ~[?:1.8.0_504]
	at java.io.FileInputStream.<init>(FileInputStream.java:138) ~[?:1.8.0_504]
	at com.google.common.io.Files.newReader(Files.java:86) ~[guava-17.0.jar:?]
	at net.minecraft.server.management.UserList.func_152679_g(UserList.java:195) ~[UserList.class:?]
	at net.minecraft.server.dedicated.DedicatedPlayerList.func_152619_x(DedicatedPlayerList.java:112) [DedicatedPlayerList.class:?]
	at net.minecraft.server.dedicated.DedicatedPlayerList.<init>(DedicatedPlayerList.java:33) [DedicatedPlayerList.class:?]
	at net.minecraft.server.dedicated.DedicatedServer.startServer(DedicatedServer.java:214) [DedicatedServer.class:?]
	at net.minecraft.server.MinecraftServer.run(MinecraftServer.java:449) [MinecraftServer.class:?]
	at net.minecraft.server.MinecraftServer$2.run(MinecraftServer.java:756) [MinecraftServer$2.class:?]
[04:28:07] [Server thread/WARN]: Failed to load operators list: 
java.io.FileNotFoundException: ops.json (The system cannot find the file specified)
	at java.io.FileInputStream.open0(Native Method) ~[?:1.8.0_504]
	at java.io.FileInputStream.open(FileInputStream.java:195) ~[?:1.8.0_504]
	at java.io.FileInputStream.<init>(FileInputStream.java:138) ~[?:1.8.0_504]
	at com.google.common.io.Files.newReader(Files.java:86) ~[guava-17.0.jar:?]
	at net.minecraft.server.management.UserList.func_152679_g(UserList.java:195) ~[UserList.class:?]
	at net.minecraft.server.dedicated.DedicatedPlayerList.loadOpsList(DedicatedPlayerList.java:136) [DedicatedPlayerList.class:?]
	at net.minecraft.server.dedicated.DedicatedPlayerList.<init>(DedicatedPlayerList.java:35) [DedicatedPlayerList.class:?]
	at net.minecraft.server.dedicated.DedicatedServer.startServer(DedicatedServer.java:214) [DedicatedServer.class:?]
	at net.minecraft.server.MinecraftServer.run(MinecraftServer.java:449) [MinecraftServer.class:?]
	at net.minecraft.server.MinecraftServer$2.run(MinecraftServer.java:756) [MinecraftServer$2.class:?]
[04:28:07] [Server thread/WARN]: Failed to load white-list: 
java.io.FileNotFoundException: whitelist.json (The system cannot find the file specified)
	at java.io.FileInputStream.open0(Native Method) ~[?:1.8.0_504]
	at java.io.FileInputStream.open(FileInputStream.java:195) ~[?:1.8.0_504]
	at java.io.FileInputStream.<init>(FileInputStream.java:138) ~[?:1.8.0_504]
	at com.google.common.io.Files.newReader(Files.java:86) ~[guava-17.0.jar:?]
	at net.minecraft.server.management.UserList.func_152679_g(UserList.java:195) ~[UserList.class:?]
	at net.minecraft.server.dedicated.DedicatedPlayerList.readWhiteList(DedicatedPlayerList.java:160) [DedicatedPlayerList.class:?]
	at net.minecraft.server.dedicated.DedicatedPlayerList.<init>(DedicatedPlayerList.java:36) [DedicatedPlayerList.class:?]
	at net.minecraft.server.dedicated.DedicatedServer.startServer(DedicatedServer.java:214) [DedicatedServer.class:?]
	at net.minecraft.server.MinecraftServer.run(MinecraftServer.java:449) [MinecraftServer.class:?]
	at net.minecraft.server.MinecraftServer$2.run(MinecraftServer.java:756) [MinecraftServer$2.class:?]
[04:28:07] [Server thread/INFO]: Preparing level "world"
[04:28:07] [Forge Version Check/INFO] [STDERR]: [java.lang.Throwable$WrappedPrintStream:println:749]: com.google.gson.JsonSyntaxException: java.lang.IllegalStateException: Expected BEGIN_OBJECT but was STRING at line 1 column 1
[04:28:07] [Forge Version Check/INFO] [STDERR]: [java.lang.Throwable$WrappedPrintStream:println:749]: 	at com.google.gson.Gson.fromJson(Gson.java:815)
[04:28:07] [Forge Version Check/INFO] [STDERR]: [java.lang.Throwable$WrappedPrintStream:println:749]: 	at com.google.gson.Gson.fromJson(Gson.java:768)
[04:28:07] [Forge Version Check/INFO] [STDERR]: [java.lang.Throwable$WrappedPrintStream:println:749]: 	at com.google.gson.Gson.fromJson(Gson.java:717)
[04:28:07] [Forge Version Check/INFO] [STDERR]: [java.lang.Throwable$WrappedPrintStream:println:749]: 	at com.google.gson.Gson.fromJson(Gson.java:689)
[04:28:07] [Forge Version Check/INFO] [STDERR]: [java.lang.Throwable$WrappedPrintStream:println:749]: 	at net.minecraftforge.common.ForgeVersion$1.run(ForgeVersion.java:94)
[04:28:07] [Forge Version Check/INFO] [STDERR]: [java.lang.Throwable$WrappedPrintStream:println:749]: Caused by: java.lang.IllegalStateException: Expected BEGIN_OBJECT but was STRING at line 1 column 1
[04:28:07] [Forge Version Check/INFO] [STDERR]: [java.lang.Throwable$WrappedPrintStream:println:749]: 	at com.google.gson.stream.JsonReader.beginObject(JsonReader.java:374)
[04:28:07] [Forge Version Check/INFO] [STDERR]: [java.lang.Throwable$WrappedPrintStream:println:749]: 	at com.google.gson.internal.bind.MapTypeAdapterFactory$Adapter.read(MapTypeAdapterFactory.java:183)
[04:28:07] [Forge Version Check/INFO] [STDERR]: [java.lang.Throwable$WrappedPrintStream:println:749]: 	at com.google.gson.internal.bind.MapTypeAdapterFactory$Adapter.read(MapTypeAdapterFactory.java:145)
[04:28:07] [Forge Version Check/INFO] [STDERR]: [java.lang.Throwable$WrappedPrintStream:println:749]: 	at com.google.gson.Gson.fromJson(Gson.java:803)
[04:28:07] [Forge Version Check/INFO] [STDERR]: [java.lang.Throwable$WrappedPrintStream:println:749]: 	... 4 more
[04:28:10] [Server thread/INFO] [FML]: Loading dimension 0 (world) (net.minecraft.server.dedicated.DedicatedServer@7c596287)
[04:28:10] [Server thread/INFO] [FML]: Loading dimension 1 (world) (net.minecraft.server.dedicated.DedicatedServer@7c596287)
[04:28:10] [Server thread/INFO] [FML]: Loading dimension -1 (world) (net.minecraft.server.dedicated.DedicatedServer@7c596287)
[04:28:10] [Server thread/INFO]: Preparing start region for level 0
[04:28:10] [Server thread/INFO]: Done (3.317s)! For help, type "help" or "?"
[04:28:17] [Netty IO #1/INFO] [FML]: Client protocol version 2
[04:28:17] [Netty IO #1/INFO] [FML]: Client attempting to join with 5 mods : FML@7.10.99.99,Forge@10.13.4.1614,mcp@9.05,clashweave@0.1.0-dev,cw_s3b@1
[04:28:17] [Netty IO #1/INFO] [FML]: Attempting connection with missing mods [] at CLIENT
[04:28:18] [Server thread/INFO] [FML]: [Server thread] Server side modded connection established
[04:28:18] [Server thread/INFO]: GuardB[/127.0.0.1:50776] logged in with entity id 1 at (-56.5, 4.0, -7.5)
[04:28:18] [Server thread/INFO]: GuardB joined the game
[04:28:18] [Server thread/INFO] [STDOUT]: [com.layue13.clashweave.experiment.s3b.Experiment:log:22]: CW3 LOGIN name=GuardB
[04:28:25] [Netty IO #2/INFO] [FML]: Client protocol version 2
[04:28:25] [Netty IO #2/INFO] [FML]: Client attempting to join with 5 mods : FML@7.10.99.99,Forge@10.13.4.1614,mcp@9.05,clashweave@0.1.0-dev,cw_s3b@1
[04:28:25] [Netty IO #2/INFO] [FML]: Attempting connection with missing mods [] at CLIENT
[04:28:25] [Server thread/INFO] [FML]: [Server thread] Server side modded connection established
[04:28:25] [Server thread/INFO]: GuardA[/127.0.0.1:50980] logged in with entity id 2 at (-53.5, 4.0, -18.5)
[04:28:25] [Server thread/INFO]: GuardA joined the game
[04:28:25] [Server thread/INFO] [STDOUT]: [com.layue13.clashweave.experiment.s3b.Experiment:log:22]: CW3 LOGIN name=GuardA
[04:28:28] [Netty IO #2/INFO] [STDOUT]: [com.layue13.clashweave.experiment.s3b.Experiment:log:22]: CW3 WIRE side=SERVER kind=3 id=0 wall=1791545308105 thread=Netty IO #2 observed=352
[04:28:28] [Server thread/INFO] [STDOUT]: [com.layue13.clashweave.experiment.s3b.Experiment:log:22]: CW3 RECEIVE id=0 kind=3 stamp=0 tickObserved=352 recvWall=1791545308107 sendWall=1791545308054 wireMs=53
[04:28:28] [Server thread/INFO] [STDOUT]: [com.layue13.clashweave.experiment.s3b.Experiment:log:22]: CW3 READY tick=353
[04:28:29] [Server thread/INFO] [STDOUT]: [com.layue13.clashweave.experiment.s3b.Experiment:log:22]: CW3 PLAN id=0 lead=0 defer=2 anchorTick=383 hit=395 stamp=395 anchorWall=1791545309610 legacy=false
[04:28:30] [Server thread/INFO] [STDOUT]: [com.layue13.clashweave.experiment.s3b.Experiment:log:22]: CW3 FREEZE id=0 tick=395 target=1 attacker=2 distance=1.0
[04:28:30] [Netty IO #1/INFO] [STDOUT]: [com.layue13.clashweave.experiment.s3b.Experiment:log:22]: CW3 WIRE side=SERVER kind=2 id=0 wall=1791545310312 thread=Netty IO #1 observed=396
[04:28:30] [Server thread/INFO] [STDOUT]: [com.layue13.clashweave.experiment.s3b.Experiment:log:22]: CW3 RECEIVE id=0 kind=2 stamp=396 tickObserved=396 recvWall=1791545310315 sendWall=1791545310261 wireMs=54
[04:28:30] [Server thread/INFO] [STDOUT]: [com.layue13.clashweave.experiment.s3b.Experiment:log:22]: CW3 CONSUME id=0 stamp=396 consumeTick=397 recvObserved=396 age=1 queueMs=0 sendWall=1791545310261 recvWall=1791545310315 consumeWall=1791545310315 accepted=true
[04:28:30] [Server thread/INFO] [STDOUT]: [com.layue13.clashweave.experiment.s3b.Experiment:log:22]: CW3 RESULT id=0 lead=0 defer=2 hit=395 commit=397 commitWall=1791545310321 press=396 received=397 window=false inside=true parry=false vanillaAccepted=true loss=1.0 targetHealth=999.0
[04:28:30] [Server thread/INFO] [STDOUT]: [com.layue13.clashweave.experiment.s3b.Experiment:log:22]: CW3 PLAN id=1 lead=0 defer=2 anchorTick=402 hit=414 stamp=414 anchorWall=1791545310565 legacy=false
[04:28:31] [Server thread/INFO] [STDOUT]: [com.layue13.clashweave.experiment.s3b.Experiment:log:22]: CW3 FREEZE id=1 tick=414 target=1 attacker=2 distance=1.0
[04:28:31] [Server thread/INFO] [STDOUT]: [com.layue13.clashweave.experiment.s3b.Experiment:log:22]: CW3 RESULT id=1 lead=0 defer=2 hit=414 commit=416 commitWall=1791545311254 press=-9999 received=9223372036854775807 window=false inside=false parry=false vanillaAccepted=true loss=1.0 targetHealth=999.0
[04:28:31] [Netty IO #1/INFO] [STDOUT]: [com.layue13.clashweave.experiment.s3b.Experiment:log:22]: CW3 WIRE side=SERVER kind=2 id=1 wall=1791545311262 thread=Netty IO #1 observed=416
[04:28:31] [Server thread/INFO] [STDOUT]: [com.layue13.clashweave.experiment.s3b.Experiment:log:22]: CW3 RECEIVE id=1 kind=2 stamp=415 tickObserved=416 recvWall=1791545311317 sendWall=1791545311212 wireMs=105
[04:28:31] [Server thread/INFO] [STDOUT]: [com.layue13.clashweave.experiment.s3b.Experiment:log:22]: CW3 CONSUME id=1 stamp=415 consumeTick=417 recvObserved=416 age=2 queueMs=0 sendWall=1791545311212 recvWall=1791545311317 consumeWall=1791545311317 accepted=true
[04:28:31] [Server thread/INFO] [STDOUT]: [com.layue13.clashweave.experiment.s3b.Experiment:log:22]: CW3 PLAN id=2 lead=0 defer=2 anchorTick=421 hit=433 stamp=433 anchorWall=1791545311506 legacy=false
[04:28:32] [Server thread/INFO] [STDOUT]: [com.layue13.clashweave.experiment.s3b.Experiment:log:22]: CW3 FREEZE id=2 tick=433 target=1 attacker=2 distance=1.0
[04:28:32] [Netty IO #1/INFO] [STDOUT]: [com.layue13.clashweave.experiment.s3b.Experiment:log:22]: CW3 WIRE side=SERVER kind=2 id=2 wall=1791545312161 thread=Netty IO #1 observed=433
[04:28:32] [Server thread/INFO] [STDOUT]: [com.layue13.clashweave.experiment.s3b.Experiment:log:22]: CW3 RECEIVE id=2 kind=2 stamp=433 tickObserved=433 recvWall=1791545312164 sendWall=1791545312111 wireMs=53
[04:28:32] [Server thread/INFO] [STDOUT]: [com.layue13.clashweave.experiment.s3b.Experiment:log:22]: CW3 CONSUME id=2 stamp=433 consumeTick=434 recvObserved=433 age=1 queueMs=1 sendWall=1791545312111 recvWall=1791545312164 consumeWall=1791545312165 accepted=true
[04:28:32] [Server thread/INFO] [STDOUT]: [com.layue13.clashweave.experiment.s3b.Experiment:log:22]: CW3 RESULT id=2 lead=0 defer=2 hit=433 commit=435 commitWall=1791545312211 press=433 received=434 window=true inside=true parry=true vanillaAccepted=false loss=0.0 targetHealth=1000.0
[04:28:32] [Server thread/INFO] [STDOUT]: [com.layue13.clashweave.experiment.s3b.Experiment:log:22]: CW3 PLAN id=3 lead=0 defer=2 anchorTick=440 hit=452 stamp=452 anchorWall=1791545312457 legacy=false
[04:28:33] [Server thread/INFO] [STDOUT]: [com.layue13.clashweave.experiment.s3b.Experiment:log:22]: CW3 FREEZE id=3 tick=452 target=1 attacker=2 distance=1.0
[04:28:33] [Netty IO #1/INFO] [STDOUT]: [com.layue13.clashweave.experiment.s3b.Experiment:log:22]: CW3 WIRE side=SERVER kind=2 id=3 wall=1791545313129 thread=Netty IO #1 observed=453
[04:28:33] [Server thread/INFO] [STDOUT]: [com.layue13.clashweave.experiment.s3b.Experiment:log:22]: CW3 RECEIVE id=3 kind=2 stamp=452 tickObserved=453 recvWall=1791545313159 sendWall=1791545313078 wireMs=81
[04:28:33] [Server thread/INFO] [STDOUT]: [com.layue13.clashweave.experiment.s3b.Experiment:log:22]: CW3 CONSUME id=3 stamp=452 consumeTick=454 recvObserved=453 age=2 queueMs=0 sendWall=1791545313078 recvWall=1791545313159 consumeWall=1791545313159 accepted=true
[04:28:33] [Server thread/INFO] [STDOUT]: [com.layue13.clashweave.experiment.s3b.Experiment:log:22]: CW3 RESULT id=3 lead=0 defer=2 hit=452 commit=454 commitWall=1791545313159 press=452 received=454 window=true inside=true parry=true vanillaAccepted=false loss=0.0 targetHealth=1000.0
[04:28:33] [Server thread/INFO] [STDOUT]: [com.layue13.clashweave.experiment.s3b.Experiment:log:22]: CW3 PLAN id=4 lead=0 defer=2 anchorTick=459 hit=471 stamp=471 anchorWall=1791545313408 legacy=false
[04:28:34] [Server thread/INFO] [STDOUT]: [com.layue13.clashweave.experiment.s3b.Experiment:log:22]: CW3 FREEZE id=4 tick=471 target=1 attacker=2 distance=1.0
[04:28:34] [Netty IO #1/INFO] [STDOUT]: [com.layue13.clashweave.experiment.s3b.Experiment:log:22]: CW3 WIRE side=SERVER kind=2 id=4 wall=1791545314078 thread=Netty IO #1 observed=472
[04:28:34] [Server thread/INFO] [STDOUT]: [com.layue13.clashweave.experiment.s3b.Experiment:log:22]: CW3 RECEIVE id=4 kind=2 stamp=471 tickObserved=472 recvWall=1791545314106 sendWall=1791545314028 wireMs=78
[04:28:34] [Server thread/INFO] [STDOUT]: [com.layue13.clashweave.experiment.s3b.Experiment:log:22]: CW3 CONSUME id=4 stamp=471 consumeTick=473 recvObserved=472 age=2 queueMs=0 sendWall=1791545314028 recvWall=1791545314106 consumeWall=1791545314106 accepted=true
[04:28:34] [Server thread/INFO] [STDOUT]: [com.layue13.clashweave.experiment.s3b.Experiment:log:22]: CW3 RESULT id=4 lead=0 defer=2 hit=471 commit=473 commitWall=1791545314106 press=471 received=473 window=true inside=true parry=true vanillaAccepted=false loss=0.0 targetHealth=1000.0
[04:28:34] [Server thread/INFO] [STDOUT]: [com.layue13.clashweave.experiment.s3b.Experiment:log:22]: CW3 PLAN id=5 lead=0 defer=2 anchorTick=478 hit=490 stamp=490 anchorWall=1791545314356 legacy=false
[04:28:34] [Server thread/INFO] [STDOUT]: [com.layue13.clashweave.experiment.s3b.Experiment:log:22]: CW3 FREEZE id=5 tick=490 target=1 attacker=2 distance=1.0
[04:28:35] [Netty IO #1/INFO] [STDOUT]: [com.layue13.clashweave.experiment.s3b.Experiment:log:22]: CW3 WIRE side=SERVER kind=2 id=5 wall=1791545315029 thread=Netty IO #1 observed=491
[04:28:35] [Server thread/INFO] [STDOUT]: [com.layue13.clashweave.experiment.s3b.Experiment:log:22]: CW3 RECEIVE id=5 kind=2 stamp=490 tickObserved=491 recvWall=1791545315056 sendWall=1791545314979 wireMs=77
[04:28:35] [Server thread/INFO] [STDOUT]: [com.layue13.clashweave.experiment.s3b.Experiment:log:22]: CW3 CONSUME id=5 stamp=490 consumeTick=492 recvObserved=491 age=2 queueMs=0 sendWall=1791545314979 recvWall=1791545315056 consumeWall=1791545315056 accepted=true
[04:28:35] [Server thread/INFO] [STDOUT]: [com.layue13.clashweave.experiment.s3b.Experiment:log:22]: CW3 RESULT id=5 lead=0 defer=2 hit=490 commit=492 commitWall=1791545315056 press=490 received=492 window=true inside=true parry=true vanillaAccepted=false loss=0.0 targetHealth=1000.0
[04:28:35] [Server thread/INFO] [STDOUT]: [com.layue13.clashweave.experiment.s3b.Experiment:log:22]: CW3 PLAN id=6 lead=0 defer=2 anchorTick=497 hit=509 stamp=509 anchorWall=1791545315306 legacy=false
[04:28:35] [Server thread/INFO] [STDOUT]: [com.layue13.clashweave.experiment.s3b.Experiment:log:22]: CW3 FREEZE id=6 tick=509 target=1 attacker=2 distance=1.0
[04:28:35] [Netty IO #1/INFO] [STDOUT]: [com.layue13.clashweave.experiment.s3b.Experiment:log:22]: CW3 WIRE side=SERVER kind=2 id=6 wall=1791545315978 thread=Netty IO #1 observed=510
[04:28:36] [Server thread/INFO] [STDOUT]: [com.layue13.clashweave.experiment.s3b.Experiment:log:22]: CW3 RECEIVE id=6 kind=2 stamp=509 tickObserved=510 recvWall=1791545316009 sendWall=1791545315928 wireMs=81
[04:28:36] [Server thread/INFO] [STDOUT]: [com.layue13.clashweave.experiment.s3b.Experiment:log:22]: CW3 CONSUME id=6 stamp=509 consumeTick=511 recvObserved=510 age=2 queueMs=0 sendWall=1791545315928 recvWall=1791545316009 consumeWall=1791545316009 accepted=true
[04:28:36] [Server thread/INFO] [STDOUT]: [com.layue13.clashweave.experiment.s3b.Experiment:log:22]: CW3 RESULT id=6 lead=0 defer=2 hit=509 commit=511 commitWall=1791545316010 press=509 received=511 window=true inside=true parry=true vanillaAccepted=false loss=0.0 targetHealth=1000.0
[04:28:36] [Server thread/INFO] [STDOUT]: [com.layue13.clashweave.experiment.s3b.Experiment:log:22]: CW3 PLAN id=7 lead=0 defer=2 anchorTick=516 hit=528 stamp=528 anchorWall=1791545316261 legacy=false
[04:28:36] [Server thread/INFO] [STDOUT]: [com.layue13.clashweave.experiment.s3b.Experiment:log:22]: CW3 FREEZE id=7 tick=528 target=1 attacker=2 distance=1.0
[04:28:36] [Netty IO #1/INFO] [STDOUT]: [com.layue13.clashweave.experiment.s3b.Experiment:log:22]: CW3 WIRE side=SERVER kind=2 id=7 wall=1791545316945 thread=Netty IO #1 observed=529
[04:28:36] [Server thread/INFO] [STDOUT]: [com.layue13.clashweave.experiment.s3b.Experiment:log:22]: CW3 RECEIVE id=7 kind=2 stamp=529 tickObserved=529 recvWall=1791545316966 sendWall=1791545316895 wireMs=71
[04:28:36] [Server thread/INFO] [STDOUT]: [com.layue13.clashweave.experiment.s3b.Experiment:log:22]: CW3 CONSUME id=7 stamp=529 consumeTick=530 recvObserved=529 age=1 queueMs=0 sendWall=1791545316895 recvWall=1791545316966 consumeWall=1791545316966 accepted=true
[04:28:36] [Server thread/INFO] [STDOUT]: [com.layue13.clashweave.experiment.s3b.Experiment:log:22]: CW3 RESULT id=7 lead=0 defer=2 hit=528 commit=530 commitWall=1791545316967 press=529 received=530 window=false inside=true parry=false vanillaAccepted=true loss=1.0 targetHealth=999.0
[04:28:37] [Server thread/INFO] [STDOUT]: [com.layue13.clashweave.experiment.s3b.Experiment:log:22]: CW3 PLAN id=8 lead=0 defer=2 anchorTick=535 hit=547 stamp=547 anchorWall=1791545317215 legacy=false
[04:28:37] [Server thread/INFO] [STDOUT]: [com.layue13.clashweave.experiment.s3b.Experiment:log:22]: CW3 FREEZE id=8 tick=547 target=1 attacker=2 distance=1.0
[04:28:37] [Netty IO #1/INFO] [STDOUT]: [com.layue13.clashweave.experiment.s3b.Experiment:log:22]: CW3 WIRE side=SERVER kind=2 id=8 wall=1791545317895 thread=Netty IO #1 observed=548
[04:28:37] [Server thread/INFO] [STDOUT]: [com.layue13.clashweave.experiment.s3b.Experiment:log:22]: CW3 RECEIVE id=8 kind=2 stamp=548 tickObserved=548 recvWall=1791545317903 sendWall=1791545317844 wireMs=59
[04:28:37] [Server thread/INFO] [STDOUT]: [com.layue13.clashweave.experiment.s3b.Experiment:log:22]: CW3 CONSUME id=8 stamp=548 consumeTick=549 recvObserved=548 age=1 queueMs=0 sendWall=1791545317844 recvWall=1791545317903 consumeWall=1791545317903 accepted=true
[04:28:37] [Server thread/INFO] [STDOUT]: [com.layue13.clashweave.experiment.s3b.Experiment:log:22]: CW3 RESULT id=8 lead=0 defer=2 hit=547 commit=549 commitWall=1791545317903 press=548 received=549 window=false inside=true parry=false vanillaAccepted=true loss=1.0 targetHealth=999.0
[04:28:38] [Server thread/INFO] [STDOUT]: [com.layue13.clashweave.experiment.s3b.Experiment:log:22]: CW3 PLAN id=9 lead=0 defer=2 anchorTick=554 hit=566 stamp=566 anchorWall=1791545318153 legacy=false
[04:28:38] [Server thread/INFO] [STDOUT]: [com.layue13.clashweave.experiment.s3b.Experiment:log:22]: CW3 FREEZE id=9 tick=566 target=1 attacker=2 distance=1.0
[04:28:38] [Netty IO #1/INFO] [STDOUT]: [com.layue13.clashweave.experiment.s3b.Experiment:log:22]: CW3 WIRE side=SERVER kind=2 id=9 wall=1791545318845 thread=Netty IO #1 observed=567
[04:28:38] [Server thread/INFO] [STDOUT]: [com.layue13.clashweave.experiment.s3b.Experiment:log:22]: CW3 RECEIVE id=9 kind=2 stamp=567 tickObserved=567 recvWall=1791545318856 sendWall=1791545318795 wireMs=61
[04:28:38] [Server thread/INFO] [STDOUT]: [com.layue13.clashweave.experiment.s3b.Experiment:log:22]: CW3 CONSUME id=9 stamp=567 consumeTick=568 recvObserved=567 age=1 queueMs=0 sendWall=1791545318795 recvWall=1791545318856 consumeWall=1791545318856 accepted=true
[04:28:38] [Server thread/INFO] [STDOUT]: [com.layue13.clashweave.experiment.s3b.Experiment:log:22]: CW3 RESULT id=9 lead=0 defer=2 hit=566 commit=568 commitWall=1791545318856 press=567 received=568 window=false inside=true parry=false vanillaAccepted=true loss=1.0 targetHealth=999.0
[04:28:39] [Server thread/INFO] [STDOUT]: [com.layue13.clashweave.experiment.s3b.Experiment:log:22]: CW3 PLAN id=10 lead=1 defer=2 anchorTick=573 hit=585 stamp=584 anchorWall=1791545319109 legacy=false
[04:28:39] [Server thread/INFO] [STDOUT]: [com.layue13.clashweave.experiment.s3b.Experiment:log:22]: CW3 FREEZE id=10 tick=585 target=1 attacker=2 distance=1.0
[04:28:39] [Netty IO #1/INFO] [STDOUT]: [com.layue13.clashweave.experiment.s3b.Experiment:log:22]: CW3 WIRE side=SERVER kind=2 id=10 wall=1791545319746 thread=Netty IO #1 observed=585
[04:28:39] [Server thread/INFO] [STDOUT]: [com.layue13.clashweave.experiment.s3b.Experiment:log:22]: CW3 RECEIVE id=10 kind=2 stamp=585 tickObserved=585 recvWall=1791545319753 sendWall=1791545319695 wireMs=58
[04:28:39] [Server thread/INFO] [STDOUT]: [com.layue13.clashweave.experiment.s3b.Experiment:log:22]: CW3 CONSUME id=10 stamp=585 consumeTick=586 recvObserved=585 age=1 queueMs=0 sendWall=1791545319695 recvWall=1791545319753 consumeWall=1791545319753 accepted=true
[04:28:39] [Server thread/INFO] [STDOUT]: [com.layue13.clashweave.experiment.s3b.Experiment:log:22]: CW3 RESULT id=10 lead=1 defer=2 hit=585 commit=587 commitWall=1791545319815 press=585 received=586 window=true inside=true parry=true vanillaAccepted=false loss=0.0 targetHealth=1000.0
[04:28:40] [Server thread/INFO] [STDOUT]: [com.layue13.clashweave.experiment.s3b.Experiment:log:22]: CW3 PLAN id=11 lead=1 defer=2 anchorTick=592 hit=604 stamp=603 anchorWall=1791545320068 legacy=false
[04:28:40] [Server thread/INFO] [STDOUT]: [com.layue13.clashweave.experiment.s3b.Experiment:log:22]: CW3 FREEZE id=11 tick=604 target=1 attacker=2 distance=1.0
[04:28:40] [Netty IO #1/INFO] [STDOUT]: [com.layue13.clashweave.experiment.s3b.Experiment:log:22]: CW3 WIRE side=SERVER kind=2 id=11 wall=1791545320696 thread=Netty IO #1 observed=604
[04:28:40] [Server thread/INFO] [STDOUT]: [com.layue13.clashweave.experiment.s3b.Experiment:log:22]: CW3 RECEIVE id=11 kind=2 stamp=604 tickObserved=604 recvWall=1791545320708 sendWall=1791545320645 wireMs=63
[04:28:40] [Server thread/INFO] [STDOUT]: [com.layue13.clashweave.experiment.s3b.Experiment:log:22]: CW3 CONSUME id=11 stamp=604 consumeTick=605 recvObserved=604 age=1 queueMs=0 sendWall=1791545320645 recvWall=1791545320708 consumeWall=1791545320708 accepted=true
[04:28:40] [Server thread/INFO] [STDOUT]: [com.layue13.clashweave.experiment.s3b.Experiment:log:22]: CW3 RESULT id=11 lead=1 defer=2 hit=604 commit=606 commitWall=1791545320755 press=604 received=605 window=true inside=true parry=true vanillaAccepted=false loss=0.0 targetHealth=1000.0
[04:28:41] [Server thread/INFO] [STDOUT]: [com.layue13.clashweave.experiment.s3b.Experiment:log:22]: CW3 PLAN id=12 lead=1 defer=2 anchorTick=611 hit=623 stamp=622 anchorWall=1791545321006 legacy=false
[04:28:41] [Server thread/INFO] [STDOUT]: [com.layue13.clashweave.experiment.s3b.Experiment:log:22]: CW3 FREEZE id=12 tick=623 target=1 attacker=2 distance=1.0
[04:28:41] [Netty IO #1/INFO] [STDOUT]: [com.layue13.clashweave.experiment.s3b.Experiment:log:22]: CW3 WIRE side=SERVER kind=2 id=12 wall=1791545321645 thread=Netty IO #1 observed=623
[04:28:41] [Server thread/INFO] [STDOUT]: [com.layue13.clashweave.experiment.s3b.Experiment:log:22]: CW3 RECEIVE id=12 kind=2 stamp=623 tickObserved=623 recvWall=1791545321663 sendWall=1791545321595 wireMs=68
[04:28:41] [Server thread/INFO] [STDOUT]: [com.layue13.clashweave.experiment.s3b.Experiment:log:22]: CW3 CONSUME id=12 stamp=623 consumeTick=624 recvObserved=623 age=1 queueMs=0 sendWall=1791545321595 recvWall=1791545321663 consumeWall=1791545321663 accepted=true
[04:28:41] [Server thread/INFO] [STDOUT]: [com.layue13.clashweave.experiment.s3b.Experiment:log:22]: CW3 RESULT id=12 lead=1 defer=2 hit=623 commit=625 commitWall=1791545321709 press=623 received=624 window=true inside=true parry=true vanillaAccepted=false loss=0.0 targetHealth=1000.0
[04:28:41] [Server thread/INFO] [STDOUT]: [com.layue13.clashweave.experiment.s3b.Experiment:log:22]: CW3 PLAN id=13 lead=1 defer=2 anchorTick=630 hit=642 stamp=641 anchorWall=1791545321962 legacy=false
[04:28:42] [Server thread/INFO] [STDOUT]: [com.layue13.clashweave.experiment.s3b.Experiment:log:22]: CW3 FREEZE id=13 tick=642 target=1 attacker=2 distance=1.0
[04:28:42] [Netty IO #1/INFO] [STDOUT]: [com.layue13.clashweave.experiment.s3b.Experiment:log:22]: CW3 WIRE side=SERVER kind=2 id=13 wall=1791545322596 thread=Netty IO #1 observed=642
[04:28:42] [Server thread/INFO] [STDOUT]: [com.layue13.clashweave.experiment.s3b.Experiment:log:22]: CW3 RECEIVE id=13 kind=2 stamp=642 tickObserved=642 recvWall=1791545322603 sendWall=1791545322545 wireMs=58
[04:28:42] [Server thread/INFO] [STDOUT]: [com.layue13.clashweave.experiment.s3b.Experiment:log:22]: CW3 CONSUME id=13 stamp=642 consumeTick=643 recvObserved=642 age=1 queueMs=0 sendWall=1791545322545 recvWall=1791545322603 consumeWall=1791545322603 accepted=true
[04:28:42] [Server thread/INFO] [STDOUT]: [com.layue13.clashweave.experiment.s3b.Experiment:log:22]: CW3 RESULT id=13 lead=1 defer=2 hit=642 commit=644 commitWall=1791545322666 press=642 received=643 window=true inside=true parry=true vanillaAccepted=false loss=0.0 targetHealth=1000.0
[04:28:42] [Server thread/INFO] [STDOUT]: [com.layue13.clashweave.experiment.s3b.Experiment:log:22]: CW3 PLAN id=14 lead=1 defer=2 anchorTick=649 hit=661 stamp=660 anchorWall=1791545322917 legacy=false
[04:28:43] [Server thread/INFO] [STDOUT]: [com.layue13.clashweave.experiment.s3b.Experiment:log:22]: CW3 FREEZE id=14 tick=661 target=1 attacker=2 distance=1.0
[04:28:43] [Netty IO #1/INFO] [STDOUT]: [com.layue13.clashweave.experiment.s3b.Experiment:log:22]: CW3 WIRE side=SERVER kind=2 id=14 wall=1791545323545 thread=Netty IO #1 observed=661
[04:28:43] [Server thread/INFO] [STDOUT]: [com.layue13.clashweave.experiment.s3b.Experiment:log:22]: CW3 RECEIVE id=14 kind=2 stamp=661 tickObserved=661 recvWall=1791545323555 sendWall=1791545323495 wireMs=60
[04:28:43] [Server thread/INFO] [STDOUT]: [com.layue13.clashweave.experiment.s3b.Experiment:log:22]: CW3 CONSUME id=14 stamp=661 consumeTick=662 recvObserved=661 age=1 queueMs=1 sendWall=1791545323495 recvWall=1791545323555 consumeWall=1791545323556 accepted=true
[04:28:43] [Server thread/INFO] [STDOUT]: [com.layue13.clashweave.experiment.s3b.Experiment:log:22]: CW3 RESULT id=14 lead=1 defer=2 hit=661 commit=663 commitWall=1791545323604 press=661 received=662 window=true inside=true parry=true vanillaAccepted=false loss=0.0 targetHealth=1000.0
[04:28:43] [Server thread/INFO] [STDOUT]: [com.layue13.clashweave.experiment.s3b.Experiment:log:22]: CW3 PLAN id=15 lead=1 defer=2 anchorTick=668 hit=680 stamp=679 anchorWall=1791545323855 legacy=false
[04:28:44] [Server thread/INFO] [STDOUT]: [com.layue13.clashweave.experiment.s3b.Experiment:log:22]: CW3 FREEZE id=15 tick=680 target=1 attacker=2 distance=1.0
[04:28:44] [Netty IO #1/INFO] [STDOUT]: [com.layue13.clashweave.experiment.s3b.Experiment:log:22]: CW3 WIRE side=SERVER kind=2 id=15 wall=1791545324495 thread=Netty IO #1 observed=680
[04:28:44] [Server thread/INFO] [STDOUT]: [com.layue13.clashweave.experiment.s3b.Experiment:log:22]: CW3 RECEIVE id=15 kind=2 stamp=680 tickObserved=680 recvWall=1791545324513 sendWall=1791545324445 wireMs=68
[04:28:44] [Server thread/INFO] [STDOUT]: [com.layue13.clashweave.experiment.s3b.Experiment:log:22]: CW3 CONSUME id=15 stamp=680 consumeTick=681 recvObserved=680 age=1 queueMs=0 sendWall=1791545324445 recvWall=1791545324513 consumeWall=1791545324513 accepted=true
[04:28:44] [Server thread/INFO] [STDOUT]: [com.layue13.clashweave.experiment.s3b.Experiment:log:22]: CW3 RESULT id=15 lead=1 defer=2 hit=680 commit=682 commitWall=1791545324561 press=680 received=681 window=true inside=true parry=true vanillaAccepted=false loss=0.0 targetHealth=1000.0
[04:28:44] [Server thread/INFO] [STDOUT]: [com.layue13.clashweave.experiment.s3b.Experiment:log:22]: CW3 PLAN id=16 lead=1 defer=2 anchorTick=687 hit=699 stamp=698 anchorWall=1791545324812 legacy=false
[04:28:45] [Server thread/INFO] [STDOUT]: [com.layue13.clashweave.experiment.s3b.Experiment:log:22]: CW3 FREEZE id=16 tick=699 target=1 attacker=2 distance=1.0
[04:28:45] [Netty IO #1/INFO] [STDOUT]: [com.layue13.clashweave.experiment.s3b.Experiment:log:22]: CW3 WIRE side=SERVER kind=2 id=16 wall=1791545325446 thread=Netty IO #1 observed=699
[04:28:45] [Server thread/INFO] [STDOUT]: [com.layue13.clashweave.experiment.s3b.Experiment:log:22]: CW3 RECEIVE id=16 kind=2 stamp=699 tickObserved=699 recvWall=1791545325455 sendWall=1791545325396 wireMs=59
[04:28:45] [Server thread/INFO] [STDOUT]: [com.layue13.clashweave.experiment.s3b.Experiment:log:22]: CW3 CONSUME id=16 stamp=699 consumeTick=700 recvObserved=699 age=1 queueMs=0 sendWall=1791545325396 recvWall=1791545325455 consumeWall=1791545325455 accepted=true
[04:28:45] [Server thread/INFO] [STDOUT]: [com.layue13.clashweave.experiment.s3b.Experiment:log:22]: CW3 RESULT id=16 lead=1 defer=2 hit=699 commit=701 commitWall=1791545325503 press=699 received=700 window=true inside=true parry=true vanillaAccepted=false loss=0.0 targetHealth=1000.0
[04:28:45] [Server thread/INFO] [STDOUT]: [com.layue13.clashweave.experiment.s3b.Experiment:log:22]: CW3 PLAN id=17 lead=1 defer=2 anchorTick=706 hit=718 stamp=717 anchorWall=1791545325753 legacy=false
[04:28:46] [Server thread/INFO] [STDOUT]: [com.layue13.clashweave.experiment.s3b.Experiment:log:22]: CW3 FREEZE id=17 tick=718 target=1 attacker=2 distance=1.0
[04:28:46] [Netty IO #1/INFO] [STDOUT]: [com.layue13.clashweave.experiment.s3b.Experiment:log:22]: CW3 WIRE side=SERVER kind=2 id=17 wall=1791545326396 thread=Netty IO #1 observed=718
[04:28:46] [Server thread/INFO] [STDOUT]: [com.layue13.clashweave.experiment.s3b.Experiment:log:22]: CW3 RECEIVE id=17 kind=2 stamp=718 tickObserved=718 recvWall=1791545326412 sendWall=1791545326345 wireMs=67
[04:28:46] [Server thread/INFO] [STDOUT]: [com.layue13.clashweave.experiment.s3b.Experiment:log:22]: CW3 CONSUME id=17 stamp=718 consumeTick=719 recvObserved=718 age=1 queueMs=0 sendWall=1791545326345 recvWall=1791545326412 consumeWall=1791545326412 accepted=true
[04:28:46] [Server thread/INFO] [STDOUT]: [com.layue13.clashweave.experiment.s3b.Experiment:log:22]: CW3 RESULT id=17 lead=1 defer=2 hit=718 commit=720 commitWall=1791545326459 press=718 received=719 window=true inside=true parry=true vanillaAccepted=false loss=0.0 targetHealth=1000.0
[04:28:46] [Server thread/INFO] [STDOUT]: [com.layue13.clashweave.experiment.s3b.Experiment:log:22]: CW3 PLAN id=18 lead=1 defer=2 anchorTick=725 hit=737 stamp=736 anchorWall=1791545326708 legacy=false
[04:28:47] [Server thread/INFO] [STDOUT]: [com.layue13.clashweave.experiment.s3b.Experiment:log:22]: CW3 FREEZE id=18 tick=737 target=1 attacker=2 distance=1.0
[04:28:47] [Netty IO #1/INFO] [STDOUT]: [com.layue13.clashweave.experiment.s3b.Experiment:log:22]: CW3 WIRE side=SERVER kind=2 id=18 wall=1791545327345 thread=Netty IO #1 observed=737
[04:28:47] [Server thread/INFO] [STDOUT]: [com.layue13.clashweave.experiment.s3b.Experiment:log:22]: CW3 RECEIVE id=18 kind=2 stamp=737 tickObserved=737 recvWall=1791545327363 sendWall=1791545327295 wireMs=68
[04:28:47] [Server thread/INFO] [STDOUT]: [com.layue13.clashweave.experiment.s3b.Experiment:log:22]: CW3 CONSUME id=18 stamp=737 consumeTick=738 recvObserved=737 age=1 queueMs=0 sendWall=1791545327295 recvWall=1791545327363 consumeWall=1791545327363 accepted=true
[04:28:47] [Server thread/INFO] [STDOUT]: [com.layue13.clashweave.experiment.s3b.Experiment:log:22]: CW3 RESULT id=18 lead=1 defer=2 hit=737 commit=739 commitWall=1791545327410 press=737 received=738 window=true inside=true parry=true vanillaAccepted=false loss=0.0 targetHealth=1000.0
[04:28:47] [Server thread/INFO] [STDOUT]: [com.layue13.clashweave.experiment.s3b.Experiment:log:22]: CW3 PLAN id=19 lead=1 defer=2 anchorTick=744 hit=756 stamp=755 anchorWall=1791545327660 legacy=false
[04:28:48] [Server thread/INFO] [STDOUT]: [com.layue13.clashweave.experiment.s3b.Experiment:log:22]: CW3 FREEZE id=19 tick=756 target=1 attacker=2 distance=1.0
[04:28:48] [Netty IO #1/INFO] [STDOUT]: [com.layue13.clashweave.experiment.s3b.Experiment:log:22]: CW3 WIRE side=SERVER kind=2 id=19 wall=1791545328295 thread=Netty IO #1 observed=756
[04:28:48] [Server thread/INFO] [STDOUT]: [com.layue13.clashweave.experiment.s3b.Experiment:log:22]: CW3 RECEIVE id=19 kind=2 stamp=756 tickObserved=756 recvWall=1791545328314 sendWall=1791545328245 wireMs=69
[04:28:48] [Server thread/INFO] [STDOUT]: [com.layue13.clashweave.experiment.s3b.Experiment:log:22]: CW3 CONSUME id=19 stamp=756 consumeTick=757 recvObserved=756 age=1 queueMs=0 sendWall=1791545328245 recvWall=1791545328314 consumeWall=1791545328314 accepted=true
[04:28:48] [Server thread/INFO] [STDOUT]: [com.layue13.clashweave.experiment.s3b.Experiment:log:22]: CW3 RESULT id=19 lead=1 defer=2 hit=756 commit=758 commitWall=1791545328361 press=756 received=757 window=true inside=true parry=true vanillaAccepted=false loss=0.0 targetHealth=1000.0
[04:28:48] [Server thread/INFO] [STDOUT]: [com.layue13.clashweave.experiment.s3b.Experiment:log:22]: CW3 PLAN id=20 lead=2 defer=2 anchorTick=763 hit=775 stamp=773 anchorWall=1791545328612 legacy=false
[04:28:49] [Netty IO #1/INFO] [STDOUT]: [com.layue13.clashweave.experiment.s3b.Experiment:log:22]: CW3 WIRE side=SERVER kind=2 id=20 wall=1791545329195 thread=Netty IO #1 observed=774
[04:28:49] [Server thread/INFO] [STDOUT]: [com.layue13.clashweave.experiment.s3b.Experiment:log:22]: CW3 RECEIVE id=20 kind=2 stamp=774 tickObserved=774 recvWall=1791545329207 sendWall=1791545329145 wireMs=62
[04:28:49] [Server thread/INFO] [STDOUT]: [com.layue13.clashweave.experiment.s3b.Experiment:log:22]: CW3 CONSUME id=20 stamp=774 consumeTick=775 recvObserved=774 age=1 queueMs=0 sendWall=1791545329145 recvWall=1791545329207 consumeWall=1791545329207 accepted=true
[04:28:49] [Server thread/INFO] [STDOUT]: [com.layue13.clashweave.experiment.s3b.Experiment:log:22]: CW3 FREEZE id=20 tick=775 target=1 attacker=2 distance=1.0
[04:28:49] [Server thread/INFO] [STDOUT]: [com.layue13.clashweave.experiment.s3b.Experiment:log:22]: CW3 RESULT id=20 lead=2 defer=2 hit=775 commit=777 commitWall=1791545329316 press=774 received=775 window=true inside=true parry=true vanillaAccepted=false loss=0.0 targetHealth=1000.0
[04:28:49] [Server thread/INFO] [STDOUT]: [com.layue13.clashweave.experiment.s3b.Experiment:log:22]: CW3 PLAN id=21 lead=2 defer=2 anchorTick=782 hit=794 stamp=792 anchorWall=1791545329567 legacy=false
[04:28:50] [Netty IO #1/INFO] [STDOUT]: [com.layue13.clashweave.experiment.s3b.Experiment:log:22]: CW3 WIRE side=SERVER kind=2 id=21 wall=1791545330145 thread=Netty IO #1 observed=793
[04:28:50] [Server thread/INFO] [STDOUT]: [com.layue13.clashweave.experiment.s3b.Experiment:log:22]: CW3 RECEIVE id=21 kind=2 stamp=793 tickObserved=793 recvWall=1791545330165 sendWall=1791545330095 wireMs=70
[04:28:50] [Server thread/INFO] [STDOUT]: [com.layue13.clashweave.experiment.s3b.Experiment:log:22]: CW3 CONSUME id=21 stamp=793 consumeTick=794 recvObserved=793 age=1 queueMs=0 sendWall=1791545330095 recvWall=1791545330165 consumeWall=1791545330165 accepted=true
[04:28:50] [Server thread/INFO] [STDOUT]: [com.layue13.clashweave.experiment.s3b.Experiment:log:22]: CW3 FREEZE id=21 tick=794 target=1 attacker=2 distance=1.0
[04:28:50] [Server thread/INFO] [STDOUT]: [com.layue13.clashweave.experiment.s3b.Experiment:log:22]: CW3 RESULT id=21 lead=2 defer=2 hit=794 commit=796 commitWall=1791545330260 press=793 received=794 window=true inside=true parry=true vanillaAccepted=false loss=0.0 targetHealth=1000.0
[04:28:50] [Server thread/INFO] [STDOUT]: [com.layue13.clashweave.experiment.s3b.Experiment:log:22]: CW3 PLAN id=22 lead=2 defer=2 anchorTick=801 hit=813 stamp=811 anchorWall=1791545330512 legacy=false
[04:28:51] [Netty IO #1/INFO] [STDOUT]: [com.layue13.clashweave.experiment.s3b.Experiment:log:22]: CW3 WIRE side=SERVER kind=2 id=22 wall=1791545331095 thread=Netty IO #1 observed=812
[04:28:51] [Server thread/INFO] [STDOUT]: [com.layue13.clashweave.experiment.s3b.Experiment:log:22]: CW3 RECEIVE id=22 kind=2 stamp=812 tickObserved=812 recvWall=1791545331104 sendWall=1791545331045 wireMs=59
[04:28:51] [Server thread/INFO] [STDOUT]: [com.layue13.clashweave.experiment.s3b.Experiment:log:22]: CW3 CONSUME id=22 stamp=812 consumeTick=813 recvObserved=812 age=1 queueMs=0 sendWall=1791545331045 recvWall=1791545331104 consumeWall=1791545331104 accepted=true
[04:28:51] [Server thread/INFO] [STDOUT]: [com.layue13.clashweave.experiment.s3b.Experiment:log:22]: CW3 FREEZE id=22 tick=813 target=1 attacker=2 distance=1.0
[04:28:51] [Server thread/INFO] [STDOUT]: [com.layue13.clashweave.experiment.s3b.Experiment:log:22]: CW3 RESULT id=22 lead=2 defer=2 hit=813 commit=815 commitWall=1791545331215 press=812 received=813 window=true inside=true parry=true vanillaAccepted=false loss=0.0 targetHealth=1000.0
[04:28:51] [Server thread/INFO] [STDOUT]: [com.layue13.clashweave.experiment.s3b.Experiment:log:22]: CW3 PLAN id=23 lead=2 defer=2 anchorTick=820 hit=832 stamp=830 anchorWall=1791545331465 legacy=false
[04:28:52] [Netty IO #1/INFO] [STDOUT]: [com.layue13.clashweave.experiment.s3b.Experiment:log:22]: CW3 WIRE side=SERVER kind=2 id=23 wall=1791545332045 thread=Netty IO #1 observed=831
[04:28:52] [Server thread/INFO] [STDOUT]: [com.layue13.clashweave.experiment.s3b.Experiment:log:22]: CW3 RECEIVE id=23 kind=2 stamp=831 tickObserved=831 recvWall=1791545332062 sendWall=1791545331994 wireMs=68
[04:28:52] [Server thread/INFO] [STDOUT]: [com.layue13.clashweave.experiment.s3b.Experiment:log:22]: CW3 CONSUME id=23 stamp=831 consumeTick=832 recvObserved=831 age=1 queueMs=0 sendWall=1791545331994 recvWall=1791545332062 consumeWall=1791545332062 accepted=true
[04:28:52] [Server thread/INFO] [STDOUT]: [com.layue13.clashweave.experiment.s3b.Experiment:log:22]: CW3 FREEZE id=23 tick=832 target=1 attacker=2 distance=1.0
[04:28:52] [Server thread/INFO] [STDOUT]: [com.layue13.clashweave.experiment.s3b.Experiment:log:22]: CW3 RESULT id=23 lead=2 defer=2 hit=832 commit=834 commitWall=1791545332156 press=831 received=832 window=true inside=true parry=true vanillaAccepted=false loss=0.0 targetHealth=1000.0
[04:28:52] [Server thread/INFO] [STDOUT]: [com.layue13.clashweave.experiment.s3b.Experiment:log:22]: CW3 PLAN id=24 lead=2 defer=2 anchorTick=839 hit=851 stamp=849 anchorWall=1791545332408 legacy=false
[04:28:52] [Netty IO #1/INFO] [STDOUT]: [com.layue13.clashweave.experiment.s3b.Experiment:log:22]: CW3 WIRE side=SERVER kind=2 id=24 wall=1791545332995 thread=Netty IO #1 observed=850
[04:28:53] [Server thread/INFO] [STDOUT]: [com.layue13.clashweave.experiment.s3b.Experiment:log:22]: CW3 RECEIVE id=24 kind=2 stamp=850 tickObserved=850 recvWall=1791545333016 sendWall=1791545332944 wireMs=72
[04:28:53] [Server thread/INFO] [STDOUT]: [com.layue13.clashweave.experiment.s3b.Experiment:log:22]: CW3 CONSUME id=24 stamp=850 consumeTick=851 recvObserved=850 age=1 queueMs=0 sendWall=1791545332944 recvWall=1791545333016 consumeWall=1791545333016 accepted=true
[04:28:53] [Server thread/INFO] [STDOUT]: [com.layue13.clashweave.experiment.s3b.Experiment:log:22]: CW3 FREEZE id=24 tick=851 target=1 attacker=2 distance=1.0
[04:28:53] [Server thread/INFO] [STDOUT]: [com.layue13.clashweave.experiment.s3b.Experiment:log:22]: CW3 RESULT id=24 lead=2 defer=2 hit=851 commit=853 commitWall=1791545333109 press=850 received=851 window=true inside=true parry=true vanillaAccepted=false loss=0.0 targetHealth=1000.0
[04:28:53] [Server thread/INFO] [STDOUT]: [com.layue13.clashweave.experiment.s3b.Experiment:log:22]: CW3 PLAN id=25 lead=2 defer=2 anchorTick=858 hit=870 stamp=868 anchorWall=1791545333359 legacy=false
[04:28:53] [Netty IO #1/INFO] [STDOUT]: [com.layue13.clashweave.experiment.s3b.Experiment:log:22]: CW3 WIRE side=SERVER kind=2 id=25 wall=1791545333945 thread=Netty IO #1 observed=869
[04:28:53] [Server thread/INFO] [STDOUT]: [com.layue13.clashweave.experiment.s3b.Experiment:log:22]: CW3 RECEIVE id=25 kind=2 stamp=869 tickObserved=869 recvWall=1791545333953 sendWall=1791545333895 wireMs=58
[04:28:53] [Server thread/INFO] [STDOUT]: [com.layue13.clashweave.experiment.s3b.Experiment:log:22]: CW3 CONSUME id=25 stamp=869 consumeTick=870 recvObserved=869 age=1 queueMs=0 sendWall=1791545333895 recvWall=1791545333953 consumeWall=1791545333953 accepted=true
[04:28:53] [Server thread/INFO] [STDOUT]: [com.layue13.clashweave.experiment.s3b.Experiment:log:22]: CW3 FREEZE id=25 tick=870 target=1 attacker=2 distance=1.0
[04:28:54] [Server thread/INFO] [STDOUT]: [com.layue13.clashweave.experiment.s3b.Experiment:log:22]: CW3 RESULT id=25 lead=2 defer=2 hit=870 commit=872 commitWall=1791545334062 press=869 received=870 window=true inside=true parry=true vanillaAccepted=false loss=0.0 targetHealth=1000.0
[04:28:54] [Server thread/INFO] [STDOUT]: [com.layue13.clashweave.experiment.s3b.Experiment:log:22]: CW3 PLAN id=26 lead=2 defer=2 anchorTick=877 hit=889 stamp=887 anchorWall=1791545334314 legacy=false
[04:28:54] [Netty IO #1/INFO] [STDOUT]: [com.layue13.clashweave.experiment.s3b.Experiment:log:22]: CW3 WIRE side=SERVER kind=2 id=26 wall=1791545334895 thread=Netty IO #1 observed=888
[04:28:54] [Server thread/INFO] [STDOUT]: [com.layue13.clashweave.experiment.s3b.Experiment:log:22]: CW3 RECEIVE id=26 kind=2 stamp=888 tickObserved=888 recvWall=1791545334910 sendWall=1791545334844 wireMs=66
[04:28:54] [Server thread/INFO] [STDOUT]: [com.layue13.clashweave.experiment.s3b.Experiment:log:22]: CW3 CONSUME id=26 stamp=888 consumeTick=889 recvObserved=888 age=1 queueMs=0 sendWall=1791545334844 recvWall=1791545334910 consumeWall=1791545334910 accepted=true
[04:28:54] [Server thread/INFO] [STDOUT]: [com.layue13.clashweave.experiment.s3b.Experiment:log:22]: CW3 FREEZE id=26 tick=889 target=1 attacker=2 distance=1.0
[04:28:55] [Server thread/INFO] [STDOUT]: [com.layue13.clashweave.experiment.s3b.Experiment:log:22]: CW3 RESULT id=26 lead=2 defer=2 hit=889 commit=891 commitWall=1791545335003 press=888 received=889 window=true inside=true parry=true vanillaAccepted=false loss=0.0 targetHealth=1000.0
[04:28:55] [Server thread/INFO] [STDOUT]: [com.layue13.clashweave.experiment.s3b.Experiment:log:22]: CW3 PLAN id=27 lead=2 defer=2 anchorTick=896 hit=908 stamp=906 anchorWall=1791545335254 legacy=false
[04:28:55] [Netty IO #1/INFO] [STDOUT]: [com.layue13.clashweave.experiment.s3b.Experiment:log:22]: CW3 WIRE side=SERVER kind=2 id=27 wall=1791545335845 thread=Netty IO #1 observed=907
[04:28:55] [Server thread/INFO] [STDOUT]: [com.layue13.clashweave.experiment.s3b.Experiment:log:22]: CW3 RECEIVE id=27 kind=2 stamp=907 tickObserved=907 recvWall=1791545335867 sendWall=1791545335795 wireMs=72
[04:28:55] [Server thread/INFO] [STDOUT]: [com.layue13.clashweave.experiment.s3b.Experiment:log:22]: CW3 CONSUME id=27 stamp=907 consumeTick=908 recvObserved=907 age=1 queueMs=0 sendWall=1791545335795 recvWall=1791545335867 consumeWall=1791545335867 accepted=true
[04:28:55] [Server thread/INFO] [STDOUT]: [com.layue13.clashweave.experiment.s3b.Experiment:log:22]: CW3 FREEZE id=27 tick=908 target=1 attacker=2 distance=1.0
[04:28:55] [Server thread/INFO] [STDOUT]: [com.layue13.clashweave.experiment.s3b.Experiment:log:22]: CW3 RESULT id=27 lead=2 defer=2 hit=908 commit=910 commitWall=1791545335960 press=907 received=908 window=true inside=true parry=true vanillaAccepted=false loss=0.0 targetHealth=1000.0
[04:28:56] [Server thread/INFO] [STDOUT]: [com.layue13.clashweave.experiment.s3b.Experiment:log:22]: CW3 PLAN id=28 lead=2 defer=2 anchorTick=915 hit=927 stamp=925 anchorWall=1791545336207 legacy=false
[04:28:56] [Netty IO #1/INFO] [STDOUT]: [com.layue13.clashweave.experiment.s3b.Experiment:log:22]: CW3 WIRE side=SERVER kind=2 id=28 wall=1791545336789 thread=Netty IO #1 observed=926
[04:28:56] [Server thread/INFO] [STDOUT]: [com.layue13.clashweave.experiment.s3b.Experiment:log:22]: CW3 RECEIVE id=28 kind=2 stamp=926 tickObserved=926 recvWall=1791545336811 sendWall=1791545336739 wireMs=72
[04:28:56] [Server thread/INFO] [STDOUT]: [com.layue13.clashweave.experiment.s3b.Experiment:log:22]: CW3 CONSUME id=28 stamp=926 consumeTick=927 recvObserved=926 age=1 queueMs=0 sendWall=1791545336739 recvWall=1791545336811 consumeWall=1791545336811 accepted=true
[04:28:56] [Server thread/INFO] [STDOUT]: [com.layue13.clashweave.experiment.s3b.Experiment:log:22]: CW3 FREEZE id=28 tick=927 target=1 attacker=2 distance=1.0
[04:28:56] [Server thread/INFO] [STDOUT]: [com.layue13.clashweave.experiment.s3b.Experiment:log:22]: CW3 RESULT id=28 lead=2 defer=2 hit=927 commit=929 commitWall=1791545336905 press=926 received=927 window=true inside=true parry=true vanillaAccepted=false loss=0.0 targetHealth=1000.0
[04:28:57] [Server thread/INFO] [STDOUT]: [com.layue13.clashweave.experiment.s3b.Experiment:log:22]: CW3 PLAN id=29 lead=2 defer=2 anchorTick=934 hit=946 stamp=944 anchorWall=1791545337156 legacy=false
[04:28:57] [Netty IO #1/INFO] [STDOUT]: [com.layue13.clashweave.experiment.s3b.Experiment:log:22]: CW3 WIRE side=SERVER kind=2 id=29 wall=1791545337740 thread=Netty IO #1 observed=945
[04:28:57] [Server thread/INFO] [STDOUT]: [com.layue13.clashweave.experiment.s3b.Experiment:log:22]: CW3 RECEIVE id=29 kind=2 stamp=945 tickObserved=945 recvWall=1791545337763 sendWall=1791545337689 wireMs=74
[04:28:57] [Server thread/INFO] [STDOUT]: [com.layue13.clashweave.experiment.s3b.Experiment:log:22]: CW3 CONSUME id=29 stamp=945 consumeTick=946 recvObserved=945 age=1 queueMs=0 sendWall=1791545337689 recvWall=1791545337763 consumeWall=1791545337763 accepted=true
[04:28:57] [Server thread/INFO] [STDOUT]: [com.layue13.clashweave.experiment.s3b.Experiment:log:22]: CW3 FREEZE id=29 tick=946 target=1 attacker=2 distance=1.0
[04:28:57] [Server thread/INFO] [STDOUT]: [com.layue13.clashweave.experiment.s3b.Experiment:log:22]: CW3 RESULT id=29 lead=2 defer=2 hit=946 commit=948 commitWall=1791545337857 press=945 received=946 window=true inside=true parry=true vanillaAccepted=false loss=0.0 targetHealth=1000.0
[04:28:58] [Server thread/INFO] [STDOUT]: [com.layue13.clashweave.experiment.s3b.Experiment:log:22]: CW3 PLAN id=30 lead=3 defer=2 anchorTick=953 hit=965 stamp=962 anchorWall=1791545338105 legacy=false
[04:28:58] [Netty IO #1/INFO] [STDOUT]: [com.layue13.clashweave.experiment.s3b.Experiment:log:22]: CW3 WIRE side=SERVER kind=2 id=30 wall=1791545338639 thread=Netty IO #1 observed=963
[04:28:58] [Server thread/INFO] [STDOUT]: [com.layue13.clashweave.experiment.s3b.Experiment:log:22]: CW3 RECEIVE id=30 kind=2 stamp=963 tickObserved=963 recvWall=1791545338665 sendWall=1791545338589 wireMs=76
[04:28:58] [Server thread/INFO] [STDOUT]: [com.layue13.clashweave.experiment.s3b.Experiment:log:22]: CW3 CONSUME id=30 stamp=963 consumeTick=964 recvObserved=963 age=1 queueMs=0 sendWall=1791545338589 recvWall=1791545338665 consumeWall=1791545338665 accepted=true
[04:28:58] [Server thread/INFO] [STDOUT]: [com.layue13.clashweave.experiment.s3b.Experiment:log:22]: CW3 FREEZE id=30 tick=965 target=1 attacker=2 distance=1.0
[04:28:58] [Server thread/INFO] [STDOUT]: [com.layue13.clashweave.experiment.s3b.Experiment:log:22]: CW3 RESULT id=30 lead=3 defer=2 hit=965 commit=967 commitWall=1791545338804 press=963 received=964 window=true inside=true parry=true vanillaAccepted=false loss=0.0 targetHealth=1000.0
[04:28:59] [Server thread/INFO] [STDOUT]: [com.layue13.clashweave.experiment.s3b.Experiment:log:22]: CW3 PLAN id=31 lead=3 defer=2 anchorTick=972 hit=984 stamp=981 anchorWall=1791545339053 legacy=false
[04:28:59] [Netty IO #1/INFO] [STDOUT]: [com.layue13.clashweave.experiment.s3b.Experiment:log:22]: CW3 WIRE side=SERVER kind=2 id=31 wall=1791545339589 thread=Netty IO #1 observed=982
[04:28:59] [Server thread/INFO] [STDOUT]: [com.layue13.clashweave.experiment.s3b.Experiment:log:22]: CW3 RECEIVE id=31 kind=2 stamp=982 tickObserved=982 recvWall=1791545339616 sendWall=1791545339539 wireMs=77
[04:28:59] [Server thread/INFO] [STDOUT]: [com.layue13.clashweave.experiment.s3b.Experiment:log:22]: CW3 CONSUME id=31 stamp=982 consumeTick=983 recvObserved=982 age=1 queueMs=0 sendWall=1791545339539 recvWall=1791545339616 consumeWall=1791545339616 accepted=true
[04:28:59] [Server thread/INFO] [STDOUT]: [com.layue13.clashweave.experiment.s3b.Experiment:log:22]: CW3 FREEZE id=31 tick=984 target=1 attacker=2 distance=1.0
[04:28:59] [Server thread/INFO] [STDOUT]: [com.layue13.clashweave.experiment.s3b.Experiment:log:22]: CW3 RESULT id=31 lead=3 defer=2 hit=984 commit=986 commitWall=1791545339757 press=982 received=983 window=true inside=true parry=true vanillaAccepted=false loss=0.0 targetHealth=1000.0
[04:29:00] [Server thread/INFO] [STDOUT]: [com.layue13.clashweave.experiment.s3b.Experiment:log:22]: CW3 PLAN id=32 lead=3 defer=2 anchorTick=991 hit=1003 stamp=1000 anchorWall=1791545340007 legacy=false
[04:29:00] [Netty IO #1/INFO] [STDOUT]: [com.layue13.clashweave.experiment.s3b.Experiment:log:22]: CW3 WIRE side=SERVER kind=2 id=32 wall=1791545340539 thread=Netty IO #1 observed=1001
[04:29:00] [Server thread/INFO] [STDOUT]: [com.layue13.clashweave.experiment.s3b.Experiment:log:22]: CW3 RECEIVE id=32 kind=2 stamp=1001 tickObserved=1001 recvWall=1791545340553 sendWall=1791545340489 wireMs=64
[04:29:00] [Server thread/INFO] [STDOUT]: [com.layue13.clashweave.experiment.s3b.Experiment:log:22]: CW3 CONSUME id=32 stamp=1001 consumeTick=1002 recvObserved=1001 age=1 queueMs=0 sendWall=1791545340489 recvWall=1791545340553 consumeWall=1791545340553 accepted=true
[04:29:00] [Server thread/INFO] [STDOUT]: [com.layue13.clashweave.experiment.s3b.Experiment:log:22]: CW3 FREEZE id=32 tick=1003 target=1 attacker=2 distance=1.0
[04:29:00] [Server thread/INFO] [STDOUT]: [com.layue13.clashweave.experiment.s3b.Experiment:log:22]: CW3 RESULT id=32 lead=3 defer=2 hit=1003 commit=1005 commitWall=1791545340708 press=1001 received=1002 window=true inside=true parry=true vanillaAccepted=false loss=0.0 targetHealth=1000.0
[04:29:00] [Server thread/INFO] [STDOUT]: [com.layue13.clashweave.experiment.s3b.Experiment:log:22]: CW3 PLAN id=33 lead=3 defer=2 anchorTick=1010 hit=1022 stamp=1019 anchorWall=1791545340960 legacy=false
[04:29:01] [Netty IO #1/INFO] [STDOUT]: [com.layue13.clashweave.experiment.s3b.Experiment:log:22]: CW3 WIRE side=SERVER kind=2 id=33 wall=1791545341490 thread=Netty IO #1 observed=1020
[04:29:01] [Server thread/INFO] [STDOUT]: [com.layue13.clashweave.experiment.s3b.Experiment:log:22]: CW3 RECEIVE id=33 kind=2 stamp=1020 tickObserved=1020 recvWall=1791545341508 sendWall=1791545341439 wireMs=69
[04:29:01] [Server thread/INFO] [STDOUT]: [com.layue13.clashweave.experiment.s3b.Experiment:log:22]: CW3 CONSUME id=33 stamp=1020 consumeTick=1021 recvObserved=1020 age=1 queueMs=0 sendWall=1791545341439 recvWall=1791545341508 consumeWall=1791545341508 accepted=true
[04:29:01] [Server thread/INFO] [STDOUT]: [com.layue13.clashweave.experiment.s3b.Experiment:log:22]: CW3 FREEZE id=33 tick=1022 target=1 attacker=2 distance=1.0
[04:29:01] [Server thread/INFO] [STDOUT]: [com.layue13.clashweave.experiment.s3b.Experiment:log:22]: CW3 RESULT id=33 lead=3 defer=2 hit=1022 commit=1024 commitWall=1791545341665 press=1020 received=1021 window=true inside=true parry=true vanillaAccepted=false loss=0.0 targetHealth=1000.0
[04:29:01] [Server thread/INFO] [STDOUT]: [com.layue13.clashweave.experiment.s3b.Experiment:log:22]: CW3 PLAN id=34 lead=3 defer=2 anchorTick=1029 hit=1041 stamp=1038 anchorWall=1791545341916 legacy=false
[04:29:02] [Netty IO #1/INFO] [STDOUT]: [com.layue13.clashweave.experiment.s3b.Experiment:log:22]: CW3 WIRE side=SERVER kind=2 id=34 wall=1791545342439 thread=Netty IO #1 observed=1039
[04:29:02] [Server thread/INFO] [STDOUT]: [com.layue13.clashweave.experiment.s3b.Experiment:log:22]: CW3 RECEIVE id=34 kind=2 stamp=1038 tickObserved=1039 recvWall=1791545342466 sendWall=1791545342389 wireMs=77
[04:29:02] [Server thread/INFO] [STDOUT]: [com.layue13.clashweave.experiment.s3b.Experiment:log:22]: CW3 CONSUME id=34 stamp=1038 consumeTick=1040 recvObserved=1039 age=2 queueMs=0 sendWall=1791545342389 recvWall=1791545342466 consumeWall=1791545342466 accepted=true
[04:29:02] [Server thread/INFO] [STDOUT]: [com.layue13.clashweave.experiment.s3b.Experiment:log:22]: CW3 FREEZE id=34 tick=1041 target=1 attacker=2 distance=1.0
[04:29:02] [Server thread/INFO] [STDOUT]: [com.layue13.clashweave.experiment.s3b.Experiment:log:22]: CW3 RESULT id=34 lead=3 defer=2 hit=1041 commit=1043 commitWall=1791545342607 press=1038 received=1040 window=true inside=true parry=true vanillaAccepted=false loss=0.0 targetHealth=1000.0
[04:29:02] [Server thread/INFO] [STDOUT]: [com.layue13.clashweave.experiment.s3b.Experiment:log:22]: CW3 PLAN id=35 lead=3 defer=2 anchorTick=1048 hit=1060 stamp=1057 anchorWall=1791545342859 legacy=false
[04:29:03] [Netty IO #1/INFO] [STDOUT]: [com.layue13.clashweave.experiment.s3b.Experiment:log:22]: CW3 WIRE side=SERVER kind=2 id=35 wall=1791545343389 thread=Netty IO #1 observed=1058
[04:29:03] [Server thread/INFO] [STDOUT]: [com.layue13.clashweave.experiment.s3b.Experiment:log:22]: CW3 RECEIVE id=35 kind=2 stamp=1058 tickObserved=1058 recvWall=1791545343409 sendWall=1791545343339 wireMs=70
[04:29:03] [Server thread/INFO] [STDOUT]: [com.layue13.clashweave.experiment.s3b.Experiment:log:22]: CW3 CONSUME id=35 stamp=1058 consumeTick=1059 recvObserved=1058 age=1 queueMs=0 sendWall=1791545343339 recvWall=1791545343409 consumeWall=1791545343409 accepted=true
[04:29:03] [Server thread/INFO] [STDOUT]: [com.layue13.clashweave.experiment.s3b.Experiment:log:22]: CW3 FREEZE id=35 tick=1060 target=1 attacker=2 distance=1.0
[04:29:03] [Server thread/INFO] [STDOUT]: [com.layue13.clashweave.experiment.s3b.Experiment:log:22]: CW3 RESULT id=35 lead=3 defer=2 hit=1060 commit=1062 commitWall=1791545343566 press=1058 received=1059 window=true inside=true parry=true vanillaAccepted=false loss=0.0 targetHealth=1000.0
[04:29:03] [Server thread/INFO] [STDOUT]: [com.layue13.clashweave.experiment.s3b.Experiment:log:22]: CW3 PLAN id=36 lead=3 defer=2 anchorTick=1067 hit=1079 stamp=1076 anchorWall=1791545343816 legacy=false
[04:29:04] [Netty IO #1/INFO] [STDOUT]: [com.layue13.clashweave.experiment.s3b.Experiment:log:22]: CW3 WIRE side=SERVER kind=2 id=36 wall=1791545344339 thread=Netty IO #1 observed=1077
[04:29:04] [Server thread/INFO] [STDOUT]: [com.layue13.clashweave.experiment.s3b.Experiment:log:22]: CW3 RECEIVE id=36 kind=2 stamp=1076 tickObserved=1077 recvWall=1791545344363 sendWall=1791545344289 wireMs=74
[04:29:04] [Server thread/INFO] [STDOUT]: [com.layue13.clashweave.experiment.s3b.Experiment:log:22]: CW3 CONSUME id=36 stamp=1076 consumeTick=1078 recvObserved=1077 age=2 queueMs=0 sendWall=1791545344289 recvWall=1791545344363 consumeWall=1791545344363 accepted=true
[04:29:04] [Server thread/INFO] [STDOUT]: [com.layue13.clashweave.experiment.s3b.Experiment:log:22]: CW3 FREEZE id=36 tick=1079 target=1 attacker=2 distance=1.0
[04:29:04] [Server thread/INFO] [STDOUT]: [com.layue13.clashweave.experiment.s3b.Experiment:log:22]: CW3 RESULT id=36 lead=3 defer=2 hit=1079 commit=1081 commitWall=1791545344505 press=1076 received=1078 window=true inside=true parry=true vanillaAccepted=false loss=0.0 targetHealth=1000.0
[04:29:04] [Server thread/INFO] [STDOUT]: [com.layue13.clashweave.experiment.s3b.Experiment:log:22]: CW3 PLAN id=37 lead=3 defer=2 anchorTick=1086 hit=1098 stamp=1095 anchorWall=1791545344757 legacy=false
[04:29:05] [Netty IO #1/INFO] [STDOUT]: [com.layue13.clashweave.experiment.s3b.Experiment:log:22]: CW3 WIRE side=SERVER kind=2 id=37 wall=1791545345290 thread=Netty IO #1 observed=1096
[04:29:05] [Server thread/INFO] [STDOUT]: [com.layue13.clashweave.experiment.s3b.Experiment:log:22]: CW3 RECEIVE id=37 kind=2 stamp=1096 tickObserved=1096 recvWall=1791545345307 sendWall=1791545345239 wireMs=68
[04:29:05] [Server thread/INFO] [STDOUT]: [com.layue13.clashweave.experiment.s3b.Experiment:log:22]: CW3 CONSUME id=37 stamp=1096 consumeTick=1097 recvObserved=1096 age=1 queueMs=0 sendWall=1791545345239 recvWall=1791545345307 consumeWall=1791545345307 accepted=true
[04:29:05] [Server thread/INFO] [STDOUT]: [com.layue13.clashweave.experiment.s3b.Experiment:log:22]: CW3 FREEZE id=37 tick=1098 target=1 attacker=2 distance=1.0
[04:29:05] [Server thread/INFO] [STDOUT]: [com.layue13.clashweave.experiment.s3b.Experiment:log:22]: CW3 RESULT id=37 lead=3 defer=2 hit=1098 commit=1100 commitWall=1791545345463 press=1096 received=1097 window=true inside=true parry=true vanillaAccepted=false loss=0.0 targetHealth=1000.0
[04:29:05] [Server thread/INFO] [STDOUT]: [com.layue13.clashweave.experiment.s3b.Experiment:log:22]: CW3 PLAN id=38 lead=3 defer=2 anchorTick=1105 hit=1117 stamp=1114 anchorWall=1791545345714 legacy=false
[04:29:06] [Netty IO #1/INFO] [STDOUT]: [com.layue13.clashweave.experiment.s3b.Experiment:log:22]: CW3 WIRE side=SERVER kind=2 id=38 wall=1791545346240 thread=Netty IO #1 observed=1115
[04:29:06] [Server thread/INFO] [STDOUT]: [com.layue13.clashweave.experiment.s3b.Experiment:log:22]: CW3 RECEIVE id=38 kind=2 stamp=1115 tickObserved=1115 recvWall=1791545346263 sendWall=1791545346189 wireMs=74
[04:29:06] [Server thread/INFO] [STDOUT]: [com.layue13.clashweave.experiment.s3b.Experiment:log:22]: CW3 CONSUME id=38 stamp=1115 consumeTick=1116 recvObserved=1115 age=1 queueMs=0 sendWall=1791545346189 recvWall=1791545346263 consumeWall=1791545346263 accepted=true
[04:29:06] [Server thread/INFO] [STDOUT]: [com.layue13.clashweave.experiment.s3b.Experiment:log:22]: CW3 FREEZE id=38 tick=1117 target=1 attacker=2 distance=1.0
[04:29:06] [Server thread/INFO] [STDOUT]: [com.layue13.clashweave.experiment.s3b.Experiment:log:22]: CW3 RESULT id=38 lead=3 defer=2 hit=1117 commit=1119 commitWall=1791545346404 press=1115 received=1116 window=true inside=true parry=true vanillaAccepted=false loss=0.0 targetHealth=1000.0
[04:29:06] [Server thread/INFO] [STDOUT]: [com.layue13.clashweave.experiment.s3b.Experiment:log:22]: CW3 PLAN id=39 lead=3 defer=2 anchorTick=1124 hit=1136 stamp=1133 anchorWall=1791545346655 legacy=false
[04:29:07] [Netty IO #1/INFO] [STDOUT]: [com.layue13.clashweave.experiment.s3b.Experiment:log:22]: CW3 WIRE side=SERVER kind=2 id=39 wall=1791545347190 thread=Netty IO #1 observed=1134
[04:29:07] [Server thread/INFO] [STDOUT]: [com.layue13.clashweave.experiment.s3b.Experiment:log:22]: CW3 RECEIVE id=39 kind=2 stamp=1134 tickObserved=1134 recvWall=1791545347214 sendWall=1791545347139 wireMs=75
[04:29:07] [Server thread/INFO] [STDOUT]: [com.layue13.clashweave.experiment.s3b.Experiment:log:22]: CW3 CONSUME id=39 stamp=1134 consumeTick=1135 recvObserved=1134 age=1 queueMs=0 sendWall=1791545347139 recvWall=1791545347214 consumeWall=1791545347214 accepted=true
[04:29:07] [Server thread/INFO] [STDOUT]: [com.layue13.clashweave.experiment.s3b.Experiment:log:22]: CW3 FREEZE id=39 tick=1136 target=1 attacker=2 distance=1.0
[04:29:07] [Server thread/INFO] [STDOUT]: [com.layue13.clashweave.experiment.s3b.Experiment:log:22]: CW3 RESULT id=39 lead=3 defer=2 hit=1136 commit=1138 commitWall=1791545347356 press=1134 received=1135 window=true inside=true parry=true vanillaAccepted=false loss=0.0 targetHealth=1000.0
[04:29:07] [Server thread/INFO] [STDOUT]: [com.layue13.clashweave.experiment.s3b.Experiment:log:22]: CW3 PLAN id=40 lead=4 defer=2 anchorTick=1143 hit=1155 stamp=1151 anchorWall=1791545347605 legacy=false
[04:29:08] [Netty IO #1/INFO] [STDOUT]: [com.layue13.clashweave.experiment.s3b.Experiment:log:22]: CW3 WIRE side=SERVER kind=2 id=40 wall=1791545348090 thread=Netty IO #1 observed=1152
[04:29:08] [Server thread/INFO] [STDOUT]: [com.layue13.clashweave.experiment.s3b.Experiment:log:22]: CW3 RECEIVE id=40 kind=2 stamp=1152 tickObserved=1152 recvWall=1791545348103 sendWall=1791545348039 wireMs=64
[04:29:08] [Server thread/INFO] [STDOUT]: [com.layue13.clashweave.experiment.s3b.Experiment:log:22]: CW3 CONSUME id=40 stamp=1152 consumeTick=1153 recvObserved=1152 age=1 queueMs=0 sendWall=1791545348039 recvWall=1791545348103 consumeWall=1791545348103 accepted=true
[04:29:08] [Server thread/INFO] [STDOUT]: [com.layue13.clashweave.experiment.s3b.Experiment:log:22]: CW3 FREEZE id=40 tick=1155 target=1 attacker=2 distance=1.0
[04:29:08] [Server thread/INFO] [STDOUT]: [com.layue13.clashweave.experiment.s3b.Experiment:log:22]: CW3 RESULT id=40 lead=4 defer=2 hit=1155 commit=1157 commitWall=1791545348306 press=1152 received=1153 window=true inside=true parry=true vanillaAccepted=false loss=0.0 targetHealth=1000.0
[04:29:08] [Server thread/INFO] [STDOUT]: [com.layue13.clashweave.experiment.s3b.Experiment:log:22]: CW3 PLAN id=41 lead=4 defer=2 anchorTick=1162 hit=1174 stamp=1170 anchorWall=1791545348557 legacy=false
[04:29:09] [Netty IO #1/INFO] [STDOUT]: [com.layue13.clashweave.experiment.s3b.Experiment:log:22]: CW3 WIRE side=SERVER kind=2 id=41 wall=1791545349040 thread=Netty IO #1 observed=1171
[04:29:09] [Server thread/INFO] [STDOUT]: [com.layue13.clashweave.experiment.s3b.Experiment:log:22]: CW3 RECEIVE id=41 kind=2 stamp=1171 tickObserved=1171 recvWall=1791545349054 sendWall=1791545348989 wireMs=65
[04:29:09] [Server thread/INFO] [STDOUT]: [com.layue13.clashweave.experiment.s3b.Experiment:log:22]: CW3 CONSUME id=41 stamp=1171 consumeTick=1172 recvObserved=1171 age=1 queueMs=0 sendWall=1791545348989 recvWall=1791545349054 consumeWall=1791545349054 accepted=true
[04:29:09] [Server thread/INFO] [STDOUT]: [com.layue13.clashweave.experiment.s3b.Experiment:log:22]: CW3 FREEZE id=41 tick=1174 target=1 attacker=2 distance=1.0
[04:29:09] [Server thread/INFO] [STDOUT]: [com.layue13.clashweave.experiment.s3b.Experiment:log:22]: CW3 RESULT id=41 lead=4 defer=2 hit=1174 commit=1176 commitWall=1791545349258 press=1171 received=1172 window=true inside=true parry=true vanillaAccepted=false loss=0.0 targetHealth=1000.0
[04:29:09] [Server thread/INFO] [STDOUT]: [com.layue13.clashweave.experiment.s3b.Experiment:log:22]: CW3 PLAN id=42 lead=4 defer=2 anchorTick=1181 hit=1193 stamp=1189 anchorWall=1791545349509 legacy=false
[04:29:09] [Netty IO #1/INFO] [STDOUT]: [com.layue13.clashweave.experiment.s3b.Experiment:log:22]: CW3 WIRE side=SERVER kind=2 id=42 wall=1791545349990 thread=Netty IO #1 observed=1190
[04:29:10] [Server thread/INFO] [STDOUT]: [com.layue13.clashweave.experiment.s3b.Experiment:log:22]: CW3 RECEIVE id=42 kind=2 stamp=1190 tickObserved=1190 recvWall=1791545350011 sendWall=1791545349939 wireMs=72
[04:29:10] [Server thread/INFO] [STDOUT]: [com.layue13.clashweave.experiment.s3b.Experiment:log:22]: CW3 CONSUME id=42 stamp=1190 consumeTick=1191 recvObserved=1190 age=1 queueMs=0 sendWall=1791545349939 recvWall=1791545350011 consumeWall=1791545350011 accepted=true
[04:29:10] [Server thread/INFO] [STDOUT]: [com.layue13.clashweave.experiment.s3b.Experiment:log:22]: CW3 FREEZE id=42 tick=1193 target=1 attacker=2 distance=1.0
[04:29:10] [Server thread/INFO] [STDOUT]: [com.layue13.clashweave.experiment.s3b.Experiment:log:22]: CW3 RESULT id=42 lead=4 defer=2 hit=1193 commit=1195 commitWall=1791545350216 press=1190 received=1191 window=true inside=true parry=true vanillaAccepted=false loss=0.0 targetHealth=1000.0
[04:29:10] [Server thread/INFO] [STDOUT]: [com.layue13.clashweave.experiment.s3b.Experiment:log:22]: CW3 PLAN id=43 lead=4 defer=2 anchorTick=1200 hit=1212 stamp=1208 anchorWall=1791545350464 legacy=false
[04:29:10] [Netty IO #1/INFO] [STDOUT]: [com.layue13.clashweave.experiment.s3b.Experiment:log:22]: CW3 WIRE side=SERVER kind=2 id=43 wall=1791545350939 thread=Netty IO #1 observed=1209
[04:29:10] [Server thread/INFO] [STDOUT]: [com.layue13.clashweave.experiment.s3b.Experiment:log:22]: CW3 RECEIVE id=43 kind=2 stamp=1209 tickObserved=1209 recvWall=1791545350968 sendWall=1791545350889 wireMs=79
[04:29:10] [Server thread/INFO] [STDOUT]: [com.layue13.clashweave.experiment.s3b.Experiment:log:22]: CW3 CONSUME id=43 stamp=1209 consumeTick=1210 recvObserved=1209 age=1 queueMs=0 sendWall=1791545350889 recvWall=1791545350968 consumeWall=1791545350968 accepted=true
[04:29:11] [Server thread/INFO] [STDOUT]: [com.layue13.clashweave.experiment.s3b.Experiment:log:22]: CW3 FREEZE id=43 tick=1212 target=1 attacker=2 distance=1.0
[04:29:11] [Server thread/INFO] [STDOUT]: [com.layue13.clashweave.experiment.s3b.Experiment:log:22]: CW3 RESULT id=43 lead=4 defer=2 hit=1212 commit=1214 commitWall=1791545351157 press=1209 received=1210 window=true inside=true parry=true vanillaAccepted=false loss=0.0 targetHealth=1000.0
[04:29:11] [Server thread/INFO] [STDOUT]: [com.layue13.clashweave.experiment.s3b.Experiment:log:22]: CW3 PLAN id=44 lead=4 defer=2 anchorTick=1219 hit=1231 stamp=1227 anchorWall=1791545351406 legacy=false
[04:29:11] [Netty IO #1/INFO] [STDOUT]: [com.layue13.clashweave.experiment.s3b.Experiment:log:22]: CW3 WIRE side=SERVER kind=2 id=44 wall=1791545351890 thread=Netty IO #1 observed=1228
[04:29:11] [Server thread/INFO] [STDOUT]: [com.layue13.clashweave.experiment.s3b.Experiment:log:22]: CW3 RECEIVE id=44 kind=2 stamp=1228 tickObserved=1228 recvWall=1791545351909 sendWall=1791545351839 wireMs=70
[04:29:11] [Server thread/INFO] [STDOUT]: [com.layue13.clashweave.experiment.s3b.Experiment:log:22]: CW3 CONSUME id=44 stamp=1228 consumeTick=1229 recvObserved=1228 age=1 queueMs=0 sendWall=1791545351839 recvWall=1791545351909 consumeWall=1791545351909 accepted=true
[04:29:12] [Server thread/INFO] [STDOUT]: [com.layue13.clashweave.experiment.s3b.Experiment:log:22]: CW3 FREEZE id=44 tick=1231 target=1 attacker=2 distance=1.0
[04:29:12] [Server thread/INFO] [STDOUT]: [com.layue13.clashweave.experiment.s3b.Experiment:log:22]: CW3 RESULT id=44 lead=4 defer=2 hit=1231 commit=1233 commitWall=1791545352113 press=1228 received=1229 window=true inside=true parry=true vanillaAccepted=false loss=0.0 targetHealth=1000.0
[04:29:12] [Server thread/INFO] [STDOUT]: [com.layue13.clashweave.experiment.s3b.Experiment:log:22]: CW3 PLAN id=45 lead=4 defer=2 anchorTick=1238 hit=1250 stamp=1246 anchorWall=1791545352364 legacy=false
[04:29:12] [Netty IO #1/INFO] [STDOUT]: [com.layue13.clashweave.experiment.s3b.Experiment:log:22]: CW3 WIRE side=SERVER kind=2 id=45 wall=1791545352840 thread=Netty IO #1 observed=1247
[04:29:12] [Server thread/INFO] [STDOUT]: [com.layue13.clashweave.experiment.s3b.Experiment:log:22]: CW3 RECEIVE id=45 kind=2 stamp=1247 tickObserved=1247 recvWall=1791545352864 sendWall=1791545352789 wireMs=75
[04:29:12] [Server thread/INFO] [STDOUT]: [com.layue13.clashweave.experiment.s3b.Experiment:log:22]: CW3 CONSUME id=45 stamp=1247 consumeTick=1248 recvObserved=1247 age=1 queueMs=0 sendWall=1791545352789 recvWall=1791545352864 consumeWall=1791545352864 accepted=true
[04:29:12] [Server thread/INFO] [STDOUT]: [com.layue13.clashweave.experiment.s3b.Experiment:log:22]: CW3 FREEZE id=45 tick=1250 target=1 attacker=2 distance=1.0
[04:29:13] [Server thread/INFO] [STDOUT]: [com.layue13.clashweave.experiment.s3b.Experiment:log:22]: CW3 RESULT id=45 lead=4 defer=2 hit=1250 commit=1252 commitWall=1791545353066 press=1247 received=1248 window=true inside=true parry=true vanillaAccepted=false loss=0.0 targetHealth=1000.0
[04:29:13] [Server thread/INFO] [STDOUT]: [com.layue13.clashweave.experiment.s3b.Experiment:log:22]: CW3 PLAN id=46 lead=4 defer=2 anchorTick=1257 hit=1269 stamp=1265 anchorWall=1791545353317 legacy=false
[04:29:13] [Netty IO #1/INFO] [STDOUT]: [com.layue13.clashweave.experiment.s3b.Experiment:log:22]: CW3 WIRE side=SERVER kind=2 id=46 wall=1791545353790 thread=Netty IO #1 observed=1266
[04:29:13] [Server thread/INFO] [STDOUT]: [com.layue13.clashweave.experiment.s3b.Experiment:log:22]: CW3 RECEIVE id=46 kind=2 stamp=1265 tickObserved=1266 recvWall=1791545353815 sendWall=1791545353739 wireMs=76
[04:29:13] [Server thread/INFO] [STDOUT]: [com.layue13.clashweave.experiment.s3b.Experiment:log:22]: CW3 CONSUME id=46 stamp=1265 consumeTick=1267 recvObserved=1266 age=2 queueMs=0 sendWall=1791545353739 recvWall=1791545353815 consumeWall=1791545353815 accepted=true
[04:29:13] [Server thread/INFO] [STDOUT]: [com.layue13.clashweave.experiment.s3b.Experiment:log:22]: CW3 FREEZE id=46 tick=1269 target=1 attacker=2 distance=1.0
[04:29:14] [Server thread/INFO] [STDOUT]: [com.layue13.clashweave.experiment.s3b.Experiment:log:22]: CW3 RESULT id=46 lead=4 defer=2 hit=1269 commit=1271 commitWall=1791545354004 press=1265 received=1267 window=true inside=true parry=true vanillaAccepted=false loss=0.0 targetHealth=1000.0
[04:29:14] [Server thread/INFO] [STDOUT]: [com.layue13.clashweave.experiment.s3b.Experiment:log:22]: CW3 PLAN id=47 lead=4 defer=2 anchorTick=1276 hit=1288 stamp=1284 anchorWall=1791545354253 legacy=false
[04:29:14] [Netty IO #1/INFO] [STDOUT]: [com.layue13.clashweave.experiment.s3b.Experiment:log:22]: CW3 WIRE side=SERVER kind=2 id=47 wall=1791545354740 thread=Netty IO #1 observed=1285
[04:29:14] [Server thread/INFO] [STDOUT]: [com.layue13.clashweave.experiment.s3b.Experiment:log:22]: CW3 RECEIVE id=47 kind=2 stamp=1285 tickObserved=1285 recvWall=1791545354767 sendWall=1791545354690 wireMs=77
[04:29:14] [Server thread/INFO] [STDOUT]: [com.layue13.clashweave.experiment.s3b.Experiment:log:22]: CW3 CONSUME id=47 stamp=1285 consumeTick=1286 recvObserved=1285 age=1 queueMs=0 sendWall=1791545354690 recvWall=1791545354767 consumeWall=1791545354767 accepted=true
[04:29:14] [Server thread/INFO] [STDOUT]: [com.layue13.clashweave.experiment.s3b.Experiment:log:22]: CW3 FREEZE id=47 tick=1288 target=1 attacker=2 distance=1.0
[04:29:14] [Server thread/INFO] [STDOUT]: [com.layue13.clashweave.experiment.s3b.Experiment:log:22]: CW3 RESULT id=47 lead=4 defer=2 hit=1288 commit=1290 commitWall=1791545354955 press=1285 received=1286 window=true inside=true parry=true vanillaAccepted=false loss=0.0 targetHealth=1000.0
[04:29:15] [Server thread/INFO] [STDOUT]: [com.layue13.clashweave.experiment.s3b.Experiment:log:22]: CW3 PLAN id=48 lead=4 defer=2 anchorTick=1295 hit=1307 stamp=1303 anchorWall=1791545355204 legacy=false
[04:29:15] [Netty IO #1/INFO] [STDOUT]: [com.layue13.clashweave.experiment.s3b.Experiment:log:22]: CW3 WIRE side=SERVER kind=2 id=48 wall=1791545355689 thread=Netty IO #1 observed=1304
[04:29:15] [Server thread/INFO] [STDOUT]: [com.layue13.clashweave.experiment.s3b.Experiment:log:22]: CW3 RECEIVE id=48 kind=2 stamp=1304 tickObserved=1304 recvWall=1791545355703 sendWall=1791545355638 wireMs=65
[04:29:15] [Server thread/INFO] [STDOUT]: [com.layue13.clashweave.experiment.s3b.Experiment:log:22]: CW3 CONSUME id=48 stamp=1304 consumeTick=1305 recvObserved=1304 age=1 queueMs=0 sendWall=1791545355638 recvWall=1791545355703 consumeWall=1791545355703 accepted=true
[04:29:15] [Server thread/INFO] [STDOUT]: [com.layue13.clashweave.experiment.s3b.Experiment:log:22]: CW3 FREEZE id=48 tick=1307 target=1 attacker=2 distance=1.0
[04:29:15] [Server thread/INFO] [STDOUT]: [com.layue13.clashweave.experiment.s3b.Experiment:log:22]: CW3 RESULT id=48 lead=4 defer=2 hit=1307 commit=1309 commitWall=1791545355906 press=1304 received=1305 window=true inside=true parry=true vanillaAccepted=false loss=0.0 targetHealth=1000.0
[04:29:16] [Server thread/INFO] [STDOUT]: [com.layue13.clashweave.experiment.s3b.Experiment:log:22]: CW3 PLAN id=49 lead=4 defer=2 anchorTick=1314 hit=1326 stamp=1322 anchorWall=1791545356156 legacy=false
[04:29:16] [Netty IO #1/INFO] [STDOUT]: [com.layue13.clashweave.experiment.s3b.Experiment:log:22]: CW3 WIRE side=SERVER kind=2 id=49 wall=1791545356643 thread=Netty IO #1 observed=1323
[04:29:16] [Server thread/INFO] [STDOUT]: [com.layue13.clashweave.experiment.s3b.Experiment:log:22]: CW3 RECEIVE id=49 kind=2 stamp=1323 tickObserved=1323 recvWall=1791545356656 sendWall=1791545356593 wireMs=63
[04:29:16] [Server thread/INFO] [STDOUT]: [com.layue13.clashweave.experiment.s3b.Experiment:log:22]: CW3 CONSUME id=49 stamp=1323 consumeTick=1324 recvObserved=1323 age=1 queueMs=0 sendWall=1791545356593 recvWall=1791545356656 consumeWall=1791545356656 accepted=true
[04:29:16] [Server thread/INFO] [STDOUT]: [com.layue13.clashweave.experiment.s3b.Experiment:log:22]: CW3 FREEZE id=49 tick=1326 target=1 attacker=2 distance=1.0
[04:29:16] [Server thread/INFO] [STDOUT]: [com.layue13.clashweave.experiment.s3b.Experiment:log:22]: CW3 RESULT id=49 lead=4 defer=2 hit=1326 commit=1328 commitWall=1791545356860 press=1323 received=1324 window=true inside=true parry=true vanillaAccepted=false loss=0.0 targetHealth=1000.0
[04:29:17] [Server thread/INFO] [STDOUT]: [com.layue13.clashweave.experiment.s3b.Experiment:log:22]: CW3 PLAN id=50 lead=0 defer=3 anchorTick=1333 hit=1345 stamp=1345 anchorWall=1791545357112 legacy=false
[04:29:17] [Server thread/INFO] [STDOUT]: [com.layue13.clashweave.experiment.s3b.Experiment:log:22]: CW3 FREEZE id=50 tick=1345 target=1 attacker=2 distance=1.0
[04:29:17] [Netty IO #1/INFO] [STDOUT]: [com.layue13.clashweave.experiment.s3b.Experiment:log:22]: CW3 WIRE side=SERVER kind=2 id=50 wall=1791545357791 thread=Netty IO #1 observed=1346
[04:29:17] [Server thread/INFO] [STDOUT]: [com.layue13.clashweave.experiment.s3b.Experiment:log:22]: CW3 RECEIVE id=50 kind=2 stamp=1346 tickObserved=1346 recvWall=1791545357803 sendWall=1791545357740 wireMs=63
[04:29:17] [Server thread/INFO] [STDOUT]: [com.layue13.clashweave.experiment.s3b.Experiment:log:22]: CW3 CONSUME id=50 stamp=1346 consumeTick=1347 recvObserved=1346 age=1 queueMs=0 sendWall=1791545357740 recvWall=1791545357803 consumeWall=1791545357803 accepted=true
[04:29:17] [Server thread/INFO] [STDOUT]: [com.layue13.clashweave.experiment.s3b.Experiment:log:22]: CW3 RESULT id=50 lead=0 defer=3 hit=1345 commit=1348 commitWall=1791545357866 press=1346 received=1347 window=false inside=true parry=false vanillaAccepted=true loss=1.0 targetHealth=999.0
[04:29:18] [Server thread/INFO] [STDOUT]: [com.layue13.clashweave.experiment.s3b.Experiment:log:22]: CW3 PLAN id=51 lead=0 defer=3 anchorTick=1353 hit=1365 stamp=1365 anchorWall=1791545358118 legacy=false
[04:29:18] [Server thread/INFO] [STDOUT]: [com.layue13.clashweave.experiment.s3b.Experiment:log:22]: CW3 FREEZE id=51 tick=1365 target=1 attacker=2 distance=1.0
[04:29:18] [Netty IO #1/INFO] [STDOUT]: [com.layue13.clashweave.experiment.s3b.Experiment:log:22]: CW3 WIRE side=SERVER kind=2 id=51 wall=1791545358789 thread=Netty IO #1 observed=1366
[04:29:18] [Server thread/INFO] [STDOUT]: [com.layue13.clashweave.experiment.s3b.Experiment:log:22]: CW3 RECEIVE id=51 kind=2 stamp=1365 tickObserved=1366 recvWall=1791545358809 sendWall=1791545358739 wireMs=70
[04:29:18] [Server thread/INFO] [STDOUT]: [com.layue13.clashweave.experiment.s3b.Experiment:log:22]: CW3 CONSUME id=51 stamp=1365 consumeTick=1367 recvObserved=1366 age=2 queueMs=0 sendWall=1791545358739 recvWall=1791545358809 consumeWall=1791545358809 accepted=true
[04:29:18] [Server thread/INFO] [STDOUT]: [com.layue13.clashweave.experiment.s3b.Experiment:log:22]: CW3 RESULT id=51 lead=0 defer=3 hit=1365 commit=1368 commitWall=1791545358856 press=1365 received=1367 window=true inside=true parry=true vanillaAccepted=false loss=0.0 targetHealth=1000.0
[04:29:19] [Server thread/INFO] [STDOUT]: [com.layue13.clashweave.experiment.s3b.Experiment:log:22]: CW3 PLAN id=52 lead=0 defer=3 anchorTick=1373 hit=1385 stamp=1385 anchorWall=1791545359104 legacy=false
[04:29:19] [Server thread/INFO] [STDOUT]: [com.layue13.clashweave.experiment.s3b.Experiment:log:22]: CW3 FREEZE id=52 tick=1385 target=1 attacker=2 distance=1.0
[04:29:19] [Netty IO #1/INFO] [STDOUT]: [com.layue13.clashweave.experiment.s3b.Experiment:log:22]: CW3 WIRE side=SERVER kind=2 id=52 wall=1791545359789 thread=Netty IO #1 observed=1386
[04:29:19] [Server thread/INFO] [STDOUT]: [com.layue13.clashweave.experiment.s3b.Experiment:log:22]: CW3 RECEIVE id=52 kind=2 stamp=1386 tickObserved=1386 recvWall=1791545359810 sendWall=1791545359739 wireMs=71
[04:29:19] [Server thread/INFO] [STDOUT]: [com.layue13.clashweave.experiment.s3b.Experiment:log:22]: CW3 CONSUME id=52 stamp=1386 consumeTick=1387 recvObserved=1386 age=1 queueMs=0 sendWall=1791545359739 recvWall=1791545359810 consumeWall=1791545359810 accepted=true
[04:29:19] [Server thread/INFO] [STDOUT]: [com.layue13.clashweave.experiment.s3b.Experiment:log:22]: CW3 RESULT id=52 lead=0 defer=3 hit=1385 commit=1388 commitWall=1791545359858 press=1386 received=1387 window=false inside=true parry=false vanillaAccepted=true loss=1.0 targetHealth=999.0
[04:29:20] [Server thread/INFO] [STDOUT]: [com.layue13.clashweave.experiment.s3b.Experiment:log:22]: CW3 PLAN id=53 lead=0 defer=3 anchorTick=1393 hit=1405 stamp=1405 anchorWall=1791545360109 legacy=false
[04:29:20] [Server thread/INFO] [STDOUT]: [com.layue13.clashweave.experiment.s3b.Experiment:log:22]: CW3 FREEZE id=53 tick=1405 target=1 attacker=2 distance=1.0
[04:29:20] [Netty IO #1/INFO] [STDOUT]: [com.layue13.clashweave.experiment.s3b.Experiment:log:22]: CW3 WIRE side=SERVER kind=2 id=53 wall=1791545360789 thread=Netty IO #1 observed=1406
[04:29:20] [Server thread/INFO] [STDOUT]: [com.layue13.clashweave.experiment.s3b.Experiment:log:22]: CW3 RECEIVE id=53 kind=2 stamp=1406 tickObserved=1406 recvWall=1791545360812 sendWall=1791545360738 wireMs=74
[04:29:20] [Server thread/INFO] [STDOUT]: [com.layue13.clashweave.experiment.s3b.Experiment:log:22]: CW3 CONSUME id=53 stamp=1406 consumeTick=1407 recvObserved=1406 age=1 queueMs=0 sendWall=1791545360738 recvWall=1791545360812 consumeWall=1791545360812 accepted=true
[04:29:20] [Server thread/INFO] [STDOUT]: [com.layue13.clashweave.experiment.s3b.Experiment:log:22]: CW3 RESULT id=53 lead=0 defer=3 hit=1405 commit=1408 commitWall=1791545360860 press=1406 received=1407 window=false inside=true parry=false vanillaAccepted=true loss=1.0 targetHealth=999.0
[04:29:21] [Server thread/INFO] [STDOUT]: [com.layue13.clashweave.experiment.s3b.Experiment:log:22]: CW3 PLAN id=54 lead=0 defer=3 anchorTick=1413 hit=1425 stamp=1425 anchorWall=1791545361110 legacy=false
[04:29:21] [Server thread/INFO] [STDOUT]: [com.layue13.clashweave.experiment.s3b.Experiment:log:22]: CW3 FREEZE id=54 tick=1425 target=1 attacker=2 distance=1.0
[04:29:21] [Netty IO #1/INFO] [STDOUT]: [com.layue13.clashweave.experiment.s3b.Experiment:log:22]: CW3 WIRE side=SERVER kind=2 id=54 wall=1791545361790 thread=Netty IO #1 observed=1426
[04:29:21] [Server thread/INFO] [STDOUT]: [com.layue13.clashweave.experiment.s3b.Experiment:log:22]: CW3 RECEIVE id=54 kind=2 stamp=1426 tickObserved=1426 recvWall=1791545361811 sendWall=1791545361739 wireMs=72
[04:29:21] [Server thread/INFO] [STDOUT]: [com.layue13.clashweave.experiment.s3b.Experiment:log:22]: CW3 CONSUME id=54 stamp=1426 consumeTick=1427 recvObserved=1426 age=1 queueMs=0 sendWall=1791545361739 recvWall=1791545361811 consumeWall=1791545361811 accepted=true
[04:29:21] [Server thread/INFO] [STDOUT]: [com.layue13.clashweave.experiment.s3b.Experiment:log:22]: CW3 RESULT id=54 lead=0 defer=3 hit=1425 commit=1428 commitWall=1791545361858 press=1426 received=1427 window=false inside=true parry=false vanillaAccepted=true loss=1.0 targetHealth=999.0
[04:29:22] [Server thread/INFO] [STDOUT]: [com.layue13.clashweave.experiment.s3b.Experiment:log:22]: CW3 PLAN id=55 lead=0 defer=3 anchorTick=1433 hit=1445 stamp=1445 anchorWall=1791545362109 legacy=false
[04:29:22] [Server thread/INFO] [STDOUT]: [com.layue13.clashweave.experiment.s3b.Experiment:log:22]: CW3 FREEZE id=55 tick=1445 target=1 attacker=2 distance=1.0
[04:29:22] [Netty IO #1/INFO] [STDOUT]: [com.layue13.clashweave.experiment.s3b.Experiment:log:22]: CW3 WIRE side=SERVER kind=2 id=55 wall=1791545362789 thread=Netty IO #1 observed=1446
[04:29:22] [Server thread/INFO] [STDOUT]: [com.layue13.clashweave.experiment.s3b.Experiment:log:22]: CW3 RECEIVE id=55 kind=2 stamp=1446 tickObserved=1446 recvWall=1791545362812 sendWall=1791545362739 wireMs=73
[04:29:22] [Server thread/INFO] [STDOUT]: [com.layue13.clashweave.experiment.s3b.Experiment:log:22]: CW3 CONSUME id=55 stamp=1446 consumeTick=1447 recvObserved=1446 age=1 queueMs=0 sendWall=1791545362739 recvWall=1791545362812 consumeWall=1791545362812 accepted=true
[04:29:22] [Server thread/INFO] [STDOUT]: [com.layue13.clashweave.experiment.s3b.Experiment:log:22]: CW3 RESULT id=55 lead=0 defer=3 hit=1445 commit=1448 commitWall=1791545362859 press=1446 received=1447 window=false inside=true parry=false vanillaAccepted=true loss=1.0 targetHealth=999.0
[04:29:23] [Server thread/INFO] [STDOUT]: [com.layue13.clashweave.experiment.s3b.Experiment:log:22]: CW3 PLAN id=56 lead=0 defer=3 anchorTick=1453 hit=1465 stamp=1465 anchorWall=1791545363109 legacy=false
[04:29:23] [Server thread/INFO] [STDOUT]: [com.layue13.clashweave.experiment.s3b.Experiment:log:22]: CW3 FREEZE id=56 tick=1465 target=1 attacker=2 distance=1.0
[04:29:23] [Netty IO #1/INFO] [STDOUT]: [com.layue13.clashweave.experiment.s3b.Experiment:log:22]: CW3 WIRE side=SERVER kind=2 id=56 wall=1791545363789 thread=Netty IO #1 observed=1466
[04:29:23] [Server thread/INFO] [STDOUT]: [com.layue13.clashweave.experiment.s3b.Experiment:log:22]: CW3 RECEIVE id=56 kind=2 stamp=1466 tickObserved=1466 recvWall=1791545363808 sendWall=1791545363738 wireMs=70
[04:29:23] [Server thread/INFO] [STDOUT]: [com.layue13.clashweave.experiment.s3b.Experiment:log:22]: CW3 CONSUME id=56 stamp=1466 consumeTick=1467 recvObserved=1466 age=1 queueMs=0 sendWall=1791545363738 recvWall=1791545363808 consumeWall=1791545363808 accepted=true
[04:29:23] [Server thread/INFO] [STDOUT]: [com.layue13.clashweave.experiment.s3b.Experiment:log:22]: CW3 RESULT id=56 lead=0 defer=3 hit=1465 commit=1468 commitWall=1791545363855 press=1466 received=1467 window=false inside=true parry=false vanillaAccepted=true loss=1.0 targetHealth=999.0
[04:29:24] [Server thread/INFO] [STDOUT]: [com.layue13.clashweave.experiment.s3b.Experiment:log:22]: CW3 PLAN id=57 lead=0 defer=3 anchorTick=1473 hit=1485 stamp=1485 anchorWall=1791545364104 legacy=false
[04:29:24] [Server thread/INFO] [STDOUT]: [com.layue13.clashweave.experiment.s3b.Experiment:log:22]: CW3 FREEZE id=57 tick=1485 target=1 attacker=2 distance=1.0
[04:29:24] [Netty IO #1/INFO] [STDOUT]: [com.layue13.clashweave.experiment.s3b.Experiment:log:22]: CW3 WIRE side=SERVER kind=2 id=57 wall=1791545364793 thread=Netty IO #1 observed=1486
[04:29:24] [Server thread/INFO] [STDOUT]: [com.layue13.clashweave.experiment.s3b.Experiment:log:22]: CW3 RECEIVE id=57 kind=2 stamp=1486 tickObserved=1486 recvWall=1791545364804 sendWall=1791545364742 wireMs=62
[04:29:24] [Server thread/INFO] [STDOUT]: [com.layue13.clashweave.experiment.s3b.Experiment:log:22]: CW3 CONSUME id=57 stamp=1486 consumeTick=1487 recvObserved=1486 age=1 queueMs=0 sendWall=1791545364742 recvWall=1791545364804 consumeWall=1791545364804 accepted=true
[04:29:24] [Server thread/INFO] [STDOUT]: [com.layue13.clashweave.experiment.s3b.Experiment:log:22]: CW3 RESULT id=57 lead=0 defer=3 hit=1485 commit=1488 commitWall=1791545364866 press=1486 received=1487 window=false inside=true parry=false vanillaAccepted=true loss=1.0 targetHealth=999.0
[04:29:25] [Server thread/INFO] [STDOUT]: [com.layue13.clashweave.experiment.s3b.Experiment:log:22]: CW3 PLAN id=58 lead=0 defer=3 anchorTick=1493 hit=1505 stamp=1505 anchorWall=1791545365116 legacy=false
[04:29:25] [Server thread/INFO] [STDOUT]: [com.layue13.clashweave.experiment.s3b.Experiment:log:22]: CW3 FREEZE id=58 tick=1505 target=1 attacker=2 distance=1.0
[04:29:25] [Netty IO #1/INFO] [STDOUT]: [com.layue13.clashweave.experiment.s3b.Experiment:log:22]: CW3 WIRE side=SERVER kind=2 id=58 wall=1791545365790 thread=Netty IO #1 observed=1506
[04:29:25] [Server thread/INFO] [STDOUT]: [com.layue13.clashweave.experiment.s3b.Experiment:log:22]: CW3 RECEIVE id=58 kind=2 stamp=1505 tickObserved=1506 recvWall=1791545365815 sendWall=1791545365739 wireMs=76
[04:29:25] [Server thread/INFO] [STDOUT]: [com.layue13.clashweave.experiment.s3b.Experiment:log:22]: CW3 CONSUME id=58 stamp=1505 consumeTick=1507 recvObserved=1506 age=2 queueMs=0 sendWall=1791545365739 recvWall=1791545365815 consumeWall=1791545365815 accepted=true
[04:29:25] [Server thread/INFO] [STDOUT]: [com.layue13.clashweave.experiment.s3b.Experiment:log:22]: CW3 RESULT id=58 lead=0 defer=3 hit=1505 commit=1508 commitWall=1791545365863 press=1505 received=1507 window=true inside=true parry=true vanillaAccepted=false loss=0.0 targetHealth=1000.0
[04:29:26] [Server thread/INFO] [STDOUT]: [com.layue13.clashweave.experiment.s3b.Experiment:log:22]: CW3 PLAN id=59 lead=0 defer=3 anchorTick=1513 hit=1525 stamp=1525 anchorWall=1791545366111 legacy=false
[04:29:26] [Server thread/INFO] [STDOUT]: [com.layue13.clashweave.experiment.s3b.Experiment:log:22]: CW3 FREEZE id=59 tick=1525 target=1 attacker=2 distance=1.0
[04:29:26] [Netty IO #1/INFO] [STDOUT]: [com.layue13.clashweave.experiment.s3b.Experiment:log:22]: CW3 WIRE side=SERVER kind=2 id=59 wall=1791545366789 thread=Netty IO #1 observed=1526
[04:29:26] [Server thread/INFO] [STDOUT]: [com.layue13.clashweave.experiment.s3b.Experiment:log:22]: CW3 RECEIVE id=59 kind=2 stamp=1526 tickObserved=1526 recvWall=1791545366815 sendWall=1791545366738 wireMs=77
[04:29:26] [Server thread/INFO] [STDOUT]: [com.layue13.clashweave.experiment.s3b.Experiment:log:22]: CW3 CONSUME id=59 stamp=1526 consumeTick=1527 recvObserved=1526 age=1 queueMs=0 sendWall=1791545366738 recvWall=1791545366815 consumeWall=1791545366815 accepted=true
[04:29:26] [Server thread/INFO] [STDOUT]: [com.layue13.clashweave.experiment.s3b.Experiment:log:22]: CW3 RESULT id=59 lead=0 defer=3 hit=1525 commit=1528 commitWall=1791545366863 press=1526 received=1527 window=false inside=true parry=false vanillaAccepted=true loss=1.0 targetHealth=999.0
[04:29:27] [Server thread/INFO] [STDOUT]: [com.layue13.clashweave.experiment.s3b.Experiment:log:22]: CW3 PLAN id=60 lead=1 defer=3 anchorTick=1533 hit=1545 stamp=1544 anchorWall=1791545367113 legacy=false
[04:29:27] [Server thread/INFO] [STDOUT]: [com.layue13.clashweave.experiment.s3b.Experiment:log:22]: CW3 FREEZE id=60 tick=1545 target=1 attacker=2 distance=1.0
[04:29:27] [Netty IO #1/INFO] [STDOUT]: [com.layue13.clashweave.experiment.s3b.Experiment:log:22]: CW3 WIRE side=SERVER kind=2 id=60 wall=1791545367744 thread=Netty IO #1 observed=1545
[04:29:27] [Server thread/INFO] [STDOUT]: [com.layue13.clashweave.experiment.s3b.Experiment:log:22]: CW3 RECEIVE id=60 kind=2 stamp=1545 tickObserved=1545 recvWall=1791545367755 sendWall=1791545367694 wireMs=61
[04:29:27] [Server thread/INFO] [STDOUT]: [com.layue13.clashweave.experiment.s3b.Experiment:log:22]: CW3 CONSUME id=60 stamp=1545 consumeTick=1546 recvObserved=1545 age=1 queueMs=0 sendWall=1791545367694 recvWall=1791545367755 consumeWall=1791545367755 accepted=true
[04:29:27] [Server thread/INFO] [STDOUT]: [com.layue13.clashweave.experiment.s3b.Experiment:log:22]: CW3 RESULT id=60 lead=1 defer=3 hit=1545 commit=1548 commitWall=1791545367865 press=1545 received=1546 window=true inside=true parry=true vanillaAccepted=false loss=0.0 targetHealth=1000.0
[04:29:28] [Server thread/INFO] [STDOUT]: [com.layue13.clashweave.experiment.s3b.Experiment:log:22]: CW3 PLAN id=61 lead=1 defer=3 anchorTick=1553 hit=1565 stamp=1564 anchorWall=1791545368114 legacy=false
[04:29:28] [Server thread/INFO] [STDOUT]: [com.layue13.clashweave.experiment.s3b.Experiment:log:22]: CW3 FREEZE id=61 tick=1565 target=1 attacker=2 distance=1.0
[04:29:28] [Netty IO #1/INFO] [STDOUT]: [com.layue13.clashweave.experiment.s3b.Experiment:log:22]: CW3 WIRE side=SERVER kind=2 id=61 wall=1791545368743 thread=Netty IO #1 observed=1565
[04:29:28] [Server thread/INFO] [STDOUT]: [com.layue13.clashweave.experiment.s3b.Experiment:log:22]: CW3 RECEIVE id=61 kind=2 stamp=1565 tickObserved=1565 recvWall=1791545368755 sendWall=1791545368692 wireMs=63
[04:29:28] [Server thread/INFO] [STDOUT]: [com.layue13.clashweave.experiment.s3b.Experiment:log:22]: CW3 CONSUME id=61 stamp=1565 consumeTick=1566 recvObserved=1565 age=1 queueMs=0 sendWall=1791545368692 recvWall=1791545368755 consumeWall=1791545368755 accepted=true
[04:29:28] [Server thread/INFO] [STDOUT]: [com.layue13.clashweave.experiment.s3b.Experiment:log:22]: CW3 RESULT id=61 lead=1 defer=3 hit=1565 commit=1568 commitWall=1791545368864 press=1565 received=1566 window=true inside=true parry=true vanillaAccepted=false loss=0.0 targetHealth=1000.0
[04:29:29] [Server thread/INFO] [STDOUT]: [com.layue13.clashweave.experiment.s3b.Experiment:log:22]: CW3 PLAN id=62 lead=1 defer=3 anchorTick=1573 hit=1585 stamp=1584 anchorWall=1791545369113 legacy=false
[04:29:29] [Server thread/INFO] [STDOUT]: [com.layue13.clashweave.experiment.s3b.Experiment:log:22]: CW3 FREEZE id=62 tick=1585 target=1 attacker=2 distance=1.0
[04:29:29] [Netty IO #1/INFO] [STDOUT]: [com.layue13.clashweave.experiment.s3b.Experiment:log:22]: CW3 WIRE side=SERVER kind=2 id=62 wall=1791545369743 thread=Netty IO #1 observed=1585
[04:29:29] [Server thread/INFO] [STDOUT]: [com.layue13.clashweave.experiment.s3b.Experiment:log:22]: CW3 RECEIVE id=62 kind=2 stamp=1585 tickObserved=1585 recvWall=1791545369756 sendWall=1791545369692 wireMs=64
[04:29:29] [Server thread/INFO] [STDOUT]: [com.layue13.clashweave.experiment.s3b.Experiment:log:22]: CW3 CONSUME id=62 stamp=1585 consumeTick=1586 recvObserved=1585 age=1 queueMs=0 sendWall=1791545369692 recvWall=1791545369756 consumeWall=1791545369756 accepted=true
[04:29:29] [Server thread/INFO] [STDOUT]: [com.layue13.clashweave.experiment.s3b.Experiment:log:22]: CW3 RESULT id=62 lead=1 defer=3 hit=1585 commit=1588 commitWall=1791545369865 press=1585 received=1586 window=true inside=true parry=true vanillaAccepted=false loss=0.0 targetHealth=1000.0
[04:29:30] [Server thread/INFO] [STDOUT]: [com.layue13.clashweave.experiment.s3b.Experiment:log:22]: CW3 PLAN id=63 lead=1 defer=3 anchorTick=1593 hit=1605 stamp=1604 anchorWall=1791545370113 legacy=false
[04:29:30] [Server thread/INFO] [STDOUT]: [com.layue13.clashweave.experiment.s3b.Experiment:log:22]: CW3 FREEZE id=63 tick=1605 target=1 attacker=2 distance=1.0
[04:29:30] [Netty IO #1/INFO] [STDOUT]: [com.layue13.clashweave.experiment.s3b.Experiment:log:22]: CW3 WIRE side=SERVER kind=2 id=63 wall=1791545370741 thread=Netty IO #1 observed=1605
[04:29:30] [Server thread/INFO] [STDOUT]: [com.layue13.clashweave.experiment.s3b.Experiment:log:22]: CW3 RECEIVE id=63 kind=2 stamp=1605 tickObserved=1605 recvWall=1791545370754 sendWall=1791545370691 wireMs=63
[04:29:30] [Server thread/INFO] [STDOUT]: [com.layue13.clashweave.experiment.s3b.Experiment:log:22]: CW3 CONSUME id=63 stamp=1605 consumeTick=1606 recvObserved=1605 age=1 queueMs=0 sendWall=1791545370691 recvWall=1791545370754 consumeWall=1791545370754 accepted=true
[04:29:30] [Server thread/INFO] [STDOUT]: [com.layue13.clashweave.experiment.s3b.Experiment:log:22]: CW3 RESULT id=63 lead=1 defer=3 hit=1605 commit=1608 commitWall=1791545370865 press=1605 received=1606 window=true inside=true parry=true vanillaAccepted=false loss=0.0 targetHealth=1000.0
[04:29:31] [Server thread/INFO] [STDOUT]: [com.layue13.clashweave.experiment.s3b.Experiment:log:22]: CW3 PLAN id=64 lead=1 defer=3 anchorTick=1613 hit=1625 stamp=1624 anchorWall=1791545371114 legacy=false
[04:29:31] [Server thread/INFO] [STDOUT]: [com.layue13.clashweave.experiment.s3b.Experiment:log:22]: CW3 FREEZE id=64 tick=1625 target=1 attacker=2 distance=1.0
[04:29:31] [Netty IO #1/INFO] [STDOUT]: [com.layue13.clashweave.experiment.s3b.Experiment:log:22]: CW3 WIRE side=SERVER kind=2 id=64 wall=1791545371740 thread=Netty IO #1 observed=1625
[04:29:31] [Server thread/INFO] [STDOUT]: [com.layue13.clashweave.experiment.s3b.Experiment:log:22]: CW3 RECEIVE id=64 kind=2 stamp=1625 tickObserved=1625 recvWall=1791545371767 sendWall=1791545371690 wireMs=77
[04:29:31] [Server thread/INFO] [STDOUT]: [com.layue13.clashweave.experiment.s3b.Experiment:log:22]: CW3 CONSUME id=64 stamp=1625 consumeTick=1626 recvObserved=1625 age=1 queueMs=1 sendWall=1791545371690 recvWall=1791545371767 consumeWall=1791545371768 accepted=true
[04:29:31] [Server thread/INFO] [STDOUT]: [com.layue13.clashweave.experiment.s3b.Experiment:log:22]: CW3 RESULT id=64 lead=1 defer=3 hit=1625 commit=1628 commitWall=1791545371861 press=1625 received=1626 window=true inside=true parry=true vanillaAccepted=false loss=0.0 targetHealth=1000.0
[04:29:32] [Server thread/INFO] [STDOUT]: [com.layue13.clashweave.experiment.s3b.Experiment:log:22]: CW3 PLAN id=65 lead=1 defer=3 anchorTick=1633 hit=1645 stamp=1644 anchorWall=1791545372110 legacy=false
[04:29:32] [Server thread/INFO] [STDOUT]: [com.layue13.clashweave.experiment.s3b.Experiment:log:22]: CW3 FREEZE id=65 tick=1645 target=1 attacker=2 distance=1.0
[04:29:32] [Netty IO #1/INFO] [STDOUT]: [com.layue13.clashweave.experiment.s3b.Experiment:log:22]: CW3 WIRE side=SERVER kind=2 id=65 wall=1791545372739 thread=Netty IO #1 observed=1645
[04:29:32] [Server thread/INFO] [STDOUT]: [com.layue13.clashweave.experiment.s3b.Experiment:log:22]: CW3 RECEIVE id=65 kind=2 stamp=1645 tickObserved=1645 recvWall=1791545372762 sendWall=1791545372688 wireMs=74
[04:29:32] [Server thread/INFO] [STDOUT]: [com.layue13.clashweave.experiment.s3b.Experiment:log:22]: CW3 CONSUME id=65 stamp=1645 consumeTick=1646 recvObserved=1645 age=1 queueMs=0 sendWall=1791545372688 recvWall=1791545372762 consumeWall=1791545372762 accepted=true
[04:29:32] [Server thread/INFO] [STDOUT]: [com.layue13.clashweave.experiment.s3b.Experiment:log:22]: CW3 RESULT id=65 lead=1 defer=3 hit=1645 commit=1648 commitWall=1791545372856 press=1645 received=1646 window=true inside=true parry=true vanillaAccepted=false loss=0.0 targetHealth=1000.0
[04:29:33] [Server thread/INFO] [STDOUT]: [com.layue13.clashweave.experiment.s3b.Experiment:log:22]: CW3 PLAN id=66 lead=1 defer=3 anchorTick=1653 hit=1665 stamp=1664 anchorWall=1791545373107 legacy=false
[04:29:33] [Server thread/INFO] [STDOUT]: [com.layue13.clashweave.experiment.s3b.Experiment:log:22]: CW3 FREEZE id=66 tick=1665 target=1 attacker=2 distance=1.0
[04:29:33] [Netty IO #1/INFO] [STDOUT]: [com.layue13.clashweave.experiment.s3b.Experiment:log:22]: CW3 WIRE side=SERVER kind=2 id=66 wall=1791545373740 thread=Netty IO #1 observed=1665
[04:29:33] [Server thread/INFO] [STDOUT]: [com.layue13.clashweave.experiment.s3b.Experiment:log:22]: CW3 RECEIVE id=66 kind=2 stamp=1665 tickObserved=1665 recvWall=1791545373761 sendWall=1791545373689 wireMs=72
[04:29:33] [Server thread/INFO] [STDOUT]: [com.layue13.clashweave.experiment.s3b.Experiment:log:22]: CW3 CONSUME id=66 stamp=1665 consumeTick=1666 recvObserved=1665 age=1 queueMs=15 sendWall=1791545373689 recvWall=1791545373761 consumeWall=1791545373776 accepted=true
[04:29:33] [Server thread/INFO] [STDOUT]: [com.layue13.clashweave.experiment.s3b.Experiment:log:22]: CW3 RESULT id=66 lead=1 defer=3 hit=1665 commit=1668 commitWall=1791545373853 press=1665 received=1666 window=true inside=true parry=true vanillaAccepted=false loss=0.0 targetHealth=1000.0
[04:29:34] [Server thread/INFO] [STDOUT]: [com.layue13.clashweave.experiment.s3b.Experiment:log:22]: CW3 PLAN id=67 lead=1 defer=3 anchorTick=1673 hit=1685 stamp=1684 anchorWall=1791545374103 legacy=false
[04:29:34] [Server thread/INFO] [STDOUT]: [com.layue13.clashweave.experiment.s3b.Experiment:log:22]: CW3 FREEZE id=67 tick=1685 target=1 attacker=2 distance=1.0
[04:29:34] [Netty IO #1/INFO] [STDOUT]: [com.layue13.clashweave.experiment.s3b.Experiment:log:22]: CW3 WIRE side=SERVER kind=2 id=67 wall=1791545374743 thread=Netty IO #1 observed=1685
[04:29:34] [Server thread/INFO] [STDOUT]: [com.layue13.clashweave.experiment.s3b.Experiment:log:22]: CW3 RECEIVE id=67 kind=2 stamp=1685 tickObserved=1685 recvWall=1791545374755 sendWall=1791545374692 wireMs=63
[04:29:34] [Server thread/INFO] [STDOUT]: [com.layue13.clashweave.experiment.s3b.Experiment:log:22]: CW3 CONSUME id=67 stamp=1685 consumeTick=1686 recvObserved=1685 age=1 queueMs=0 sendWall=1791545374692 recvWall=1791545374755 consumeWall=1791545374755 accepted=true
[04:29:34] [Server thread/INFO] [STDOUT]: [com.layue13.clashweave.experiment.s3b.Experiment:log:22]: CW3 RESULT id=67 lead=1 defer=3 hit=1685 commit=1688 commitWall=1791545374864 press=1685 received=1686 window=true inside=true parry=true vanillaAccepted=false loss=0.0 targetHealth=1000.0
[04:29:35] [Server thread/INFO] [STDOUT]: [com.layue13.clashweave.experiment.s3b.Experiment:log:22]: CW3 PLAN id=68 lead=1 defer=3 anchorTick=1693 hit=1705 stamp=1704 anchorWall=1791545375112 legacy=false
[04:29:35] [Server thread/INFO] [STDOUT]: [com.layue13.clashweave.experiment.s3b.Experiment:log:22]: CW3 FREEZE id=68 tick=1705 target=1 attacker=2 distance=1.0
[04:29:35] [Netty IO #1/INFO] [STDOUT]: [com.layue13.clashweave.experiment.s3b.Experiment:log:22]: CW3 WIRE side=SERVER kind=2 id=68 wall=1791545375743 thread=Netty IO #1 observed=1705
[04:29:35] [Server thread/INFO] [STDOUT]: [com.layue13.clashweave.experiment.s3b.Experiment:log:22]: CW3 RECEIVE id=68 kind=2 stamp=1705 tickObserved=1705 recvWall=1791545375753 sendWall=1791545375692 wireMs=61
[04:29:35] [Server thread/INFO] [STDOUT]: [com.layue13.clashweave.experiment.s3b.Experiment:log:22]: CW3 CONSUME id=68 stamp=1705 consumeTick=1706 recvObserved=1705 age=1 queueMs=4 sendWall=1791545375692 recvWall=1791545375753 consumeWall=1791545375757 accepted=true
[04:29:35] [Server thread/INFO] [STDOUT]: [com.layue13.clashweave.experiment.s3b.Experiment:log:22]: CW3 RESULT id=68 lead=1 defer=3 hit=1705 commit=1708 commitWall=1791545375863 press=1705 received=1706 window=true inside=true parry=true vanillaAccepted=false loss=0.0 targetHealth=1000.0
[04:29:36] [Server thread/INFO] [STDOUT]: [com.layue13.clashweave.experiment.s3b.Experiment:log:22]: CW3 PLAN id=69 lead=1 defer=3 anchorTick=1713 hit=1725 stamp=1724 anchorWall=1791545376113 legacy=false
[04:29:36] [Server thread/INFO] [STDOUT]: [com.layue13.clashweave.experiment.s3b.Experiment:log:22]: CW3 FREEZE id=69 tick=1725 target=1 attacker=2 distance=1.0
[04:29:36] [Netty IO #1/INFO] [STDOUT]: [com.layue13.clashweave.experiment.s3b.Experiment:log:22]: CW3 WIRE side=SERVER kind=2 id=69 wall=1791545376739 thread=Netty IO #1 observed=1725
[04:29:36] [Server thread/INFO] [STDOUT]: [com.layue13.clashweave.experiment.s3b.Experiment:log:22]: CW3 RECEIVE id=69 kind=2 stamp=1725 tickObserved=1725 recvWall=1791545376766 sendWall=1791545376689 wireMs=77
[04:29:36] [Server thread/INFO] [STDOUT]: [com.layue13.clashweave.experiment.s3b.Experiment:log:22]: CW3 CONSUME id=69 stamp=1725 consumeTick=1726 recvObserved=1725 age=1 queueMs=0 sendWall=1791545376689 recvWall=1791545376766 consumeWall=1791545376766 accepted=true
[04:29:36] [Server thread/INFO] [STDOUT]: [com.layue13.clashweave.experiment.s3b.Experiment:log:22]: CW3 RESULT id=69 lead=1 defer=3 hit=1725 commit=1728 commitWall=1791545376859 press=1725 received=1726 window=true inside=true parry=true vanillaAccepted=false loss=0.0 targetHealth=1000.0
[04:29:37] [Server thread/INFO] [STDOUT]: [com.layue13.clashweave.experiment.s3b.Experiment:log:22]: CW3 PLAN id=70 lead=2 defer=3 anchorTick=1733 hit=1745 stamp=1743 anchorWall=1791545377108 legacy=false
[04:29:37] [Netty IO #1/INFO] [STDOUT]: [com.layue13.clashweave.experiment.s3b.Experiment:log:22]: CW3 WIRE side=SERVER kind=2 id=70 wall=1791545377692 thread=Netty IO #1 observed=1744
[04:29:37] [Server thread/INFO] [STDOUT]: [com.layue13.clashweave.experiment.s3b.Experiment:log:22]: CW3 RECEIVE id=70 kind=2 stamp=1744 tickObserved=1744 recvWall=1791545377703 sendWall=1791545377642 wireMs=61
[04:29:37] [Server thread/INFO] [STDOUT]: [com.layue13.clashweave.experiment.s3b.Experiment:log:22]: CW3 CONSUME id=70 stamp=1744 consumeTick=1745 recvObserved=1744 age=1 queueMs=0 sendWall=1791545377642 recvWall=1791545377703 consumeWall=1791545377703 accepted=true
[04:29:37] [Server thread/INFO] [STDOUT]: [com.layue13.clashweave.experiment.s3b.Experiment:log:22]: CW3 FREEZE id=70 tick=1745 target=1 attacker=2 distance=1.0
[04:29:37] [Server thread/INFO] [STDOUT]: [com.layue13.clashweave.experiment.s3b.Experiment:log:22]: CW3 RESULT id=70 lead=2 defer=3 hit=1745 commit=1748 commitWall=1791545377860 press=1744 received=1745 window=true inside=true parry=true vanillaAccepted=false loss=0.0 targetHealth=1000.0
[04:29:38] [Server thread/INFO] [STDOUT]: [com.layue13.clashweave.experiment.s3b.Experiment:log:22]: CW3 PLAN id=71 lead=2 defer=3 anchorTick=1753 hit=1765 stamp=1763 anchorWall=1791545378109 legacy=false
[04:29:38] [Netty IO #1/INFO] [STDOUT]: [com.layue13.clashweave.experiment.s3b.Experiment:log:22]: CW3 WIRE side=SERVER kind=2 id=71 wall=1791545378693 thread=Netty IO #1 observed=1764
[04:29:38] [Server thread/INFO] [STDOUT]: [com.layue13.clashweave.experiment.s3b.Experiment:log:22]: CW3 RECEIVE id=71 kind=2 stamp=1764 tickObserved=1764 recvWall=1791545378705 sendWall=1791545378643 wireMs=62
[04:29:38] [Server thread/INFO] [STDOUT]: [com.layue13.clashweave.experiment.s3b.Experiment:log:22]: CW3 CONSUME id=71 stamp=1764 consumeTick=1765 recvObserved=1764 age=1 queueMs=0 sendWall=1791545378643 recvWall=1791545378705 consumeWall=1791545378705 accepted=true
[04:29:38] [Server thread/INFO] [STDOUT]: [com.layue13.clashweave.experiment.s3b.Experiment:log:22]: CW3 FREEZE id=71 tick=1765 target=1 attacker=2 distance=1.0
[04:29:38] [Server thread/INFO] [STDOUT]: [com.layue13.clashweave.experiment.s3b.Experiment:log:22]: CW3 RESULT id=71 lead=2 defer=3 hit=1765 commit=1768 commitWall=1791545378863 press=1764 received=1765 window=true inside=true parry=true vanillaAccepted=false loss=0.0 targetHealth=1000.0
[04:29:39] [Server thread/INFO] [STDOUT]: [com.layue13.clashweave.experiment.s3b.Experiment:log:22]: CW3 PLAN id=72 lead=2 defer=3 anchorTick=1773 hit=1785 stamp=1783 anchorWall=1791545379113 legacy=false
[04:29:39] [Netty IO #1/INFO] [STDOUT]: [com.layue13.clashweave.experiment.s3b.Experiment:log:22]: CW3 WIRE side=SERVER kind=2 id=72 wall=1791545379693 thread=Netty IO #1 observed=1784
[04:29:39] [Server thread/INFO] [STDOUT]: [com.layue13.clashweave.experiment.s3b.Experiment:log:22]: CW3 RECEIVE id=72 kind=2 stamp=1784 tickObserved=1784 recvWall=1791545379705 sendWall=1791545379642 wireMs=63
[04:29:39] [Server thread/INFO] [STDOUT]: [com.layue13.clashweave.experiment.s3b.Experiment:log:22]: CW3 CONSUME id=72 stamp=1784 consumeTick=1785 recvObserved=1784 age=1 queueMs=0 sendWall=1791545379642 recvWall=1791545379705 consumeWall=1791545379705 accepted=true
[04:29:39] [Server thread/INFO] [STDOUT]: [com.layue13.clashweave.experiment.s3b.Experiment:log:22]: CW3 FREEZE id=72 tick=1785 target=1 attacker=2 distance=1.0
[04:29:39] [Server thread/INFO] [STDOUT]: [com.layue13.clashweave.experiment.s3b.Experiment:log:22]: CW3 RESULT id=72 lead=2 defer=3 hit=1785 commit=1788 commitWall=1791545379862 press=1784 received=1785 window=true inside=true parry=true vanillaAccepted=false loss=0.0 targetHealth=1000.0
[04:29:40] [Server thread/INFO] [STDOUT]: [com.layue13.clashweave.experiment.s3b.Experiment:log:22]: CW3 PLAN id=73 lead=2 defer=3 anchorTick=1793 hit=1805 stamp=1803 anchorWall=1791545380111 legacy=false
[04:29:40] [Netty IO #1/INFO] [STDOUT]: [com.layue13.clashweave.experiment.s3b.Experiment:log:22]: CW3 WIRE side=SERVER kind=2 id=73 wall=1791545380690 thread=Netty IO #1 observed=1804
[04:29:40] [Server thread/INFO] [STDOUT]: [com.layue13.clashweave.experiment.s3b.Experiment:log:22]: CW3 RECEIVE id=73 kind=2 stamp=1804 tickObserved=1804 recvWall=1791545380713 sendWall=1791545380639 wireMs=74
[04:29:40] [Server thread/INFO] [STDOUT]: [com.layue13.clashweave.experiment.s3b.Experiment:log:22]: CW3 CONSUME id=73 stamp=1804 consumeTick=1805 recvObserved=1804 age=1 queueMs=0 sendWall=1791545380639 recvWall=1791545380713 consumeWall=1791545380713 accepted=true
[04:29:40] [Server thread/INFO] [STDOUT]: [com.layue13.clashweave.experiment.s3b.Experiment:log:22]: CW3 FREEZE id=73 tick=1805 target=1 attacker=2 distance=1.0
[04:29:40] [Server thread/INFO] [STDOUT]: [com.layue13.clashweave.experiment.s3b.Experiment:log:22]: CW3 RESULT id=73 lead=2 defer=3 hit=1805 commit=1808 commitWall=1791545380854 press=1804 received=1805 window=true inside=true parry=true vanillaAccepted=false loss=0.0 targetHealth=1000.0
[04:29:41] [Server thread/INFO] [STDOUT]: [com.layue13.clashweave.experiment.s3b.Experiment:log:22]: CW3 PLAN id=74 lead=2 defer=3 anchorTick=1813 hit=1825 stamp=1823 anchorWall=1791545381103 legacy=false
[04:29:41] [Netty IO #1/INFO] [STDOUT]: [com.layue13.clashweave.experiment.s3b.Experiment:log:22]: CW3 WIRE side=SERVER kind=2 id=74 wall=1791545381689 thread=Netty IO #1 observed=1824
[04:29:41] [Server thread/INFO] [STDOUT]: [com.layue13.clashweave.experiment.s3b.Experiment:log:22]: CW3 RECEIVE id=74 kind=2 stamp=1824 tickObserved=1824 recvWall=1791545381711 sendWall=1791545381638 wireMs=73
[04:29:41] [Server thread/INFO] [STDOUT]: [com.layue13.clashweave.experiment.s3b.Experiment:log:22]: CW3 CONSUME id=74 stamp=1824 consumeTick=1825 recvObserved=1824 age=1 queueMs=0 sendWall=1791545381638 recvWall=1791545381711 consumeWall=1791545381711 accepted=true
[04:29:41] [Server thread/INFO] [STDOUT]: [com.layue13.clashweave.experiment.s3b.Experiment:log:22]: CW3 FREEZE id=74 tick=1825 target=1 attacker=2 distance=1.0
[04:29:41] [Server thread/INFO] [STDOUT]: [com.layue13.clashweave.experiment.s3b.Experiment:log:22]: CW3 RESULT id=74 lead=2 defer=3 hit=1825 commit=1828 commitWall=1791545381854 press=1824 received=1825 window=true inside=true parry=true vanillaAccepted=false loss=0.0 targetHealth=1000.0
[04:29:42] [Server thread/INFO] [STDOUT]: [com.layue13.clashweave.experiment.s3b.Experiment:log:22]: CW3 PLAN id=75 lead=2 defer=3 anchorTick=1833 hit=1845 stamp=1843 anchorWall=1791545382103 legacy=false
[04:29:42] [Netty IO #1/INFO] [STDOUT]: [com.layue13.clashweave.experiment.s3b.Experiment:log:22]: CW3 WIRE side=SERVER kind=2 id=75 wall=1791545382689 thread=Netty IO #1 observed=1844
[04:29:42] [Server thread/INFO] [STDOUT]: [com.layue13.clashweave.experiment.s3b.Experiment:log:22]: CW3 RECEIVE id=75 kind=2 stamp=1844 tickObserved=1844 recvWall=1791545382711 sendWall=1791545382639 wireMs=72
[04:29:42] [Server thread/INFO] [STDOUT]: [com.layue13.clashweave.experiment.s3b.Experiment:log:22]: CW3 CONSUME id=75 stamp=1844 consumeTick=1845 recvObserved=1844 age=1 queueMs=0 sendWall=1791545382639 recvWall=1791545382711 consumeWall=1791545382711 accepted=true
[04:29:42] [Server thread/INFO] [STDOUT]: [com.layue13.clashweave.experiment.s3b.Experiment:log:22]: CW3 FREEZE id=75 tick=1845 target=1 attacker=2 distance=1.0
[04:29:42] [Server thread/INFO] [STDOUT]: [com.layue13.clashweave.experiment.s3b.Experiment:log:22]: CW3 RESULT id=75 lead=2 defer=3 hit=1845 commit=1848 commitWall=1791545382867 press=1844 received=1845 window=true inside=true parry=true vanillaAccepted=false loss=0.0 targetHealth=1000.0
[04:29:43] [Server thread/INFO] [STDOUT]: [com.layue13.clashweave.experiment.s3b.Experiment:log:22]: CW3 PLAN id=76 lead=2 defer=3 anchorTick=1853 hit=1865 stamp=1863 anchorWall=1791545383118 legacy=false
[04:29:43] [Netty IO #1/INFO] [STDOUT]: [com.layue13.clashweave.experiment.s3b.Experiment:log:22]: CW3 WIRE side=SERVER kind=2 id=76 wall=1791545383689 thread=Netty IO #1 observed=1864
[04:29:43] [Server thread/INFO] [STDOUT]: [com.layue13.clashweave.experiment.s3b.Experiment:log:22]: CW3 RECEIVE id=76 kind=2 stamp=1863 tickObserved=1864 recvWall=1791545383710 sendWall=1791545383639 wireMs=71
[04:29:43] [Server thread/INFO] [STDOUT]: [com.layue13.clashweave.experiment.s3b.Experiment:log:22]: CW3 CONSUME id=76 stamp=1863 consumeTick=1865 recvObserved=1864 age=2 queueMs=0 sendWall=1791545383639 recvWall=1791545383710 consumeWall=1791545383710 accepted=true
[04:29:43] [Server thread/INFO] [STDOUT]: [com.layue13.clashweave.experiment.s3b.Experiment:log:22]: CW3 FREEZE id=76 tick=1865 target=1 attacker=2 distance=1.0
[04:29:43] [Server thread/INFO] [STDOUT]: [com.layue13.clashweave.experiment.s3b.Experiment:log:22]: CW3 RESULT id=76 lead=2 defer=3 hit=1865 commit=1868 commitWall=1791545383868 press=1863 received=1865 window=true inside=true parry=true vanillaAccepted=false loss=0.0 targetHealth=1000.0
[04:29:44] [Server thread/INFO] [STDOUT]: [com.layue13.clashweave.experiment.s3b.Experiment:log:22]: CW3 PLAN id=77 lead=2 defer=3 anchorTick=1873 hit=1885 stamp=1883 anchorWall=1791545384116 legacy=false
[04:29:44] [Netty IO #1/INFO] [STDOUT]: [com.layue13.clashweave.experiment.s3b.Experiment:log:22]: CW3 WIRE side=SERVER kind=2 id=77 wall=1791545384689 thread=Netty IO #1 observed=1884
[04:29:44] [Server thread/INFO] [STDOUT]: [com.layue13.clashweave.experiment.s3b.Experiment:log:22]: CW3 RECEIVE id=77 kind=2 stamp=1883 tickObserved=1884 recvWall=1791545384709 sendWall=1791545384638 wireMs=71
[04:29:44] [Server thread/INFO] [STDOUT]: [com.layue13.clashweave.experiment.s3b.Experiment:log:22]: CW3 CONSUME id=77 stamp=1883 consumeTick=1885 recvObserved=1884 age=2 queueMs=0 sendWall=1791545384638 recvWall=1791545384709 consumeWall=1791545384709 accepted=true
[04:29:44] [Server thread/INFO] [STDOUT]: [com.layue13.clashweave.experiment.s3b.Experiment:log:22]: CW3 FREEZE id=77 tick=1885 target=1 attacker=2 distance=1.0
[04:29:44] [Server thread/INFO] [STDOUT]: [com.layue13.clashweave.experiment.s3b.Experiment:log:22]: CW3 RESULT id=77 lead=2 defer=3 hit=1885 commit=1888 commitWall=1791545384864 press=1883 received=1885 window=true inside=true parry=true vanillaAccepted=false loss=0.0 targetHealth=1000.0
[04:29:45] [Server thread/INFO] [STDOUT]: [com.layue13.clashweave.experiment.s3b.Experiment:log:22]: CW3 PLAN id=78 lead=2 defer=3 anchorTick=1893 hit=1905 stamp=1903 anchorWall=1791545385114 legacy=false
[04:29:45] [Netty IO #1/INFO] [STDOUT]: [com.layue13.clashweave.experiment.s3b.Experiment:log:22]: CW3 WIRE side=SERVER kind=2 id=78 wall=1791545385689 thread=Netty IO #1 observed=1904
[04:29:45] [Server thread/INFO] [STDOUT]: [com.layue13.clashweave.experiment.s3b.Experiment:log:22]: CW3 RECEIVE id=78 kind=2 stamp=1904 tickObserved=1904 recvWall=1791545385709 sendWall=1791545385639 wireMs=70
[04:29:45] [Server thread/INFO] [STDOUT]: [com.layue13.clashweave.experiment.s3b.Experiment:log:22]: CW3 CONSUME id=78 stamp=1904 consumeTick=1905 recvObserved=1904 age=1 queueMs=0 sendWall=1791545385639 recvWall=1791545385709 consumeWall=1791545385709 accepted=true
[04:29:45] [Server thread/INFO] [STDOUT]: [com.layue13.clashweave.experiment.s3b.Experiment:log:22]: CW3 FREEZE id=78 tick=1905 target=1 attacker=2 distance=1.0
[04:29:45] [Server thread/INFO] [STDOUT]: [com.layue13.clashweave.experiment.s3b.Experiment:log:22]: CW3 RESULT id=78 lead=2 defer=3 hit=1905 commit=1908 commitWall=1791545385866 press=1904 received=1905 window=true inside=true parry=true vanillaAccepted=false loss=0.0 targetHealth=1000.0
[04:29:46] [Server thread/INFO] [STDOUT]: [com.layue13.clashweave.experiment.s3b.Experiment:log:22]: CW3 PLAN id=79 lead=2 defer=3 anchorTick=1913 hit=1925 stamp=1923 anchorWall=1791545386116 legacy=false
[04:29:46] [Netty IO #1/INFO] [STDOUT]: [com.layue13.clashweave.experiment.s3b.Experiment:log:22]: CW3 WIRE side=SERVER kind=2 id=79 wall=1791545386690 thread=Netty IO #1 observed=1924
[04:29:46] [Server thread/INFO] [STDOUT]: [com.layue13.clashweave.experiment.s3b.Experiment:log:22]: CW3 RECEIVE id=79 kind=2 stamp=1923 tickObserved=1924 recvWall=1791545386710 sendWall=1791545386640 wireMs=70
[04:29:46] [Server thread/INFO] [STDOUT]: [com.layue13.clashweave.experiment.s3b.Experiment:log:22]: CW3 CONSUME id=79 stamp=1923 consumeTick=1925 recvObserved=1924 age=2 queueMs=0 sendWall=1791545386640 recvWall=1791545386710 consumeWall=1791545386710 accepted=true
[04:29:46] [Server thread/INFO] [STDOUT]: [com.layue13.clashweave.experiment.s3b.Experiment:log:22]: CW3 FREEZE id=79 tick=1925 target=1 attacker=2 distance=1.0
[04:29:46] [Server thread/INFO] [STDOUT]: [com.layue13.clashweave.experiment.s3b.Experiment:log:22]: CW3 RESULT id=79 lead=2 defer=3 hit=1925 commit=1928 commitWall=1791545386867 press=1923 received=1925 window=true inside=true parry=true vanillaAccepted=false loss=0.0 targetHealth=1000.0
[04:29:47] [Server thread/INFO] [STDOUT]: [com.layue13.clashweave.experiment.s3b.Experiment:log:22]: CW3 PLAN id=80 lead=3 defer=3 anchorTick=1933 hit=1945 stamp=1942 anchorWall=1791545387114 legacy=false
[04:29:47] [Netty IO #1/INFO] [STDOUT]: [com.layue13.clashweave.experiment.s3b.Experiment:log:22]: CW3 WIRE side=SERVER kind=2 id=80 wall=1791545387640 thread=Netty IO #1 observed=1943
[04:29:47] [Server thread/INFO] [STDOUT]: [com.layue13.clashweave.experiment.s3b.Experiment:log:22]: CW3 RECEIVE id=80 kind=2 stamp=1943 tickObserved=1943 recvWall=1791545387659 sendWall=1791545387589 wireMs=70
[04:29:47] [Server thread/INFO] [STDOUT]: [com.layue13.clashweave.experiment.s3b.Experiment:log:22]: CW3 CONSUME id=80 stamp=1943 consumeTick=1944 recvObserved=1943 age=1 queueMs=0 sendWall=1791545387589 recvWall=1791545387659 consumeWall=1791545387659 accepted=true
[04:29:47] [Server thread/INFO] [STDOUT]: [com.layue13.clashweave.experiment.s3b.Experiment:log:22]: CW3 FREEZE id=80 tick=1945 target=1 attacker=2 distance=1.0
[04:29:47] [Server thread/INFO] [STDOUT]: [com.layue13.clashweave.experiment.s3b.Experiment:log:22]: CW3 RESULT id=80 lead=3 defer=3 hit=1945 commit=1948 commitWall=1791545387862 press=1943 received=1944 window=true inside=true parry=true vanillaAccepted=false loss=0.0 targetHealth=1000.0
[04:29:48] [Server thread/INFO] [STDOUT]: [com.layue13.clashweave.experiment.s3b.Experiment:log:22]: CW3 PLAN id=81 lead=3 defer=3 anchorTick=1953 hit=1965 stamp=1962 anchorWall=1791545388111 legacy=false
[04:29:48] [Netty IO #1/INFO] [STDOUT]: [com.layue13.clashweave.experiment.s3b.Experiment:log:22]: CW3 WIRE side=SERVER kind=2 id=81 wall=1791545388640 thread=Netty IO #1 observed=1963
[04:29:48] [Server thread/INFO] [STDOUT]: [com.layue13.clashweave.experiment.s3b.Experiment:log:22]: CW3 RECEIVE id=81 kind=2 stamp=1963 tickObserved=1963 recvWall=1791545388658 sendWall=1791545388589 wireMs=69
[04:29:48] [Server thread/INFO] [STDOUT]: [com.layue13.clashweave.experiment.s3b.Experiment:log:22]: CW3 CONSUME id=81 stamp=1963 consumeTick=1964 recvObserved=1963 age=1 queueMs=0 sendWall=1791545388589 recvWall=1791545388658 consumeWall=1791545388658 accepted=true
[04:29:48] [Server thread/INFO] [STDOUT]: [com.layue13.clashweave.experiment.s3b.Experiment:log:22]: CW3 FREEZE id=81 tick=1965 target=1 attacker=2 distance=1.0
[04:29:48] [Server thread/INFO] [STDOUT]: [com.layue13.clashweave.experiment.s3b.Experiment:log:22]: CW3 RESULT id=81 lead=3 defer=3 hit=1965 commit=1968 commitWall=1791545388859 press=1963 received=1964 window=true inside=true parry=true vanillaAccepted=false loss=0.0 targetHealth=1000.0
[04:29:49] [Server thread/INFO] [STDOUT]: [com.layue13.clashweave.experiment.s3b.Experiment:log:22]: CW3 PLAN id=82 lead=3 defer=3 anchorTick=1973 hit=1985 stamp=1982 anchorWall=1791545389108 legacy=false
[04:29:49] [Netty IO #1/INFO] [STDOUT]: [com.layue13.clashweave.experiment.s3b.Experiment:log:22]: CW3 WIRE side=SERVER kind=2 id=82 wall=1791545389640 thread=Netty IO #1 observed=1983
[04:29:49] [Server thread/INFO] [STDOUT]: [com.layue13.clashweave.experiment.s3b.Experiment:log:22]: CW3 RECEIVE id=82 kind=2 stamp=1983 tickObserved=1983 recvWall=1791545389667 sendWall=1791545389589 wireMs=78
[04:29:49] [Server thread/INFO] [STDOUT]: [com.layue13.clashweave.experiment.s3b.Experiment:log:22]: CW3 CONSUME id=82 stamp=1983 consumeTick=1984 recvObserved=1983 age=1 queueMs=0 sendWall=1791545389589 recvWall=1791545389667 consumeWall=1791545389667 accepted=true
[04:29:49] [Server thread/INFO] [STDOUT]: [com.layue13.clashweave.experiment.s3b.Experiment:log:22]: CW3 FREEZE id=82 tick=1985 target=1 attacker=2 distance=1.0
[04:29:49] [Server thread/INFO] [STDOUT]: [com.layue13.clashweave.experiment.s3b.Experiment:log:22]: CW3 RESULT id=82 lead=3 defer=3 hit=1985 commit=1988 commitWall=1791545389854 press=1983 received=1984 window=true inside=true parry=true vanillaAccepted=false loss=0.0 targetHealth=1000.0
[04:29:50] [Server thread/INFO] [STDOUT]: [com.layue13.clashweave.experiment.s3b.Experiment:log:22]: CW3 PLAN id=83 lead=3 defer=3 anchorTick=1993 hit=2005 stamp=2002 anchorWall=1791545390118 legacy=false
[04:29:50] [Netty IO #1/INFO] [STDOUT]: [com.layue13.clashweave.experiment.s3b.Experiment:log:22]: CW3 WIRE side=SERVER kind=2 id=83 wall=1791545390639 thread=Netty IO #1 observed=2003
[04:29:50] [Server thread/INFO] [STDOUT]: [com.layue13.clashweave.experiment.s3b.Experiment:log:22]: CW3 RECEIVE id=83 kind=2 stamp=2002 tickObserved=2003 recvWall=1791545390663 sendWall=1791545390588 wireMs=75
[04:29:50] [Server thread/INFO] [STDOUT]: [com.layue13.clashweave.experiment.s3b.Experiment:log:22]: CW3 CONSUME id=83 stamp=2002 consumeTick=2004 recvObserved=2003 age=2 queueMs=0 sendWall=1791545390588 recvWall=1791545390663 consumeWall=1791545390663 accepted=true
[04:29:50] [Server thread/INFO] [STDOUT]: [com.layue13.clashweave.experiment.s3b.Experiment:log:22]: CW3 FREEZE id=83 tick=2005 target=1 attacker=2 distance=1.0
[04:29:50] [Server thread/INFO] [STDOUT]: [com.layue13.clashweave.experiment.s3b.Experiment:log:22]: CW3 RESULT id=83 lead=3 defer=3 hit=2005 commit=2008 commitWall=1791545390865 press=2002 received=2004 window=true inside=true parry=true vanillaAccepted=false loss=0.0 targetHealth=1000.0
[04:29:51] [Server thread/INFO] [STDOUT]: [com.layue13.clashweave.experiment.s3b.Experiment:log:22]: CW3 PLAN id=84 lead=3 defer=3 anchorTick=2013 hit=2025 stamp=2022 anchorWall=1791545391116 legacy=false
[04:29:51] [Netty IO #1/INFO] [STDOUT]: [com.layue13.clashweave.experiment.s3b.Experiment:log:22]: CW3 WIRE side=SERVER kind=2 id=84 wall=1791545391640 thread=Netty IO #1 observed=2023
[04:29:51] [Server thread/INFO] [STDOUT]: [com.layue13.clashweave.experiment.s3b.Experiment:log:22]: CW3 RECEIVE id=84 kind=2 stamp=2022 tickObserved=2023 recvWall=1791545391666 sendWall=1791545391589 wireMs=77
[04:29:51] [Server thread/INFO] [STDOUT]: [com.layue13.clashweave.experiment.s3b.Experiment:log:22]: CW3 CONSUME id=84 stamp=2022 consumeTick=2024 recvObserved=2023 age=2 queueMs=0 sendWall=1791545391589 recvWall=1791545391666 consumeWall=1791545391666 accepted=true
[04:29:51] [Server thread/INFO] [STDOUT]: [com.layue13.clashweave.experiment.s3b.Experiment:log:22]: CW3 FREEZE id=84 tick=2025 target=1 attacker=2 distance=1.0
[04:29:51] [Server thread/INFO] [STDOUT]: [com.layue13.clashweave.experiment.s3b.Experiment:log:22]: CW3 RESULT id=84 lead=3 defer=3 hit=2025 commit=2028 commitWall=1791545391868 press=2022 received=2024 window=true inside=true parry=true vanillaAccepted=false loss=0.0 targetHealth=1000.0
[04:29:52] [Server thread/INFO] [STDOUT]: [com.layue13.clashweave.experiment.s3b.Experiment:log:22]: CW3 PLAN id=85 lead=3 defer=3 anchorTick=2033 hit=2045 stamp=2042 anchorWall=1791545392116 legacy=false
[04:29:52] [Netty IO #1/INFO] [STDOUT]: [com.layue13.clashweave.experiment.s3b.Experiment:log:22]: CW3 WIRE side=SERVER kind=2 id=85 wall=1791545392639 thread=Netty IO #1 observed=2043
[04:29:52] [Server thread/INFO] [STDOUT]: [com.layue13.clashweave.experiment.s3b.Experiment:log:22]: CW3 RECEIVE id=85 kind=2 stamp=2042 tickObserved=2043 recvWall=1791545392665 sendWall=1791545392589 wireMs=76
[04:29:52] [Server thread/INFO] [STDOUT]: [com.layue13.clashweave.experiment.s3b.Experiment:log:22]: CW3 CONSUME id=85 stamp=2042 consumeTick=2044 recvObserved=2043 age=2 queueMs=0 sendWall=1791545392589 recvWall=1791545392665 consumeWall=1791545392665 accepted=true
[04:29:52] [Server thread/INFO] [STDOUT]: [com.layue13.clashweave.experiment.s3b.Experiment:log:22]: CW3 FREEZE id=85 tick=2045 target=1 attacker=2 distance=1.0
[04:29:52] [Server thread/INFO] [STDOUT]: [com.layue13.clashweave.experiment.s3b.Experiment:log:22]: CW3 RESULT id=85 lead=3 defer=3 hit=2045 commit=2048 commitWall=1791545392853 press=2042 received=2044 window=true inside=true parry=true vanillaAccepted=false loss=0.0 targetHealth=1000.0
[04:29:53] [Server thread/INFO] [STDOUT]: [com.layue13.clashweave.experiment.s3b.Experiment:log:22]: CW3 PLAN id=86 lead=3 defer=3 anchorTick=2053 hit=2065 stamp=2062 anchorWall=1791545393104 legacy=false
[04:29:53] [Netty IO #1/INFO] [STDOUT]: [com.layue13.clashweave.experiment.s3b.Experiment:log:22]: CW3 WIRE side=SERVER kind=2 id=86 wall=1791545393640 thread=Netty IO #1 observed=2063
[04:29:53] [Server thread/INFO] [STDOUT]: [com.layue13.clashweave.experiment.s3b.Experiment:log:22]: CW3 RECEIVE id=86 kind=2 stamp=2063 tickObserved=2063 recvWall=1791545393665 sendWall=1791545393589 wireMs=76
[04:29:53] [Server thread/INFO] [STDOUT]: [com.layue13.clashweave.experiment.s3b.Experiment:log:22]: CW3 CONSUME id=86 stamp=2063 consumeTick=2064 recvObserved=2063 age=1 queueMs=0 sendWall=1791545393589 recvWall=1791545393665 consumeWall=1791545393665 accepted=true
[04:29:53] [Server thread/INFO] [STDOUT]: [com.layue13.clashweave.experiment.s3b.Experiment:log:22]: CW3 FREEZE id=86 tick=2065 target=1 attacker=2 distance=1.0
[04:29:53] [Server thread/INFO] [STDOUT]: [com.layue13.clashweave.experiment.s3b.Experiment:log:22]: CW3 RESULT id=86 lead=3 defer=3 hit=2065 commit=2068 commitWall=1791545393853 press=2063 received=2064 window=true inside=true parry=true vanillaAccepted=false loss=0.0 targetHealth=1000.0
[04:29:54] [Server thread/INFO] [STDOUT]: [com.layue13.clashweave.experiment.s3b.Experiment:log:22]: CW3 PLAN id=87 lead=3 defer=3 anchorTick=2073 hit=2085 stamp=2082 anchorWall=1791545394104 legacy=false
[04:29:54] [Netty IO #1/INFO] [STDOUT]: [com.layue13.clashweave.experiment.s3b.Experiment:log:22]: CW3 WIRE side=SERVER kind=2 id=87 wall=1791545394639 thread=Netty IO #1 observed=2083
[04:29:54] [Server thread/INFO] [STDOUT]: [com.layue13.clashweave.experiment.s3b.Experiment:log:22]: CW3 RECEIVE id=87 kind=2 stamp=2083 tickObserved=2083 recvWall=1791545394664 sendWall=1791545394589 wireMs=75
[04:29:54] [Server thread/INFO] [STDOUT]: [com.layue13.clashweave.experiment.s3b.Experiment:log:22]: CW3 CONSUME id=87 stamp=2083 consumeTick=2084 recvObserved=2083 age=1 queueMs=0 sendWall=1791545394589 recvWall=1791545394664 consumeWall=1791545394664 accepted=true
[04:29:54] [Server thread/INFO] [STDOUT]: [com.layue13.clashweave.experiment.s3b.Experiment:log:22]: CW3 FREEZE id=87 tick=2085 target=1 attacker=2 distance=1.0
[04:29:54] [Server thread/INFO] [STDOUT]: [com.layue13.clashweave.experiment.s3b.Experiment:log:22]: CW3 RESULT id=87 lead=3 defer=3 hit=2085 commit=2088 commitWall=1791545394866 press=2083 received=2084 window=true inside=true parry=true vanillaAccepted=false loss=0.0 targetHealth=1000.0
[04:29:55] [Server thread/INFO] [STDOUT]: [com.layue13.clashweave.experiment.s3b.Experiment:log:22]: CW3 PLAN id=88 lead=3 defer=3 anchorTick=2093 hit=2105 stamp=2102 anchorWall=1791545395115 legacy=false
[04:29:55] [Netty IO #1/INFO] [STDOUT]: [com.layue13.clashweave.experiment.s3b.Experiment:log:22]: CW3 WIRE side=SERVER kind=2 id=88 wall=1791545395639 thread=Netty IO #1 observed=2103
[04:29:55] [Server thread/INFO] [STDOUT]: [com.layue13.clashweave.experiment.s3b.Experiment:log:22]: CW3 RECEIVE id=88 kind=2 stamp=2102 tickObserved=2103 recvWall=1791545395663 sendWall=1791545395589 wireMs=74
[04:29:55] [Server thread/INFO] [STDOUT]: [com.layue13.clashweave.experiment.s3b.Experiment:log:22]: CW3 CONSUME id=88 stamp=2102 consumeTick=2104 recvObserved=2103 age=2 queueMs=0 sendWall=1791545395589 recvWall=1791545395663 consumeWall=1791545395663 accepted=true
[04:29:55] [Server thread/INFO] [STDOUT]: [com.layue13.clashweave.experiment.s3b.Experiment:log:22]: CW3 FREEZE id=88 tick=2105 target=1 attacker=2 distance=1.0
[04:29:55] [Server thread/INFO] [STDOUT]: [com.layue13.clashweave.experiment.s3b.Experiment:log:22]: CW3 RESULT id=88 lead=3 defer=3 hit=2105 commit=2108 commitWall=1791545395865 press=2102 received=2104 window=true inside=true parry=true vanillaAccepted=false loss=0.0 targetHealth=1000.0
[04:29:56] [Server thread/INFO] [STDOUT]: [com.layue13.clashweave.experiment.s3b.Experiment:log:22]: CW3 PLAN id=89 lead=3 defer=3 anchorTick=2113 hit=2125 stamp=2122 anchorWall=1791545396115 legacy=false
[04:29:56] [Netty IO #1/INFO] [STDOUT]: [com.layue13.clashweave.experiment.s3b.Experiment:log:22]: CW3 WIRE side=SERVER kind=2 id=89 wall=1791545396643 thread=Netty IO #1 observed=2123
[04:29:56] [Server thread/INFO] [STDOUT]: [com.layue13.clashweave.experiment.s3b.Experiment:log:22]: CW3 RECEIVE id=89 kind=2 stamp=2123 tickObserved=2123 recvWall=1791545396654 sendWall=1791545396593 wireMs=61
[04:29:56] [Server thread/INFO] [STDOUT]: [com.layue13.clashweave.experiment.s3b.Experiment:log:22]: CW3 CONSUME id=89 stamp=2123 consumeTick=2124 recvObserved=2123 age=1 queueMs=0 sendWall=1791545396593 recvWall=1791545396654 consumeWall=1791545396654 accepted=true
[04:29:56] [Server thread/INFO] [STDOUT]: [com.layue13.clashweave.experiment.s3b.Experiment:log:22]: CW3 FREEZE id=89 tick=2125 target=1 attacker=2 distance=1.0
[04:29:56] [Server thread/INFO] [STDOUT]: [com.layue13.clashweave.experiment.s3b.Experiment:log:22]: CW3 RESULT id=89 lead=3 defer=3 hit=2125 commit=2128 commitWall=1791545396854 press=2123 received=2124 window=true inside=true parry=true vanillaAccepted=false loss=0.0 targetHealth=1000.0
[04:29:57] [Server thread/INFO] [STDOUT]: [com.layue13.clashweave.experiment.s3b.Experiment:log:22]: CW3 PLAN id=90 lead=4 defer=3 anchorTick=2133 hit=2145 stamp=2141 anchorWall=1791545397106 legacy=false
[04:29:57] [Netty IO #1/INFO] [STDOUT]: [com.layue13.clashweave.experiment.s3b.Experiment:log:22]: CW3 WIRE side=SERVER kind=2 id=90 wall=1791545397590 thread=Netty IO #1 observed=2142
[04:29:57] [Server thread/INFO] [STDOUT]: [com.layue13.clashweave.experiment.s3b.Experiment:log:22]: CW3 RECEIVE id=90 kind=2 stamp=2142 tickObserved=2142 recvWall=1791545397608 sendWall=1791545397539 wireMs=69
[04:29:57] [Server thread/INFO] [STDOUT]: [com.layue13.clashweave.experiment.s3b.Experiment:log:22]: CW3 CONSUME id=90 stamp=2142 consumeTick=2143 recvObserved=2142 age=1 queueMs=0 sendWall=1791545397539 recvWall=1791545397608 consumeWall=1791545397608 accepted=true
[04:29:57] [Server thread/INFO] [STDOUT]: [com.layue13.clashweave.experiment.s3b.Experiment:log:22]: CW3 FREEZE id=90 tick=2145 target=1 attacker=2 distance=1.0
[04:29:57] [Server thread/INFO] [STDOUT]: [com.layue13.clashweave.experiment.s3b.Experiment:log:22]: CW3 RESULT id=90 lead=4 defer=3 hit=2145 commit=2148 commitWall=1791545397860 press=2142 received=2143 window=true inside=true parry=true vanillaAccepted=false loss=0.0 targetHealth=1000.0
[04:29:58] [Server thread/INFO] [STDOUT]: [com.layue13.clashweave.experiment.s3b.Experiment:log:22]: CW3 PLAN id=91 lead=4 defer=3 anchorTick=2153 hit=2165 stamp=2161 anchorWall=1791545398109 legacy=false
[04:29:58] [Netty IO #1/INFO] [STDOUT]: [com.layue13.clashweave.experiment.s3b.Experiment:log:22]: CW3 WIRE side=SERVER kind=2 id=91 wall=1791545398595 thread=Netty IO #1 observed=2162
[04:29:58] [Server thread/INFO] [STDOUT]: [com.layue13.clashweave.experiment.s3b.Experiment:log:22]: CW3 RECEIVE id=91 kind=2 stamp=2162 tickObserved=2162 recvWall=1791545398607 sendWall=1791545398544 wireMs=63
[04:29:58] [Server thread/INFO] [STDOUT]: [com.layue13.clashweave.experiment.s3b.Experiment:log:22]: CW3 CONSUME id=91 stamp=2162 consumeTick=2163 recvObserved=2162 age=1 queueMs=0 sendWall=1791545398544 recvWall=1791545398607 consumeWall=1791545398607 accepted=true
[04:29:58] [Server thread/INFO] [STDOUT]: [com.layue13.clashweave.experiment.s3b.Experiment:log:22]: CW3 FREEZE id=91 tick=2165 target=1 attacker=2 distance=1.0
[04:29:58] [Server thread/INFO] [STDOUT]: [com.layue13.clashweave.experiment.s3b.Experiment:log:22]: CW3 RESULT id=91 lead=4 defer=3 hit=2165 commit=2168 commitWall=1791545398857 press=2162 received=2163 window=true inside=true parry=true vanillaAccepted=false loss=0.0 targetHealth=1000.0
[04:29:59] [Server thread/INFO] [STDOUT]: [com.layue13.clashweave.experiment.s3b.Experiment:log:22]: CW3 PLAN id=92 lead=4 defer=3 anchorTick=2173 hit=2185 stamp=2181 anchorWall=1791545399107 legacy=false
[04:29:59] [Netty IO #1/INFO] [STDOUT]: [com.layue13.clashweave.experiment.s3b.Experiment:log:22]: CW3 WIRE side=SERVER kind=2 id=92 wall=1791545399594 thread=Netty IO #1 observed=2182
[04:29:59] [Server thread/INFO] [STDOUT]: [com.layue13.clashweave.experiment.s3b.Experiment:log:22]: CW3 RECEIVE id=92 kind=2 stamp=2182 tickObserved=2182 recvWall=1791545399606 sendWall=1791545399544 wireMs=62
[04:29:59] [Server thread/INFO] [STDOUT]: [com.layue13.clashweave.experiment.s3b.Experiment:log:22]: CW3 CONSUME id=92 stamp=2182 consumeTick=2183 recvObserved=2182 age=1 queueMs=0 sendWall=1791545399544 recvWall=1791545399606 consumeWall=1791545399606 accepted=true
[04:29:59] [Server thread/INFO] [STDOUT]: [com.layue13.clashweave.experiment.s3b.Experiment:log:22]: CW3 FREEZE id=92 tick=2185 target=1 attacker=2 distance=1.0
[04:29:59] [Server thread/INFO] [STDOUT]: [com.layue13.clashweave.experiment.s3b.Experiment:log:22]: CW3 RESULT id=92 lead=4 defer=3 hit=2185 commit=2188 commitWall=1791545399858 press=2182 received=2183 window=true inside=true parry=true vanillaAccepted=false loss=0.0 targetHealth=1000.0
[04:30:00] [Server thread/INFO] [STDOUT]: [com.layue13.clashweave.experiment.s3b.Experiment:log:22]: CW3 PLAN id=93 lead=4 defer=3 anchorTick=2193 hit=2205 stamp=2201 anchorWall=1791545400110 legacy=false
[04:30:00] [Netty IO #1/INFO] [STDOUT]: [com.layue13.clashweave.experiment.s3b.Experiment:log:22]: CW3 WIRE side=SERVER kind=2 id=93 wall=1791545400590 thread=Netty IO #1 observed=2202
[04:30:00] [Server thread/INFO] [STDOUT]: [com.layue13.clashweave.experiment.s3b.Experiment:log:22]: CW3 RECEIVE id=93 kind=2 stamp=2202 tickObserved=2202 recvWall=1791545400610 sendWall=1791545400539 wireMs=71
[04:30:00] [Server thread/INFO] [STDOUT]: [com.layue13.clashweave.experiment.s3b.Experiment:log:22]: CW3 CONSUME id=93 stamp=2202 consumeTick=2203 recvObserved=2202 age=1 queueMs=0 sendWall=1791545400539 recvWall=1791545400610 consumeWall=1791545400610 accepted=true
[04:30:00] [Server thread/INFO] [STDOUT]: [com.layue13.clashweave.experiment.s3b.Experiment:log:22]: CW3 FREEZE id=93 tick=2205 target=1 attacker=2 distance=1.0
[04:30:00] [Server thread/INFO] [STDOUT]: [com.layue13.clashweave.experiment.s3b.Experiment:log:22]: CW3 RESULT id=93 lead=4 defer=3 hit=2205 commit=2208 commitWall=1791545400861 press=2202 received=2203 window=true inside=true parry=true vanillaAccepted=false loss=0.0 targetHealth=1000.0
[04:30:01] [Server thread/INFO] [STDOUT]: [com.layue13.clashweave.experiment.s3b.Experiment:log:22]: CW3 PLAN id=94 lead=4 defer=3 anchorTick=2213 hit=2225 stamp=2221 anchorWall=1791545401109 legacy=false
[04:30:01] [Netty IO #1/INFO] [STDOUT]: [com.layue13.clashweave.experiment.s3b.Experiment:log:22]: CW3 WIRE side=SERVER kind=2 id=94 wall=1791545401589 thread=Netty IO #1 observed=2222
[04:30:01] [Server thread/INFO] [STDOUT]: [com.layue13.clashweave.experiment.s3b.Experiment:log:22]: CW3 RECEIVE id=94 kind=2 stamp=2222 tickObserved=2222 recvWall=1791545401610 sendWall=1791545401539 wireMs=71
[04:30:01] [Server thread/INFO] [STDOUT]: [com.layue13.clashweave.experiment.s3b.Experiment:log:22]: CW3 CONSUME id=94 stamp=2222 consumeTick=2223 recvObserved=2222 age=1 queueMs=0 sendWall=1791545401539 recvWall=1791545401610 consumeWall=1791545401610 accepted=true
[04:30:01] [Server thread/INFO] [STDOUT]: [com.layue13.clashweave.experiment.s3b.Experiment:log:22]: CW3 FREEZE id=94 tick=2225 target=1 attacker=2 distance=1.0
[04:30:01] [Server thread/INFO] [STDOUT]: [com.layue13.clashweave.experiment.s3b.Experiment:log:22]: CW3 RESULT id=94 lead=4 defer=3 hit=2225 commit=2228 commitWall=1791545401859 press=2222 received=2223 window=true inside=true parry=true vanillaAccepted=false loss=0.0 targetHealth=1000.0
[04:30:02] [Server thread/INFO] [STDOUT]: [com.layue13.clashweave.experiment.s3b.Experiment:log:22]: CW3 PLAN id=95 lead=4 defer=3 anchorTick=2233 hit=2245 stamp=2241 anchorWall=1791545402110 legacy=false
[04:30:02] [Netty IO #1/INFO] [STDOUT]: [com.layue13.clashweave.experiment.s3b.Experiment:log:22]: CW3 WIRE side=SERVER kind=2 id=95 wall=1791545402590 thread=Netty IO #1 observed=2242
[04:30:02] [Server thread/INFO] [STDOUT]: [com.layue13.clashweave.experiment.s3b.Experiment:log:22]: CW3 RECEIVE id=95 kind=2 stamp=2242 tickObserved=2242 recvWall=1791545402610 sendWall=1791545402539 wireMs=71
[04:30:02] [Server thread/INFO] [STDOUT]: [com.layue13.clashweave.experiment.s3b.Experiment:log:22]: CW3 CONSUME id=95 stamp=2242 consumeTick=2243 recvObserved=2242 age=1 queueMs=0 sendWall=1791545402539 recvWall=1791545402610 consumeWall=1791545402610 accepted=true
[04:30:02] [Server thread/INFO] [STDOUT]: [com.layue13.clashweave.experiment.s3b.Experiment:log:22]: CW3 FREEZE id=95 tick=2245 target=1 attacker=2 distance=1.0
[04:30:02] [Server thread/INFO] [STDOUT]: [com.layue13.clashweave.experiment.s3b.Experiment:log:22]: CW3 RESULT id=95 lead=4 defer=3 hit=2245 commit=2248 commitWall=1791545402859 press=2242 received=2243 window=true inside=true parry=true vanillaAccepted=false loss=0.0 targetHealth=1000.0
[04:30:03] [Server thread/INFO] [STDOUT]: [com.layue13.clashweave.experiment.s3b.Experiment:log:22]: CW3 PLAN id=96 lead=4 defer=3 anchorTick=2253 hit=2265 stamp=2261 anchorWall=1791545403109 legacy=false
[04:30:03] [Netty IO #1/INFO] [STDOUT]: [com.layue13.clashweave.experiment.s3b.Experiment:log:22]: CW3 WIRE side=SERVER kind=2 id=96 wall=1791545403589 thread=Netty IO #1 observed=2262
[04:30:03] [Server thread/INFO] [STDOUT]: [com.layue13.clashweave.experiment.s3b.Experiment:log:22]: CW3 RECEIVE id=96 kind=2 stamp=2262 tickObserved=2262 recvWall=1791545403609 sendWall=1791545403538 wireMs=71
[04:30:03] [Server thread/INFO] [STDOUT]: [com.layue13.clashweave.experiment.s3b.Experiment:log:22]: CW3 CONSUME id=96 stamp=2262 consumeTick=2263 recvObserved=2262 age=1 queueMs=0 sendWall=1791545403538 recvWall=1791545403609 consumeWall=1791545403609 accepted=true
[04:30:03] [Server thread/INFO] [STDOUT]: [com.layue13.clashweave.experiment.s3b.Experiment:log:22]: CW3 FREEZE id=96 tick=2265 target=1 attacker=2 distance=1.0
[04:30:03] [Server thread/INFO] [STDOUT]: [com.layue13.clashweave.experiment.s3b.Experiment:log:22]: CW3 RESULT id=96 lead=4 defer=3 hit=2265 commit=2268 commitWall=1791545403858 press=2262 received=2263 window=true inside=true parry=true vanillaAccepted=false loss=0.0 targetHealth=1000.0
[04:30:04] [Server thread/INFO] [STDOUT]: [com.layue13.clashweave.experiment.s3b.Experiment:log:22]: CW3 PLAN id=97 lead=4 defer=3 anchorTick=2273 hit=2285 stamp=2281 anchorWall=1791545404110 legacy=false
[04:30:04] [Netty IO #1/INFO] [STDOUT]: [com.layue13.clashweave.experiment.s3b.Experiment:log:22]: CW3 WIRE side=SERVER kind=2 id=97 wall=1791545404589 thread=Netty IO #1 observed=2282
[04:30:04] [Server thread/INFO] [STDOUT]: [com.layue13.clashweave.experiment.s3b.Experiment:log:22]: CW3 RECEIVE id=97 kind=2 stamp=2282 tickObserved=2282 recvWall=1791545404606 sendWall=1791545404539 wireMs=67
[04:30:04] [Server thread/INFO] [STDOUT]: [com.layue13.clashweave.experiment.s3b.Experiment:log:22]: CW3 CONSUME id=97 stamp=2282 consumeTick=2283 recvObserved=2282 age=1 queueMs=0 sendWall=1791545404539 recvWall=1791545404606 consumeWall=1791545404606 accepted=true
[04:30:04] [Server thread/INFO] [STDOUT]: [com.layue13.clashweave.experiment.s3b.Experiment:log:22]: CW3 FREEZE id=97 tick=2285 target=1 attacker=2 distance=1.0
[04:30:04] [Server thread/INFO] [STDOUT]: [com.layue13.clashweave.experiment.s3b.Experiment:log:22]: CW3 RESULT id=97 lead=4 defer=3 hit=2285 commit=2288 commitWall=1791545404857 press=2282 received=2283 window=true inside=true parry=true vanillaAccepted=false loss=0.0 targetHealth=1000.0
[04:30:05] [Server thread/INFO] [STDOUT]: [com.layue13.clashweave.experiment.s3b.Experiment:log:22]: CW3 PLAN id=98 lead=4 defer=3 anchorTick=2293 hit=2305 stamp=2301 anchorWall=1791545405106 legacy=false
[04:30:05] [Netty IO #1/INFO] [STDOUT]: [com.layue13.clashweave.experiment.s3b.Experiment:log:22]: CW3 WIRE side=SERVER kind=2 id=98 wall=1791545405590 thread=Netty IO #1 observed=2302
[04:30:05] [Server thread/INFO] [STDOUT]: [com.layue13.clashweave.experiment.s3b.Experiment:log:22]: CW3 RECEIVE id=98 kind=2 stamp=2302 tickObserved=2302 recvWall=1791545405606 sendWall=1791545405539 wireMs=67
[04:30:05] [Server thread/INFO] [STDOUT]: [com.layue13.clashweave.experiment.s3b.Experiment:log:22]: CW3 CONSUME id=98 stamp=2302 consumeTick=2303 recvObserved=2302 age=1 queueMs=0 sendWall=1791545405539 recvWall=1791545405606 consumeWall=1791545405606 accepted=true
[04:30:05] [Server thread/INFO] [STDOUT]: [com.layue13.clashweave.experiment.s3b.Experiment:log:22]: CW3 FREEZE id=98 tick=2305 target=1 attacker=2 distance=1.0
[04:30:05] [Server thread/INFO] [STDOUT]: [com.layue13.clashweave.experiment.s3b.Experiment:log:22]: CW3 RESULT id=98 lead=4 defer=3 hit=2305 commit=2308 commitWall=1791545405855 press=2302 received=2303 window=true inside=true parry=true vanillaAccepted=false loss=0.0 targetHealth=1000.0
[04:30:06] [Server thread/INFO] [STDOUT]: [com.layue13.clashweave.experiment.s3b.Experiment:log:22]: CW3 PLAN id=99 lead=4 defer=3 anchorTick=2313 hit=2325 stamp=2321 anchorWall=1791545406105 legacy=false
[04:30:06] [Netty IO #1/INFO] [STDOUT]: [com.layue13.clashweave.experiment.s3b.Experiment:log:22]: CW3 WIRE side=SERVER kind=2 id=99 wall=1791545406595 thread=Netty IO #1 observed=2322
[04:30:06] [Server thread/INFO] [STDOUT]: [com.layue13.clashweave.experiment.s3b.Experiment:log:22]: CW3 RECEIVE id=99 kind=2 stamp=2322 tickObserved=2322 recvWall=1791545406606 sendWall=1791545406544 wireMs=62
[04:30:06] [Server thread/INFO] [STDOUT]: [com.layue13.clashweave.experiment.s3b.Experiment:log:22]: CW3 CONSUME id=99 stamp=2322 consumeTick=2323 recvObserved=2322 age=1 queueMs=0 sendWall=1791545406544 recvWall=1791545406606 consumeWall=1791545406606 accepted=true
[04:30:06] [Server thread/INFO] [STDOUT]: [com.layue13.clashweave.experiment.s3b.Experiment:log:22]: CW3 FREEZE id=99 tick=2325 target=1 attacker=2 distance=1.0
[04:30:06] [Server thread/INFO] [STDOUT]: [com.layue13.clashweave.experiment.s3b.Experiment:log:22]: CW3 RESULT id=99 lead=4 defer=3 hit=2325 commit=2328 commitWall=1791545406856 press=2322 received=2323 window=true inside=true parry=true vanillaAccepted=false loss=0.0 targetHealth=1000.0
[04:30:07] [Server thread/INFO] [STDOUT]: [com.layue13.clashweave.experiment.s3b.Experiment:log:22]: CW3 DONE total=100 eligible=87 eligibleSuccess=87 conditionalAll=true window=5 ageCap=8 worldRollback=false
[04:30:07] [Server thread/INFO]: Stopping the server
[04:30:07] [Server thread/INFO]: Stopping server
[04:30:07] [Server thread/INFO]: Saving players
[04:30:07] [Server thread/INFO]: Saving worlds
[04:30:07] [Server thread/INFO]: Saving chunks for level 'world'/Overworld
[04:30:07] [Server thread/INFO]: Saving chunks for level 'world'/Nether
[04:30:07] [Server thread/INFO]: Saving chunks for level 'world'/The End
[04:30:07] [Server thread/INFO] [FML]: Unloading dimension 0
[04:30:07] [Server thread/INFO] [FML]: Unloading dimension -1
[04:30:07] [Server thread/INFO] [FML]: Unloading dimension 1
[04:30:07] [Server thread/INFO] [FML]: Applying holder lookups
[04:30:07] [Server thread/INFO] [FML]: Holder lookups applied
