[Opened C:\Program Files\Zulu\zulu-8\jre\lib\rt.jar]
[Opened C:\Program Files\Zulu\zulu-8\jre\lib\jfr.jar]
[04:30:08] [main/INFO] [GradleStart]: Extra: [nogui]
[04:30:08] [main/INFO] [GradleStart]: Running with arguments: [--tweakClass, cpw.mods.fml.common.launcher.FMLServerTweaker, nogui, --tweakClass, net.minecraftforge.gradle.tweakers.CoremodTweaker]
[04:30:08] [main/INFO] [LaunchWrapper]: Loading tweak class name cpw.mods.fml.common.launcher.FMLServerTweaker
[04:30:08] [main/INFO] [LaunchWrapper]: Using primary tweak class name cpw.mods.fml.common.launcher.FMLServerTweaker
[04:30:08] [main/INFO] [LaunchWrapper]: Loading tweak class name net.minecraftforge.gradle.tweakers.CoremodTweaker
[04:30:08] [main/INFO] [LaunchWrapper]: Calling tweak class cpw.mods.fml.common.launcher.FMLServerTweaker
[04:30:08] [main/INFO] [FML]: Forge Mod Loader version 7.99.40.1614 for Minecraft 1.7.10 loading
[04:30:08] [main/INFO] [FML]: Java is OpenJDK 64-Bit Server VM, version 1.8.0_504, running on Windows 11:amd64:10.0, installed at C:\Program Files\Zulu\zulu-8\jre
[04:30:08] [main/INFO] [FML]: Managed to load a deobfuscated Minecraft name- we are in a deobfuscated environment. Skipping runtime deobfuscation
[04:30:08] [main/INFO] [LaunchWrapper]: Calling tweak class net.minecraftforge.gradle.tweakers.CoremodTweaker
[04:30:08] [main/INFO] [GradleStart]: Injecting location in coremod cpw.mods.fml.relauncher.FMLCorePlugin
[04:30:08] [main/INFO] [GradleStart]: Injecting location in coremod net.minecraftforge.classloading.FMLForgePlugin
[04:30:08] [main/INFO] [LaunchWrapper]: Loading tweak class name cpw.mods.fml.common.launcher.FMLInjectionAndSortingTweaker
[04:30:08] [main/INFO] [LaunchWrapper]: Loading tweak class name cpw.mods.fml.common.launcher.FMLDeobfTweaker
[04:30:08] [main/INFO] [LaunchWrapper]: Loading tweak class name net.minecraftforge.gradle.tweakers.AccessTransformerTweaker
[04:30:08] [main/INFO] [LaunchWrapper]: Calling tweak class cpw.mods.fml.common.launcher.FMLInjectionAndSortingTweaker
[04:30:08] [main/INFO] [LaunchWrapper]: Calling tweak class cpw.mods.fml.common.launcher.FMLInjectionAndSortingTweaker
[04:30:08] [main/INFO] [LaunchWrapper]: Calling tweak class cpw.mods.fml.relauncher.CoreModManager$FMLPluginWrapper
[04:30:08] [main/ERROR] [FML]: The binary patch set is missing. Either you are in a development environment, or things are not going to work!
[04:30:08] [main/ERROR] [FML]: FML appears to be missing any signature data. This is not a good thing
[04:30:08] [main/INFO] [LaunchWrapper]: Calling tweak class cpw.mods.fml.relauncher.CoreModManager$FMLPluginWrapper
[04:30:08] [main/INFO] [LaunchWrapper]: Calling tweak class cpw.mods.fml.common.launcher.FMLDeobfTweaker
[04:30:09] [main/INFO] [LaunchWrapper]: Calling tweak class net.minecraftforge.gradle.tweakers.AccessTransformerTweaker
[04:30:09] [main/INFO] [LaunchWrapper]: Loading tweak class name cpw.mods.fml.common.launcher.TerminalTweaker
[04:30:09] [main/INFO] [LaunchWrapper]: Calling tweak class cpw.mods.fml.common.launcher.TerminalTweaker
[04:30:09] [main/INFO] [LaunchWrapper]: Launching wrapped minecraft {net.minecraft.server.MinecraftServer}
[Opened C:\Program Files\Zulu\zulu-8\jre\lib\jsse.jar]
[04:30:09] [Server thread/INFO]: Starting minecraft server version 1.7.10
[04:30:09] [Server thread/INFO] [MinecraftForge]: Attempting early MinecraftForge initialization
[04:30:09] [Server thread/INFO] [FML]: MinecraftForge v10.13.4.1614 Initialized
[04:30:09] [Server thread/INFO] [FML]: Replaced 183 ore recipies
[04:30:09] [Server thread/INFO] [MinecraftForge]: Completed early MinecraftForge initialization
[04:30:09] [Server thread/INFO] [FML]: Config directory created successfully
[04:30:09] [Server thread/INFO] [FML]: Found 0 mods from the command line. Injecting into mod discoverer
[04:30:09] [Server thread/INFO] [FML]: Searching C:\Users\layue13\Documents\Projects\Clashweave\run\probes2\s3b-qpc-rtt200\server\mods for mods
[04:30:11] [Server thread/INFO] [FML]: Forge Mod Loader has identified 5 mods to load
[04:30:11] [Server thread/INFO] [FML]: Attempting connection with missing mods [mcp, FML, Forge, clashweave, cw_s3b] at CLIENT
[04:30:11] [Server thread/INFO] [FML]: Attempting connection with missing mods [mcp, FML, Forge, clashweave, cw_s3b] at SERVER
[04:30:12] [Server thread/INFO] [FML]: Processing ObjectHolder annotations
[04:30:12] [Server thread/INFO] [FML]: Found 341 ObjectHolder annotations
[04:30:12] [Server thread/INFO] [FML]: Identifying ItemStackHolder annotations
[04:30:12] [Server thread/INFO] [FML]: Found 0 ItemStackHolder annotations
[04:30:12] [Server thread/INFO] [FML]: Configured a dormant chunk cache size of 0
[04:30:12] [Server thread/INFO] [clashweave]: Clashweave 0.1.0-dev initialized
[04:30:12] [Server thread/INFO] [FML]: Applying holder lookups
[04:30:12] [Server thread/INFO] [FML]: Holder lookups applied
[04:30:12] [Server thread/INFO] [FML]: Injecting itemstacks
[04:30:12] [Server thread/INFO] [FML]: Itemstack injection complete
[04:30:12] [Server thread/INFO]: Loading properties
[04:30:12] [Server thread/INFO]: Default game type: SURVIVAL
[04:30:12] [Server thread/INFO]: Generating keypair
[Opened C:\Program Files\Zulu\zulu-8\jre\lib\jce.jar]
[04:30:12] [Server thread/INFO]: Starting Minecraft server on 127.0.0.1:25572
[04:30:12] [Server thread/WARN]: **** SERVER IS RUNNING IN OFFLINE/INSECURE MODE!
[04:30:12] [Server thread/WARN]: The server will make no attempt to authenticate usernames. Beware.
[04:30:12] [Server thread/WARN]: While this makes the game possible to play without internet access, it also opens up the ability for hackers to connect with any username they choose.
[04:30:12] [Server thread/WARN]: To change this, set "online-mode" to "true" in the server.properties file.
[04:30:12] [Server thread/INFO] [FML]: Injecting itemstacks
[04:30:12] [Server thread/INFO] [FML]: Itemstack injection complete
[04:30:12] [Server thread/INFO] [FML]: Forge Mod Loader has successfully loaded 5 mods
[04:30:12] [Server thread/WARN]: Failed to load user banlist: 
java.io.FileNotFoundException: banned-players.json (The system cannot find the file specified)
	at java.io.FileInputStream.open0(Native Method) ~[?:1.8.0_504]
	at java.io.FileInputStream.open(FileInputStream.java:195) ~[?:1.8.0_504]
	at java.io.FileInputStream.<init>(FileInputStream.java:138) ~[?:1.8.0_504]
	at com.google.common.io.Files.newReader(Files.java:86) ~[guava-17.0.jar:?]
	at net.minecraft.server.management.UserList.func_152679_g(UserList.java:195) ~[UserList.class:?]
	at net.minecraft.server.dedicated.DedicatedPlayerList.func_152620_y(DedicatedPlayerList.java:124) [DedicatedPlayerList.class:?]
	at net.minecraft.server.dedicated.DedicatedPlayerList.<init>(DedicatedPlayerList.java:31) [DedicatedPlayerList.class:?]
	at net.minecraft.server.dedicated.DedicatedServer.startServer(DedicatedServer.java:214) [DedicatedServer.class:?]
	at net.minecraft.server.MinecraftServer.run(MinecraftServer.java:449) [MinecraftServer.class:?]
	at net.minecraft.server.MinecraftServer$2.run(MinecraftServer.java:756) [MinecraftServer$2.class:?]
[04:30:12] [Server thread/WARN]: Failed to load ip banlist: 
java.io.FileNotFoundException: banned-ips.json (The system cannot find the file specified)
	at java.io.FileInputStream.open0(Native Method) ~[?:1.8.0_504]
	at java.io.FileInputStream.open(FileInputStream.java:195) ~[?:1.8.0_504]
	at java.io.FileInputStream.<init>(FileInputStream.java:138) ~[?:1.8.0_504]
	at com.google.common.io.Files.newReader(Files.java:86) ~[guava-17.0.jar:?]
	at net.minecraft.server.management.UserList.func_152679_g(UserList.java:195) ~[UserList.class:?]
	at net.minecraft.server.dedicated.DedicatedPlayerList.func_152619_x(DedicatedPlayerList.java:112) [DedicatedPlayerList.class:?]
	at net.minecraft.server.dedicated.DedicatedPlayerList.<init>(DedicatedPlayerList.java:33) [DedicatedPlayerList.class:?]
	at net.minecraft.server.dedicated.DedicatedServer.startServer(DedicatedServer.java:214) [DedicatedServer.class:?]
	at net.minecraft.server.MinecraftServer.run(MinecraftServer.java:449) [MinecraftServer.class:?]
	at net.minecraft.server.MinecraftServer$2.run(MinecraftServer.java:756) [MinecraftServer$2.class:?]
[04:30:12] [Server thread/WARN]: Failed to load operators list: 
java.io.FileNotFoundException: ops.json (The system cannot find the file specified)
	at java.io.FileInputStream.open0(Native Method) ~[?:1.8.0_504]
	at java.io.FileInputStream.open(FileInputStream.java:195) ~[?:1.8.0_504]
	at java.io.FileInputStream.<init>(FileInputStream.java:138) ~[?:1.8.0_504]
	at com.google.common.io.Files.newReader(Files.java:86) ~[guava-17.0.jar:?]
	at net.minecraft.server.management.UserList.func_152679_g(UserList.java:195) ~[UserList.class:?]
	at net.minecraft.server.dedicated.DedicatedPlayerList.loadOpsList(DedicatedPlayerList.java:136) [DedicatedPlayerList.class:?]
	at net.minecraft.server.dedicated.DedicatedPlayerList.<init>(DedicatedPlayerList.java:35) [DedicatedPlayerList.class:?]
	at net.minecraft.server.dedicated.DedicatedServer.startServer(DedicatedServer.java:214) [DedicatedServer.class:?]
	at net.minecraft.server.MinecraftServer.run(MinecraftServer.java:449) [MinecraftServer.class:?]
	at net.minecraft.server.MinecraftServer$2.run(MinecraftServer.java:756) [MinecraftServer$2.class:?]
[04:30:12] [Server thread/WARN]: Failed to load white-list: 
java.io.FileNotFoundException: whitelist.json (The system cannot find the file specified)
	at java.io.FileInputStream.open0(Native Method) ~[?:1.8.0_504]
	at java.io.FileInputStream.open(FileInputStream.java:195) ~[?:1.8.0_504]
	at java.io.FileInputStream.<init>(FileInputStream.java:138) ~[?:1.8.0_504]
	at com.google.common.io.Files.newReader(Files.java:86) ~[guava-17.0.jar:?]
	at net.minecraft.server.management.UserList.func_152679_g(UserList.java:195) ~[UserList.class:?]
	at net.minecraft.server.dedicated.DedicatedPlayerList.readWhiteList(DedicatedPlayerList.java:160) [DedicatedPlayerList.class:?]
	at net.minecraft.server.dedicated.DedicatedPlayerList.<init>(DedicatedPlayerList.java:36) [DedicatedPlayerList.class:?]
	at net.minecraft.server.dedicated.DedicatedServer.startServer(DedicatedServer.java:214) [DedicatedServer.class:?]
	at net.minecraft.server.MinecraftServer.run(MinecraftServer.java:449) [MinecraftServer.class:?]
	at net.minecraft.server.MinecraftServer$2.run(MinecraftServer.java:756) [MinecraftServer$2.class:?]
[04:30:12] [Server thread/INFO]: Preparing level "world"
[04:30:12] [Forge Version Check/INFO] [STDERR]: [java.lang.Throwable$WrappedPrintStream:println:749]: com.google.gson.JsonSyntaxException: java.lang.IllegalStateException: Expected BEGIN_OBJECT but was STRING at line 1 column 1
[04:30:12] [Forge Version Check/INFO] [STDERR]: [java.lang.Throwable$WrappedPrintStream:println:749]: 	at com.google.gson.Gson.fromJson(Gson.java:815)
[04:30:12] [Forge Version Check/INFO] [STDERR]: [java.lang.Throwable$WrappedPrintStream:println:749]: 	at com.google.gson.Gson.fromJson(Gson.java:768)
[04:30:12] [Forge Version Check/INFO] [STDERR]: [java.lang.Throwable$WrappedPrintStream:println:749]: 	at com.google.gson.Gson.fromJson(Gson.java:717)
[04:30:12] [Forge Version Check/INFO] [STDERR]: [java.lang.Throwable$WrappedPrintStream:println:749]: 	at com.google.gson.Gson.fromJson(Gson.java:689)
[04:30:12] [Forge Version Check/INFO] [STDERR]: [java.lang.Throwable$WrappedPrintStream:println:749]: 	at net.minecraftforge.common.ForgeVersion$1.run(ForgeVersion.java:94)
[04:30:12] [Forge Version Check/INFO] [STDERR]: [java.lang.Throwable$WrappedPrintStream:println:749]: Caused by: java.lang.IllegalStateException: Expected BEGIN_OBJECT but was STRING at line 1 column 1
[04:30:12] [Forge Version Check/INFO] [STDERR]: [java.lang.Throwable$WrappedPrintStream:println:749]: 	at com.google.gson.stream.JsonReader.beginObject(JsonReader.java:374)
[04:30:12] [Forge Version Check/INFO] [STDERR]: [java.lang.Throwable$WrappedPrintStream:println:749]: 	at com.google.gson.internal.bind.MapTypeAdapterFactory$Adapter.read(MapTypeAdapterFactory.java:183)
[04:30:12] [Forge Version Check/INFO] [STDERR]: [java.lang.Throwable$WrappedPrintStream:println:749]: 	at com.google.gson.internal.bind.MapTypeAdapterFactory$Adapter.read(MapTypeAdapterFactory.java:145)
[04:30:12] [Forge Version Check/INFO] [STDERR]: [java.lang.Throwable$WrappedPrintStream:println:749]: 	at com.google.gson.Gson.fromJson(Gson.java:803)
[04:30:12] [Forge Version Check/INFO] [STDERR]: [java.lang.Throwable$WrappedPrintStream:println:749]: 	... 4 more
[04:30:15] [Server thread/INFO] [FML]: Loading dimension 0 (world) (net.minecraft.server.dedicated.DedicatedServer@2da3b379)
[04:30:15] [Server thread/INFO] [FML]: Loading dimension 1 (world) (net.minecraft.server.dedicated.DedicatedServer@2da3b379)
[04:30:15] [Server thread/INFO] [FML]: Loading dimension -1 (world) (net.minecraft.server.dedicated.DedicatedServer@2da3b379)
[04:30:15] [Server thread/INFO]: Preparing start region for level 0
[04:30:15] [Server thread/INFO]: Done (3.388s)! For help, type "help" or "?"
[04:30:23] [Netty IO #1/INFO] [FML]: Client protocol version 2
[04:30:23] [Netty IO #1/INFO] [FML]: Client attempting to join with 5 mods : FML@7.10.99.99,Forge@10.13.4.1614,mcp@9.05,clashweave@0.1.0-dev,cw_s3b@1
[04:30:23] [Netty IO #1/INFO] [FML]: Attempting connection with missing mods [] at CLIENT
[04:30:24] [Server thread/INFO] [FML]: [Server thread] Server side modded connection established
[04:30:24] [Server thread/INFO]: GuardB[/127.0.0.1:61385] logged in with entity id 23 at (78.5, 4.0, 1068.5)
[04:30:24] [Server thread/INFO]: GuardB joined the game
[04:30:24] [Server thread/INFO] [STDOUT]: [com.layue13.clashweave.experiment.s3b.Experiment:log:22]: CW3 LOGIN name=GuardB
[04:30:32] [Netty IO #2/INFO] [FML]: Client protocol version 2
[04:30:32] [Netty IO #2/INFO] [FML]: Client attempting to join with 5 mods : FML@7.10.99.99,Forge@10.13.4.1614,mcp@9.05,clashweave@0.1.0-dev,cw_s3b@1
[04:30:32] [Netty IO #2/INFO] [FML]: Attempting connection with missing mods [] at CLIENT
[04:30:32] [Server thread/INFO] [FML]: [Server thread] Server side modded connection established
[04:30:32] [Server thread/INFO]: GuardA[/127.0.0.1:61529] logged in with entity id 24 at (95.5, 4.0, 1064.5)
[04:30:32] [Server thread/INFO]: GuardA joined the game
[04:30:32] [Server thread/INFO] [STDOUT]: [com.layue13.clashweave.experiment.s3b.Experiment:log:22]: CW3 LOGIN name=GuardA
[04:30:35] [Netty IO #2/INFO] [STDOUT]: [com.layue13.clashweave.experiment.s3b.Experiment:log:22]: CW3 WIRE side=SERVER kind=3 id=0 wall=1791545435335 thread=Netty IO #2 observed=392
[04:30:35] [Server thread/INFO] [STDOUT]: [com.layue13.clashweave.experiment.s3b.Experiment:log:22]: CW3 RECEIVE id=0 kind=3 stamp=0 tickObserved=392 recvWall=1791545435363 sendWall=1791545435234 wireMs=129
[04:30:35] [Server thread/INFO] [STDOUT]: [com.layue13.clashweave.experiment.s3b.Experiment:log:22]: CW3 READY tick=393
[04:30:36] [Server thread/INFO] [STDOUT]: [com.layue13.clashweave.experiment.s3b.Experiment:log:22]: CW3 PLAN id=0 lead=0 defer=2 anchorTick=423 hit=435 stamp=435 anchorWall=1791545436858 legacy=false
[04:30:37] [Server thread/INFO] [STDOUT]: [com.layue13.clashweave.experiment.s3b.Experiment:log:22]: CW3 FREEZE id=0 tick=435 target=23 attacker=24 distance=1.0
[04:30:37] [Server thread/INFO] [STDOUT]: [com.layue13.clashweave.experiment.s3b.Experiment:log:22]: CW3 RESULT id=0 lead=0 defer=2 hit=435 commit=437 commitWall=1791545437571 press=-9999 received=9223372036854775807 window=false inside=false parry=false vanillaAccepted=true loss=1.0 targetHealth=999.0
[04:30:37] [Netty IO #1/INFO] [STDOUT]: [com.layue13.clashweave.experiment.s3b.Experiment:log:22]: CW3 WIRE side=SERVER kind=2 id=0 wall=1791545437591 thread=Netty IO #1 observed=437
[04:30:37] [Server thread/INFO] [STDOUT]: [com.layue13.clashweave.experiment.s3b.Experiment:log:22]: CW3 RECEIVE id=0 kind=2 stamp=436 tickObserved=437 recvWall=1791545437614 sendWall=1791545437490 wireMs=124
[04:30:37] [Server thread/INFO] [STDOUT]: [com.layue13.clashweave.experiment.s3b.Experiment:log:22]: CW3 CONSUME id=0 stamp=436 consumeTick=438 recvObserved=437 age=2 queueMs=0 sendWall=1791545437490 recvWall=1791545437614 consumeWall=1791545437614 accepted=true
[04:30:37] [Server thread/INFO] [STDOUT]: [com.layue13.clashweave.experiment.s3b.Experiment:log:22]: CW3 PLAN id=1 lead=0 defer=2 anchorTick=442 hit=454 stamp=454 anchorWall=1791545437817 legacy=false
[04:30:38] [Server thread/INFO] [STDOUT]: [com.layue13.clashweave.experiment.s3b.Experiment:log:22]: CW3 FREEZE id=1 tick=454 target=23 attacker=24 distance=1.0
[04:30:38] [Server thread/INFO] [STDOUT]: [com.layue13.clashweave.experiment.s3b.Experiment:log:22]: CW3 RESULT id=1 lead=0 defer=2 hit=454 commit=456 commitWall=1791545438508 press=-9999 received=9223372036854775807 window=false inside=false parry=false vanillaAccepted=true loss=1.0 targetHealth=999.0
[04:30:38] [Netty IO #1/INFO] [STDOUT]: [com.layue13.clashweave.experiment.s3b.Experiment:log:22]: CW3 WIRE side=SERVER kind=2 id=1 wall=1791545438541 thread=Netty IO #1 observed=456
[04:30:38] [Server thread/INFO] [STDOUT]: [com.layue13.clashweave.experiment.s3b.Experiment:log:22]: CW3 RECEIVE id=1 kind=2 stamp=454 tickObserved=456 recvWall=1791545438556 sendWall=1791545438440 wireMs=116
[04:30:38] [Server thread/INFO] [STDOUT]: [com.layue13.clashweave.experiment.s3b.Experiment:log:22]: CW3 CONSUME id=1 stamp=454 consumeTick=457 recvObserved=456 age=3 queueMs=0 sendWall=1791545438440 recvWall=1791545438556 consumeWall=1791545438556 accepted=true
[04:30:38] [Server thread/INFO] [STDOUT]: [com.layue13.clashweave.experiment.s3b.Experiment:log:22]: CW3 PLAN id=2 lead=0 defer=2 anchorTick=461 hit=473 stamp=473 anchorWall=1791545438759 legacy=false
[04:30:39] [Server thread/INFO] [STDOUT]: [com.layue13.clashweave.experiment.s3b.Experiment:log:22]: CW3 FREEZE id=2 tick=473 target=23 attacker=24 distance=1.0
[04:30:39] [Server thread/INFO] [STDOUT]: [com.layue13.clashweave.experiment.s3b.Experiment:log:22]: CW3 RESULT id=2 lead=0 defer=2 hit=473 commit=475 commitWall=1791545439467 press=-9999 received=9223372036854775807 window=false inside=false parry=false vanillaAccepted=true loss=1.0 targetHealth=999.0
[04:30:39] [Netty IO #1/INFO] [STDOUT]: [com.layue13.clashweave.experiment.s3b.Experiment:log:22]: CW3 WIRE side=SERVER kind=2 id=2 wall=1791545439507 thread=Netty IO #1 observed=475
[04:30:39] [Server thread/INFO] [STDOUT]: [com.layue13.clashweave.experiment.s3b.Experiment:log:22]: CW3 RECEIVE id=2 kind=2 stamp=474 tickObserved=475 recvWall=1791545439513 sendWall=1791545439407 wireMs=106
[04:30:39] [Server thread/INFO] [STDOUT]: [com.layue13.clashweave.experiment.s3b.Experiment:log:22]: CW3 CONSUME id=2 stamp=474 consumeTick=476 recvObserved=475 age=2 queueMs=0 sendWall=1791545439407 recvWall=1791545439513 consumeWall=1791545439513 accepted=true
[04:30:39] [Server thread/INFO] [STDOUT]: [com.layue13.clashweave.experiment.s3b.Experiment:log:22]: CW3 PLAN id=3 lead=0 defer=2 anchorTick=480 hit=492 stamp=492 anchorWall=1791545439717 legacy=false
[04:30:40] [Server thread/INFO] [STDOUT]: [com.layue13.clashweave.experiment.s3b.Experiment:log:22]: CW3 FREEZE id=3 tick=492 target=23 attacker=24 distance=1.0
[04:30:40] [Server thread/INFO] [STDOUT]: [com.layue13.clashweave.experiment.s3b.Experiment:log:22]: CW3 RESULT id=3 lead=0 defer=2 hit=492 commit=494 commitWall=1791545440405 press=-9999 received=9223372036854775807 window=false inside=false parry=false vanillaAccepted=true loss=1.0 targetHealth=999.0
[04:30:40] [Netty IO #1/INFO] [STDOUT]: [com.layue13.clashweave.experiment.s3b.Experiment:log:22]: CW3 WIRE side=SERVER kind=2 id=3 wall=1791545440458 thread=Netty IO #1 observed=494
[04:30:40] [Server thread/INFO] [STDOUT]: [com.layue13.clashweave.experiment.s3b.Experiment:log:22]: CW3 RECEIVE id=3 kind=2 stamp=493 tickObserved=494 recvWall=1791545440468 sendWall=1791545440357 wireMs=111
[04:30:40] [Server thread/INFO] [STDOUT]: [com.layue13.clashweave.experiment.s3b.Experiment:log:22]: CW3 CONSUME id=3 stamp=493 consumeTick=495 recvObserved=494 age=2 queueMs=0 sendWall=1791545440357 recvWall=1791545440468 consumeWall=1791545440468 accepted=true
[04:30:40] [Server thread/INFO] [STDOUT]: [com.layue13.clashweave.experiment.s3b.Experiment:log:22]: CW3 PLAN id=4 lead=0 defer=2 anchorTick=499 hit=511 stamp=511 anchorWall=1791545440657 legacy=false
[04:30:41] [Server thread/INFO] [STDOUT]: [com.layue13.clashweave.experiment.s3b.Experiment:log:22]: CW3 FREEZE id=4 tick=511 target=23 attacker=24 distance=1.0
[04:30:41] [Netty IO #1/INFO] [STDOUT]: [com.layue13.clashweave.experiment.s3b.Experiment:log:22]: CW3 WIRE side=SERVER kind=2 id=4 wall=1791545441358 thread=Netty IO #1 observed=512
[04:30:41] [Server thread/INFO] [STDOUT]: [com.layue13.clashweave.experiment.s3b.Experiment:log:22]: CW3 RECEIVE id=4 kind=2 stamp=511 tickObserved=512 recvWall=1791545441364 sendWall=1791545441257 wireMs=107
[04:30:41] [Server thread/INFO] [STDOUT]: [com.layue13.clashweave.experiment.s3b.Experiment:log:22]: CW3 CONSUME id=4 stamp=511 consumeTick=513 recvObserved=512 age=2 queueMs=0 sendWall=1791545441257 recvWall=1791545441364 consumeWall=1791545441364 accepted=true
[04:30:41] [Server thread/INFO] [STDOUT]: [com.layue13.clashweave.experiment.s3b.Experiment:log:22]: CW3 RESULT id=4 lead=0 defer=2 hit=511 commit=513 commitWall=1791545441364 press=511 received=513 window=true inside=true parry=true vanillaAccepted=false loss=0.0 targetHealth=1000.0
[04:30:41] [Server thread/INFO] [STDOUT]: [com.layue13.clashweave.experiment.s3b.Experiment:log:22]: CW3 PLAN id=5 lead=0 defer=2 anchorTick=518 hit=530 stamp=530 anchorWall=1791545441614 legacy=false
[04:30:42] [Server thread/INFO] [STDOUT]: [com.layue13.clashweave.experiment.s3b.Experiment:log:22]: CW3 FREEZE id=5 tick=530 target=23 attacker=24 distance=1.0
[04:30:42] [Server thread/INFO] [STDOUT]: [com.layue13.clashweave.experiment.s3b.Experiment:log:22]: CW3 RESULT id=5 lead=0 defer=2 hit=530 commit=532 commitWall=1791545442305 press=-9999 received=9223372036854775807 window=false inside=false parry=false vanillaAccepted=true loss=1.0 targetHealth=999.0
[04:30:42] [Netty IO #1/INFO] [STDOUT]: [com.layue13.clashweave.experiment.s3b.Experiment:log:22]: CW3 WIRE side=SERVER kind=2 id=5 wall=1791545442358 thread=Netty IO #1 observed=532
[04:30:42] [Server thread/INFO] [STDOUT]: [com.layue13.clashweave.experiment.s3b.Experiment:log:22]: CW3 RECEIVE id=5 kind=2 stamp=531 tickObserved=532 recvWall=1791545442368 sendWall=1791545442257 wireMs=111
[04:30:42] [Server thread/INFO] [STDOUT]: [com.layue13.clashweave.experiment.s3b.Experiment:log:22]: CW3 CONSUME id=5 stamp=531 consumeTick=533 recvObserved=532 age=2 queueMs=0 sendWall=1791545442257 recvWall=1791545442368 consumeWall=1791545442368 accepted=true
[04:30:42] [Server thread/INFO] [STDOUT]: [com.layue13.clashweave.experiment.s3b.Experiment:log:22]: CW3 PLAN id=6 lead=0 defer=2 anchorTick=537 hit=549 stamp=549 anchorWall=1791545442558 legacy=false
[04:30:43] [Server thread/INFO] [STDOUT]: [com.layue13.clashweave.experiment.s3b.Experiment:log:22]: CW3 FREEZE id=6 tick=549 target=23 attacker=24 distance=1.0
[04:30:43] [Server thread/INFO] [STDOUT]: [com.layue13.clashweave.experiment.s3b.Experiment:log:22]: CW3 RESULT id=6 lead=0 defer=2 hit=549 commit=551 commitWall=1791545443267 press=-9999 received=9223372036854775807 window=false inside=false parry=false vanillaAccepted=true loss=1.0 targetHealth=999.0
[04:30:43] [Netty IO #1/INFO] [STDOUT]: [com.layue13.clashweave.experiment.s3b.Experiment:log:22]: CW3 WIRE side=SERVER kind=2 id=6 wall=1791545443307 thread=Netty IO #1 observed=551
[04:30:43] [Server thread/INFO] [STDOUT]: [com.layue13.clashweave.experiment.s3b.Experiment:log:22]: CW3 RECEIVE id=6 kind=2 stamp=550 tickObserved=551 recvWall=1791545443314 sendWall=1791545443207 wireMs=107
[04:30:43] [Server thread/INFO] [STDOUT]: [com.layue13.clashweave.experiment.s3b.Experiment:log:22]: CW3 CONSUME id=6 stamp=550 consumeTick=552 recvObserved=551 age=2 queueMs=0 sendWall=1791545443207 recvWall=1791545443314 consumeWall=1791545443314 accepted=true
[04:30:43] [Server thread/INFO] [STDOUT]: [com.layue13.clashweave.experiment.s3b.Experiment:log:22]: CW3 PLAN id=7 lead=0 defer=2 anchorTick=556 hit=568 stamp=568 anchorWall=1791545443519 legacy=false
[04:30:44] [Server thread/INFO] [STDOUT]: [com.layue13.clashweave.experiment.s3b.Experiment:log:22]: CW3 FREEZE id=7 tick=568 target=23 attacker=24 distance=1.0
[04:30:44] [Server thread/INFO] [STDOUT]: [com.layue13.clashweave.experiment.s3b.Experiment:log:22]: CW3 RESULT id=7 lead=0 defer=2 hit=568 commit=570 commitWall=1791545444210 press=-9999 received=9223372036854775807 window=false inside=false parry=false vanillaAccepted=true loss=1.0 targetHealth=999.0
[04:30:44] [Netty IO #1/INFO] [STDOUT]: [com.layue13.clashweave.experiment.s3b.Experiment:log:22]: CW3 WIRE side=SERVER kind=2 id=7 wall=1791545444259 thread=Netty IO #1 observed=571
[04:30:44] [Server thread/INFO] [STDOUT]: [com.layue13.clashweave.experiment.s3b.Experiment:log:22]: CW3 RECEIVE id=7 kind=2 stamp=569 tickObserved=571 recvWall=1791545444319 sendWall=1791545444158 wireMs=161
[04:30:44] [Server thread/INFO] [STDOUT]: [com.layue13.clashweave.experiment.s3b.Experiment:log:22]: CW3 CONSUME id=7 stamp=569 consumeTick=572 recvObserved=571 age=3 queueMs=0 sendWall=1791545444158 recvWall=1791545444319 consumeWall=1791545444319 accepted=true
[04:30:44] [Server thread/INFO] [STDOUT]: [com.layue13.clashweave.experiment.s3b.Experiment:log:22]: CW3 PLAN id=8 lead=0 defer=2 anchorTick=575 hit=587 stamp=587 anchorWall=1791545444461 legacy=false
[04:30:45] [Server thread/INFO] [STDOUT]: [com.layue13.clashweave.experiment.s3b.Experiment:log:22]: CW3 FREEZE id=8 tick=587 target=23 attacker=24 distance=1.0
[04:30:45] [Server thread/INFO] [STDOUT]: [com.layue13.clashweave.experiment.s3b.Experiment:log:22]: CW3 RESULT id=8 lead=0 defer=2 hit=587 commit=589 commitWall=1791545445166 press=-9999 received=9223372036854775807 window=false inside=false parry=false vanillaAccepted=true loss=1.0 targetHealth=999.0
[04:30:45] [Netty IO #1/INFO] [STDOUT]: [com.layue13.clashweave.experiment.s3b.Experiment:log:22]: CW3 WIRE side=SERVER kind=2 id=8 wall=1791545445208 thread=Netty IO #1 observed=589
[04:30:45] [Server thread/INFO] [STDOUT]: [com.layue13.clashweave.experiment.s3b.Experiment:log:22]: CW3 RECEIVE id=8 kind=2 stamp=588 tickObserved=589 recvWall=1791545445213 sendWall=1791545445107 wireMs=106
[04:30:45] [Server thread/INFO] [STDOUT]: [com.layue13.clashweave.experiment.s3b.Experiment:log:22]: CW3 CONSUME id=8 stamp=588 consumeTick=590 recvObserved=589 age=2 queueMs=0 sendWall=1791545445107 recvWall=1791545445213 consumeWall=1791545445213 accepted=true
[04:30:45] [Server thread/INFO] [STDOUT]: [com.layue13.clashweave.experiment.s3b.Experiment:log:22]: CW3 PLAN id=9 lead=0 defer=2 anchorTick=594 hit=606 stamp=606 anchorWall=1791545445416 legacy=false
[04:30:46] [Server thread/INFO] [STDOUT]: [com.layue13.clashweave.experiment.s3b.Experiment:log:22]: CW3 FREEZE id=9 tick=606 target=23 attacker=24 distance=1.0
[04:30:46] [Server thread/INFO] [STDOUT]: [com.layue13.clashweave.experiment.s3b.Experiment:log:22]: CW3 RESULT id=9 lead=0 defer=2 hit=606 commit=608 commitWall=1791545446107 press=-9999 received=9223372036854775807 window=false inside=false parry=false vanillaAccepted=true loss=1.0 targetHealth=999.0
[04:30:46] [Netty IO #1/INFO] [STDOUT]: [com.layue13.clashweave.experiment.s3b.Experiment:log:22]: CW3 WIRE side=SERVER kind=2 id=9 wall=1791545446158 thread=Netty IO #1 observed=608
[04:30:46] [Server thread/INFO] [STDOUT]: [com.layue13.clashweave.experiment.s3b.Experiment:log:22]: CW3 RECEIVE id=9 kind=2 stamp=607 tickObserved=608 recvWall=1791545446169 sendWall=1791545446057 wireMs=112
[04:30:46] [Server thread/INFO] [STDOUT]: [com.layue13.clashweave.experiment.s3b.Experiment:log:22]: CW3 CONSUME id=9 stamp=607 consumeTick=609 recvObserved=608 age=2 queueMs=0 sendWall=1791545446057 recvWall=1791545446169 consumeWall=1791545446169 accepted=true
[04:30:46] [Server thread/INFO] [STDOUT]: [com.layue13.clashweave.experiment.s3b.Experiment:log:22]: CW3 PLAN id=10 lead=1 defer=2 anchorTick=613 hit=625 stamp=624 anchorWall=1791545446357 legacy=false
[04:30:46] [Server thread/INFO] [STDOUT]: [com.layue13.clashweave.experiment.s3b.Experiment:log:22]: CW3 FREEZE id=10 tick=625 target=23 attacker=24 distance=1.0
[04:30:47] [Netty IO #1/INFO] [STDOUT]: [com.layue13.clashweave.experiment.s3b.Experiment:log:22]: CW3 WIRE side=SERVER kind=2 id=10 wall=1791545447008 thread=Netty IO #1 observed=625
[04:30:47] [Server thread/INFO] [STDOUT]: [com.layue13.clashweave.experiment.s3b.Experiment:log:22]: CW3 RECEIVE id=10 kind=2 stamp=624 tickObserved=625 recvWall=1791545447015 sendWall=1791545446907 wireMs=108
[04:30:47] [Server thread/INFO] [STDOUT]: [com.layue13.clashweave.experiment.s3b.Experiment:log:22]: CW3 CONSUME id=10 stamp=624 consumeTick=626 recvObserved=625 age=2 queueMs=0 sendWall=1791545446907 recvWall=1791545447015 consumeWall=1791545447015 accepted=true
[04:30:47] [Server thread/INFO] [STDOUT]: [com.layue13.clashweave.experiment.s3b.Experiment:log:22]: CW3 RESULT id=10 lead=1 defer=2 hit=625 commit=627 commitWall=1791545447062 press=624 received=626 window=true inside=true parry=true vanillaAccepted=false loss=0.0 targetHealth=1000.0
[04:30:47] [Server thread/INFO] [STDOUT]: [com.layue13.clashweave.experiment.s3b.Experiment:log:22]: CW3 PLAN id=11 lead=1 defer=2 anchorTick=632 hit=644 stamp=643 anchorWall=1791545447314 legacy=false
[04:30:47] [Server thread/INFO] [STDOUT]: [com.layue13.clashweave.experiment.s3b.Experiment:log:22]: CW3 FREEZE id=11 tick=644 target=23 attacker=24 distance=1.0
[04:30:48] [Server thread/INFO] [STDOUT]: [com.layue13.clashweave.experiment.s3b.Experiment:log:22]: CW3 RESULT id=11 lead=1 defer=2 hit=644 commit=646 commitWall=1791545448006 press=-9999 received=9223372036854775807 window=false inside=false parry=false vanillaAccepted=true loss=1.0 targetHealth=999.0
[04:30:48] [Netty IO #1/INFO] [STDOUT]: [com.layue13.clashweave.experiment.s3b.Experiment:log:22]: CW3 WIRE side=SERVER kind=2 id=11 wall=1791545448009 thread=Netty IO #1 observed=646
[04:30:48] [Server thread/INFO] [STDOUT]: [com.layue13.clashweave.experiment.s3b.Experiment:log:22]: CW3 RECEIVE id=11 kind=2 stamp=644 tickObserved=646 recvWall=1791545448067 sendWall=1791545447908 wireMs=159
[04:30:48] [Server thread/INFO] [STDOUT]: [com.layue13.clashweave.experiment.s3b.Experiment:log:22]: CW3 CONSUME id=11 stamp=644 consumeTick=647 recvObserved=646 age=3 queueMs=1 sendWall=1791545447908 recvWall=1791545448067 consumeWall=1791545448068 accepted=true
[04:30:48] [Server thread/INFO] [STDOUT]: [com.layue13.clashweave.experiment.s3b.Experiment:log:22]: CW3 PLAN id=12 lead=1 defer=2 anchorTick=651 hit=663 stamp=662 anchorWall=1791545448268 legacy=false
[04:30:48] [Server thread/INFO] [STDOUT]: [com.layue13.clashweave.experiment.s3b.Experiment:log:22]: CW3 FREEZE id=12 tick=663 target=23 attacker=24 distance=1.0
[04:30:48] [Netty IO #1/INFO] [STDOUT]: [com.layue13.clashweave.experiment.s3b.Experiment:log:22]: CW3 WIRE side=SERVER kind=2 id=12 wall=1791545448958 thread=Netty IO #1 observed=664
[04:30:48] [Server thread/INFO] [STDOUT]: [com.layue13.clashweave.experiment.s3b.Experiment:log:22]: CW3 RECEIVE id=12 kind=2 stamp=663 tickObserved=664 recvWall=1791545448969 sendWall=1791545448857 wireMs=112
[04:30:48] [Server thread/INFO] [STDOUT]: [com.layue13.clashweave.experiment.s3b.Experiment:log:22]: CW3 CONSUME id=12 stamp=663 consumeTick=665 recvObserved=664 age=2 queueMs=0 sendWall=1791545448857 recvWall=1791545448969 consumeWall=1791545448969 accepted=true
[04:30:48] [Server thread/INFO] [STDOUT]: [com.layue13.clashweave.experiment.s3b.Experiment:log:22]: CW3 RESULT id=12 lead=1 defer=2 hit=663 commit=665 commitWall=1791545448969 press=663 received=665 window=true inside=true parry=true vanillaAccepted=false loss=0.0 targetHealth=1000.0
[04:30:49] [Server thread/INFO] [STDOUT]: [com.layue13.clashweave.experiment.s3b.Experiment:log:22]: CW3 PLAN id=13 lead=1 defer=2 anchorTick=670 hit=682 stamp=681 anchorWall=1791545449217 legacy=false
[04:30:49] [Server thread/INFO] [STDOUT]: [com.layue13.clashweave.experiment.s3b.Experiment:log:22]: CW3 FREEZE id=13 tick=682 target=23 attacker=24 distance=1.0
[04:30:49] [Server thread/INFO] [STDOUT]: [com.layue13.clashweave.experiment.s3b.Experiment:log:22]: CW3 RESULT id=13 lead=1 defer=2 hit=682 commit=684 commitWall=1791545449907 press=-9999 received=9223372036854775807 window=false inside=false parry=false vanillaAccepted=true loss=1.0 targetHealth=999.0
[04:30:49] [Netty IO #1/INFO] [STDOUT]: [com.layue13.clashweave.experiment.s3b.Experiment:log:22]: CW3 WIRE side=SERVER kind=2 id=13 wall=1791545449908 thread=Netty IO #1 observed=684
[04:30:49] [Server thread/INFO] [STDOUT]: [com.layue13.clashweave.experiment.s3b.Experiment:log:22]: CW3 RECEIVE id=13 kind=2 stamp=682 tickObserved=684 recvWall=1791545449969 sendWall=1791545449808 wireMs=161
[04:30:49] [Server thread/INFO] [STDOUT]: [com.layue13.clashweave.experiment.s3b.Experiment:log:22]: CW3 CONSUME id=13 stamp=682 consumeTick=685 recvObserved=684 age=3 queueMs=0 sendWall=1791545449808 recvWall=1791545449969 consumeWall=1791545449969 accepted=true
[04:30:50] [Server thread/INFO] [STDOUT]: [com.layue13.clashweave.experiment.s3b.Experiment:log:22]: CW3 PLAN id=14 lead=1 defer=2 anchorTick=689 hit=701 stamp=700 anchorWall=1791545450156 legacy=false
[04:30:50] [Server thread/INFO] [STDOUT]: [com.layue13.clashweave.experiment.s3b.Experiment:log:22]: CW3 FREEZE id=14 tick=701 target=23 attacker=24 distance=1.0
[04:30:50] [Netty IO #1/INFO] [STDOUT]: [com.layue13.clashweave.experiment.s3b.Experiment:log:22]: CW3 WIRE side=SERVER kind=2 id=14 wall=1791545450808 thread=Netty IO #1 observed=701
[04:30:50] [Server thread/INFO] [STDOUT]: [com.layue13.clashweave.experiment.s3b.Experiment:log:22]: CW3 RECEIVE id=14 kind=2 stamp=700 tickObserved=701 recvWall=1791545450810 sendWall=1791545450707 wireMs=103
[04:30:50] [Server thread/INFO] [STDOUT]: [com.layue13.clashweave.experiment.s3b.Experiment:log:22]: CW3 CONSUME id=14 stamp=700 consumeTick=702 recvObserved=701 age=2 queueMs=0 sendWall=1791545450707 recvWall=1791545450810 consumeWall=1791545450810 accepted=true
[04:30:50] [Server thread/INFO] [STDOUT]: [com.layue13.clashweave.experiment.s3b.Experiment:log:22]: CW3 RESULT id=14 lead=1 defer=2 hit=701 commit=703 commitWall=1791545450858 press=700 received=702 window=true inside=true parry=true vanillaAccepted=false loss=0.0 targetHealth=1000.0
[04:30:51] [Server thread/INFO] [STDOUT]: [com.layue13.clashweave.experiment.s3b.Experiment:log:22]: CW3 PLAN id=15 lead=1 defer=2 anchorTick=708 hit=720 stamp=719 anchorWall=1791545451108 legacy=false
[04:30:51] [Server thread/INFO] [STDOUT]: [com.layue13.clashweave.experiment.s3b.Experiment:log:22]: CW3 FREEZE id=15 tick=720 target=23 attacker=24 distance=1.0
[04:30:51] [Server thread/INFO] [STDOUT]: [com.layue13.clashweave.experiment.s3b.Experiment:log:22]: CW3 RESULT id=15 lead=1 defer=2 hit=720 commit=722 commitWall=1791545451819 press=-9999 received=9223372036854775807 window=false inside=false parry=false vanillaAccepted=true loss=1.0 targetHealth=999.0
[04:30:51] [Netty IO #1/INFO] [STDOUT]: [com.layue13.clashweave.experiment.s3b.Experiment:log:22]: CW3 WIRE side=SERVER kind=2 id=15 wall=1791545451824 thread=Netty IO #1 observed=722
[04:30:51] [Server thread/INFO] [STDOUT]: [com.layue13.clashweave.experiment.s3b.Experiment:log:22]: CW3 RECEIVE id=15 kind=2 stamp=720 tickObserved=722 recvWall=1791545451865 sendWall=1791545451724 wireMs=141
[04:30:51] [Server thread/INFO] [STDOUT]: [com.layue13.clashweave.experiment.s3b.Experiment:log:22]: CW3 CONSUME id=15 stamp=720 consumeTick=723 recvObserved=722 age=3 queueMs=0 sendWall=1791545451724 recvWall=1791545451865 consumeWall=1791545451865 accepted=true
[04:30:52] [Server thread/INFO] [STDOUT]: [com.layue13.clashweave.experiment.s3b.Experiment:log:22]: CW3 PLAN id=16 lead=1 defer=2 anchorTick=727 hit=739 stamp=738 anchorWall=1791545452070 legacy=false
[04:30:52] [Server thread/INFO] [STDOUT]: [com.layue13.clashweave.experiment.s3b.Experiment:log:22]: CW3 FREEZE id=16 tick=739 target=23 attacker=24 distance=1.0
[04:30:52] [Server thread/INFO] [STDOUT]: [com.layue13.clashweave.experiment.s3b.Experiment:log:22]: CW3 RESULT id=16 lead=1 defer=2 hit=739 commit=741 commitWall=1791545452758 press=-9999 received=9223372036854775807 window=false inside=false parry=false vanillaAccepted=true loss=1.0 targetHealth=999.0
[04:30:52] [Netty IO #1/INFO] [STDOUT]: [com.layue13.clashweave.experiment.s3b.Experiment:log:22]: CW3 WIRE side=SERVER kind=2 id=16 wall=1791545452758 thread=Netty IO #1 observed=741
[04:30:52] [Server thread/INFO] [STDOUT]: [com.layue13.clashweave.experiment.s3b.Experiment:log:22]: CW3 RECEIVE id=16 kind=2 stamp=739 tickObserved=741 recvWall=1791545452805 sendWall=1791545452658 wireMs=147
[04:30:52] [Server thread/INFO] [STDOUT]: [com.layue13.clashweave.experiment.s3b.Experiment:log:22]: CW3 CONSUME id=16 stamp=739 consumeTick=742 recvObserved=741 age=3 queueMs=0 sendWall=1791545452658 recvWall=1791545452805 consumeWall=1791545452805 accepted=true
[04:30:53] [Server thread/INFO] [STDOUT]: [com.layue13.clashweave.experiment.s3b.Experiment:log:22]: CW3 PLAN id=17 lead=1 defer=2 anchorTick=746 hit=758 stamp=757 anchorWall=1791545453011 legacy=false
[04:30:53] [Server thread/INFO] [STDOUT]: [com.layue13.clashweave.experiment.s3b.Experiment:log:22]: CW3 FREEZE id=17 tick=758 target=23 attacker=24 distance=1.0
[04:30:53] [Netty IO #1/INFO] [STDOUT]: [com.layue13.clashweave.experiment.s3b.Experiment:log:22]: CW3 WIRE side=SERVER kind=2 id=17 wall=1791545453674 thread=Netty IO #1 observed=759
[04:30:53] [Server thread/INFO] [STDOUT]: [com.layue13.clashweave.experiment.s3b.Experiment:log:22]: CW3 RECEIVE id=17 kind=2 stamp=757 tickObserved=759 recvWall=1791545453719 sendWall=1791545453573 wireMs=146
[04:30:53] [Server thread/INFO] [STDOUT]: [com.layue13.clashweave.experiment.s3b.Experiment:log:22]: CW3 CONSUME id=17 stamp=757 consumeTick=760 recvObserved=759 age=3 queueMs=0 sendWall=1791545453573 recvWall=1791545453719 consumeWall=1791545453719 accepted=true
[04:30:53] [Server thread/INFO] [STDOUT]: [com.layue13.clashweave.experiment.s3b.Experiment:log:22]: CW3 RESULT id=17 lead=1 defer=2 hit=758 commit=760 commitWall=1791545453719 press=757 received=760 window=true inside=true parry=true vanillaAccepted=false loss=0.0 targetHealth=1000.0
[04:30:53] [Server thread/INFO] [STDOUT]: [com.layue13.clashweave.experiment.s3b.Experiment:log:22]: CW3 PLAN id=18 lead=1 defer=2 anchorTick=765 hit=777 stamp=776 anchorWall=1791545453956 legacy=false
[04:30:54] [Server thread/INFO] [STDOUT]: [com.layue13.clashweave.experiment.s3b.Experiment:log:22]: CW3 FREEZE id=18 tick=777 target=23 attacker=24 distance=1.0
[04:30:54] [Netty IO #1/INFO] [STDOUT]: [com.layue13.clashweave.experiment.s3b.Experiment:log:22]: CW3 WIRE side=SERVER kind=2 id=18 wall=1791545454624 thread=Netty IO #1 observed=778
[04:30:54] [Server thread/INFO] [STDOUT]: [com.layue13.clashweave.experiment.s3b.Experiment:log:22]: CW3 RECEIVE id=18 kind=2 stamp=776 tickObserved=778 recvWall=1791545454666 sendWall=1791545454524 wireMs=142
[04:30:54] [Server thread/INFO] [STDOUT]: [com.layue13.clashweave.experiment.s3b.Experiment:log:22]: CW3 CONSUME id=18 stamp=776 consumeTick=779 recvObserved=778 age=3 queueMs=0 sendWall=1791545454524 recvWall=1791545454666 consumeWall=1791545454666 accepted=true
[04:30:54] [Server thread/INFO] [STDOUT]: [com.layue13.clashweave.experiment.s3b.Experiment:log:22]: CW3 RESULT id=18 lead=1 defer=2 hit=777 commit=779 commitWall=1791545454666 press=776 received=779 window=true inside=true parry=true vanillaAccepted=false loss=0.0 targetHealth=1000.0
[04:30:54] [Server thread/INFO] [STDOUT]: [com.layue13.clashweave.experiment.s3b.Experiment:log:22]: CW3 PLAN id=19 lead=1 defer=2 anchorTick=784 hit=796 stamp=795 anchorWall=1791545454914 legacy=false
[04:30:55] [Server thread/INFO] [STDOUT]: [com.layue13.clashweave.experiment.s3b.Experiment:log:22]: CW3 FREEZE id=19 tick=796 target=23 attacker=24 distance=1.0
[04:30:55] [Netty IO #1/INFO] [STDOUT]: [com.layue13.clashweave.experiment.s3b.Experiment:log:22]: CW3 WIRE side=SERVER kind=2 id=19 wall=1791545455574 thread=Netty IO #1 observed=797
[04:30:55] [Server thread/INFO] [STDOUT]: [com.layue13.clashweave.experiment.s3b.Experiment:log:22]: CW3 RECEIVE id=19 kind=2 stamp=795 tickObserved=797 recvWall=1791545455616 sendWall=1791545455473 wireMs=143
[04:30:55] [Server thread/INFO] [STDOUT]: [com.layue13.clashweave.experiment.s3b.Experiment:log:22]: CW3 CONSUME id=19 stamp=795 consumeTick=798 recvObserved=797 age=3 queueMs=0 sendWall=1791545455473 recvWall=1791545455616 consumeWall=1791545455616 accepted=true
[04:30:55] [Server thread/INFO] [STDOUT]: [com.layue13.clashweave.experiment.s3b.Experiment:log:22]: CW3 RESULT id=19 lead=1 defer=2 hit=796 commit=798 commitWall=1791545455616 press=795 received=798 window=true inside=true parry=true vanillaAccepted=false loss=0.0 targetHealth=1000.0
[04:30:55] [Server thread/INFO] [STDOUT]: [com.layue13.clashweave.experiment.s3b.Experiment:log:22]: CW3 PLAN id=20 lead=2 defer=2 anchorTick=803 hit=815 stamp=813 anchorWall=1791545455867 legacy=false
[04:30:56] [Server thread/INFO] [STDOUT]: [com.layue13.clashweave.experiment.s3b.Experiment:log:22]: CW3 FREEZE id=20 tick=815 target=23 attacker=24 distance=1.0
[04:30:56] [Netty IO #1/INFO] [STDOUT]: [com.layue13.clashweave.experiment.s3b.Experiment:log:22]: CW3 WIRE side=SERVER kind=2 id=20 wall=1791545456475 thread=Netty IO #1 observed=815
[04:30:56] [Server thread/INFO] [STDOUT]: [com.layue13.clashweave.experiment.s3b.Experiment:log:22]: CW3 RECEIVE id=20 kind=2 stamp=813 tickObserved=815 recvWall=1791545456507 sendWall=1791545456374 wireMs=133
[04:30:56] [Server thread/INFO] [STDOUT]: [com.layue13.clashweave.experiment.s3b.Experiment:log:22]: CW3 CONSUME id=20 stamp=813 consumeTick=816 recvObserved=815 age=3 queueMs=0 sendWall=1791545456374 recvWall=1791545456507 consumeWall=1791545456507 accepted=true
[04:30:56] [Server thread/INFO] [STDOUT]: [com.layue13.clashweave.experiment.s3b.Experiment:log:22]: CW3 RESULT id=20 lead=2 defer=2 hit=815 commit=817 commitWall=1791545456568 press=813 received=816 window=true inside=true parry=true vanillaAccepted=false loss=0.0 targetHealth=1000.0
[04:30:56] [Server thread/INFO] [STDOUT]: [com.layue13.clashweave.experiment.s3b.Experiment:log:22]: CW3 PLAN id=21 lead=2 defer=2 anchorTick=822 hit=834 stamp=832 anchorWall=1791545456820 legacy=false
[04:30:57] [Server thread/INFO] [STDOUT]: [com.layue13.clashweave.experiment.s3b.Experiment:log:22]: CW3 FREEZE id=21 tick=834 target=23 attacker=24 distance=1.0
[04:30:57] [Netty IO #1/INFO] [STDOUT]: [com.layue13.clashweave.experiment.s3b.Experiment:log:22]: CW3 WIRE side=SERVER kind=2 id=21 wall=1791545457425 thread=Netty IO #1 observed=834
[04:30:57] [Server thread/INFO] [STDOUT]: [com.layue13.clashweave.experiment.s3b.Experiment:log:22]: CW3 RECEIVE id=21 kind=2 stamp=832 tickObserved=834 recvWall=1791545457463 sendWall=1791545457324 wireMs=139
[04:30:57] [Server thread/INFO] [STDOUT]: [com.layue13.clashweave.experiment.s3b.Experiment:log:22]: CW3 CONSUME id=21 stamp=832 consumeTick=835 recvObserved=834 age=3 queueMs=0 sendWall=1791545457324 recvWall=1791545457463 consumeWall=1791545457463 accepted=true
[04:30:57] [Server thread/INFO] [STDOUT]: [com.layue13.clashweave.experiment.s3b.Experiment:log:22]: CW3 RESULT id=21 lead=2 defer=2 hit=834 commit=836 commitWall=1791545457510 press=832 received=835 window=true inside=true parry=true vanillaAccepted=false loss=0.0 targetHealth=1000.0
[04:30:57] [Server thread/INFO] [STDOUT]: [com.layue13.clashweave.experiment.s3b.Experiment:log:22]: CW3 PLAN id=22 lead=2 defer=2 anchorTick=841 hit=853 stamp=851 anchorWall=1791545457762 legacy=false
[04:30:58] [Server thread/INFO] [STDOUT]: [com.layue13.clashweave.experiment.s3b.Experiment:log:22]: CW3 FREEZE id=22 tick=853 target=23 attacker=24 distance=1.0
[04:30:58] [Netty IO #1/INFO] [STDOUT]: [com.layue13.clashweave.experiment.s3b.Experiment:log:22]: CW3 WIRE side=SERVER kind=2 id=22 wall=1791545458374 thread=Netty IO #1 observed=853
[04:30:58] [Server thread/INFO] [STDOUT]: [com.layue13.clashweave.experiment.s3b.Experiment:log:22]: CW3 RECEIVE id=22 kind=2 stamp=851 tickObserved=853 recvWall=1791545458409 sendWall=1791545458274 wireMs=135
[04:30:58] [Server thread/INFO] [STDOUT]: [com.layue13.clashweave.experiment.s3b.Experiment:log:22]: CW3 CONSUME id=22 stamp=851 consumeTick=854 recvObserved=853 age=3 queueMs=0 sendWall=1791545458274 recvWall=1791545458409 consumeWall=1791545458409 accepted=true
[04:30:58] [Server thread/INFO] [STDOUT]: [com.layue13.clashweave.experiment.s3b.Experiment:log:22]: CW3 RESULT id=22 lead=2 defer=2 hit=853 commit=855 commitWall=1791545458456 press=851 received=854 window=true inside=true parry=true vanillaAccepted=false loss=0.0 targetHealth=1000.0
[04:30:58] [Server thread/INFO] [STDOUT]: [com.layue13.clashweave.experiment.s3b.Experiment:log:22]: CW3 PLAN id=23 lead=2 defer=2 anchorTick=860 hit=872 stamp=870 anchorWall=1791545458707 legacy=false
[04:30:59] [Server thread/INFO] [STDOUT]: [com.layue13.clashweave.experiment.s3b.Experiment:log:22]: CW3 FREEZE id=23 tick=872 target=23 attacker=24 distance=1.0
[04:30:59] [Netty IO #1/INFO] [STDOUT]: [com.layue13.clashweave.experiment.s3b.Experiment:log:22]: CW3 WIRE side=SERVER kind=2 id=23 wall=1791545459324 thread=Netty IO #1 observed=872
[04:30:59] [Server thread/INFO] [STDOUT]: [com.layue13.clashweave.experiment.s3b.Experiment:log:22]: CW3 RECEIVE id=23 kind=2 stamp=870 tickObserved=872 recvWall=1791545459368 sendWall=1791545459223 wireMs=145
[04:30:59] [Server thread/INFO] [STDOUT]: [com.layue13.clashweave.experiment.s3b.Experiment:log:22]: CW3 CONSUME id=23 stamp=870 consumeTick=873 recvObserved=872 age=3 queueMs=0 sendWall=1791545459223 recvWall=1791545459368 consumeWall=1791545459368 accepted=true
[04:30:59] [Server thread/INFO] [STDOUT]: [com.layue13.clashweave.experiment.s3b.Experiment:log:22]: CW3 RESULT id=23 lead=2 defer=2 hit=872 commit=874 commitWall=1791545459416 press=870 received=873 window=true inside=true parry=true vanillaAccepted=false loss=0.0 targetHealth=1000.0
[04:30:59] [Server thread/INFO] [STDOUT]: [com.layue13.clashweave.experiment.s3b.Experiment:log:22]: CW3 PLAN id=24 lead=2 defer=2 anchorTick=879 hit=891 stamp=889 anchorWall=1791545459668 legacy=false
[04:31:00] [Server thread/INFO] [STDOUT]: [com.layue13.clashweave.experiment.s3b.Experiment:log:22]: CW3 FREEZE id=24 tick=891 target=23 attacker=24 distance=1.0
[04:31:00] [Netty IO #1/INFO] [STDOUT]: [com.layue13.clashweave.experiment.s3b.Experiment:log:22]: CW3 WIRE side=SERVER kind=2 id=24 wall=1791545460274 thread=Netty IO #1 observed=891
[04:31:00] [Server thread/INFO] [STDOUT]: [com.layue13.clashweave.experiment.s3b.Experiment:log:22]: CW3 RECEIVE id=24 kind=2 stamp=889 tickObserved=891 recvWall=1791545460313 sendWall=1791545460173 wireMs=140
[04:31:00] [Server thread/INFO] [STDOUT]: [com.layue13.clashweave.experiment.s3b.Experiment:log:22]: CW3 CONSUME id=24 stamp=889 consumeTick=892 recvObserved=891 age=3 queueMs=0 sendWall=1791545460173 recvWall=1791545460313 consumeWall=1791545460313 accepted=true
[04:31:00] [Server thread/INFO] [STDOUT]: [com.layue13.clashweave.experiment.s3b.Experiment:log:22]: CW3 RESULT id=24 lead=2 defer=2 hit=891 commit=893 commitWall=1791545460359 press=889 received=892 window=true inside=true parry=true vanillaAccepted=false loss=0.0 targetHealth=1000.0
[04:31:00] [Server thread/INFO] [STDOUT]: [com.layue13.clashweave.experiment.s3b.Experiment:log:22]: CW3 PLAN id=25 lead=2 defer=2 anchorTick=898 hit=910 stamp=908 anchorWall=1791545460610 legacy=false
[04:31:01] [Server thread/INFO] [STDOUT]: [com.layue13.clashweave.experiment.s3b.Experiment:log:22]: CW3 FREEZE id=25 tick=910 target=23 attacker=24 distance=1.0
[04:31:01] [Netty IO #1/INFO] [STDOUT]: [com.layue13.clashweave.experiment.s3b.Experiment:log:22]: CW3 WIRE side=SERVER kind=2 id=25 wall=1791545461224 thread=Netty IO #1 observed=910
[04:31:01] [Server thread/INFO] [STDOUT]: [com.layue13.clashweave.experiment.s3b.Experiment:log:22]: CW3 RECEIVE id=25 kind=2 stamp=908 tickObserved=910 recvWall=1791545461270 sendWall=1791545461123 wireMs=147
[04:31:01] [Server thread/INFO] [STDOUT]: [com.layue13.clashweave.experiment.s3b.Experiment:log:22]: CW3 CONSUME id=25 stamp=908 consumeTick=911 recvObserved=910 age=3 queueMs=0 sendWall=1791545461123 recvWall=1791545461270 consumeWall=1791545461270 accepted=true
[04:31:01] [Server thread/INFO] [STDOUT]: [com.layue13.clashweave.experiment.s3b.Experiment:log:22]: CW3 RESULT id=25 lead=2 defer=2 hit=910 commit=912 commitWall=1791545461317 press=908 received=911 window=true inside=true parry=true vanillaAccepted=false loss=0.0 targetHealth=1000.0
[04:31:01] [Server thread/INFO] [STDOUT]: [com.layue13.clashweave.experiment.s3b.Experiment:log:22]: CW3 PLAN id=26 lead=2 defer=2 anchorTick=917 hit=929 stamp=927 anchorWall=1791545461567 legacy=false
[04:31:02] [Server thread/INFO] [STDOUT]: [com.layue13.clashweave.experiment.s3b.Experiment:log:22]: CW3 FREEZE id=26 tick=929 target=23 attacker=24 distance=1.0
[04:31:02] [Netty IO #1/INFO] [STDOUT]: [com.layue13.clashweave.experiment.s3b.Experiment:log:22]: CW3 WIRE side=SERVER kind=2 id=26 wall=1791545462176 thread=Netty IO #1 observed=929
[04:31:02] [Server thread/INFO] [STDOUT]: [com.layue13.clashweave.experiment.s3b.Experiment:log:22]: CW3 RECEIVE id=26 kind=2 stamp=927 tickObserved=929 recvWall=1791545462213 sendWall=1791545462075 wireMs=138
[04:31:02] [Server thread/INFO] [STDOUT]: [com.layue13.clashweave.experiment.s3b.Experiment:log:22]: CW3 CONSUME id=26 stamp=927 consumeTick=930 recvObserved=929 age=3 queueMs=0 sendWall=1791545462075 recvWall=1791545462213 consumeWall=1791545462213 accepted=true
[04:31:02] [Server thread/INFO] [STDOUT]: [com.layue13.clashweave.experiment.s3b.Experiment:log:22]: CW3 RESULT id=26 lead=2 defer=2 hit=929 commit=931 commitWall=1791545462261 press=927 received=930 window=true inside=true parry=true vanillaAccepted=false loss=0.0 targetHealth=1000.0
[04:31:02] [Server thread/INFO] [STDOUT]: [com.layue13.clashweave.experiment.s3b.Experiment:log:22]: CW3 PLAN id=27 lead=2 defer=2 anchorTick=936 hit=948 stamp=946 anchorWall=1791545462508 legacy=false
[04:31:03] [Server thread/INFO] [STDOUT]: [com.layue13.clashweave.experiment.s3b.Experiment:log:22]: CW3 FREEZE id=27 tick=948 target=23 attacker=24 distance=1.0
[04:31:03] [Netty IO #1/INFO] [STDOUT]: [com.layue13.clashweave.experiment.s3b.Experiment:log:22]: CW3 WIRE side=SERVER kind=2 id=27 wall=1791545463125 thread=Netty IO #1 observed=948
[04:31:03] [Server thread/INFO] [STDOUT]: [com.layue13.clashweave.experiment.s3b.Experiment:log:22]: CW3 RECEIVE id=27 kind=2 stamp=946 tickObserved=948 recvWall=1791545463165 sendWall=1791545463024 wireMs=141
[04:31:03] [Server thread/INFO] [STDOUT]: [com.layue13.clashweave.experiment.s3b.Experiment:log:22]: CW3 CONSUME id=27 stamp=946 consumeTick=949 recvObserved=948 age=3 queueMs=0 sendWall=1791545463024 recvWall=1791545463165 consumeWall=1791545463165 accepted=true
[04:31:03] [Server thread/INFO] [STDOUT]: [com.layue13.clashweave.experiment.s3b.Experiment:log:22]: CW3 RESULT id=27 lead=2 defer=2 hit=948 commit=950 commitWall=1791545463212 press=946 received=949 window=true inside=true parry=true vanillaAccepted=false loss=0.0 targetHealth=1000.0
[04:31:03] [Server thread/INFO] [STDOUT]: [com.layue13.clashweave.experiment.s3b.Experiment:log:22]: CW3 PLAN id=28 lead=2 defer=2 anchorTick=955 hit=967 stamp=965 anchorWall=1791545463461 legacy=false
[04:31:04] [Server thread/INFO] [STDOUT]: [com.layue13.clashweave.experiment.s3b.Experiment:log:22]: CW3 FREEZE id=28 tick=967 target=23 attacker=24 distance=1.0
[04:31:04] [Netty IO #1/INFO] [STDOUT]: [com.layue13.clashweave.experiment.s3b.Experiment:log:22]: CW3 WIRE side=SERVER kind=2 id=28 wall=1791545464075 thread=Netty IO #1 observed=967
[04:31:04] [Server thread/INFO] [STDOUT]: [com.layue13.clashweave.experiment.s3b.Experiment:log:22]: CW3 RECEIVE id=28 kind=2 stamp=965 tickObserved=967 recvWall=1791545464115 sendWall=1791545463975 wireMs=140
[04:31:04] [Server thread/INFO] [STDOUT]: [com.layue13.clashweave.experiment.s3b.Experiment:log:22]: CW3 CONSUME id=28 stamp=965 consumeTick=968 recvObserved=967 age=3 queueMs=0 sendWall=1791545463975 recvWall=1791545464115 consumeWall=1791545464115 accepted=true
[04:31:04] [Server thread/INFO] [STDOUT]: [com.layue13.clashweave.experiment.s3b.Experiment:log:22]: CW3 RESULT id=28 lead=2 defer=2 hit=967 commit=969 commitWall=1791545464162 press=965 received=968 window=true inside=true parry=true vanillaAccepted=false loss=0.0 targetHealth=1000.0
[04:31:04] [Server thread/INFO] [STDOUT]: [com.layue13.clashweave.experiment.s3b.Experiment:log:22]: CW3 PLAN id=29 lead=2 defer=2 anchorTick=974 hit=986 stamp=984 anchorWall=1791545464413 legacy=false
[04:31:05] [Server thread/INFO] [STDOUT]: [com.layue13.clashweave.experiment.s3b.Experiment:log:22]: CW3 FREEZE id=29 tick=986 target=23 attacker=24 distance=1.0
[04:31:05] [Netty IO #1/INFO] [STDOUT]: [com.layue13.clashweave.experiment.s3b.Experiment:log:22]: CW3 WIRE side=SERVER kind=2 id=29 wall=1791545465025 thread=Netty IO #1 observed=986
[04:31:05] [Server thread/INFO] [STDOUT]: [com.layue13.clashweave.experiment.s3b.Experiment:log:22]: CW3 RECEIVE id=29 kind=2 stamp=984 tickObserved=986 recvWall=1791545465066 sendWall=1791545464924 wireMs=142
[04:31:05] [Server thread/INFO] [STDOUT]: [com.layue13.clashweave.experiment.s3b.Experiment:log:22]: CW3 CONSUME id=29 stamp=984 consumeTick=987 recvObserved=986 age=3 queueMs=0 sendWall=1791545464924 recvWall=1791545465066 consumeWall=1791545465066 accepted=true
[04:31:05] [Server thread/INFO] [STDOUT]: [com.layue13.clashweave.experiment.s3b.Experiment:log:22]: CW3 RESULT id=29 lead=2 defer=2 hit=986 commit=988 commitWall=1791545465113 press=984 received=987 window=true inside=true parry=true vanillaAccepted=false loss=0.0 targetHealth=1000.0
[04:31:05] [Server thread/INFO] [STDOUT]: [com.layue13.clashweave.experiment.s3b.Experiment:log:22]: CW3 PLAN id=30 lead=3 defer=2 anchorTick=993 hit=1005 stamp=1002 anchorWall=1791545465363 legacy=false
[04:31:05] [Netty IO #1/INFO] [STDOUT]: [com.layue13.clashweave.experiment.s3b.Experiment:log:22]: CW3 WIRE side=SERVER kind=2 id=30 wall=1791545465925 thread=Netty IO #1 observed=1004
[04:31:05] [Server thread/INFO] [STDOUT]: [com.layue13.clashweave.experiment.s3b.Experiment:log:22]: CW3 RECEIVE id=30 kind=2 stamp=1002 tickObserved=1004 recvWall=1791545465959 sendWall=1791545465824 wireMs=135
[04:31:05] [Server thread/INFO] [STDOUT]: [com.layue13.clashweave.experiment.s3b.Experiment:log:22]: CW3 CONSUME id=30 stamp=1002 consumeTick=1005 recvObserved=1004 age=3 queueMs=0 sendWall=1791545465824 recvWall=1791545465959 consumeWall=1791545465959 accepted=true
[04:31:05] [Server thread/INFO] [STDOUT]: [com.layue13.clashweave.experiment.s3b.Experiment:log:22]: CW3 FREEZE id=30 tick=1005 target=23 attacker=24 distance=1.0
[04:31:06] [Server thread/INFO] [STDOUT]: [com.layue13.clashweave.experiment.s3b.Experiment:log:22]: CW3 RESULT id=30 lead=3 defer=2 hit=1005 commit=1007 commitWall=1791545466069 press=1002 received=1005 window=true inside=true parry=true vanillaAccepted=false loss=0.0 targetHealth=1000.0
[04:31:06] [Server thread/INFO] [STDOUT]: [com.layue13.clashweave.experiment.s3b.Experiment:log:22]: CW3 PLAN id=31 lead=3 defer=2 anchorTick=1012 hit=1024 stamp=1021 anchorWall=1791545466320 legacy=false
[04:31:06] [Netty IO #1/INFO] [STDOUT]: [com.layue13.clashweave.experiment.s3b.Experiment:log:22]: CW3 WIRE side=SERVER kind=2 id=31 wall=1791545466875 thread=Netty IO #1 observed=1023
[04:31:06] [Server thread/INFO] [STDOUT]: [com.layue13.clashweave.experiment.s3b.Experiment:log:22]: CW3 RECEIVE id=31 kind=2 stamp=1021 tickObserved=1023 recvWall=1791545466913 sendWall=1791545466774 wireMs=139
[04:31:06] [Server thread/INFO] [STDOUT]: [com.layue13.clashweave.experiment.s3b.Experiment:log:22]: CW3 CONSUME id=31 stamp=1021 consumeTick=1024 recvObserved=1023 age=3 queueMs=0 sendWall=1791545466774 recvWall=1791545466913 consumeWall=1791545466913 accepted=true
[04:31:06] [Server thread/INFO] [STDOUT]: [com.layue13.clashweave.experiment.s3b.Experiment:log:22]: CW3 FREEZE id=31 tick=1024 target=23 attacker=24 distance=1.0
[04:31:07] [Server thread/INFO] [STDOUT]: [com.layue13.clashweave.experiment.s3b.Experiment:log:22]: CW3 RESULT id=31 lead=3 defer=2 hit=1024 commit=1026 commitWall=1791545467007 press=1021 received=1024 window=true inside=true parry=true vanillaAccepted=false loss=0.0 targetHealth=1000.0
[04:31:07] [Server thread/INFO] [STDOUT]: [com.layue13.clashweave.experiment.s3b.Experiment:log:22]: CW3 PLAN id=32 lead=3 defer=2 anchorTick=1031 hit=1043 stamp=1040 anchorWall=1791545467268 legacy=false
[04:31:07] [Netty IO #1/INFO] [STDOUT]: [com.layue13.clashweave.experiment.s3b.Experiment:log:22]: CW3 WIRE side=SERVER kind=2 id=32 wall=1791545467825 thread=Netty IO #1 observed=1042
[04:31:07] [Server thread/INFO] [STDOUT]: [com.layue13.clashweave.experiment.s3b.Experiment:log:22]: CW3 RECEIVE id=32 kind=2 stamp=1040 tickObserved=1042 recvWall=1791545467863 sendWall=1791545467724 wireMs=139
[04:31:07] [Server thread/INFO] [STDOUT]: [com.layue13.clashweave.experiment.s3b.Experiment:log:22]: CW3 CONSUME id=32 stamp=1040 consumeTick=1043 recvObserved=1042 age=3 queueMs=0 sendWall=1791545467724 recvWall=1791545467863 consumeWall=1791545467863 accepted=true
[04:31:07] [Server thread/INFO] [STDOUT]: [com.layue13.clashweave.experiment.s3b.Experiment:log:22]: CW3 FREEZE id=32 tick=1043 target=23 attacker=24 distance=1.0
[04:31:07] [Server thread/INFO] [STDOUT]: [com.layue13.clashweave.experiment.s3b.Experiment:log:22]: CW3 RESULT id=32 lead=3 defer=2 hit=1043 commit=1045 commitWall=1791545467956 press=1040 received=1043 window=true inside=true parry=true vanillaAccepted=false loss=0.0 targetHealth=1000.0
[04:31:08] [Server thread/INFO] [STDOUT]: [com.layue13.clashweave.experiment.s3b.Experiment:log:22]: CW3 PLAN id=33 lead=3 defer=2 anchorTick=1050 hit=1062 stamp=1059 anchorWall=1791545468206 legacy=false
[04:31:08] [Netty IO #1/INFO] [STDOUT]: [com.layue13.clashweave.experiment.s3b.Experiment:log:22]: CW3 WIRE side=SERVER kind=2 id=33 wall=1791545468775 thread=Netty IO #1 observed=1061
[04:31:08] [Server thread/INFO] [STDOUT]: [com.layue13.clashweave.experiment.s3b.Experiment:log:22]: CW3 RECEIVE id=33 kind=2 stamp=1059 tickObserved=1061 recvWall=1791545468818 sendWall=1791545468674 wireMs=144
[04:31:08] [Server thread/INFO] [STDOUT]: [com.layue13.clashweave.experiment.s3b.Experiment:log:22]: CW3 CONSUME id=33 stamp=1059 consumeTick=1062 recvObserved=1061 age=3 queueMs=0 sendWall=1791545468674 recvWall=1791545468818 consumeWall=1791545468818 accepted=true
[04:31:08] [Server thread/INFO] [STDOUT]: [com.layue13.clashweave.experiment.s3b.Experiment:log:22]: CW3 FREEZE id=33 tick=1062 target=23 attacker=24 distance=1.0
[04:31:08] [Server thread/INFO] [STDOUT]: [com.layue13.clashweave.experiment.s3b.Experiment:log:22]: CW3 RESULT id=33 lead=3 defer=2 hit=1062 commit=1064 commitWall=1791545468912 press=1059 received=1062 window=true inside=true parry=true vanillaAccepted=false loss=0.0 targetHealth=1000.0
[04:31:09] [Server thread/INFO] [STDOUT]: [com.layue13.clashweave.experiment.s3b.Experiment:log:22]: CW3 PLAN id=34 lead=3 defer=2 anchorTick=1069 hit=1081 stamp=1078 anchorWall=1791545469160 legacy=false
[04:31:09] [Netty IO #1/INFO] [STDOUT]: [com.layue13.clashweave.experiment.s3b.Experiment:log:22]: CW3 WIRE side=SERVER kind=2 id=34 wall=1791545469724 thread=Netty IO #1 observed=1080
[04:31:09] [Server thread/INFO] [STDOUT]: [com.layue13.clashweave.experiment.s3b.Experiment:log:22]: CW3 RECEIVE id=34 kind=2 stamp=1078 tickObserved=1080 recvWall=1791545469769 sendWall=1791545469624 wireMs=145
[04:31:09] [Server thread/INFO] [STDOUT]: [com.layue13.clashweave.experiment.s3b.Experiment:log:22]: CW3 CONSUME id=34 stamp=1078 consumeTick=1081 recvObserved=1080 age=3 queueMs=1 sendWall=1791545469624 recvWall=1791545469769 consumeWall=1791545469770 accepted=true
[04:31:09] [Server thread/INFO] [STDOUT]: [com.layue13.clashweave.experiment.s3b.Experiment:log:22]: CW3 FREEZE id=34 tick=1081 target=23 attacker=24 distance=1.0
[04:31:09] [Server thread/INFO] [STDOUT]: [com.layue13.clashweave.experiment.s3b.Experiment:log:22]: CW3 RESULT id=34 lead=3 defer=2 hit=1081 commit=1083 commitWall=1791545469862 press=1078 received=1081 window=true inside=true parry=true vanillaAccepted=false loss=0.0 targetHealth=1000.0
[04:31:10] [Server thread/INFO] [STDOUT]: [com.layue13.clashweave.experiment.s3b.Experiment:log:22]: CW3 PLAN id=35 lead=3 defer=2 anchorTick=1088 hit=1100 stamp=1097 anchorWall=1791545470112 legacy=false
[04:31:10] [Netty IO #1/INFO] [STDOUT]: [com.layue13.clashweave.experiment.s3b.Experiment:log:22]: CW3 WIRE side=SERVER kind=2 id=35 wall=1791545470675 thread=Netty IO #1 observed=1099
[04:31:10] [Server thread/INFO] [STDOUT]: [com.layue13.clashweave.experiment.s3b.Experiment:log:22]: CW3 RECEIVE id=35 kind=2 stamp=1097 tickObserved=1099 recvWall=1791545470708 sendWall=1791545470574 wireMs=134
[04:31:10] [Server thread/INFO] [STDOUT]: [com.layue13.clashweave.experiment.s3b.Experiment:log:22]: CW3 CONSUME id=35 stamp=1097 consumeTick=1100 recvObserved=1099 age=3 queueMs=0 sendWall=1791545470574 recvWall=1791545470708 consumeWall=1791545470708 accepted=true
[04:31:10] [Server thread/INFO] [STDOUT]: [com.layue13.clashweave.experiment.s3b.Experiment:log:22]: CW3 FREEZE id=35 tick=1100 target=23 attacker=24 distance=1.0
[04:31:10] [Server thread/INFO] [STDOUT]: [com.layue13.clashweave.experiment.s3b.Experiment:log:22]: CW3 RESULT id=35 lead=3 defer=2 hit=1100 commit=1102 commitWall=1791545470818 press=1097 received=1100 window=true inside=true parry=true vanillaAccepted=false loss=0.0 targetHealth=1000.0
[04:31:11] [Server thread/INFO] [STDOUT]: [com.layue13.clashweave.experiment.s3b.Experiment:log:22]: CW3 PLAN id=36 lead=3 defer=2 anchorTick=1107 hit=1119 stamp=1116 anchorWall=1791545471055 legacy=false
[04:31:11] [Netty IO #1/INFO] [STDOUT]: [com.layue13.clashweave.experiment.s3b.Experiment:log:22]: CW3 WIRE side=SERVER kind=2 id=36 wall=1791545471626 thread=Netty IO #1 observed=1118
[04:31:11] [Server thread/INFO] [STDOUT]: [com.layue13.clashweave.experiment.s3b.Experiment:log:22]: CW3 RECEIVE id=36 kind=2 stamp=1116 tickObserved=1118 recvWall=1791545471669 sendWall=1791545471525 wireMs=144
[04:31:11] [Server thread/INFO] [STDOUT]: [com.layue13.clashweave.experiment.s3b.Experiment:log:22]: CW3 CONSUME id=36 stamp=1116 consumeTick=1119 recvObserved=1118 age=3 queueMs=0 sendWall=1791545471525 recvWall=1791545471669 consumeWall=1791545471669 accepted=true
[04:31:11] [Server thread/INFO] [STDOUT]: [com.layue13.clashweave.experiment.s3b.Experiment:log:22]: CW3 FREEZE id=36 tick=1119 target=23 attacker=24 distance=1.0
[04:31:11] [Server thread/INFO] [STDOUT]: [com.layue13.clashweave.experiment.s3b.Experiment:log:22]: CW3 RESULT id=36 lead=3 defer=2 hit=1119 commit=1121 commitWall=1791545471763 press=1116 received=1119 window=true inside=true parry=true vanillaAccepted=false loss=0.0 targetHealth=1000.0
[04:31:12] [Server thread/INFO] [STDOUT]: [com.layue13.clashweave.experiment.s3b.Experiment:log:22]: CW3 PLAN id=37 lead=3 defer=2 anchorTick=1126 hit=1138 stamp=1135 anchorWall=1791545472014 legacy=false
[04:31:12] [Netty IO #1/INFO] [STDOUT]: [com.layue13.clashweave.experiment.s3b.Experiment:log:22]: CW3 WIRE side=SERVER kind=2 id=37 wall=1791545472575 thread=Netty IO #1 observed=1137
[04:31:12] [Server thread/INFO] [STDOUT]: [com.layue13.clashweave.experiment.s3b.Experiment:log:22]: CW3 RECEIVE id=37 kind=2 stamp=1135 tickObserved=1137 recvWall=1791545472613 sendWall=1791545472474 wireMs=139
[04:31:12] [Server thread/INFO] [STDOUT]: [com.layue13.clashweave.experiment.s3b.Experiment:log:22]: CW3 CONSUME id=37 stamp=1135 consumeTick=1138 recvObserved=1137 age=3 queueMs=0 sendWall=1791545472474 recvWall=1791545472613 consumeWall=1791545472613 accepted=true
[04:31:12] [Server thread/INFO] [STDOUT]: [com.layue13.clashweave.experiment.s3b.Experiment:log:22]: CW3 FREEZE id=37 tick=1138 target=23 attacker=24 distance=1.0
[04:31:12] [Server thread/INFO] [STDOUT]: [com.layue13.clashweave.experiment.s3b.Experiment:log:22]: CW3 RESULT id=37 lead=3 defer=2 hit=1138 commit=1140 commitWall=1791545472708 press=1135 received=1138 window=true inside=true parry=true vanillaAccepted=false loss=0.0 targetHealth=1000.0
[04:31:12] [Server thread/INFO] [STDOUT]: [com.layue13.clashweave.experiment.s3b.Experiment:log:22]: CW3 PLAN id=38 lead=3 defer=2 anchorTick=1145 hit=1157 stamp=1154 anchorWall=1791545472960 legacy=false
[04:31:13] [Netty IO #1/INFO] [STDOUT]: [com.layue13.clashweave.experiment.s3b.Experiment:log:22]: CW3 WIRE side=SERVER kind=2 id=38 wall=1791545473525 thread=Netty IO #1 observed=1156
[04:31:13] [Server thread/INFO] [STDOUT]: [com.layue13.clashweave.experiment.s3b.Experiment:log:22]: CW3 RECEIVE id=38 kind=2 stamp=1154 tickObserved=1156 recvWall=1791545473557 sendWall=1791545473425 wireMs=132
[04:31:13] [Server thread/INFO] [STDOUT]: [com.layue13.clashweave.experiment.s3b.Experiment:log:22]: CW3 CONSUME id=38 stamp=1154 consumeTick=1157 recvObserved=1156 age=3 queueMs=0 sendWall=1791545473425 recvWall=1791545473557 consumeWall=1791545473557 accepted=true
[04:31:13] [Server thread/INFO] [STDOUT]: [com.layue13.clashweave.experiment.s3b.Experiment:log:22]: CW3 FREEZE id=38 tick=1157 target=23 attacker=24 distance=1.0
[04:31:13] [Server thread/INFO] [STDOUT]: [com.layue13.clashweave.experiment.s3b.Experiment:log:22]: CW3 RESULT id=38 lead=3 defer=2 hit=1157 commit=1159 commitWall=1791545473667 press=1154 received=1157 window=true inside=true parry=true vanillaAccepted=false loss=0.0 targetHealth=1000.0
[04:31:13] [Server thread/INFO] [STDOUT]: [com.layue13.clashweave.experiment.s3b.Experiment:log:22]: CW3 PLAN id=39 lead=3 defer=2 anchorTick=1164 hit=1176 stamp=1173 anchorWall=1791545473919 legacy=false
[04:31:14] [Netty IO #1/INFO] [STDOUT]: [com.layue13.clashweave.experiment.s3b.Experiment:log:22]: CW3 WIRE side=SERVER kind=2 id=39 wall=1791545474476 thread=Netty IO #1 observed=1175
[04:31:14] [Server thread/INFO] [STDOUT]: [com.layue13.clashweave.experiment.s3b.Experiment:log:22]: CW3 RECEIVE id=39 kind=2 stamp=1173 tickObserved=1175 recvWall=1791545474515 sendWall=1791545474375 wireMs=140
[04:31:14] [Server thread/INFO] [STDOUT]: [com.layue13.clashweave.experiment.s3b.Experiment:log:22]: CW3 CONSUME id=39 stamp=1173 consumeTick=1176 recvObserved=1175 age=3 queueMs=0 sendWall=1791545474375 recvWall=1791545474515 consumeWall=1791545474515 accepted=true
[04:31:14] [Server thread/INFO] [STDOUT]: [com.layue13.clashweave.experiment.s3b.Experiment:log:22]: CW3 FREEZE id=39 tick=1176 target=23 attacker=24 distance=1.0
[04:31:14] [Server thread/INFO] [STDOUT]: [com.layue13.clashweave.experiment.s3b.Experiment:log:22]: CW3 RESULT id=39 lead=3 defer=2 hit=1176 commit=1178 commitWall=1791545474609 press=1173 received=1176 window=true inside=true parry=true vanillaAccepted=false loss=0.0 targetHealth=1000.0
[04:31:14] [Server thread/INFO] [STDOUT]: [com.layue13.clashweave.experiment.s3b.Experiment:log:22]: CW3 PLAN id=40 lead=4 defer=2 anchorTick=1183 hit=1195 stamp=1191 anchorWall=1791545474861 legacy=false
[04:31:15] [Netty IO #1/INFO] [STDOUT]: [com.layue13.clashweave.experiment.s3b.Experiment:log:22]: CW3 WIRE side=SERVER kind=2 id=40 wall=1791545475375 thread=Netty IO #1 observed=1193
[04:31:15] [Server thread/INFO] [STDOUT]: [com.layue13.clashweave.experiment.s3b.Experiment:log:22]: CW3 RECEIVE id=40 kind=2 stamp=1191 tickObserved=1193 recvWall=1791545475410 sendWall=1791545475274 wireMs=136
[04:31:15] [Server thread/INFO] [STDOUT]: [com.layue13.clashweave.experiment.s3b.Experiment:log:22]: CW3 CONSUME id=40 stamp=1191 consumeTick=1194 recvObserved=1193 age=3 queueMs=0 sendWall=1791545475274 recvWall=1791545475410 consumeWall=1791545475410 accepted=true
[04:31:15] [Server thread/INFO] [STDOUT]: [com.layue13.clashweave.experiment.s3b.Experiment:log:22]: CW3 FREEZE id=40 tick=1195 target=23 attacker=24 distance=1.0
[04:31:15] [Server thread/INFO] [STDOUT]: [com.layue13.clashweave.experiment.s3b.Experiment:log:22]: CW3 RESULT id=40 lead=4 defer=2 hit=1195 commit=1197 commitWall=1791545475567 press=1191 received=1194 window=true inside=true parry=true vanillaAccepted=false loss=0.0 targetHealth=1000.0
[04:31:15] [Server thread/INFO] [STDOUT]: [com.layue13.clashweave.experiment.s3b.Experiment:log:22]: CW3 PLAN id=41 lead=4 defer=2 anchorTick=1202 hit=1214 stamp=1210 anchorWall=1791545475816 legacy=false
[04:31:16] [Netty IO #1/INFO] [STDOUT]: [com.layue13.clashweave.experiment.s3b.Experiment:log:22]: CW3 WIRE side=SERVER kind=2 id=41 wall=1791545476325 thread=Netty IO #1 observed=1212
[04:31:16] [Server thread/INFO] [STDOUT]: [com.layue13.clashweave.experiment.s3b.Experiment:log:22]: CW3 RECEIVE id=41 kind=2 stamp=1210 tickObserved=1212 recvWall=1791545476368 sendWall=1791545476225 wireMs=143
[04:31:16] [Server thread/INFO] [STDOUT]: [com.layue13.clashweave.experiment.s3b.Experiment:log:22]: CW3 CONSUME id=41 stamp=1210 consumeTick=1213 recvObserved=1212 age=3 queueMs=0 sendWall=1791545476225 recvWall=1791545476368 consumeWall=1791545476368 accepted=true
[04:31:16] [Server thread/INFO] [STDOUT]: [com.layue13.clashweave.experiment.s3b.Experiment:log:22]: CW3 FREEZE id=41 tick=1214 target=23 attacker=24 distance=1.0
[04:31:16] [Server thread/INFO] [STDOUT]: [com.layue13.clashweave.experiment.s3b.Experiment:log:22]: CW3 RESULT id=41 lead=4 defer=2 hit=1214 commit=1216 commitWall=1791545476510 press=1210 received=1213 window=true inside=true parry=true vanillaAccepted=false loss=0.0 targetHealth=1000.0
[04:31:16] [Server thread/INFO] [STDOUT]: [com.layue13.clashweave.experiment.s3b.Experiment:log:22]: CW3 PLAN id=42 lead=4 defer=2 anchorTick=1221 hit=1233 stamp=1229 anchorWall=1791545476762 legacy=false
[04:31:17] [Netty IO #1/INFO] [STDOUT]: [com.layue13.clashweave.experiment.s3b.Experiment:log:22]: CW3 WIRE side=SERVER kind=2 id=42 wall=1791545477274 thread=Netty IO #1 observed=1231
[04:31:17] [Server thread/INFO] [STDOUT]: [com.layue13.clashweave.experiment.s3b.Experiment:log:22]: CW3 RECEIVE id=42 kind=2 stamp=1229 tickObserved=1231 recvWall=1791545477308 sendWall=1791545477174 wireMs=134
[04:31:17] [Server thread/INFO] [STDOUT]: [com.layue13.clashweave.experiment.s3b.Experiment:log:22]: CW3 CONSUME id=42 stamp=1229 consumeTick=1232 recvObserved=1231 age=3 queueMs=0 sendWall=1791545477174 recvWall=1791545477308 consumeWall=1791545477308 accepted=true
[04:31:17] [Server thread/INFO] [STDOUT]: [com.layue13.clashweave.experiment.s3b.Experiment:log:22]: CW3 FREEZE id=42 tick=1233 target=23 attacker=24 distance=1.0
[04:31:17] [Server thread/INFO] [STDOUT]: [com.layue13.clashweave.experiment.s3b.Experiment:log:22]: CW3 RESULT id=42 lead=4 defer=2 hit=1233 commit=1235 commitWall=1791545477466 press=1229 received=1232 window=true inside=true parry=true vanillaAccepted=false loss=0.0 targetHealth=1000.0
[04:31:17] [Server thread/INFO] [STDOUT]: [com.layue13.clashweave.experiment.s3b.Experiment:log:22]: CW3 PLAN id=43 lead=4 defer=2 anchorTick=1240 hit=1252 stamp=1248 anchorWall=1791545477716 legacy=false
[04:31:18] [Netty IO #1/INFO] [STDOUT]: [com.layue13.clashweave.experiment.s3b.Experiment:log:22]: CW3 WIRE side=SERVER kind=2 id=43 wall=1791545478225 thread=Netty IO #1 observed=1250
[04:31:18] [Server thread/INFO] [STDOUT]: [com.layue13.clashweave.experiment.s3b.Experiment:log:22]: CW3 RECEIVE id=43 kind=2 stamp=1248 tickObserved=1250 recvWall=1791545478266 sendWall=1791545478124 wireMs=142
[04:31:18] [Server thread/INFO] [STDOUT]: [com.layue13.clashweave.experiment.s3b.Experiment:log:22]: CW3 CONSUME id=43 stamp=1248 consumeTick=1251 recvObserved=1250 age=3 queueMs=0 sendWall=1791545478124 recvWall=1791545478266 consumeWall=1791545478266 accepted=true
[04:31:18] [Server thread/INFO] [STDOUT]: [com.layue13.clashweave.experiment.s3b.Experiment:log:22]: CW3 FREEZE id=43 tick=1252 target=23 attacker=24 distance=1.0
[04:31:18] [Server thread/INFO] [STDOUT]: [com.layue13.clashweave.experiment.s3b.Experiment:log:22]: CW3 RESULT id=43 lead=4 defer=2 hit=1252 commit=1254 commitWall=1791545478406 press=1248 received=1251 window=true inside=true parry=true vanillaAccepted=false loss=0.0 targetHealth=1000.0
[04:31:18] [Server thread/INFO] [STDOUT]: [com.layue13.clashweave.experiment.s3b.Experiment:log:22]: CW3 PLAN id=44 lead=4 defer=2 anchorTick=1259 hit=1271 stamp=1267 anchorWall=1791545478657 legacy=false
[04:31:19] [Netty IO #1/INFO] [STDOUT]: [com.layue13.clashweave.experiment.s3b.Experiment:log:22]: CW3 WIRE side=SERVER kind=2 id=44 wall=1791545479175 thread=Netty IO #1 observed=1269
[04:31:19] [Server thread/INFO] [STDOUT]: [com.layue13.clashweave.experiment.s3b.Experiment:log:22]: CW3 RECEIVE id=44 kind=2 stamp=1267 tickObserved=1269 recvWall=1791545479209 sendWall=1791545479074 wireMs=135
[04:31:19] [Server thread/INFO] [STDOUT]: [com.layue13.clashweave.experiment.s3b.Experiment:log:22]: CW3 CONSUME id=44 stamp=1267 consumeTick=1270 recvObserved=1269 age=3 queueMs=0 sendWall=1791545479074 recvWall=1791545479209 consumeWall=1791545479209 accepted=true
[04:31:19] [Server thread/INFO] [STDOUT]: [com.layue13.clashweave.experiment.s3b.Experiment:log:22]: CW3 FREEZE id=44 tick=1271 target=23 attacker=24 distance=1.0
[04:31:19] [Server thread/INFO] [STDOUT]: [com.layue13.clashweave.experiment.s3b.Experiment:log:22]: CW3 RESULT id=44 lead=4 defer=2 hit=1271 commit=1273 commitWall=1791545479367 press=1267 received=1270 window=true inside=true parry=true vanillaAccepted=false loss=0.0 targetHealth=1000.0
[04:31:19] [Server thread/INFO] [STDOUT]: [com.layue13.clashweave.experiment.s3b.Experiment:log:22]: CW3 PLAN id=45 lead=4 defer=2 anchorTick=1278 hit=1290 stamp=1286 anchorWall=1791545479618 legacy=false
[04:31:20] [Netty IO #1/INFO] [STDOUT]: [com.layue13.clashweave.experiment.s3b.Experiment:log:22]: CW3 WIRE side=SERVER kind=2 id=45 wall=1791545480126 thread=Netty IO #1 observed=1288
[04:31:20] [Server thread/INFO] [STDOUT]: [com.layue13.clashweave.experiment.s3b.Experiment:log:22]: CW3 RECEIVE id=45 kind=2 stamp=1286 tickObserved=1288 recvWall=1791545480169 sendWall=1791545480025 wireMs=144
[04:31:20] [Server thread/INFO] [STDOUT]: [com.layue13.clashweave.experiment.s3b.Experiment:log:22]: CW3 CONSUME id=45 stamp=1286 consumeTick=1289 recvObserved=1288 age=3 queueMs=0 sendWall=1791545480025 recvWall=1791545480169 consumeWall=1791545480169 accepted=true
[04:31:20] [Server thread/INFO] [STDOUT]: [com.layue13.clashweave.experiment.s3b.Experiment:log:22]: CW3 FREEZE id=45 tick=1290 target=23 attacker=24 distance=1.0
[04:31:20] [Server thread/INFO] [STDOUT]: [com.layue13.clashweave.experiment.s3b.Experiment:log:22]: CW3 RESULT id=45 lead=4 defer=2 hit=1290 commit=1292 commitWall=1791545480310 press=1286 received=1289 window=true inside=true parry=true vanillaAccepted=false loss=0.0 targetHealth=1000.0
[04:31:20] [Server thread/INFO] [STDOUT]: [com.layue13.clashweave.experiment.s3b.Experiment:log:22]: CW3 PLAN id=46 lead=4 defer=2 anchorTick=1297 hit=1309 stamp=1305 anchorWall=1791545480561 legacy=false
[04:31:21] [Netty IO #1/INFO] [STDOUT]: [com.layue13.clashweave.experiment.s3b.Experiment:log:22]: CW3 WIRE side=SERVER kind=2 id=46 wall=1791545481075 thread=Netty IO #1 observed=1307
[04:31:21] [Server thread/INFO] [STDOUT]: [com.layue13.clashweave.experiment.s3b.Experiment:log:22]: CW3 RECEIVE id=46 kind=2 stamp=1305 tickObserved=1307 recvWall=1791545481111 sendWall=1791545480975 wireMs=136
[04:31:21] [Server thread/INFO] [STDOUT]: [com.layue13.clashweave.experiment.s3b.Experiment:log:22]: CW3 CONSUME id=46 stamp=1305 consumeTick=1308 recvObserved=1307 age=3 queueMs=0 sendWall=1791545480975 recvWall=1791545481111 consumeWall=1791545481111 accepted=true
[04:31:21] [Server thread/INFO] [STDOUT]: [com.layue13.clashweave.experiment.s3b.Experiment:log:22]: CW3 FREEZE id=46 tick=1309 target=23 attacker=24 distance=1.0
[04:31:21] [Server thread/INFO] [STDOUT]: [com.layue13.clashweave.experiment.s3b.Experiment:log:22]: CW3 RESULT id=46 lead=4 defer=2 hit=1309 commit=1311 commitWall=1791545481268 press=1305 received=1308 window=true inside=true parry=true vanillaAccepted=false loss=0.0 targetHealth=1000.0
[04:31:21] [Server thread/INFO] [STDOUT]: [com.layue13.clashweave.experiment.s3b.Experiment:log:22]: CW3 PLAN id=47 lead=4 defer=2 anchorTick=1316 hit=1328 stamp=1324 anchorWall=1791545481519 legacy=false
[04:31:22] [Netty IO #1/INFO] [STDOUT]: [com.layue13.clashweave.experiment.s3b.Experiment:log:22]: CW3 WIRE side=SERVER kind=2 id=47 wall=1791545482030 thread=Netty IO #1 observed=1326
[04:31:22] [Server thread/INFO] [STDOUT]: [com.layue13.clashweave.experiment.s3b.Experiment:log:22]: CW3 RECEIVE id=47 kind=2 stamp=1324 tickObserved=1326 recvWall=1791545482055 sendWall=1791545481930 wireMs=125
[04:31:22] [Server thread/INFO] [STDOUT]: [com.layue13.clashweave.experiment.s3b.Experiment:log:22]: CW3 CONSUME id=47 stamp=1324 consumeTick=1327 recvObserved=1326 age=3 queueMs=0 sendWall=1791545481930 recvWall=1791545482055 consumeWall=1791545482055 accepted=true
[04:31:22] [Server thread/INFO] [STDOUT]: [com.layue13.clashweave.experiment.s3b.Experiment:log:22]: CW3 FREEZE id=47 tick=1328 target=23 attacker=24 distance=1.0
[04:31:22] [Server thread/INFO] [STDOUT]: [com.layue13.clashweave.experiment.s3b.Experiment:log:22]: CW3 RESULT id=47 lead=4 defer=2 hit=1328 commit=1330 commitWall=1791545482213 press=1324 received=1327 window=true inside=true parry=true vanillaAccepted=false loss=0.0 targetHealth=1000.0
[04:31:22] [Server thread/INFO] [STDOUT]: [com.layue13.clashweave.experiment.s3b.Experiment:log:22]: CW3 PLAN id=48 lead=4 defer=2 anchorTick=1335 hit=1347 stamp=1343 anchorWall=1791545482465 legacy=false
[04:31:23] [Netty IO #1/INFO] [STDOUT]: [com.layue13.clashweave.experiment.s3b.Experiment:log:22]: CW3 WIRE side=SERVER kind=2 id=48 wall=1791545483009 thread=Netty IO #1 observed=1345
[04:31:23] [Server thread/INFO] [STDOUT]: [com.layue13.clashweave.experiment.s3b.Experiment:log:22]: CW3 RECEIVE id=48 kind=2 stamp=1344 tickObserved=1345 recvWall=1791545483019 sendWall=1791545482909 wireMs=110
[04:31:23] [Server thread/INFO] [STDOUT]: [com.layue13.clashweave.experiment.s3b.Experiment:log:22]: CW3 CONSUME id=48 stamp=1344 consumeTick=1346 recvObserved=1345 age=2 queueMs=0 sendWall=1791545482909 recvWall=1791545483019 consumeWall=1791545483019 accepted=true
[04:31:23] [Server thread/INFO] [STDOUT]: [com.layue13.clashweave.experiment.s3b.Experiment:log:22]: CW3 FREEZE id=48 tick=1347 target=23 attacker=24 distance=1.0
[04:31:23] [Server thread/INFO] [STDOUT]: [com.layue13.clashweave.experiment.s3b.Experiment:log:22]: CW3 RESULT id=48 lead=4 defer=2 hit=1347 commit=1349 commitWall=1791545483161 press=1344 received=1346 window=true inside=true parry=true vanillaAccepted=false loss=0.0 targetHealth=1000.0
[04:31:23] [Server thread/INFO] [STDOUT]: [com.layue13.clashweave.experiment.s3b.Experiment:log:22]: CW3 PLAN id=49 lead=4 defer=2 anchorTick=1354 hit=1366 stamp=1362 anchorWall=1791545483413 legacy=false
[04:31:23] [Netty IO #1/INFO] [STDOUT]: [com.layue13.clashweave.experiment.s3b.Experiment:log:22]: CW3 WIRE side=SERVER kind=2 id=49 wall=1791545483924 thread=Netty IO #1 observed=1364
[04:31:23] [Server thread/INFO] [STDOUT]: [com.layue13.clashweave.experiment.s3b.Experiment:log:22]: CW3 RECEIVE id=49 kind=2 stamp=1362 tickObserved=1364 recvWall=1791545483965 sendWall=1791545483824 wireMs=141
[04:31:23] [Server thread/INFO] [STDOUT]: [com.layue13.clashweave.experiment.s3b.Experiment:log:22]: CW3 CONSUME id=49 stamp=1362 consumeTick=1365 recvObserved=1364 age=3 queueMs=0 sendWall=1791545483824 recvWall=1791545483965 consumeWall=1791545483965 accepted=true
[04:31:24] [Server thread/INFO] [STDOUT]: [com.layue13.clashweave.experiment.s3b.Experiment:log:22]: CW3 FREEZE id=49 tick=1366 target=23 attacker=24 distance=1.0
[04:31:24] [Server thread/INFO] [STDOUT]: [com.layue13.clashweave.experiment.s3b.Experiment:log:22]: CW3 RESULT id=49 lead=4 defer=2 hit=1366 commit=1368 commitWall=1791545484107 press=1362 received=1365 window=true inside=true parry=true vanillaAccepted=false loss=0.0 targetHealth=1000.0
[04:31:24] [Server thread/INFO] [STDOUT]: [com.layue13.clashweave.experiment.s3b.Experiment:log:22]: CW3 PLAN id=50 lead=0 defer=3 anchorTick=1373 hit=1385 stamp=1385 anchorWall=1791545484359 legacy=false
[04:31:24] [Server thread/INFO] [STDOUT]: [com.layue13.clashweave.experiment.s3b.Experiment:log:22]: CW3 FREEZE id=50 tick=1385 target=23 attacker=24 distance=1.0
[04:31:25] [Netty IO #1/INFO] [STDOUT]: [com.layue13.clashweave.experiment.s3b.Experiment:log:22]: CW3 WIRE side=SERVER kind=2 id=50 wall=1791545485060 thread=Netty IO #1 observed=1386
[04:31:25] [Server thread/INFO] [STDOUT]: [com.layue13.clashweave.experiment.s3b.Experiment:log:22]: CW3 RECEIVE id=50 kind=2 stamp=1385 tickObserved=1386 recvWall=1791545485070 sendWall=1791545484959 wireMs=111
[04:31:25] [Server thread/INFO] [STDOUT]: [com.layue13.clashweave.experiment.s3b.Experiment:log:22]: CW3 CONSUME id=50 stamp=1385 consumeTick=1387 recvObserved=1386 age=2 queueMs=0 sendWall=1791545484959 recvWall=1791545485070 consumeWall=1791545485070 accepted=true
[04:31:25] [Server thread/INFO] [STDOUT]: [com.layue13.clashweave.experiment.s3b.Experiment:log:22]: CW3 RESULT id=50 lead=0 defer=3 hit=1385 commit=1388 commitWall=1791545485117 press=1385 received=1387 window=true inside=true parry=true vanillaAccepted=false loss=0.0 targetHealth=1000.0
[04:31:25] [Server thread/INFO] [STDOUT]: [com.layue13.clashweave.experiment.s3b.Experiment:log:22]: CW3 PLAN id=51 lead=0 defer=3 anchorTick=1393 hit=1405 stamp=1405 anchorWall=1791545485355 legacy=false
[04:31:25] [Server thread/INFO] [STDOUT]: [com.layue13.clashweave.experiment.s3b.Experiment:log:22]: CW3 FREEZE id=51 tick=1405 target=23 attacker=24 distance=1.0
[04:31:26] [Netty IO #1/INFO] [STDOUT]: [com.layue13.clashweave.experiment.s3b.Experiment:log:22]: CW3 WIRE side=SERVER kind=2 id=51 wall=1791545486074 thread=Netty IO #1 observed=1407
[04:31:26] [Server thread/INFO] [STDOUT]: [com.layue13.clashweave.experiment.s3b.Experiment:log:22]: CW3 RECEIVE id=51 kind=2 stamp=1405 tickObserved=1407 recvWall=1791545486109 sendWall=1791545485974 wireMs=135
[04:31:26] [Server thread/INFO] [STDOUT]: [com.layue13.clashweave.experiment.s3b.Experiment:log:22]: CW3 CONSUME id=51 stamp=1405 consumeTick=1408 recvObserved=1407 age=3 queueMs=0 sendWall=1791545485974 recvWall=1791545486109 consumeWall=1791545486109 accepted=true
[04:31:26] [Server thread/INFO] [STDOUT]: [com.layue13.clashweave.experiment.s3b.Experiment:log:22]: CW3 RESULT id=51 lead=0 defer=3 hit=1405 commit=1408 commitWall=1791545486109 press=1405 received=1408 window=true inside=true parry=true vanillaAccepted=false loss=0.0 targetHealth=1000.0
[04:31:26] [Server thread/INFO] [STDOUT]: [com.layue13.clashweave.experiment.s3b.Experiment:log:22]: CW3 PLAN id=52 lead=0 defer=3 anchorTick=1413 hit=1425 stamp=1425 anchorWall=1791545486362 legacy=false
[04:31:26] [Server thread/INFO] [STDOUT]: [com.layue13.clashweave.experiment.s3b.Experiment:log:22]: CW3 FREEZE id=52 tick=1425 target=23 attacker=24 distance=1.0
[04:31:27] [Server thread/INFO] [STDOUT]: [com.layue13.clashweave.experiment.s3b.Experiment:log:22]: CW3 RESULT id=52 lead=0 defer=3 hit=1425 commit=1428 commitWall=1791545487117 press=-9999 received=9223372036854775807 window=false inside=false parry=false vanillaAccepted=true loss=1.0 targetHealth=999.0
[04:31:27] [Netty IO #1/INFO] [STDOUT]: [com.layue13.clashweave.experiment.s3b.Experiment:log:22]: CW3 WIRE side=SERVER kind=2 id=52 wall=1791545487124 thread=Netty IO #1 observed=1428
[04:31:27] [Server thread/INFO] [STDOUT]: [com.layue13.clashweave.experiment.s3b.Experiment:log:22]: CW3 RECEIVE id=52 kind=2 stamp=1426 tickObserved=1428 recvWall=1791545487163 sendWall=1791545487024 wireMs=139
[04:31:27] [Server thread/INFO] [STDOUT]: [com.layue13.clashweave.experiment.s3b.Experiment:log:22]: CW3 CONSUME id=52 stamp=1426 consumeTick=1429 recvObserved=1428 age=3 queueMs=0 sendWall=1791545487024 recvWall=1791545487163 consumeWall=1791545487163 accepted=true
[04:31:27] [Server thread/INFO] [STDOUT]: [com.layue13.clashweave.experiment.s3b.Experiment:log:22]: CW3 PLAN id=53 lead=0 defer=3 anchorTick=1433 hit=1445 stamp=1445 anchorWall=1791545487366 legacy=false
[04:31:27] [Server thread/INFO] [STDOUT]: [com.layue13.clashweave.experiment.s3b.Experiment:log:22]: CW3 FREEZE id=53 tick=1445 target=23 attacker=24 distance=1.0
[04:31:28] [Netty IO #1/INFO] [STDOUT]: [com.layue13.clashweave.experiment.s3b.Experiment:log:22]: CW3 WIRE side=SERVER kind=2 id=53 wall=1791545488108 thread=Netty IO #1 observed=1447
[04:31:28] [Server thread/INFO] [STDOUT]: [com.layue13.clashweave.experiment.s3b.Experiment:log:22]: CW3 RECEIVE id=53 kind=2 stamp=1446 tickObserved=1447 recvWall=1791545488119 sendWall=1791545488008 wireMs=111
[04:31:28] [Server thread/INFO] [STDOUT]: [com.layue13.clashweave.experiment.s3b.Experiment:log:22]: CW3 CONSUME id=53 stamp=1446 consumeTick=1448 recvObserved=1447 age=2 queueMs=0 sendWall=1791545488008 recvWall=1791545488119 consumeWall=1791545488119 accepted=true
[04:31:28] [Server thread/INFO] [STDOUT]: [com.layue13.clashweave.experiment.s3b.Experiment:log:22]: CW3 RESULT id=53 lead=0 defer=3 hit=1445 commit=1448 commitWall=1791545488119 press=1446 received=1448 window=false inside=true parry=false vanillaAccepted=true loss=1.0 targetHealth=999.0
[04:31:28] [Server thread/INFO] [STDOUT]: [com.layue13.clashweave.experiment.s3b.Experiment:log:22]: CW3 PLAN id=54 lead=0 defer=3 anchorTick=1453 hit=1465 stamp=1465 anchorWall=1791545488370 legacy=false
[04:31:28] [Server thread/INFO] [STDOUT]: [com.layue13.clashweave.experiment.s3b.Experiment:log:22]: CW3 FREEZE id=54 tick=1465 target=23 attacker=24 distance=1.0
[04:31:29] [Netty IO #1/INFO] [STDOUT]: [com.layue13.clashweave.experiment.s3b.Experiment:log:22]: CW3 WIRE side=SERVER kind=2 id=54 wall=1791545489075 thread=Netty IO #1 observed=1467
[04:31:29] [Server thread/INFO] [STDOUT]: [com.layue13.clashweave.experiment.s3b.Experiment:log:22]: CW3 RECEIVE id=54 kind=2 stamp=1465 tickObserved=1467 recvWall=1791545489109 sendWall=1791545488975 wireMs=134
[04:31:29] [Server thread/INFO] [STDOUT]: [com.layue13.clashweave.experiment.s3b.Experiment:log:22]: CW3 CONSUME id=54 stamp=1465 consumeTick=1468 recvObserved=1467 age=3 queueMs=0 sendWall=1791545488975 recvWall=1791545489109 consumeWall=1791545489109 accepted=true
[04:31:29] [Server thread/INFO] [STDOUT]: [com.layue13.clashweave.experiment.s3b.Experiment:log:22]: CW3 RESULT id=54 lead=0 defer=3 hit=1465 commit=1468 commitWall=1791545489109 press=1465 received=1468 window=true inside=true parry=true vanillaAccepted=false loss=0.0 targetHealth=1000.0
[04:31:29] [Server thread/INFO] [STDOUT]: [com.layue13.clashweave.experiment.s3b.Experiment:log:22]: CW3 PLAN id=55 lead=0 defer=3 anchorTick=1473 hit=1485 stamp=1485 anchorWall=1791545489360 legacy=false
[04:31:29] [Server thread/INFO] [STDOUT]: [com.layue13.clashweave.experiment.s3b.Experiment:log:22]: CW3 FREEZE id=55 tick=1485 target=23 attacker=24 distance=1.0
[04:31:30] [Netty IO #1/INFO] [STDOUT]: [com.layue13.clashweave.experiment.s3b.Experiment:log:22]: CW3 WIRE side=SERVER kind=2 id=55 wall=1791545490074 thread=Netty IO #1 observed=1487
[04:31:30] [Server thread/INFO] [STDOUT]: [com.layue13.clashweave.experiment.s3b.Experiment:log:22]: CW3 RECEIVE id=55 kind=2 stamp=1485 tickObserved=1487 recvWall=1791545490112 sendWall=1791545489974 wireMs=138
[04:31:30] [Server thread/INFO] [STDOUT]: [com.layue13.clashweave.experiment.s3b.Experiment:log:22]: CW3 CONSUME id=55 stamp=1485 consumeTick=1488 recvObserved=1487 age=3 queueMs=0 sendWall=1791545489974 recvWall=1791545490112 consumeWall=1791545490112 accepted=true
[04:31:30] [Server thread/INFO] [STDOUT]: [com.layue13.clashweave.experiment.s3b.Experiment:log:22]: CW3 RESULT id=55 lead=0 defer=3 hit=1485 commit=1488 commitWall=1791545490112 press=1485 received=1488 window=true inside=true parry=true vanillaAccepted=false loss=0.0 targetHealth=1000.0
[04:31:30] [Server thread/INFO] [STDOUT]: [com.layue13.clashweave.experiment.s3b.Experiment:log:22]: CW3 PLAN id=56 lead=0 defer=3 anchorTick=1493 hit=1505 stamp=1505 anchorWall=1791545490364 legacy=false
[04:31:30] [Server thread/INFO] [STDOUT]: [com.layue13.clashweave.experiment.s3b.Experiment:log:22]: CW3 FREEZE id=56 tick=1505 target=23 attacker=24 distance=1.0
[04:31:31] [Netty IO #1/INFO] [STDOUT]: [com.layue13.clashweave.experiment.s3b.Experiment:log:22]: CW3 WIRE side=SERVER kind=2 id=56 wall=1791545491110 thread=Netty IO #1 observed=1507
[04:31:31] [Server thread/INFO] [STDOUT]: [com.layue13.clashweave.experiment.s3b.Experiment:log:22]: CW3 RECEIVE id=56 kind=2 stamp=1506 tickObserved=1507 recvWall=1791545491118 sendWall=1791545491010 wireMs=108
[04:31:31] [Server thread/INFO] [STDOUT]: [com.layue13.clashweave.experiment.s3b.Experiment:log:22]: CW3 CONSUME id=56 stamp=1506 consumeTick=1508 recvObserved=1507 age=2 queueMs=1 sendWall=1791545491010 recvWall=1791545491118 consumeWall=1791545491119 accepted=true
[04:31:31] [Server thread/INFO] [STDOUT]: [com.layue13.clashweave.experiment.s3b.Experiment:log:22]: CW3 RESULT id=56 lead=0 defer=3 hit=1505 commit=1508 commitWall=1791545491119 press=1506 received=1508 window=false inside=true parry=false vanillaAccepted=true loss=1.0 targetHealth=999.0
[04:31:31] [Server thread/INFO] [STDOUT]: [com.layue13.clashweave.experiment.s3b.Experiment:log:22]: CW3 PLAN id=57 lead=0 defer=3 anchorTick=1513 hit=1525 stamp=1525 anchorWall=1791545491356 legacy=false
[04:31:31] [Server thread/INFO] [STDOUT]: [com.layue13.clashweave.experiment.s3b.Experiment:log:22]: CW3 FREEZE id=57 tick=1525 target=23 attacker=24 distance=1.0
[04:31:32] [Netty IO #1/INFO] [STDOUT]: [com.layue13.clashweave.experiment.s3b.Experiment:log:22]: CW3 WIRE side=SERVER kind=2 id=57 wall=1791545492074 thread=Netty IO #1 observed=1527
[04:31:32] [Server thread/INFO] [STDOUT]: [com.layue13.clashweave.experiment.s3b.Experiment:log:22]: CW3 RECEIVE id=57 kind=2 stamp=1525 tickObserved=1527 recvWall=1791545492111 sendWall=1791545491974 wireMs=137
[04:31:32] [Server thread/INFO] [STDOUT]: [com.layue13.clashweave.experiment.s3b.Experiment:log:22]: CW3 CONSUME id=57 stamp=1525 consumeTick=1528 recvObserved=1527 age=3 queueMs=0 sendWall=1791545491974 recvWall=1791545492111 consumeWall=1791545492111 accepted=true
[04:31:32] [Server thread/INFO] [STDOUT]: [com.layue13.clashweave.experiment.s3b.Experiment:log:22]: CW3 RESULT id=57 lead=0 defer=3 hit=1525 commit=1528 commitWall=1791545492111 press=1525 received=1528 window=true inside=true parry=true vanillaAccepted=false loss=0.0 targetHealth=1000.0
[04:31:32] [Server thread/INFO] [STDOUT]: [com.layue13.clashweave.experiment.s3b.Experiment:log:22]: CW3 PLAN id=58 lead=0 defer=3 anchorTick=1533 hit=1545 stamp=1545 anchorWall=1791545492365 legacy=false
[04:31:32] [Server thread/INFO] [STDOUT]: [com.layue13.clashweave.experiment.s3b.Experiment:log:22]: CW3 FREEZE id=58 tick=1545 target=23 attacker=24 distance=1.0
[04:31:33] [Netty IO #1/INFO] [STDOUT]: [com.layue13.clashweave.experiment.s3b.Experiment:log:22]: CW3 WIRE side=SERVER kind=2 id=58 wall=1791545493075 thread=Netty IO #1 observed=1547
[04:31:33] [Server thread/INFO] [STDOUT]: [com.layue13.clashweave.experiment.s3b.Experiment:log:22]: CW3 RECEIVE id=58 kind=2 stamp=1545 tickObserved=1547 recvWall=1791545493110 sendWall=1791545492974 wireMs=136
[04:31:33] [Server thread/INFO] [STDOUT]: [com.layue13.clashweave.experiment.s3b.Experiment:log:22]: CW3 CONSUME id=58 stamp=1545 consumeTick=1548 recvObserved=1547 age=3 queueMs=0 sendWall=1791545492974 recvWall=1791545493110 consumeWall=1791545493110 accepted=true
[04:31:33] [Server thread/INFO] [STDOUT]: [com.layue13.clashweave.experiment.s3b.Experiment:log:22]: CW3 RESULT id=58 lead=0 defer=3 hit=1545 commit=1548 commitWall=1791545493110 press=1545 received=1548 window=true inside=true parry=true vanillaAccepted=false loss=0.0 targetHealth=1000.0
[04:31:33] [Server thread/INFO] [STDOUT]: [com.layue13.clashweave.experiment.s3b.Experiment:log:22]: CW3 PLAN id=59 lead=0 defer=3 anchorTick=1553 hit=1565 stamp=1565 anchorWall=1791545493360 legacy=false
[04:31:33] [Server thread/INFO] [STDOUT]: [com.layue13.clashweave.experiment.s3b.Experiment:log:22]: CW3 FREEZE id=59 tick=1565 target=23 attacker=24 distance=1.0
[04:31:34] [Netty IO #1/INFO] [STDOUT]: [com.layue13.clashweave.experiment.s3b.Experiment:log:22]: CW3 WIRE side=SERVER kind=2 id=59 wall=1791545494075 thread=Netty IO #1 observed=1567
[04:31:34] [Server thread/INFO] [STDOUT]: [com.layue13.clashweave.experiment.s3b.Experiment:log:22]: CW3 RECEIVE id=59 kind=2 stamp=1565 tickObserved=1567 recvWall=1791545494109 sendWall=1791545493975 wireMs=134
[04:31:34] [Server thread/INFO] [STDOUT]: [com.layue13.clashweave.experiment.s3b.Experiment:log:22]: CW3 CONSUME id=59 stamp=1565 consumeTick=1568 recvObserved=1567 age=3 queueMs=0 sendWall=1791545493975 recvWall=1791545494109 consumeWall=1791545494109 accepted=true
[04:31:34] [Server thread/INFO] [STDOUT]: [com.layue13.clashweave.experiment.s3b.Experiment:log:22]: CW3 RESULT id=59 lead=0 defer=3 hit=1565 commit=1568 commitWall=1791545494109 press=1565 received=1568 window=true inside=true parry=true vanillaAccepted=false loss=0.0 targetHealth=1000.0
[04:31:34] [Server thread/INFO] [STDOUT]: [com.layue13.clashweave.experiment.s3b.Experiment:log:22]: CW3 PLAN id=60 lead=1 defer=3 anchorTick=1573 hit=1585 stamp=1584 anchorWall=1791545494359 legacy=false
[04:31:34] [Server thread/INFO] [STDOUT]: [com.layue13.clashweave.experiment.s3b.Experiment:log:22]: CW3 FREEZE id=60 tick=1585 target=23 attacker=24 distance=1.0
[04:31:35] [Netty IO #1/INFO] [STDOUT]: [com.layue13.clashweave.experiment.s3b.Experiment:log:22]: CW3 WIRE side=SERVER kind=2 id=60 wall=1791545495024 thread=Netty IO #1 observed=1586
[04:31:35] [Server thread/INFO] [STDOUT]: [com.layue13.clashweave.experiment.s3b.Experiment:log:22]: CW3 RECEIVE id=60 kind=2 stamp=1584 tickObserved=1586 recvWall=1791545495064 sendWall=1791545494924 wireMs=140
[04:31:35] [Server thread/INFO] [STDOUT]: [com.layue13.clashweave.experiment.s3b.Experiment:log:22]: CW3 CONSUME id=60 stamp=1584 consumeTick=1587 recvObserved=1586 age=3 queueMs=0 sendWall=1791545494924 recvWall=1791545495064 consumeWall=1791545495064 accepted=true
[04:31:35] [Server thread/INFO] [STDOUT]: [com.layue13.clashweave.experiment.s3b.Experiment:log:22]: CW3 RESULT id=60 lead=1 defer=3 hit=1585 commit=1588 commitWall=1791545495112 press=1584 received=1587 window=true inside=true parry=true vanillaAccepted=false loss=0.0 targetHealth=1000.0
[04:31:35] [Server thread/INFO] [STDOUT]: [com.layue13.clashweave.experiment.s3b.Experiment:log:22]: CW3 PLAN id=61 lead=1 defer=3 anchorTick=1593 hit=1605 stamp=1604 anchorWall=1791545495361 legacy=false
[04:31:35] [Server thread/INFO] [STDOUT]: [com.layue13.clashweave.experiment.s3b.Experiment:log:22]: CW3 FREEZE id=61 tick=1605 target=23 attacker=24 distance=1.0
[04:31:36] [Netty IO #1/INFO] [STDOUT]: [com.layue13.clashweave.experiment.s3b.Experiment:log:22]: CW3 WIRE side=SERVER kind=2 id=61 wall=1791545496075 thread=Netty IO #1 observed=1607
[04:31:36] [Server thread/INFO] [STDOUT]: [com.layue13.clashweave.experiment.s3b.Experiment:log:22]: CW3 RECEIVE id=61 kind=2 stamp=1605 tickObserved=1607 recvWall=1791545496114 sendWall=1791545495974 wireMs=140
[04:31:36] [Server thread/INFO] [STDOUT]: [com.layue13.clashweave.experiment.s3b.Experiment:log:22]: CW3 CONSUME id=61 stamp=1605 consumeTick=1608 recvObserved=1607 age=3 queueMs=0 sendWall=1791545495974 recvWall=1791545496114 consumeWall=1791545496114 accepted=true
[04:31:36] [Server thread/INFO] [STDOUT]: [com.layue13.clashweave.experiment.s3b.Experiment:log:22]: CW3 RESULT id=61 lead=1 defer=3 hit=1605 commit=1608 commitWall=1791545496114 press=1605 received=1608 window=true inside=true parry=true vanillaAccepted=false loss=0.0 targetHealth=1000.0
[04:31:36] [Server thread/INFO] [STDOUT]: [com.layue13.clashweave.experiment.s3b.Experiment:log:22]: CW3 PLAN id=62 lead=1 defer=3 anchorTick=1613 hit=1625 stamp=1624 anchorWall=1791545496365 legacy=false
[04:31:36] [Server thread/INFO] [STDOUT]: [com.layue13.clashweave.experiment.s3b.Experiment:log:22]: CW3 FREEZE id=62 tick=1625 target=23 attacker=24 distance=1.0
[04:31:37] [Netty IO #1/INFO] [STDOUT]: [com.layue13.clashweave.experiment.s3b.Experiment:log:22]: CW3 WIRE side=SERVER kind=2 id=62 wall=1791545497025 thread=Netty IO #1 observed=1626
[04:31:37] [Server thread/INFO] [STDOUT]: [com.layue13.clashweave.experiment.s3b.Experiment:log:22]: CW3 RECEIVE id=62 kind=2 stamp=1624 tickObserved=1626 recvWall=1791545497058 sendWall=1791545496924 wireMs=134
[04:31:37] [Server thread/INFO] [STDOUT]: [com.layue13.clashweave.experiment.s3b.Experiment:log:22]: CW3 CONSUME id=62 stamp=1624 consumeTick=1627 recvObserved=1626 age=3 queueMs=0 sendWall=1791545496924 recvWall=1791545497058 consumeWall=1791545497058 accepted=true
[04:31:37] [Server thread/INFO] [STDOUT]: [com.layue13.clashweave.experiment.s3b.Experiment:log:22]: CW3 RESULT id=62 lead=1 defer=3 hit=1625 commit=1628 commitWall=1791545497120 press=1624 received=1627 window=true inside=true parry=true vanillaAccepted=false loss=0.0 targetHealth=1000.0
[04:31:37] [Server thread/INFO] [STDOUT]: [com.layue13.clashweave.experiment.s3b.Experiment:log:22]: CW3 PLAN id=63 lead=1 defer=3 anchorTick=1633 hit=1645 stamp=1644 anchorWall=1791545497369 legacy=false
[04:31:37] [Server thread/INFO] [STDOUT]: [com.layue13.clashweave.experiment.s3b.Experiment:log:22]: CW3 FREEZE id=63 tick=1645 target=23 attacker=24 distance=1.0
[04:31:38] [Netty IO #1/INFO] [STDOUT]: [com.layue13.clashweave.experiment.s3b.Experiment:log:22]: CW3 WIRE side=SERVER kind=2 id=63 wall=1791545498030 thread=Netty IO #1 observed=1646
[04:31:38] [Server thread/INFO] [STDOUT]: [com.layue13.clashweave.experiment.s3b.Experiment:log:22]: CW3 RECEIVE id=63 kind=2 stamp=1644 tickObserved=1646 recvWall=1791545498056 sendWall=1791545497930 wireMs=126
[04:31:38] [Server thread/INFO] [STDOUT]: [com.layue13.clashweave.experiment.s3b.Experiment:log:22]: CW3 CONSUME id=63 stamp=1644 consumeTick=1647 recvObserved=1646 age=3 queueMs=0 sendWall=1791545497930 recvWall=1791545498056 consumeWall=1791545498056 accepted=true
[04:31:38] [Server thread/INFO] [STDOUT]: [com.layue13.clashweave.experiment.s3b.Experiment:log:22]: CW3 RESULT id=63 lead=1 defer=3 hit=1645 commit=1648 commitWall=1791545498118 press=1644 received=1647 window=true inside=true parry=true vanillaAccepted=false loss=0.0 targetHealth=1000.0
[04:31:38] [Server thread/INFO] [STDOUT]: [com.layue13.clashweave.experiment.s3b.Experiment:log:22]: CW3 PLAN id=64 lead=1 defer=3 anchorTick=1653 hit=1665 stamp=1664 anchorWall=1791545498369 legacy=false
[04:31:38] [Server thread/INFO] [STDOUT]: [com.layue13.clashweave.experiment.s3b.Experiment:log:22]: CW3 FREEZE id=64 tick=1665 target=23 attacker=24 distance=1.0
[04:31:39] [Netty IO #1/INFO] [STDOUT]: [com.layue13.clashweave.experiment.s3b.Experiment:log:22]: CW3 WIRE side=SERVER kind=2 id=64 wall=1791545499024 thread=Netty IO #1 observed=1666
[04:31:39] [Server thread/INFO] [STDOUT]: [com.layue13.clashweave.experiment.s3b.Experiment:log:22]: CW3 RECEIVE id=64 kind=2 stamp=1664 tickObserved=1666 recvWall=1791545499061 sendWall=1791545498924 wireMs=137
[04:31:39] [Server thread/INFO] [STDOUT]: [com.layue13.clashweave.experiment.s3b.Experiment:log:22]: CW3 CONSUME id=64 stamp=1664 consumeTick=1667 recvObserved=1666 age=3 queueMs=0 sendWall=1791545498924 recvWall=1791545499061 consumeWall=1791545499061 accepted=true
[04:31:39] [Server thread/INFO] [STDOUT]: [com.layue13.clashweave.experiment.s3b.Experiment:log:22]: CW3 RESULT id=64 lead=1 defer=3 hit=1665 commit=1668 commitWall=1791545499108 press=1664 received=1667 window=true inside=true parry=true vanillaAccepted=false loss=0.0 targetHealth=1000.0
[04:31:39] [Server thread/INFO] [STDOUT]: [com.layue13.clashweave.experiment.s3b.Experiment:log:22]: CW3 PLAN id=65 lead=1 defer=3 anchorTick=1673 hit=1685 stamp=1684 anchorWall=1791545499360 legacy=false
[04:31:39] [Server thread/INFO] [STDOUT]: [com.layue13.clashweave.experiment.s3b.Experiment:log:22]: CW3 FREEZE id=65 tick=1685 target=23 attacker=24 distance=1.0
[04:31:40] [Netty IO #1/INFO] [STDOUT]: [com.layue13.clashweave.experiment.s3b.Experiment:log:22]: CW3 WIRE side=SERVER kind=2 id=65 wall=1791545500074 thread=Netty IO #1 observed=1687
[04:31:40] [Server thread/INFO] [STDOUT]: [com.layue13.clashweave.experiment.s3b.Experiment:log:22]: CW3 RECEIVE id=65 kind=2 stamp=1685 tickObserved=1687 recvWall=1791545500112 sendWall=1791545499974 wireMs=138
[04:31:40] [Server thread/INFO] [STDOUT]: [com.layue13.clashweave.experiment.s3b.Experiment:log:22]: CW3 CONSUME id=65 stamp=1685 consumeTick=1688 recvObserved=1687 age=3 queueMs=0 sendWall=1791545499974 recvWall=1791545500112 consumeWall=1791545500112 accepted=true
[04:31:40] [Server thread/INFO] [STDOUT]: [com.layue13.clashweave.experiment.s3b.Experiment:log:22]: CW3 RESULT id=65 lead=1 defer=3 hit=1685 commit=1688 commitWall=1791545500112 press=1685 received=1688 window=true inside=true parry=true vanillaAccepted=false loss=0.0 targetHealth=1000.0
[04:31:40] [Server thread/INFO] [STDOUT]: [com.layue13.clashweave.experiment.s3b.Experiment:log:22]: CW3 PLAN id=66 lead=1 defer=3 anchorTick=1693 hit=1705 stamp=1704 anchorWall=1791545500363 legacy=false
[04:31:40] [Server thread/INFO] [STDOUT]: [com.layue13.clashweave.experiment.s3b.Experiment:log:22]: CW3 FREEZE id=66 tick=1705 target=23 attacker=24 distance=1.0
[04:31:41] [Netty IO #1/INFO] [STDOUT]: [com.layue13.clashweave.experiment.s3b.Experiment:log:22]: CW3 WIRE side=SERVER kind=2 id=66 wall=1791545501059 thread=Netty IO #1 observed=1706
[04:31:41] [Server thread/INFO] [STDOUT]: [com.layue13.clashweave.experiment.s3b.Experiment:log:22]: CW3 RECEIVE id=66 kind=2 stamp=1705 tickObserved=1706 recvWall=1791545501067 sendWall=1791545500959 wireMs=108
[04:31:41] [Server thread/INFO] [STDOUT]: [com.layue13.clashweave.experiment.s3b.Experiment:log:22]: CW3 CONSUME id=66 stamp=1705 consumeTick=1707 recvObserved=1706 age=2 queueMs=0 sendWall=1791545500959 recvWall=1791545501067 consumeWall=1791545501067 accepted=true
[04:31:41] [Server thread/INFO] [STDOUT]: [com.layue13.clashweave.experiment.s3b.Experiment:log:22]: CW3 RESULT id=66 lead=1 defer=3 hit=1705 commit=1708 commitWall=1791545501114 press=1705 received=1707 window=true inside=true parry=true vanillaAccepted=false loss=0.0 targetHealth=1000.0
[04:31:41] [Server thread/INFO] [STDOUT]: [com.layue13.clashweave.experiment.s3b.Experiment:log:22]: CW3 PLAN id=67 lead=1 defer=3 anchorTick=1713 hit=1725 stamp=1724 anchorWall=1791545501363 legacy=false
[04:31:41] [Server thread/INFO] [STDOUT]: [com.layue13.clashweave.experiment.s3b.Experiment:log:22]: CW3 FREEZE id=67 tick=1725 target=23 attacker=24 distance=1.0
[04:31:42] [Netty IO #1/INFO] [STDOUT]: [com.layue13.clashweave.experiment.s3b.Experiment:log:22]: CW3 WIRE side=SERVER kind=2 id=67 wall=1791545502075 thread=Netty IO #1 observed=1727
[04:31:42] [Server thread/INFO] [STDOUT]: [com.layue13.clashweave.experiment.s3b.Experiment:log:22]: CW3 RECEIVE id=67 kind=2 stamp=1725 tickObserved=1727 recvWall=1791545502113 sendWall=1791545501975 wireMs=138
[04:31:42] [Server thread/INFO] [STDOUT]: [com.layue13.clashweave.experiment.s3b.Experiment:log:22]: CW3 CONSUME id=67 stamp=1725 consumeTick=1728 recvObserved=1727 age=3 queueMs=0 sendWall=1791545501975 recvWall=1791545502113 consumeWall=1791545502113 accepted=true
[04:31:42] [Server thread/INFO] [STDOUT]: [com.layue13.clashweave.experiment.s3b.Experiment:log:22]: CW3 RESULT id=67 lead=1 defer=3 hit=1725 commit=1728 commitWall=1791545502113 press=1725 received=1728 window=true inside=true parry=true vanillaAccepted=false loss=0.0 targetHealth=1000.0
[04:31:42] [Server thread/INFO] [STDOUT]: [com.layue13.clashweave.experiment.s3b.Experiment:log:22]: CW3 PLAN id=68 lead=1 defer=3 anchorTick=1733 hit=1745 stamp=1744 anchorWall=1791545502366 legacy=false
[04:31:42] [Server thread/INFO] [STDOUT]: [com.layue13.clashweave.experiment.s3b.Experiment:log:22]: CW3 FREEZE id=68 tick=1745 target=23 attacker=24 distance=1.0
[04:31:43] [Netty IO #1/INFO] [STDOUT]: [com.layue13.clashweave.experiment.s3b.Experiment:log:22]: CW3 WIRE side=SERVER kind=2 id=68 wall=1791545503024 thread=Netty IO #1 observed=1746
[04:31:43] [Server thread/INFO] [STDOUT]: [com.layue13.clashweave.experiment.s3b.Experiment:log:22]: CW3 RECEIVE id=68 kind=2 stamp=1744 tickObserved=1746 recvWall=1791545503056 sendWall=1791545502924 wireMs=132
[04:31:43] [Server thread/INFO] [STDOUT]: [com.layue13.clashweave.experiment.s3b.Experiment:log:22]: CW3 CONSUME id=68 stamp=1744 consumeTick=1747 recvObserved=1746 age=3 queueMs=0 sendWall=1791545502924 recvWall=1791545503056 consumeWall=1791545503056 accepted=true
[04:31:43] [Server thread/INFO] [STDOUT]: [com.layue13.clashweave.experiment.s3b.Experiment:log:22]: CW3 RESULT id=68 lead=1 defer=3 hit=1745 commit=1748 commitWall=1791545503119 press=1744 received=1747 window=true inside=true parry=true vanillaAccepted=false loss=0.0 targetHealth=1000.0
[04:31:43] [Server thread/INFO] [STDOUT]: [com.layue13.clashweave.experiment.s3b.Experiment:log:22]: CW3 PLAN id=69 lead=1 defer=3 anchorTick=1753 hit=1765 stamp=1764 anchorWall=1791545503369 legacy=false
[04:31:43] [Server thread/INFO] [STDOUT]: [com.layue13.clashweave.experiment.s3b.Experiment:log:22]: CW3 FREEZE id=69 tick=1765 target=23 attacker=24 distance=1.0
[04:31:44] [Netty IO #1/INFO] [STDOUT]: [com.layue13.clashweave.experiment.s3b.Experiment:log:22]: CW3 WIRE side=SERVER kind=2 id=69 wall=1791545504025 thread=Netty IO #1 observed=1766
[04:31:44] [Server thread/INFO] [STDOUT]: [com.layue13.clashweave.experiment.s3b.Experiment:log:22]: CW3 RECEIVE id=69 kind=2 stamp=1764 tickObserved=1766 recvWall=1791545504061 sendWall=1791545503925 wireMs=136
[04:31:44] [Server thread/INFO] [STDOUT]: [com.layue13.clashweave.experiment.s3b.Experiment:log:22]: CW3 CONSUME id=69 stamp=1764 consumeTick=1767 recvObserved=1766 age=3 queueMs=0 sendWall=1791545503925 recvWall=1791545504061 consumeWall=1791545504061 accepted=true
[04:31:44] [Server thread/INFO] [STDOUT]: [com.layue13.clashweave.experiment.s3b.Experiment:log:22]: CW3 RESULT id=69 lead=1 defer=3 hit=1765 commit=1768 commitWall=1791545504109 press=1764 received=1767 window=true inside=true parry=true vanillaAccepted=false loss=0.0 targetHealth=1000.0
[04:31:44] [Server thread/INFO] [STDOUT]: [com.layue13.clashweave.experiment.s3b.Experiment:log:22]: CW3 PLAN id=70 lead=2 defer=3 anchorTick=1773 hit=1785 stamp=1783 anchorWall=1791545504360 legacy=false
[04:31:44] [Server thread/INFO] [STDOUT]: [com.layue13.clashweave.experiment.s3b.Experiment:log:22]: CW3 FREEZE id=70 tick=1785 target=23 attacker=24 distance=1.0
[04:31:44] [Netty IO #1/INFO] [STDOUT]: [com.layue13.clashweave.experiment.s3b.Experiment:log:22]: CW3 WIRE side=SERVER kind=2 id=70 wall=1791545504963 thread=Netty IO #1 observed=1785
[04:31:45] [Server thread/INFO] [STDOUT]: [com.layue13.clashweave.experiment.s3b.Experiment:log:22]: CW3 RECEIVE id=70 kind=2 stamp=1783 tickObserved=1785 recvWall=1791545505020 sendWall=1791545504863 wireMs=157
[04:31:45] [Server thread/INFO] [STDOUT]: [com.layue13.clashweave.experiment.s3b.Experiment:log:22]: CW3 CONSUME id=70 stamp=1783 consumeTick=1786 recvObserved=1785 age=3 queueMs=0 sendWall=1791545504863 recvWall=1791545505020 consumeWall=1791545505020 accepted=true
[04:31:45] [Server thread/INFO] [STDOUT]: [com.layue13.clashweave.experiment.s3b.Experiment:log:22]: CW3 RESULT id=70 lead=2 defer=3 hit=1785 commit=1788 commitWall=1791545505115 press=1783 received=1786 window=true inside=true parry=true vanillaAccepted=false loss=0.0 targetHealth=1000.0
[04:31:45] [Server thread/INFO] [STDOUT]: [com.layue13.clashweave.experiment.s3b.Experiment:log:22]: CW3 PLAN id=71 lead=2 defer=3 anchorTick=1793 hit=1805 stamp=1803 anchorWall=1791545505366 legacy=false
[04:31:45] [Server thread/INFO] [STDOUT]: [com.layue13.clashweave.experiment.s3b.Experiment:log:22]: CW3 FREEZE id=71 tick=1805 target=23 attacker=24 distance=1.0
[04:31:46] [Netty IO #1/INFO] [STDOUT]: [com.layue13.clashweave.experiment.s3b.Experiment:log:22]: CW3 WIRE side=SERVER kind=2 id=71 wall=1791545506012 thread=Netty IO #1 observed=1806
[04:31:46] [Server thread/INFO] [STDOUT]: [com.layue13.clashweave.experiment.s3b.Experiment:log:22]: CW3 RECEIVE id=71 kind=2 stamp=1804 tickObserved=1806 recvWall=1791545506067 sendWall=1791545505911 wireMs=156
[04:31:46] [Server thread/INFO] [STDOUT]: [com.layue13.clashweave.experiment.s3b.Experiment:log:22]: CW3 CONSUME id=71 stamp=1804 consumeTick=1807 recvObserved=1806 age=3 queueMs=1 sendWall=1791545505911 recvWall=1791545506067 consumeWall=1791545506068 accepted=true
[04:31:46] [Server thread/INFO] [STDOUT]: [com.layue13.clashweave.experiment.s3b.Experiment:log:22]: CW3 RESULT id=71 lead=2 defer=3 hit=1805 commit=1808 commitWall=1791545506114 press=1804 received=1807 window=true inside=true parry=true vanillaAccepted=false loss=0.0 targetHealth=1000.0
[04:31:46] [Server thread/INFO] [STDOUT]: [com.layue13.clashweave.experiment.s3b.Experiment:log:22]: CW3 PLAN id=72 lead=2 defer=3 anchorTick=1813 hit=1825 stamp=1823 anchorWall=1791545506363 legacy=false
[04:31:46] [Server thread/INFO] [STDOUT]: [com.layue13.clashweave.experiment.s3b.Experiment:log:22]: CW3 FREEZE id=72 tick=1825 target=23 attacker=24 distance=1.0
[04:31:46] [Netty IO #1/INFO] [STDOUT]: [com.layue13.clashweave.experiment.s3b.Experiment:log:22]: CW3 WIRE side=SERVER kind=2 id=72 wall=1791545506979 thread=Netty IO #1 observed=1825
[04:31:47] [Server thread/INFO] [STDOUT]: [com.layue13.clashweave.experiment.s3b.Experiment:log:22]: CW3 RECEIVE id=72 kind=2 stamp=1823 tickObserved=1825 recvWall=1791545507020 sendWall=1791545506879 wireMs=141
[04:31:47] [Server thread/INFO] [STDOUT]: [com.layue13.clashweave.experiment.s3b.Experiment:log:22]: CW3 CONSUME id=72 stamp=1823 consumeTick=1826 recvObserved=1825 age=3 queueMs=0 sendWall=1791545506879 recvWall=1791545507020 consumeWall=1791545507020 accepted=true
[04:31:47] [Server thread/INFO] [STDOUT]: [com.layue13.clashweave.experiment.s3b.Experiment:log:22]: CW3 RESULT id=72 lead=2 defer=3 hit=1825 commit=1828 commitWall=1791545507113 press=1823 received=1826 window=true inside=true parry=true vanillaAccepted=false loss=0.0 targetHealth=1000.0
[04:31:47] [Server thread/INFO] [STDOUT]: [com.layue13.clashweave.experiment.s3b.Experiment:log:22]: CW3 PLAN id=73 lead=2 defer=3 anchorTick=1833 hit=1845 stamp=1843 anchorWall=1791545507361 legacy=false
[04:31:47] [Netty IO #1/INFO] [STDOUT]: [com.layue13.clashweave.experiment.s3b.Experiment:log:22]: CW3 WIRE side=SERVER kind=2 id=73 wall=1791545507961 thread=Netty IO #1 observed=1844
[04:31:47] [Server thread/INFO] [STDOUT]: [com.layue13.clashweave.experiment.s3b.Experiment:log:22]: CW3 RECEIVE id=73 kind=2 stamp=1843 tickObserved=1844 recvWall=1791545507969 sendWall=1791545507861 wireMs=108
[04:31:47] [Server thread/INFO] [STDOUT]: [com.layue13.clashweave.experiment.s3b.Experiment:log:22]: CW3 CONSUME id=73 stamp=1843 consumeTick=1845 recvObserved=1844 age=2 queueMs=0 sendWall=1791545507861 recvWall=1791545507969 consumeWall=1791545507969 accepted=true
[04:31:47] [Server thread/INFO] [STDOUT]: [com.layue13.clashweave.experiment.s3b.Experiment:log:22]: CW3 FREEZE id=73 tick=1845 target=23 attacker=24 distance=1.0
[04:31:48] [Server thread/INFO] [STDOUT]: [com.layue13.clashweave.experiment.s3b.Experiment:log:22]: CW3 RESULT id=73 lead=2 defer=3 hit=1845 commit=1848 commitWall=1791545508109 press=1843 received=1845 window=true inside=true parry=true vanillaAccepted=false loss=0.0 targetHealth=1000.0
[04:31:48] [Server thread/INFO] [STDOUT]: [com.layue13.clashweave.experiment.s3b.Experiment:log:22]: CW3 PLAN id=74 lead=2 defer=3 anchorTick=1853 hit=1865 stamp=1863 anchorWall=1791545508358 legacy=false
[04:31:48] [Netty IO #1/INFO] [STDOUT]: [com.layue13.clashweave.experiment.s3b.Experiment:log:22]: CW3 WIRE side=SERVER kind=2 id=74 wall=1791545508960 thread=Netty IO #1 observed=1864
[04:31:48] [Server thread/INFO] [STDOUT]: [com.layue13.clashweave.experiment.s3b.Experiment:log:22]: CW3 RECEIVE id=74 kind=2 stamp=1863 tickObserved=1864 recvWall=1791545508969 sendWall=1791545508860 wireMs=109
[04:31:48] [Server thread/INFO] [STDOUT]: [com.layue13.clashweave.experiment.s3b.Experiment:log:22]: CW3 CONSUME id=74 stamp=1863 consumeTick=1865 recvObserved=1864 age=2 queueMs=0 sendWall=1791545508860 recvWall=1791545508969 consumeWall=1791545508969 accepted=true
[04:31:48] [Server thread/INFO] [STDOUT]: [com.layue13.clashweave.experiment.s3b.Experiment:log:22]: CW3 FREEZE id=74 tick=1865 target=23 attacker=24 distance=1.0
[04:31:49] [Server thread/INFO] [STDOUT]: [com.layue13.clashweave.experiment.s3b.Experiment:log:22]: CW3 RESULT id=74 lead=2 defer=3 hit=1865 commit=1868 commitWall=1791545509110 press=1863 received=1865 window=true inside=true parry=true vanillaAccepted=false loss=0.0 targetHealth=1000.0
[04:31:49] [Server thread/INFO] [STDOUT]: [com.layue13.clashweave.experiment.s3b.Experiment:log:22]: CW3 PLAN id=75 lead=2 defer=3 anchorTick=1873 hit=1885 stamp=1883 anchorWall=1791545509363 legacy=false
[04:31:49] [Server thread/INFO] [STDOUT]: [com.layue13.clashweave.experiment.s3b.Experiment:log:22]: CW3 FREEZE id=75 tick=1885 target=23 attacker=24 distance=1.0
[04:31:49] [Netty IO #1/INFO] [STDOUT]: [com.layue13.clashweave.experiment.s3b.Experiment:log:22]: CW3 WIRE side=SERVER kind=2 id=75 wall=1791545509980 thread=Netty IO #1 observed=1885
[04:31:50] [Server thread/INFO] [STDOUT]: [com.layue13.clashweave.experiment.s3b.Experiment:log:22]: CW3 RECEIVE id=75 kind=2 stamp=1883 tickObserved=1885 recvWall=1791545510006 sendWall=1791545509879 wireMs=127
[04:31:50] [Server thread/INFO] [STDOUT]: [com.layue13.clashweave.experiment.s3b.Experiment:log:22]: CW3 CONSUME id=75 stamp=1883 consumeTick=1886 recvObserved=1885 age=3 queueMs=0 sendWall=1791545509879 recvWall=1791545510006 consumeWall=1791545510006 accepted=true
[04:31:50] [Server thread/INFO] [STDOUT]: [com.layue13.clashweave.experiment.s3b.Experiment:log:22]: CW3 RESULT id=75 lead=2 defer=3 hit=1885 commit=1888 commitWall=1791545510117 press=1883 received=1886 window=true inside=true parry=true vanillaAccepted=false loss=0.0 targetHealth=1000.0
[04:31:50] [Server thread/INFO] [STDOUT]: [com.layue13.clashweave.experiment.s3b.Experiment:log:22]: CW3 PLAN id=76 lead=2 defer=3 anchorTick=1893 hit=1905 stamp=1903 anchorWall=1791545510367 legacy=false
[04:31:50] [Server thread/INFO] [STDOUT]: [com.layue13.clashweave.experiment.s3b.Experiment:log:22]: CW3 FREEZE id=76 tick=1905 target=23 attacker=24 distance=1.0
[04:31:50] [Netty IO #1/INFO] [STDOUT]: [com.layue13.clashweave.experiment.s3b.Experiment:log:22]: CW3 WIRE side=SERVER kind=2 id=76 wall=1791545510974 thread=Netty IO #1 observed=1905
[04:31:51] [Server thread/INFO] [STDOUT]: [com.layue13.clashweave.experiment.s3b.Experiment:log:22]: CW3 RECEIVE id=76 kind=2 stamp=1903 tickObserved=1905 recvWall=1791545511010 sendWall=1791545510874 wireMs=136
[04:31:51] [Server thread/INFO] [STDOUT]: [com.layue13.clashweave.experiment.s3b.Experiment:log:22]: CW3 CONSUME id=76 stamp=1903 consumeTick=1906 recvObserved=1905 age=3 queueMs=0 sendWall=1791545510874 recvWall=1791545511010 consumeWall=1791545511010 accepted=true
[04:31:51] [Server thread/INFO] [STDOUT]: [com.layue13.clashweave.experiment.s3b.Experiment:log:22]: CW3 RESULT id=76 lead=2 defer=3 hit=1905 commit=1908 commitWall=1791545511105 press=1903 received=1906 window=true inside=true parry=true vanillaAccepted=false loss=0.0 targetHealth=1000.0
[04:31:51] [Server thread/INFO] [STDOUT]: [com.layue13.clashweave.experiment.s3b.Experiment:log:22]: CW3 PLAN id=77 lead=2 defer=3 anchorTick=1913 hit=1925 stamp=1923 anchorWall=1791545511357 legacy=false
[04:31:51] [Netty IO #1/INFO] [STDOUT]: [com.layue13.clashweave.experiment.s3b.Experiment:log:22]: CW3 WIRE side=SERVER kind=2 id=77 wall=1791545511962 thread=Netty IO #1 observed=1924
[04:31:51] [Server thread/INFO] [STDOUT]: [com.layue13.clashweave.experiment.s3b.Experiment:log:22]: CW3 RECEIVE id=77 kind=2 stamp=1923 tickObserved=1924 recvWall=1791545511970 sendWall=1791545511862 wireMs=108
[04:31:51] [Server thread/INFO] [STDOUT]: [com.layue13.clashweave.experiment.s3b.Experiment:log:22]: CW3 CONSUME id=77 stamp=1923 consumeTick=1925 recvObserved=1924 age=2 queueMs=0 sendWall=1791545511862 recvWall=1791545511970 consumeWall=1791545511970 accepted=true
[04:31:51] [Server thread/INFO] [STDOUT]: [com.layue13.clashweave.experiment.s3b.Experiment:log:22]: CW3 FREEZE id=77 tick=1925 target=23 attacker=24 distance=1.0
[04:31:52] [Server thread/INFO] [STDOUT]: [com.layue13.clashweave.experiment.s3b.Experiment:log:22]: CW3 RESULT id=77 lead=2 defer=3 hit=1925 commit=1928 commitWall=1791545512111 press=1923 received=1925 window=true inside=true parry=true vanillaAccepted=false loss=0.0 targetHealth=1000.0
[04:31:52] [Server thread/INFO] [STDOUT]: [com.layue13.clashweave.experiment.s3b.Experiment:log:22]: CW3 PLAN id=78 lead=2 defer=3 anchorTick=1933 hit=1945 stamp=1943 anchorWall=1791545512365 legacy=false
[04:31:52] [Server thread/INFO] [STDOUT]: [com.layue13.clashweave.experiment.s3b.Experiment:log:22]: CW3 FREEZE id=78 tick=1945 target=23 attacker=24 distance=1.0
[04:31:52] [Netty IO #1/INFO] [STDOUT]: [com.layue13.clashweave.experiment.s3b.Experiment:log:22]: CW3 WIRE side=SERVER kind=2 id=78 wall=1791545512974 thread=Netty IO #1 observed=1945
[04:31:53] [Server thread/INFO] [STDOUT]: [com.layue13.clashweave.experiment.s3b.Experiment:log:22]: CW3 RECEIVE id=78 kind=2 stamp=1943 tickObserved=1945 recvWall=1791545513011 sendWall=1791545512874 wireMs=137
[04:31:53] [Server thread/INFO] [STDOUT]: [com.layue13.clashweave.experiment.s3b.Experiment:log:22]: CW3 CONSUME id=78 stamp=1943 consumeTick=1946 recvObserved=1945 age=3 queueMs=0 sendWall=1791545512874 recvWall=1791545513011 consumeWall=1791545513011 accepted=true
[04:31:53] [Server thread/INFO] [STDOUT]: [com.layue13.clashweave.experiment.s3b.Experiment:log:22]: CW3 RESULT id=78 lead=2 defer=3 hit=1945 commit=1948 commitWall=1791545513106 press=1943 received=1946 window=true inside=true parry=true vanillaAccepted=false loss=0.0 targetHealth=1000.0
[04:31:53] [Server thread/INFO] [STDOUT]: [com.layue13.clashweave.experiment.s3b.Experiment:log:22]: CW3 PLAN id=79 lead=2 defer=3 anchorTick=1953 hit=1965 stamp=1963 anchorWall=1791545513355 legacy=false
[04:31:53] [Netty IO #1/INFO] [STDOUT]: [com.layue13.clashweave.experiment.s3b.Experiment:log:22]: CW3 WIRE side=SERVER kind=2 id=79 wall=1791545513959 thread=Netty IO #1 observed=1964
[04:31:53] [Server thread/INFO] [STDOUT]: [com.layue13.clashweave.experiment.s3b.Experiment:log:22]: CW3 RECEIVE id=79 kind=2 stamp=1963 tickObserved=1964 recvWall=1791545513968 sendWall=1791545513858 wireMs=110
[04:31:53] [Server thread/INFO] [STDOUT]: [com.layue13.clashweave.experiment.s3b.Experiment:log:22]: CW3 CONSUME id=79 stamp=1963 consumeTick=1965 recvObserved=1964 age=2 queueMs=0 sendWall=1791545513858 recvWall=1791545513968 consumeWall=1791545513968 accepted=true
[04:31:53] [Server thread/INFO] [STDOUT]: [com.layue13.clashweave.experiment.s3b.Experiment:log:22]: CW3 FREEZE id=79 tick=1965 target=23 attacker=24 distance=1.0
[04:31:54] [Server thread/INFO] [STDOUT]: [com.layue13.clashweave.experiment.s3b.Experiment:log:22]: CW3 RESULT id=79 lead=2 defer=3 hit=1965 commit=1968 commitWall=1791545514107 press=1963 received=1965 window=true inside=true parry=true vanillaAccepted=false loss=0.0 targetHealth=1000.0
[04:31:54] [Server thread/INFO] [STDOUT]: [com.layue13.clashweave.experiment.s3b.Experiment:log:22]: CW3 PLAN id=80 lead=3 defer=3 anchorTick=1973 hit=1985 stamp=1982 anchorWall=1791545514358 legacy=false
[04:31:54] [Netty IO #1/INFO] [STDOUT]: [com.layue13.clashweave.experiment.s3b.Experiment:log:22]: CW3 WIRE side=SERVER kind=2 id=80 wall=1791545514931 thread=Netty IO #1 observed=1984
[04:31:54] [Server thread/INFO] [STDOUT]: [com.layue13.clashweave.experiment.s3b.Experiment:log:22]: CW3 RECEIVE id=80 kind=2 stamp=1982 tickObserved=1984 recvWall=1791545514957 sendWall=1791545514830 wireMs=127
[04:31:54] [Server thread/INFO] [STDOUT]: [com.layue13.clashweave.experiment.s3b.Experiment:log:22]: CW3 CONSUME id=80 stamp=1982 consumeTick=1985 recvObserved=1984 age=3 queueMs=0 sendWall=1791545514830 recvWall=1791545514957 consumeWall=1791545514957 accepted=true
[04:31:54] [Server thread/INFO] [STDOUT]: [com.layue13.clashweave.experiment.s3b.Experiment:log:22]: CW3 FREEZE id=80 tick=1985 target=23 attacker=24 distance=1.0
[04:31:55] [Server thread/INFO] [STDOUT]: [com.layue13.clashweave.experiment.s3b.Experiment:log:22]: CW3 RESULT id=80 lead=3 defer=3 hit=1985 commit=1988 commitWall=1791545515114 press=1982 received=1985 window=true inside=true parry=true vanillaAccepted=false loss=0.0 targetHealth=1000.0
[04:31:55] [Server thread/INFO] [STDOUT]: [com.layue13.clashweave.experiment.s3b.Experiment:log:22]: CW3 PLAN id=81 lead=3 defer=3 anchorTick=1993 hit=2005 stamp=2002 anchorWall=1791545515366 legacy=false
[04:31:55] [Netty IO #1/INFO] [STDOUT]: [com.layue13.clashweave.experiment.s3b.Experiment:log:22]: CW3 WIRE side=SERVER kind=2 id=81 wall=1791545515925 thread=Netty IO #1 observed=2004
[04:31:55] [Server thread/INFO] [STDOUT]: [com.layue13.clashweave.experiment.s3b.Experiment:log:22]: CW3 RECEIVE id=81 kind=2 stamp=2002 tickObserved=2004 recvWall=1791545515965 sendWall=1791545515825 wireMs=140
[04:31:55] [Server thread/INFO] [STDOUT]: [com.layue13.clashweave.experiment.s3b.Experiment:log:22]: CW3 CONSUME id=81 stamp=2002 consumeTick=2005 recvObserved=2004 age=3 queueMs=0 sendWall=1791545515825 recvWall=1791545515965 consumeWall=1791545515965 accepted=true
[04:31:55] [Server thread/INFO] [STDOUT]: [com.layue13.clashweave.experiment.s3b.Experiment:log:22]: CW3 FREEZE id=81 tick=2005 target=23 attacker=24 distance=1.0
[04:31:56] [Server thread/INFO] [STDOUT]: [com.layue13.clashweave.experiment.s3b.Experiment:log:22]: CW3 RESULT id=81 lead=3 defer=3 hit=2005 commit=2008 commitWall=1791545516107 press=2002 received=2005 window=true inside=true parry=true vanillaAccepted=false loss=0.0 targetHealth=1000.0
[04:31:56] [Server thread/INFO] [STDOUT]: [com.layue13.clashweave.experiment.s3b.Experiment:log:22]: CW3 PLAN id=82 lead=3 defer=3 anchorTick=2013 hit=2025 stamp=2022 anchorWall=1791545516358 legacy=false
[04:31:56] [Netty IO #1/INFO] [STDOUT]: [com.layue13.clashweave.experiment.s3b.Experiment:log:22]: CW3 WIRE side=SERVER kind=2 id=82 wall=1791545516930 thread=Netty IO #1 observed=2024
[04:31:56] [Server thread/INFO] [STDOUT]: [com.layue13.clashweave.experiment.s3b.Experiment:log:22]: CW3 RECEIVE id=82 kind=2 stamp=2022 tickObserved=2024 recvWall=1791545516969 sendWall=1791545516830 wireMs=139
[04:31:56] [Server thread/INFO] [STDOUT]: [com.layue13.clashweave.experiment.s3b.Experiment:log:22]: CW3 CONSUME id=82 stamp=2022 consumeTick=2025 recvObserved=2024 age=3 queueMs=0 sendWall=1791545516830 recvWall=1791545516969 consumeWall=1791545516969 accepted=true
[04:31:56] [Server thread/INFO] [STDOUT]: [com.layue13.clashweave.experiment.s3b.Experiment:log:22]: CW3 FREEZE id=82 tick=2025 target=23 attacker=24 distance=1.0
[04:31:57] [Server thread/INFO] [STDOUT]: [com.layue13.clashweave.experiment.s3b.Experiment:log:22]: CW3 RESULT id=82 lead=3 defer=3 hit=2025 commit=2028 commitWall=1791545517110 press=2022 received=2025 window=true inside=true parry=true vanillaAccepted=false loss=0.0 targetHealth=1000.0
[04:31:57] [Server thread/INFO] [STDOUT]: [com.layue13.clashweave.experiment.s3b.Experiment:log:22]: CW3 PLAN id=83 lead=3 defer=3 anchorTick=2033 hit=2045 stamp=2042 anchorWall=1791545517362 legacy=false
[04:31:57] [Netty IO #1/INFO] [STDOUT]: [com.layue13.clashweave.experiment.s3b.Experiment:log:22]: CW3 WIRE side=SERVER kind=2 id=83 wall=1791545517924 thread=Netty IO #1 observed=2044
[04:31:57] [Server thread/INFO] [STDOUT]: [com.layue13.clashweave.experiment.s3b.Experiment:log:22]: CW3 RECEIVE id=83 kind=2 stamp=2042 tickObserved=2044 recvWall=1791545517956 sendWall=1791545517824 wireMs=132
[04:31:57] [Server thread/INFO] [STDOUT]: [com.layue13.clashweave.experiment.s3b.Experiment:log:22]: CW3 CONSUME id=83 stamp=2042 consumeTick=2045 recvObserved=2044 age=3 queueMs=0 sendWall=1791545517824 recvWall=1791545517956 consumeWall=1791545517956 accepted=true
[04:31:57] [Server thread/INFO] [STDOUT]: [com.layue13.clashweave.experiment.s3b.Experiment:log:22]: CW3 FREEZE id=83 tick=2045 target=23 attacker=24 distance=1.0
[04:31:58] [Server thread/INFO] [STDOUT]: [com.layue13.clashweave.experiment.s3b.Experiment:log:22]: CW3 RESULT id=83 lead=3 defer=3 hit=2045 commit=2048 commitWall=1791545518111 press=2042 received=2045 window=true inside=true parry=true vanillaAccepted=false loss=0.0 targetHealth=1000.0
[04:31:58] [Server thread/INFO] [STDOUT]: [com.layue13.clashweave.experiment.s3b.Experiment:log:22]: CW3 PLAN id=84 lead=3 defer=3 anchorTick=2053 hit=2065 stamp=2062 anchorWall=1791545518363 legacy=false
[04:31:58] [Netty IO #1/INFO] [STDOUT]: [com.layue13.clashweave.experiment.s3b.Experiment:log:22]: CW3 WIRE side=SERVER kind=2 id=84 wall=1791545518924 thread=Netty IO #1 observed=2064
[04:31:58] [Server thread/INFO] [STDOUT]: [com.layue13.clashweave.experiment.s3b.Experiment:log:22]: CW3 RECEIVE id=84 kind=2 stamp=2062 tickObserved=2064 recvWall=1791545518960 sendWall=1791545518824 wireMs=136
[04:31:58] [Server thread/INFO] [STDOUT]: [com.layue13.clashweave.experiment.s3b.Experiment:log:22]: CW3 CONSUME id=84 stamp=2062 consumeTick=2065 recvObserved=2064 age=3 queueMs=0 sendWall=1791545518824 recvWall=1791545518960 consumeWall=1791545518960 accepted=true
[04:31:58] [Server thread/INFO] [STDOUT]: [com.layue13.clashweave.experiment.s3b.Experiment:log:22]: CW3 FREEZE id=84 tick=2065 target=23 attacker=24 distance=1.0
[04:31:59] [Server thread/INFO] [STDOUT]: [com.layue13.clashweave.experiment.s3b.Experiment:log:22]: CW3 RESULT id=84 lead=3 defer=3 hit=2065 commit=2068 commitWall=1791545519118 press=2062 received=2065 window=true inside=true parry=true vanillaAccepted=false loss=0.0 targetHealth=1000.0
[04:31:59] [Server thread/INFO] [STDOUT]: [com.layue13.clashweave.experiment.s3b.Experiment:log:22]: CW3 PLAN id=85 lead=3 defer=3 anchorTick=2073 hit=2085 stamp=2082 anchorWall=1791545519368 legacy=false
[04:31:59] [Netty IO #1/INFO] [STDOUT]: [com.layue13.clashweave.experiment.s3b.Experiment:log:22]: CW3 WIRE side=SERVER kind=2 id=85 wall=1791545519924 thread=Netty IO #1 observed=2084
[04:31:59] [Server thread/INFO] [STDOUT]: [com.layue13.clashweave.experiment.s3b.Experiment:log:22]: CW3 RECEIVE id=85 kind=2 stamp=2082 tickObserved=2084 recvWall=1791545519961 sendWall=1791545519824 wireMs=137
[04:31:59] [Server thread/INFO] [STDOUT]: [com.layue13.clashweave.experiment.s3b.Experiment:log:22]: CW3 CONSUME id=85 stamp=2082 consumeTick=2085 recvObserved=2084 age=3 queueMs=0 sendWall=1791545519824 recvWall=1791545519961 consumeWall=1791545519961 accepted=true
[04:31:59] [Server thread/INFO] [STDOUT]: [com.layue13.clashweave.experiment.s3b.Experiment:log:22]: CW3 FREEZE id=85 tick=2085 target=23 attacker=24 distance=1.0
[04:32:00] [Server thread/INFO] [STDOUT]: [com.layue13.clashweave.experiment.s3b.Experiment:log:22]: CW3 RESULT id=85 lead=3 defer=3 hit=2085 commit=2088 commitWall=1791545520118 press=2082 received=2085 window=true inside=true parry=true vanillaAccepted=false loss=0.0 targetHealth=1000.0
[04:32:00] [Server thread/INFO] [STDOUT]: [com.layue13.clashweave.experiment.s3b.Experiment:log:22]: CW3 PLAN id=86 lead=3 defer=3 anchorTick=2093 hit=2105 stamp=2102 anchorWall=1791545520370 legacy=false
[04:32:00] [Netty IO #1/INFO] [STDOUT]: [com.layue13.clashweave.experiment.s3b.Experiment:log:22]: CW3 WIRE side=SERVER kind=2 id=86 wall=1791545520960 thread=Netty IO #1 observed=2104
[04:32:00] [Server thread/INFO] [STDOUT]: [com.layue13.clashweave.experiment.s3b.Experiment:log:22]: CW3 RECEIVE id=86 kind=2 stamp=2103 tickObserved=2104 recvWall=1791545520968 sendWall=1791545520859 wireMs=109
[04:32:00] [Server thread/INFO] [STDOUT]: [com.layue13.clashweave.experiment.s3b.Experiment:log:22]: CW3 CONSUME id=86 stamp=2103 consumeTick=2105 recvObserved=2104 age=2 queueMs=0 sendWall=1791545520859 recvWall=1791545520968 consumeWall=1791545520968 accepted=true
[04:32:00] [Server thread/INFO] [STDOUT]: [com.layue13.clashweave.experiment.s3b.Experiment:log:22]: CW3 FREEZE id=86 tick=2105 target=23 attacker=24 distance=1.0
[04:32:01] [Server thread/INFO] [STDOUT]: [com.layue13.clashweave.experiment.s3b.Experiment:log:22]: CW3 RESULT id=86 lead=3 defer=3 hit=2105 commit=2108 commitWall=1791545521108 press=2103 received=2105 window=true inside=true parry=true vanillaAccepted=false loss=0.0 targetHealth=1000.0
[04:32:01] [Server thread/INFO] [STDOUT]: [com.layue13.clashweave.experiment.s3b.Experiment:log:22]: CW3 PLAN id=87 lead=3 defer=3 anchorTick=2113 hit=2125 stamp=2122 anchorWall=1791545521357 legacy=false
[04:32:01] [Netty IO #1/INFO] [STDOUT]: [com.layue13.clashweave.experiment.s3b.Experiment:log:22]: CW3 WIRE side=SERVER kind=2 id=87 wall=1791545521911 thread=Netty IO #1 observed=2124
[04:32:01] [Server thread/INFO] [STDOUT]: [com.layue13.clashweave.experiment.s3b.Experiment:log:22]: CW3 RECEIVE id=87 kind=2 stamp=2122 tickObserved=2124 recvWall=1791545521967 sendWall=1791545521810 wireMs=157
[04:32:01] [Server thread/INFO] [STDOUT]: [com.layue13.clashweave.experiment.s3b.Experiment:log:22]: CW3 CONSUME id=87 stamp=2122 consumeTick=2125 recvObserved=2124 age=3 queueMs=0 sendWall=1791545521810 recvWall=1791545521967 consumeWall=1791545521967 accepted=true
[04:32:01] [Server thread/INFO] [STDOUT]: [com.layue13.clashweave.experiment.s3b.Experiment:log:22]: CW3 FREEZE id=87 tick=2125 target=23 attacker=24 distance=1.0
[04:32:02] [Server thread/INFO] [STDOUT]: [com.layue13.clashweave.experiment.s3b.Experiment:log:22]: CW3 RESULT id=87 lead=3 defer=3 hit=2125 commit=2128 commitWall=1791545522109 press=2122 received=2125 window=true inside=true parry=true vanillaAccepted=false loss=0.0 targetHealth=1000.0
[04:32:02] [Server thread/INFO] [STDOUT]: [com.layue13.clashweave.experiment.s3b.Experiment:log:22]: CW3 PLAN id=88 lead=3 defer=3 anchorTick=2133 hit=2145 stamp=2142 anchorWall=1791545522360 legacy=false
[04:32:02] [Netty IO #1/INFO] [STDOUT]: [com.layue13.clashweave.experiment.s3b.Experiment:log:22]: CW3 WIRE side=SERVER kind=2 id=88 wall=1791545522926 thread=Netty IO #1 observed=2144
[04:32:02] [Server thread/INFO] [STDOUT]: [com.layue13.clashweave.experiment.s3b.Experiment:log:22]: CW3 RECEIVE id=88 kind=2 stamp=2142 tickObserved=2144 recvWall=1791545522957 sendWall=1791545522825 wireMs=132
[04:32:02] [Server thread/INFO] [STDOUT]: [com.layue13.clashweave.experiment.s3b.Experiment:log:22]: CW3 CONSUME id=88 stamp=2142 consumeTick=2145 recvObserved=2144 age=3 queueMs=0 sendWall=1791545522825 recvWall=1791545522957 consumeWall=1791545522957 accepted=true
[04:32:02] [Server thread/INFO] [STDOUT]: [com.layue13.clashweave.experiment.s3b.Experiment:log:22]: CW3 FREEZE id=88 tick=2145 target=23 attacker=24 distance=1.0
[04:32:03] [Server thread/INFO] [STDOUT]: [com.layue13.clashweave.experiment.s3b.Experiment:log:22]: CW3 RESULT id=88 lead=3 defer=3 hit=2145 commit=2148 commitWall=1791545523114 press=2142 received=2145 window=true inside=true parry=true vanillaAccepted=false loss=0.0 targetHealth=1000.0
[04:32:03] [Server thread/INFO] [STDOUT]: [com.layue13.clashweave.experiment.s3b.Experiment:log:22]: CW3 PLAN id=89 lead=3 defer=3 anchorTick=2153 hit=2165 stamp=2162 anchorWall=1791545523365 legacy=false
[04:32:03] [Netty IO #1/INFO] [STDOUT]: [com.layue13.clashweave.experiment.s3b.Experiment:log:22]: CW3 WIRE side=SERVER kind=2 id=89 wall=1791545523925 thread=Netty IO #1 observed=2164
[04:32:03] [Server thread/INFO] [STDOUT]: [com.layue13.clashweave.experiment.s3b.Experiment:log:22]: CW3 RECEIVE id=89 kind=2 stamp=2162 tickObserved=2164 recvWall=1791545523960 sendWall=1791545523824 wireMs=136
[04:32:03] [Server thread/INFO] [STDOUT]: [com.layue13.clashweave.experiment.s3b.Experiment:log:22]: CW3 CONSUME id=89 stamp=2162 consumeTick=2165 recvObserved=2164 age=3 queueMs=0 sendWall=1791545523824 recvWall=1791545523960 consumeWall=1791545523960 accepted=true
[04:32:03] [Server thread/INFO] [STDOUT]: [com.layue13.clashweave.experiment.s3b.Experiment:log:22]: CW3 FREEZE id=89 tick=2165 target=23 attacker=24 distance=1.0
[04:32:04] [Server thread/INFO] [STDOUT]: [com.layue13.clashweave.experiment.s3b.Experiment:log:22]: CW3 RESULT id=89 lead=3 defer=3 hit=2165 commit=2168 commitWall=1791545524117 press=2162 received=2165 window=true inside=true parry=true vanillaAccepted=false loss=0.0 targetHealth=1000.0
[04:32:04] [Server thread/INFO] [STDOUT]: [com.layue13.clashweave.experiment.s3b.Experiment:log:22]: CW3 PLAN id=90 lead=4 defer=3 anchorTick=2173 hit=2185 stamp=2181 anchorWall=1791545524366 legacy=false
[04:32:04] [Netty IO #1/INFO] [STDOUT]: [com.layue13.clashweave.experiment.s3b.Experiment:log:22]: CW3 WIRE side=SERVER kind=2 id=90 wall=1791545524925 thread=Netty IO #1 observed=2184
[04:32:04] [Server thread/INFO] [STDOUT]: [com.layue13.clashweave.experiment.s3b.Experiment:log:22]: CW3 RECEIVE id=90 kind=2 stamp=2182 tickObserved=2184 recvWall=1791545524964 sendWall=1791545524825 wireMs=139
[04:32:04] [Server thread/INFO] [STDOUT]: [com.layue13.clashweave.experiment.s3b.Experiment:log:22]: CW3 CONSUME id=90 stamp=2182 consumeTick=2185 recvObserved=2184 age=3 queueMs=0 sendWall=1791545524825 recvWall=1791545524964 consumeWall=1791545524964 accepted=true
[04:32:04] [Server thread/INFO] [STDOUT]: [com.layue13.clashweave.experiment.s3b.Experiment:log:22]: CW3 FREEZE id=90 tick=2185 target=23 attacker=24 distance=1.0
[04:32:05] [Server thread/INFO] [STDOUT]: [com.layue13.clashweave.experiment.s3b.Experiment:log:22]: CW3 RESULT id=90 lead=4 defer=3 hit=2185 commit=2188 commitWall=1791545525105 press=2182 received=2185 window=true inside=true parry=true vanillaAccepted=false loss=0.0 targetHealth=1000.0
[04:32:05] [Server thread/INFO] [STDOUT]: [com.layue13.clashweave.experiment.s3b.Experiment:log:22]: CW3 PLAN id=91 lead=4 defer=3 anchorTick=2193 hit=2205 stamp=2201 anchorWall=1791545525369 legacy=false
[04:32:05] [Netty IO #1/INFO] [STDOUT]: [com.layue13.clashweave.experiment.s3b.Experiment:log:22]: CW3 WIRE side=SERVER kind=2 id=91 wall=1791545525911 thread=Netty IO #1 observed=2204
[04:32:05] [Server thread/INFO] [STDOUT]: [com.layue13.clashweave.experiment.s3b.Experiment:log:22]: CW3 RECEIVE id=91 kind=2 stamp=2202 tickObserved=2204 recvWall=1791545525967 sendWall=1791545525811 wireMs=156
[04:32:05] [Server thread/INFO] [STDOUT]: [com.layue13.clashweave.experiment.s3b.Experiment:log:22]: CW3 CONSUME id=91 stamp=2202 consumeTick=2205 recvObserved=2204 age=3 queueMs=0 sendWall=1791545525811 recvWall=1791545525967 consumeWall=1791545525967 accepted=true
[04:32:05] [Server thread/INFO] [STDOUT]: [com.layue13.clashweave.experiment.s3b.Experiment:log:22]: CW3 FREEZE id=91 tick=2205 target=23 attacker=24 distance=1.0
[04:32:06] [Server thread/INFO] [STDOUT]: [com.layue13.clashweave.experiment.s3b.Experiment:log:22]: CW3 RESULT id=91 lead=4 defer=3 hit=2205 commit=2208 commitWall=1791545526107 press=2202 received=2205 window=true inside=true parry=true vanillaAccepted=false loss=0.0 targetHealth=1000.0
[04:32:06] [Server thread/INFO] [STDOUT]: [com.layue13.clashweave.experiment.s3b.Experiment:log:22]: CW3 PLAN id=92 lead=4 defer=3 anchorTick=2213 hit=2225 stamp=2221 anchorWall=1791545526359 legacy=false
[04:32:06] [Netty IO #1/INFO] [STDOUT]: [com.layue13.clashweave.experiment.s3b.Experiment:log:22]: CW3 WIRE side=SERVER kind=2 id=92 wall=1791545526874 thread=Netty IO #1 observed=2223
[04:32:06] [Server thread/INFO] [STDOUT]: [com.layue13.clashweave.experiment.s3b.Experiment:log:22]: CW3 RECEIVE id=92 kind=2 stamp=2221 tickObserved=2223 recvWall=1791545526906 sendWall=1791545526774 wireMs=132
[04:32:06] [Server thread/INFO] [STDOUT]: [com.layue13.clashweave.experiment.s3b.Experiment:log:22]: CW3 CONSUME id=92 stamp=2221 consumeTick=2224 recvObserved=2223 age=3 queueMs=0 sendWall=1791545526774 recvWall=1791545526906 consumeWall=1791545526906 accepted=true
[04:32:06] [Server thread/INFO] [STDOUT]: [com.layue13.clashweave.experiment.s3b.Experiment:log:22]: CW3 FREEZE id=92 tick=2225 target=23 attacker=24 distance=1.0
[04:32:07] [Server thread/INFO] [STDOUT]: [com.layue13.clashweave.experiment.s3b.Experiment:log:22]: CW3 RESULT id=92 lead=4 defer=3 hit=2225 commit=2228 commitWall=1791545527110 press=2221 received=2224 window=true inside=true parry=true vanillaAccepted=false loss=0.0 targetHealth=1000.0
[04:32:07] [Server thread/INFO] [STDOUT]: [com.layue13.clashweave.experiment.s3b.Experiment:log:22]: CW3 PLAN id=93 lead=4 defer=3 anchorTick=2233 hit=2245 stamp=2241 anchorWall=1791545527361 legacy=false
[04:32:07] [Netty IO #1/INFO] [STDOUT]: [com.layue13.clashweave.experiment.s3b.Experiment:log:22]: CW3 WIRE side=SERVER kind=2 id=93 wall=1791545527875 thread=Netty IO #1 observed=2243
[04:32:07] [Server thread/INFO] [STDOUT]: [com.layue13.clashweave.experiment.s3b.Experiment:log:22]: CW3 RECEIVE id=93 kind=2 stamp=2241 tickObserved=2243 recvWall=1791545527913 sendWall=1791545527774 wireMs=139
[04:32:07] [Server thread/INFO] [STDOUT]: [com.layue13.clashweave.experiment.s3b.Experiment:log:22]: CW3 CONSUME id=93 stamp=2241 consumeTick=2244 recvObserved=2243 age=3 queueMs=0 sendWall=1791545527774 recvWall=1791545527913 consumeWall=1791545527913 accepted=true
[04:32:07] [Server thread/INFO] [STDOUT]: [com.layue13.clashweave.experiment.s3b.Experiment:log:22]: CW3 FREEZE id=93 tick=2245 target=23 attacker=24 distance=1.0
[04:32:08] [Server thread/INFO] [STDOUT]: [com.layue13.clashweave.experiment.s3b.Experiment:log:22]: CW3 RESULT id=93 lead=4 defer=3 hit=2245 commit=2248 commitWall=1791545528114 press=2241 received=2244 window=true inside=true parry=true vanillaAccepted=false loss=0.0 targetHealth=1000.0
[04:32:08] [Server thread/INFO] [STDOUT]: [com.layue13.clashweave.experiment.s3b.Experiment:log:22]: CW3 PLAN id=94 lead=4 defer=3 anchorTick=2253 hit=2265 stamp=2261 anchorWall=1791545528362 legacy=false
[04:32:08] [Netty IO #1/INFO] [STDOUT]: [com.layue13.clashweave.experiment.s3b.Experiment:log:22]: CW3 WIRE side=SERVER kind=2 id=94 wall=1791545528874 thread=Netty IO #1 observed=2263
[04:32:08] [Server thread/INFO] [STDOUT]: [com.layue13.clashweave.experiment.s3b.Experiment:log:22]: CW3 RECEIVE id=94 kind=2 stamp=2261 tickObserved=2263 recvWall=1791545528911 sendWall=1791545528774 wireMs=137
[04:32:08] [Server thread/INFO] [STDOUT]: [com.layue13.clashweave.experiment.s3b.Experiment:log:22]: CW3 CONSUME id=94 stamp=2261 consumeTick=2264 recvObserved=2263 age=3 queueMs=0 sendWall=1791545528774 recvWall=1791545528911 consumeWall=1791545528911 accepted=true
[04:32:08] [Server thread/INFO] [STDOUT]: [com.layue13.clashweave.experiment.s3b.Experiment:log:22]: CW3 FREEZE id=94 tick=2265 target=23 attacker=24 distance=1.0
[04:32:09] [Server thread/INFO] [STDOUT]: [com.layue13.clashweave.experiment.s3b.Experiment:log:22]: CW3 RESULT id=94 lead=4 defer=3 hit=2265 commit=2268 commitWall=1791545529115 press=2261 received=2264 window=true inside=true parry=true vanillaAccepted=false loss=0.0 targetHealth=1000.0
[04:32:09] [Server thread/INFO] [STDOUT]: [com.layue13.clashweave.experiment.s3b.Experiment:log:22]: CW3 PLAN id=95 lead=4 defer=3 anchorTick=2273 hit=2285 stamp=2281 anchorWall=1791545529365 legacy=false
[04:32:09] [Netty IO #1/INFO] [STDOUT]: [com.layue13.clashweave.experiment.s3b.Experiment:log:22]: CW3 WIRE side=SERVER kind=2 id=95 wall=1791545529925 thread=Netty IO #1 observed=2284
[04:32:09] [Server thread/INFO] [STDOUT]: [com.layue13.clashweave.experiment.s3b.Experiment:log:22]: CW3 RECEIVE id=95 kind=2 stamp=2282 tickObserved=2284 recvWall=1791545529963 sendWall=1791545529824 wireMs=139
[04:32:09] [Server thread/INFO] [STDOUT]: [com.layue13.clashweave.experiment.s3b.Experiment:log:22]: CW3 CONSUME id=95 stamp=2282 consumeTick=2285 recvObserved=2284 age=3 queueMs=0 sendWall=1791545529824 recvWall=1791545529963 consumeWall=1791545529963 accepted=true
[04:32:09] [Server thread/INFO] [STDOUT]: [com.layue13.clashweave.experiment.s3b.Experiment:log:22]: CW3 FREEZE id=95 tick=2285 target=23 attacker=24 distance=1.0
[04:32:10] [Server thread/INFO] [STDOUT]: [com.layue13.clashweave.experiment.s3b.Experiment:log:22]: CW3 RESULT id=95 lead=4 defer=3 hit=2285 commit=2288 commitWall=1791545530105 press=2282 received=2285 window=true inside=true parry=true vanillaAccepted=false loss=0.0 targetHealth=1000.0
[04:32:10] [Server thread/INFO] [STDOUT]: [com.layue13.clashweave.experiment.s3b.Experiment:log:22]: CW3 PLAN id=96 lead=4 defer=3 anchorTick=2293 hit=2305 stamp=2301 anchorWall=1791545530356 legacy=false
[04:32:10] [Netty IO #1/INFO] [STDOUT]: [com.layue13.clashweave.experiment.s3b.Experiment:log:22]: CW3 WIRE side=SERVER kind=2 id=96 wall=1791545530880 thread=Netty IO #1 observed=2303
[04:32:10] [Server thread/INFO] [STDOUT]: [com.layue13.clashweave.experiment.s3b.Experiment:log:22]: CW3 RECEIVE id=96 kind=2 stamp=2301 tickObserved=2303 recvWall=1791545530906 sendWall=1791545530780 wireMs=126
[04:32:10] [Server thread/INFO] [STDOUT]: [com.layue13.clashweave.experiment.s3b.Experiment:log:22]: CW3 CONSUME id=96 stamp=2301 consumeTick=2304 recvObserved=2303 age=3 queueMs=0 sendWall=1791545530780 recvWall=1791545530906 consumeWall=1791545530906 accepted=true
[04:32:10] [Server thread/INFO] [STDOUT]: [com.layue13.clashweave.experiment.s3b.Experiment:log:22]: CW3 FREEZE id=96 tick=2305 target=23 attacker=24 distance=1.0
[04:32:11] [Server thread/INFO] [STDOUT]: [com.layue13.clashweave.experiment.s3b.Experiment:log:22]: CW3 RESULT id=96 lead=4 defer=3 hit=2305 commit=2308 commitWall=1791545531109 press=2301 received=2304 window=true inside=true parry=true vanillaAccepted=false loss=0.0 targetHealth=1000.0
[04:32:11] [Server thread/INFO] [STDOUT]: [com.layue13.clashweave.experiment.s3b.Experiment:log:22]: CW3 PLAN id=97 lead=4 defer=3 anchorTick=2313 hit=2325 stamp=2321 anchorWall=1791545531361 legacy=false
[04:32:11] [Netty IO #1/INFO] [STDOUT]: [com.layue13.clashweave.experiment.s3b.Experiment:log:22]: CW3 WIRE side=SERVER kind=2 id=97 wall=1791545531875 thread=Netty IO #1 observed=2323
[04:32:11] [Server thread/INFO] [STDOUT]: [com.layue13.clashweave.experiment.s3b.Experiment:log:22]: CW3 RECEIVE id=97 kind=2 stamp=2321 tickObserved=2323 recvWall=1791545531911 sendWall=1791545531774 wireMs=137
[04:32:11] [Server thread/INFO] [STDOUT]: [com.layue13.clashweave.experiment.s3b.Experiment:log:22]: CW3 CONSUME id=97 stamp=2321 consumeTick=2324 recvObserved=2323 age=3 queueMs=0 sendWall=1791545531774 recvWall=1791545531911 consumeWall=1791545531911 accepted=true
[04:32:11] [Server thread/INFO] [STDOUT]: [com.layue13.clashweave.experiment.s3b.Experiment:log:22]: CW3 FREEZE id=97 tick=2325 target=23 attacker=24 distance=1.0
[04:32:12] [Server thread/INFO] [STDOUT]: [com.layue13.clashweave.experiment.s3b.Experiment:log:22]: CW3 RESULT id=97 lead=4 defer=3 hit=2325 commit=2328 commitWall=1791545532117 press=2321 received=2324 window=true inside=true parry=true vanillaAccepted=false loss=0.0 targetHealth=1000.0
[04:32:12] [Server thread/INFO] [STDOUT]: [com.layue13.clashweave.experiment.s3b.Experiment:log:22]: CW3 PLAN id=98 lead=4 defer=3 anchorTick=2333 hit=2345 stamp=2341 anchorWall=1791545532369 legacy=false
[04:32:12] [Netty IO #1/INFO] [STDOUT]: [com.layue13.clashweave.experiment.s3b.Experiment:log:22]: CW3 WIRE side=SERVER kind=2 id=98 wall=1791545532909 thread=Netty IO #1 observed=2343
[04:32:12] [Server thread/INFO] [STDOUT]: [com.layue13.clashweave.experiment.s3b.Experiment:log:22]: CW3 RECEIVE id=98 kind=2 stamp=2342 tickObserved=2343 recvWall=1791545532917 sendWall=1791545532808 wireMs=109
[04:32:12] [Server thread/INFO] [STDOUT]: [com.layue13.clashweave.experiment.s3b.Experiment:log:22]: CW3 CONSUME id=98 stamp=2342 consumeTick=2344 recvObserved=2343 age=2 queueMs=0 sendWall=1791545532808 recvWall=1791545532917 consumeWall=1791545532917 accepted=true
[04:32:12] [Server thread/INFO] [STDOUT]: [com.layue13.clashweave.experiment.s3b.Experiment:log:22]: CW3 FREEZE id=98 tick=2345 target=23 attacker=24 distance=1.0
[04:32:13] [Server thread/INFO] [STDOUT]: [com.layue13.clashweave.experiment.s3b.Experiment:log:22]: CW3 RESULT id=98 lead=4 defer=3 hit=2345 commit=2348 commitWall=1791545533105 press=2342 received=2344 window=true inside=true parry=true vanillaAccepted=false loss=0.0 targetHealth=1000.0
[04:32:13] [Server thread/INFO] [STDOUT]: [com.layue13.clashweave.experiment.s3b.Experiment:log:22]: CW3 PLAN id=99 lead=4 defer=3 anchorTick=2353 hit=2365 stamp=2361 anchorWall=1791545533368 legacy=false
[04:32:13] [Netty IO #1/INFO] [STDOUT]: [com.layue13.clashweave.experiment.s3b.Experiment:log:22]: CW3 WIRE side=SERVER kind=2 id=99 wall=1791545533925 thread=Netty IO #1 observed=2364
[04:32:13] [Server thread/INFO] [STDOUT]: [com.layue13.clashweave.experiment.s3b.Experiment:log:22]: CW3 RECEIVE id=99 kind=2 stamp=2362 tickObserved=2364 recvWall=1791545533964 sendWall=1791545533824 wireMs=140
[04:32:13] [Server thread/INFO] [STDOUT]: [com.layue13.clashweave.experiment.s3b.Experiment:log:22]: CW3 CONSUME id=99 stamp=2362 consumeTick=2365 recvObserved=2364 age=3 queueMs=0 sendWall=1791545533824 recvWall=1791545533964 consumeWall=1791545533964 accepted=true
[04:32:13] [Server thread/INFO] [STDOUT]: [com.layue13.clashweave.experiment.s3b.Experiment:log:22]: CW3 FREEZE id=99 tick=2365 target=23 attacker=24 distance=1.0
[04:32:14] [Server thread/INFO] [STDOUT]: [com.layue13.clashweave.experiment.s3b.Experiment:log:22]: CW3 RESULT id=99 lead=4 defer=3 hit=2365 commit=2368 commitWall=1791545534106 press=2362 received=2365 window=true inside=true parry=true vanillaAccepted=false loss=0.0 targetHealth=1000.0
[04:32:14] [Server thread/INFO] [STDOUT]: [com.layue13.clashweave.experiment.s3b.Experiment:log:22]: CW3 DONE total=100 eligible=84 eligibleSuccess=84 conditionalAll=true window=5 ageCap=8 worldRollback=false
[04:32:14] [Server thread/INFO]: GuardA lost connection: TextComponent{text='Disconnected', siblings=[], style=Style{hasParent=false, color=null, bold=null, italic=null, underlined=null, obfuscated=null, clickEvent=null, hoverEvent=null}}
[04:32:14] [Server thread/INFO]: GuardA left the game
[04:32:15] [Server thread/INFO]: Stopping the server
[04:32:15] [Server thread/INFO]: Stopping server
[04:32:15] [Server thread/INFO]: Saving players
[04:32:15] [Server thread/INFO]: Saving worlds
[04:32:15] [Server thread/INFO]: Saving chunks for level 'world'/Overworld
[04:32:15] [Server thread/INFO]: Saving chunks for level 'world'/Nether
[04:32:15] [Server thread/INFO]: Saving chunks for level 'world'/The End
[04:32:15] [Server thread/INFO] [FML]: Unloading dimension 0
[04:32:15] [Server thread/INFO] [FML]: Unloading dimension -1
[04:32:15] [Server thread/INFO] [FML]: Unloading dimension 1
[04:32:15] [Server thread/INFO] [FML]: Applying holder lookups
[04:32:15] [Server thread/INFO] [FML]: Holder lookups applied
