[05:42:01] [Server thread/INFO] [STDOUT]: [com.layue13.clashweave.s1d.DamageExperiment:nested:108]: CW3 S1D_NESTED scenario=attack-normal path=control at=attack-NORMAL timer=13 last=4.0 accepted=false loss=0.0
[05:42:01] [Server thread/INFO] [STDOUT]: [com.layue13.clashweave.s1d.DamageExperiment:run:99]: CW3 S1D_OUTER scenario=attack-normal path=control accepted=false hp=96.0 timer=13 last=4.0
[05:42:01] [Server thread/INFO] [STDOUT]: [com.layue13.clashweave.s1d.DamageExperiment:nested:108]: CW3 S1D_NESTED scenario=attack-normal path=candidate at=attack-NORMAL timer=13 last=4.0 accepted=false loss=0.0
[05:42:01] [Server thread/INFO] [STDOUT]: [com.layue13.clashweave.s1d.DamageExperiment:run:99]: CW3 S1D_OUTER scenario=attack-normal path=candidate accepted=false hp=96.0 timer=13 last=4.0
[05:42:01] [Server thread/INFO] [STDOUT]: [com.layue13.clashweave.s1d.DamageExperiment:pair:93]: CW3 S1D_PAIR scenario=attack-normal player=false listenerRegisteredBeforeGate=false controlNested=false candidateNested=false controlLoss=0.0 candidateLoss=0.0 callbacks=1,1 equivalent=true
[05:42:01] [Server thread/INFO] [STDOUT]: [com.layue13.clashweave.s1d.DamageExperiment:nested:108]: CW3 S1D_NESTED scenario=hurt-high path=control at=hurt-HIGH timer=13 last=4.0 accepted=false loss=0.0
[05:42:01] [Server thread/INFO] [STDOUT]: [com.layue13.clashweave.s1d.DamageExperiment:run:99]: CW3 S1D_OUTER scenario=hurt-high path=control accepted=true hp=94.0 timer=13 last=6.0
[05:42:01] [Server thread/INFO] [STDOUT]: [com.layue13.clashweave.s1d.DamageExperiment:nested:108]: CW3 S1D_NESTED scenario=hurt-high path=candidate at=hurt-HIGH timer=13 last=4.0 accepted=false loss=0.0
[05:42:01] [Server thread/INFO] [STDOUT]: [com.layue13.clashweave.s1d.DamageExperiment:run:99]: CW3 S1D_OUTER scenario=hurt-high path=candidate accepted=true hp=94.0 timer=13 last=6.0
[05:42:01] [Server thread/INFO] [STDOUT]: [com.layue13.clashweave.s1d.DamageExperiment:pair:93]: CW3 S1D_PAIR scenario=hurt-high player=false listenerRegisteredBeforeGate=false controlNested=false candidateNested=false controlLoss=0.0 candidateLoss=0.0 callbacks=1,1 equivalent=true
[05:42:01] [Server thread/INFO] [STDOUT]: [com.layue13.clashweave.s1d.DamageExperiment:nested:108]: CW3 S1D_NESTED scenario=hurt-low path=control at=hurt-LOW timer=13 last=4.0 accepted=false loss=0.0
[05:42:01] [Server thread/INFO] [STDOUT]: [com.layue13.clashweave.s1d.DamageExperiment:run:99]: CW3 S1D_OUTER scenario=hurt-low path=control accepted=true hp=94.0 timer=13 last=6.0
[05:42:01] [Server thread/INFO] [STDOUT]: [com.layue13.clashweave.s1d.DamageExperiment:nested:108]: CW3 S1D_NESTED scenario=hurt-low path=candidate at=hurt-LOW timer=13 last=4.0 accepted=false loss=0.0
[05:42:01] [Server thread/INFO] [STDOUT]: [com.layue13.clashweave.s1d.DamageExperiment:run:99]: CW3 S1D_OUTER scenario=hurt-low path=candidate accepted=true hp=94.0 timer=13 last=6.0
[05:42:01] [Server thread/INFO] [STDOUT]: [com.layue13.clashweave.s1d.DamageExperiment:pair:93]: CW3 S1D_PAIR scenario=hurt-low player=false listenerRegisteredBeforeGate=false controlNested=false candidateNested=false controlLoss=0.0 candidateLoss=0.0 callbacks=1,1 equivalent=true
[05:42:01] [Server thread/INFO] [STDOUT]: [com.layue13.clashweave.s1d.DamageExperiment:nested:108]: CW3 S1D_NESTED scenario=attack-lowest-before path=control at=attack-LOWEST timer=13 last=4.0 accepted=false loss=0.0
[05:42:01] [Server thread/INFO] [STDOUT]: [com.layue13.clashweave.s1d.DamageExperiment:run:99]: CW3 S1D_OUTER scenario=attack-lowest-before path=control accepted=false hp=96.0 timer=13 last=4.0
[05:42:01] [Server thread/INFO] [STDOUT]: [com.layue13.clashweave.s1d.DamageExperiment:nested:108]: CW3 S1D_NESTED scenario=attack-lowest-before path=candidate at=attack-LOWEST timer=13 last=4.0 accepted=false loss=0.0
[05:42:01] [Server thread/INFO] [STDOUT]: [com.layue13.clashweave.s1d.DamageExperiment:run:99]: CW3 S1D_OUTER scenario=attack-lowest-before path=candidate accepted=false hp=96.0 timer=13 last=4.0
[05:42:01] [Server thread/INFO] [STDOUT]: [com.layue13.clashweave.s1d.DamageExperiment:pair:93]: CW3 S1D_PAIR scenario=attack-lowest-before player=false listenerRegisteredBeforeGate=false controlNested=false candidateNested=false controlLoss=0.0 candidateLoss=0.0 callbacks=1,1 equivalent=true
[05:42:01] [Server thread/INFO] [STDOUT]: [com.layue13.clashweave.s1d.DamageExperiment:nested:108]: CW3 S1D_NESTED scenario=attack-lowest-after path=control at=attack-LOWEST timer=13 last=4.0 accepted=false loss=0.0
[05:42:01] [Server thread/INFO] [STDOUT]: [com.layue13.clashweave.s1d.DamageExperiment:run:99]: CW3 S1D_OUTER scenario=attack-lowest-after path=control accepted=false hp=96.0 timer=13 last=4.0
[05:42:01] [Server thread/INFO] [STDOUT]: [com.layue13.clashweave.s1d.DamageExperiment:nested:108]: CW3 S1D_NESTED scenario=attack-lowest-after path=candidate at=attack-LOWEST timer=13 last=4.0 accepted=false loss=0.0
[05:42:01] [Server thread/INFO] [STDOUT]: [com.layue13.clashweave.s1d.DamageExperiment:run:99]: CW3 S1D_OUTER scenario=attack-lowest-after path=candidate accepted=false hp=96.0 timer=13 last=4.0
[05:42:01] [Server thread/INFO] [STDOUT]: [com.layue13.clashweave.s1d.DamageExperiment:pair:93]: CW3 S1D_PAIR scenario=attack-lowest-after player=false listenerRegisteredBeforeGate=false controlNested=false candidateNested=false controlLoss=0.0 candidateLoss=0.0 callbacks=1,1 equivalent=true
[05:42:01] [Server thread/INFO] [STDOUT]: [com.layue13.clashweave.s1d.DamageExperiment:nested:108]: CW3 S1D_NESTED scenario=hurt-highest-before path=control at=hurt-HIGHEST timer=13 last=4.0 accepted=false loss=0.0
[05:42:01] [Server thread/INFO] [STDOUT]: [com.layue13.clashweave.s1d.DamageExperiment:run:99]: CW3 S1D_OUTER scenario=hurt-highest-before path=control accepted=true hp=94.0 timer=13 last=6.0
[05:42:01] [Server thread/INFO] [STDOUT]: [com.layue13.clashweave.s1d.DamageExperiment:nested:108]: CW3 S1D_NESTED scenario=hurt-highest-before path=candidate at=hurt-HIGHEST timer=13 last=4.0 accepted=false loss=0.0
[05:42:01] [Server thread/INFO] [STDOUT]: [com.layue13.clashweave.s1d.DamageExperiment:run:99]: CW3 S1D_OUTER scenario=hurt-highest-before path=candidate accepted=true hp=94.0 timer=13 last=6.0
[05:42:01] [Server thread/INFO] [STDOUT]: [com.layue13.clashweave.s1d.DamageExperiment:pair:93]: CW3 S1D_PAIR scenario=hurt-highest-before player=false listenerRegisteredBeforeGate=false controlNested=false candidateNested=false controlLoss=0.0 candidateLoss=0.0 callbacks=1,1 equivalent=true
[05:42:01] [Server thread/INFO] [STDOUT]: [com.layue13.clashweave.s1d.DamageExperiment:nested:108]: CW3 S1D_NESTED scenario=hurt-highest-after path=control at=hurt-HIGHEST timer=13 last=4.0 accepted=false loss=0.0
[05:42:01] [Server thread/INFO] [STDOUT]: [com.layue13.clashweave.s1d.DamageExperiment:run:99]: CW3 S1D_OUTER scenario=hurt-highest-after path=control accepted=true hp=94.0 timer=13 last=6.0
[05:42:01] [Server thread/INFO] [STDOUT]: [com.layue13.clashweave.s1d.DamageExperiment:nested:108]: CW3 S1D_NESTED scenario=hurt-highest-after path=candidate at=hurt-HIGHEST timer=13 last=4.0 accepted=false loss=0.0
[05:42:01] [Server thread/INFO] [STDOUT]: [com.layue13.clashweave.s1d.DamageExperiment:run:99]: CW3 S1D_OUTER scenario=hurt-highest-after path=candidate accepted=true hp=94.0 timer=13 last=6.0
[05:42:01] [Server thread/INFO] [STDOUT]: [com.layue13.clashweave.s1d.DamageExperiment:pair:93]: CW3 S1D_PAIR scenario=hurt-highest-after player=false listenerRegisteredBeforeGate=false controlNested=false candidateNested=false controlLoss=0.0 candidateLoss=0.0 callbacks=1,1 equivalent=true
[05:42:01] [Server thread/INFO] [STDOUT]: [com.layue13.clashweave.s1d.DamageExperiment:boundary:159]: CW3 S1D_BOUNDARY scenario=cancel-attack player=false before=false history=false path=control state=false:false:0.0:100.0:0:0.0:8 lifecycleRestored=true
[05:42:01] [Server thread/INFO] [STDOUT]: [com.layue13.clashweave.s1d.DamageExperiment:boundary:159]: CW3 S1D_BOUNDARY scenario=cancel-attack player=false before=false history=false path=candidate state=false:false:0.0:100.0:0:0.0:8 lifecycleRestored=true
[05:42:01] [Server thread/INFO] [STDOUT]: [com.layue13.clashweave.s1d.DamageExperiment:boundary:162]: CW3 S1D_BOUNDARY_PAIR scenario=cancel-attack player=false before=false history=false equivalent=true
[05:42:01] [Server thread/INFO] [STDOUT]: [com.layue13.clashweave.s1d.DamageExperiment:boundary:159]: CW3 S1D_BOUNDARY scenario=cancel-attack player=false before=false history=true path=control state=false:false:0.0:96.0:13:4.0:8 lifecycleRestored=true
[05:42:01] [Server thread/INFO] [STDOUT]: [com.layue13.clashweave.s1d.DamageExperiment:boundary:159]: CW3 S1D_BOUNDARY scenario=cancel-attack player=false before=false history=true path=candidate state=false:false:0.0:96.0:13:4.0:8 lifecycleRestored=true
[05:42:01] [Server thread/INFO] [STDOUT]: [com.layue13.clashweave.s1d.DamageExperiment:boundary:162]: CW3 S1D_BOUNDARY_PAIR scenario=cancel-attack player=false before=false history=true equivalent=true
[05:42:01] [Server thread/INFO] [STDOUT]: [com.layue13.clashweave.s1d.DamageExperiment:boundary:159]: CW3 S1D_BOUNDARY scenario=cancel-hurt player=false before=false history=false path=control state=true:false:0.0:100.0:8:2.0:8 lifecycleRestored=true
[05:42:01] [Server thread/INFO] [STDOUT]: [com.layue13.clashweave.s1d.DamageExperiment:boundary:159]: CW3 S1D_BOUNDARY scenario=cancel-hurt player=false before=false history=false path=candidate state=true:false:0.0:100.0:8:2.0:8 lifecycleRestored=true
[05:42:01] [Server thread/INFO] [STDOUT]: [com.layue13.clashweave.s1d.DamageExperiment:boundary:162]: CW3 S1D_BOUNDARY_PAIR scenario=cancel-hurt player=false before=false history=false equivalent=true
[05:42:01] [Server thread/INFO] [STDOUT]: [com.layue13.clashweave.s1d.DamageExperiment:boundary:159]: CW3 S1D_BOUNDARY scenario=cancel-hurt player=false before=false history=true path=control state=false:false:0.0:96.0:13:4.0:8 lifecycleRestored=true
[05:42:01] [Server thread/INFO] [STDOUT]: [com.layue13.clashweave.s1d.DamageExperiment:boundary:159]: CW3 S1D_BOUNDARY scenario=cancel-hurt player=false before=false history=true path=candidate state=false:false:0.0:96.0:13:4.0:8 lifecycleRestored=true
[05:42:01] [Server thread/INFO] [STDOUT]: [com.layue13.clashweave.s1d.DamageExperiment:boundary:162]: CW3 S1D_BOUNDARY_PAIR scenario=cancel-hurt player=false before=false history=true equivalent=true
[05:42:01] [Server thread/INFO] [STDOUT]: [com.layue13.clashweave.s1d.DamageExperiment:boundary:159]: CW3 S1D_BOUNDARY scenario=zero player=false before=false history=false path=control state=true:false:0.0:100.0:8:0.0:8 lifecycleRestored=true
[05:42:01] [Server thread/INFO] [STDOUT]: [com.layue13.clashweave.s1d.DamageExperiment:boundary:159]: CW3 S1D_BOUNDARY scenario=zero player=false before=false history=false path=candidate state=true:false:0.0:100.0:8:0.0:8 lifecycleRestored=true
[05:42:01] [Server thread/INFO] [STDOUT]: [com.layue13.clashweave.s1d.DamageExperiment:boundary:162]: CW3 S1D_BOUNDARY_PAIR scenario=zero player=false before=false history=false equivalent=true
[05:42:01] [Server thread/INFO] [STDOUT]: [com.layue13.clashweave.s1d.DamageExperiment:boundary:159]: CW3 S1D_BOUNDARY scenario=zero player=false before=false history=true path=control state=false:false:0.0:96.0:13:4.0:8 lifecycleRestored=true
[05:42:01] [Server thread/INFO] [STDOUT]: [com.layue13.clashweave.s1d.DamageExperiment:boundary:159]: CW3 S1D_BOUNDARY scenario=zero player=false before=false history=true path=candidate state=false:false:0.0:96.0:13:4.0:8 lifecycleRestored=true
[05:42:01] [Server thread/INFO] [STDOUT]: [com.layue13.clashweave.s1d.DamageExperiment:boundary:162]: CW3 S1D_BOUNDARY_PAIR scenario=zero player=false before=false history=true equivalent=true
[05:42:01] [Server thread/INFO] [STDOUT]: [com.layue13.clashweave.s1d.DamageExperiment:boundary:159]: CW3 S1D_BOUNDARY scenario=already-dead player=false before=false history=false path=control state=false:false:0.0:0.0:0:0.0:8 lifecycleRestored=true
[05:42:01] [Server thread/INFO] [STDOUT]: [com.layue13.clashweave.s1d.DamageExperiment:boundary:159]: CW3 S1D_BOUNDARY scenario=already-dead player=false before=false history=false path=candidate state=false:false:0.0:0.0:0:0.0:8 lifecycleRestored=true
[05:42:01] [Server thread/INFO] [STDOUT]: [com.layue13.clashweave.s1d.DamageExperiment:boundary:162]: CW3 S1D_BOUNDARY_PAIR scenario=already-dead player=false before=false history=false equivalent=true
[05:42:01] [Server thread/INFO] [STDOUT]: [com.layue13.clashweave.s1d.DamageExperiment:boundary:159]: CW3 S1D_BOUNDARY scenario=already-dead player=false before=false history=true path=control state=false:false:0.0:0.0:13:4.0:8 lifecycleRestored=true
[05:42:01] [Server thread/INFO] [STDOUT]: [com.layue13.clashweave.s1d.DamageExperiment:boundary:159]: CW3 S1D_BOUNDARY scenario=already-dead player=false before=false history=true path=candidate state=false:false:0.0:0.0:13:4.0:8 lifecycleRestored=true
[05:42:01] [Server thread/INFO] [STDOUT]: [com.layue13.clashweave.s1d.DamageExperiment:boundary:162]: CW3 S1D_BOUNDARY_PAIR scenario=already-dead player=false before=false history=true equivalent=true
[05:42:01] [Server thread/INFO] [STDOUT]: [com.layue13.clashweave.s1d.DamageExperiment:boundary:159]: CW3 S1D_BOUNDARY scenario=lethal player=false before=false history=false path=control state=true:false:1.0:0.0:8:2.0:20 lifecycleRestored=true
[05:42:01] [Server thread/INFO] [STDOUT]: [com.layue13.clashweave.s1d.DamageExperiment:boundary:159]: CW3 S1D_BOUNDARY scenario=lethal player=false before=false history=false path=candidate state=true:false:1.0:0.0:8:2.0:20 lifecycleRestored=true
[05:42:01] [Server thread/INFO] [STDOUT]: [com.layue13.clashweave.s1d.DamageExperiment:boundary:162]: CW3 S1D_BOUNDARY_PAIR scenario=lethal player=false before=false history=false equivalent=true
[05:42:01] [Server thread/INFO] [STDOUT]: [com.layue13.clashweave.s1d.DamageExperiment:boundary:159]: CW3 S1D_BOUNDARY scenario=lethal player=false before=false history=true path=control state=false:false:0.0:1.0:13:4.0:8 lifecycleRestored=true
[05:42:01] [Server thread/INFO] [STDOUT]: [com.layue13.clashweave.s1d.DamageExperiment:boundary:159]: CW3 S1D_BOUNDARY scenario=lethal player=false before=false history=true path=candidate state=false:false:0.0:1.0:13:4.0:8 lifecycleRestored=true
[05:42:01] [Server thread/INFO] [STDOUT]: [com.layue13.clashweave.s1d.DamageExperiment:boundary:162]: CW3 S1D_BOUNDARY_PAIR scenario=lethal player=false before=false history=true equivalent=true
[05:42:01] [Server thread/INFO] [STDOUT]: [com.layue13.clashweave.s1d.DamageExperiment:boundary:159]: CW3 S1D_BOUNDARY scenario=throw-attack player=false before=false history=false path=control state=false:true:0.0:100.0:0:0.0:8 lifecycleRestored=true
[05:42:01] [Server thread/INFO] [STDOUT]: [com.layue13.clashweave.s1d.DamageExperiment:boundary:159]: CW3 S1D_BOUNDARY scenario=throw-attack player=false before=false history=false path=candidate state=false:true:0.0:100.0:0:0.0:8 lifecycleRestored=true
[05:42:01] [Server thread/INFO] [STDOUT]: [com.layue13.clashweave.s1d.DamageExperiment:boundary:162]: CW3 S1D_BOUNDARY_PAIR scenario=throw-attack player=false before=false history=false equivalent=true
[05:42:01] [Server thread/INFO] [STDOUT]: [com.layue13.clashweave.s1d.DamageExperiment:boundary:159]: CW3 S1D_BOUNDARY scenario=throw-attack player=false before=false history=true path=control state=false:true:0.0:96.0:13:4.0:8 lifecycleRestored=true
[05:42:01] [Server thread/INFO] [STDOUT]: [com.layue13.clashweave.s1d.DamageExperiment:boundary:159]: CW3 S1D_BOUNDARY scenario=throw-attack player=false before=false history=true path=candidate state=false:true:0.0:96.0:13:4.0:8 lifecycleRestored=true
[05:42:01] [Server thread/INFO] [STDOUT]: [com.layue13.clashweave.s1d.DamageExperiment:boundary:162]: CW3 S1D_BOUNDARY_PAIR scenario=throw-attack player=false before=false history=true equivalent=true
[05:42:01] [Server thread/INFO] [STDOUT]: [com.layue13.clashweave.s1d.DamageExperiment:boundary:159]: CW3 S1D_BOUNDARY scenario=throw-hurt player=false before=false history=false path=control state=false:true:0.0:100.0:8:2.0:8 lifecycleRestored=true
[05:42:01] [Server thread/INFO] [STDOUT]: [com.layue13.clashweave.s1d.DamageExperiment:boundary:159]: CW3 S1D_BOUNDARY scenario=throw-hurt player=false before=false history=false path=candidate state=false:true:0.0:100.0:8:2.0:8 lifecycleRestored=true
[05:42:01] [Server thread/INFO] [STDOUT]: [com.layue13.clashweave.s1d.DamageExperiment:boundary:162]: CW3 S1D_BOUNDARY_PAIR scenario=throw-hurt player=false before=false history=false equivalent=true
[05:42:01] [Server thread/INFO] [STDOUT]: [com.layue13.clashweave.s1d.DamageExperiment:boundary:159]: CW3 S1D_BOUNDARY scenario=throw-hurt player=false before=false history=true path=control state=false:false:0.0:96.0:13:4.0:8 lifecycleRestored=true
[05:42:01] [Server thread/INFO] [STDOUT]: [com.layue13.clashweave.s1d.DamageExperiment:boundary:159]: CW3 S1D_BOUNDARY scenario=throw-hurt player=false before=false history=true path=candidate state=false:false:0.0:96.0:13:4.0:8 lifecycleRestored=true
[05:42:01] [Server thread/INFO] [STDOUT]: [com.layue13.clashweave.s1d.DamageExperiment:boundary:162]: CW3 S1D_BOUNDARY_PAIR scenario=throw-hurt player=false before=false history=true equivalent=true
[05:42:01] [Server thread/INFO] [STDOUT]: [com.layue13.clashweave.s1d.DamageExperiment:attackLowest:123]: CW3 S1D_THROW at=attack-LOWEST timer=0 last=0.0
[05:42:01] [Server thread/INFO] [STDOUT]: [com.layue13.clashweave.s1d.DamageExperiment:boundary:159]: CW3 S1D_BOUNDARY scenario=throw-attack-after-clear player=false before=false history=false path=control state=false:true:0.0:100.0:0:0.0:8 lifecycleRestored=true
[05:42:01] [Server thread/INFO] [STDOUT]: [com.layue13.clashweave.s1d.DamageExperiment:attackLowest:123]: CW3 S1D_THROW at=attack-LOWEST timer=0 last=0.0
[05:42:01] [Server thread/INFO] [STDOUT]: [com.layue13.clashweave.s1d.DamageExperiment:boundary:159]: CW3 S1D_BOUNDARY scenario=throw-attack-after-clear player=false before=false history=false path=candidate state=false:true:0.0:100.0:0:0.0:8 lifecycleRestored=true
[05:42:01] [Server thread/INFO] [STDOUT]: [com.layue13.clashweave.s1d.DamageExperiment:boundary:162]: CW3 S1D_BOUNDARY_PAIR scenario=throw-attack-after-clear player=false before=false history=false equivalent=true
[05:42:01] [Server thread/INFO] [STDOUT]: [com.layue13.clashweave.s1d.DamageExperiment:attackLowest:123]: CW3 S1D_THROW at=attack-LOWEST timer=13 last=4.0
[05:42:01] [Server thread/INFO] [STDOUT]: [com.layue13.clashweave.s1d.DamageExperiment:boundary:159]: CW3 S1D_BOUNDARY scenario=throw-attack-after-clear player=false before=false history=true path=control state=false:true:0.0:96.0:13:4.0:8 lifecycleRestored=true
[05:42:01] [Server thread/INFO] [STDOUT]: [com.layue13.clashweave.s1d.DamageExperiment:attackLowest:123]: CW3 S1D_THROW at=attack-LOWEST timer=13 last=4.0
[05:42:01] [Server thread/INFO] [STDOUT]: [com.layue13.clashweave.s1d.DamageExperiment:boundary:159]: CW3 S1D_BOUNDARY scenario=throw-attack-after-clear player=false before=false history=true path=candidate state=false:true:0.0:96.0:13:4.0:8 lifecycleRestored=true
[05:42:01] [Server thread/INFO] [STDOUT]: [com.layue13.clashweave.s1d.DamageExperiment:boundary:162]: CW3 S1D_BOUNDARY_PAIR scenario=throw-attack-after-clear player=false before=false history=true equivalent=true
[05:42:01] [Server thread/INFO] [STDOUT]: [com.layue13.clashweave.s1d.DamageExperiment:hurtHighest:131]: CW3 S1D_THROW at=hurt-HIGHEST timer=8 last=2.0
[05:42:01] [Server thread/INFO] [STDOUT]: [com.layue13.clashweave.s1d.DamageExperiment:boundary:159]: CW3 S1D_BOUNDARY scenario=throw-hurt-before-restore player=false before=false history=false path=control state=false:true:0.0:100.0:8:2.0:8 lifecycleRestored=true
[05:42:01] [Server thread/INFO] [STDOUT]: [com.layue13.clashweave.s1d.DamageExperiment:hurtHighest:131]: CW3 S1D_THROW at=hurt-HIGHEST timer=8 last=2.0
[05:42:01] [Server thread/INFO] [STDOUT]: [com.layue13.clashweave.s1d.DamageExperiment:boundary:159]: CW3 S1D_BOUNDARY scenario=throw-hurt-before-restore player=false before=false history=false path=candidate state=false:true:0.0:100.0:8:2.0:8 lifecycleRestored=true
[05:42:01] [Server thread/INFO] [STDOUT]: [com.layue13.clashweave.s1d.DamageExperiment:boundary:162]: CW3 S1D_BOUNDARY_PAIR scenario=throw-hurt-before-restore player=false before=false history=false equivalent=true
[05:42:01] [Server thread/INFO] [STDOUT]: [com.layue13.clashweave.s1d.DamageExperiment:boundary:159]: CW3 S1D_BOUNDARY scenario=throw-hurt-before-restore player=false before=false history=true path=control state=false:false:0.0:96.0:13:4.0:8 lifecycleRestored=true
[05:42:01] [Server thread/INFO] [STDOUT]: [com.layue13.clashweave.s1d.DamageExperiment:boundary:159]: CW3 S1D_BOUNDARY scenario=throw-hurt-before-restore player=false before=false history=true path=candidate state=false:false:0.0:96.0:13:4.0:8 lifecycleRestored=true
[05:42:01] [Server thread/INFO] [STDOUT]: [com.layue13.clashweave.s1d.DamageExperiment:boundary:162]: CW3 S1D_BOUNDARY_PAIR scenario=throw-hurt-before-restore player=false before=false history=true equivalent=true
[05:42:01] [Server thread/INFO] [STDOUT]: [com.layue13.clashweave.s1d.DamageExperiment:nested:108]: CW3 S1D_NESTED scenario=attack-normal path=control at=attack-NORMAL timer=13 last=4.0 accepted=false loss=0.0
[05:42:01] [Server thread/INFO] [STDOUT]: [com.layue13.clashweave.s1d.DamageExperiment:run:99]: CW3 S1D_OUTER scenario=attack-normal path=control accepted=false hp=96.0 timer=13 last=4.0
[05:42:01] [Server thread/INFO] [STDOUT]: [com.layue13.clashweave.s1d.DamageExperiment:nested:108]: CW3 S1D_NESTED scenario=attack-normal path=candidate at=attack-NORMAL timer=13 last=4.0 accepted=false loss=0.0
[05:42:01] [Server thread/INFO] [STDOUT]: [com.layue13.clashweave.s1d.DamageExperiment:run:99]: CW3 S1D_OUTER scenario=attack-normal path=candidate accepted=false hp=96.0 timer=13 last=4.0
[05:42:01] [Server thread/INFO] [STDOUT]: [com.layue13.clashweave.s1d.DamageExperiment:pair:93]: CW3 S1D_PAIR scenario=attack-normal player=false listenerRegisteredBeforeGate=true controlNested=false candidateNested=false controlLoss=0.0 candidateLoss=0.0 callbacks=1,1 equivalent=true
[05:42:01] [Server thread/INFO] [STDOUT]: [com.layue13.clashweave.s1d.DamageExperiment:nested:108]: CW3 S1D_NESTED scenario=hurt-high path=control at=hurt-HIGH timer=13 last=4.0 accepted=false loss=0.0
[05:42:01] [Server thread/INFO] [STDOUT]: [com.layue13.clashweave.s1d.DamageExperiment:run:99]: CW3 S1D_OUTER scenario=hurt-high path=control accepted=true hp=94.0 timer=13 last=6.0
[05:42:01] [Server thread/INFO] [STDOUT]: [com.layue13.clashweave.s1d.DamageExperiment:nested:108]: CW3 S1D_NESTED scenario=hurt-high path=candidate at=hurt-HIGH timer=13 last=4.0 accepted=false loss=0.0
[05:42:01] [Server thread/INFO] [STDOUT]: [com.layue13.clashweave.s1d.DamageExperiment:run:99]: CW3 S1D_OUTER scenario=hurt-high path=candidate accepted=true hp=94.0 timer=13 last=6.0
[05:42:01] [Server thread/INFO] [STDOUT]: [com.layue13.clashweave.s1d.DamageExperiment:pair:93]: CW3 S1D_PAIR scenario=hurt-high player=false listenerRegisteredBeforeGate=true controlNested=false candidateNested=false controlLoss=0.0 candidateLoss=0.0 callbacks=1,1 equivalent=true
[05:42:01] [Server thread/INFO] [STDOUT]: [com.layue13.clashweave.s1d.DamageExperiment:nested:108]: CW3 S1D_NESTED scenario=hurt-low path=control at=hurt-LOW timer=13 last=4.0 accepted=false loss=0.0
[05:42:01] [Server thread/INFO] [STDOUT]: [com.layue13.clashweave.s1d.DamageExperiment:run:99]: CW3 S1D_OUTER scenario=hurt-low path=control accepted=true hp=94.0 timer=13 last=6.0
[05:42:01] [Server thread/INFO] [STDOUT]: [com.layue13.clashweave.s1d.DamageExperiment:nested:108]: CW3 S1D_NESTED scenario=hurt-low path=candidate at=hurt-LOW timer=13 last=4.0 accepted=false loss=0.0
[05:42:01] [Server thread/INFO] [STDOUT]: [com.layue13.clashweave.s1d.DamageExperiment:run:99]: CW3 S1D_OUTER scenario=hurt-low path=candidate accepted=true hp=94.0 timer=13 last=6.0
[05:42:01] [Server thread/INFO] [STDOUT]: [com.layue13.clashweave.s1d.DamageExperiment:pair:93]: CW3 S1D_PAIR scenario=hurt-low player=false listenerRegisteredBeforeGate=true controlNested=false candidateNested=false controlLoss=0.0 candidateLoss=0.0 callbacks=1,1 equivalent=true
[05:42:01] [Server thread/INFO] [STDOUT]: [com.layue13.clashweave.s1d.DamageExperiment:nested:108]: CW3 S1D_NESTED scenario=attack-lowest-before path=control at=attack-LOWEST timer=13 last=4.0 accepted=false loss=0.0
[05:42:01] [Server thread/INFO] [STDOUT]: [com.layue13.clashweave.s1d.DamageExperiment:run:99]: CW3 S1D_OUTER scenario=attack-lowest-before path=control accepted=false hp=96.0 timer=13 last=4.0
[05:42:01] [Server thread/INFO] [STDOUT]: [com.layue13.clashweave.s1d.DamageExperiment:nested:108]: CW3 S1D_NESTED scenario=attack-lowest-before path=candidate at=attack-LOWEST timer=13 last=4.0 accepted=false loss=0.0
[05:42:01] [Server thread/INFO] [STDOUT]: [com.layue13.clashweave.s1d.DamageExperiment:run:99]: CW3 S1D_OUTER scenario=attack-lowest-before path=candidate accepted=false hp=96.0 timer=13 last=4.0
[05:42:01] [Server thread/INFO] [STDOUT]: [com.layue13.clashweave.s1d.DamageExperiment:pair:93]: CW3 S1D_PAIR scenario=attack-lowest-before player=false listenerRegisteredBeforeGate=true controlNested=false candidateNested=false controlLoss=0.0 candidateLoss=0.0 callbacks=1,1 equivalent=true
[05:42:01] [Server thread/INFO] [STDOUT]: [com.layue13.clashweave.s1d.DamageExperiment:nested:108]: CW3 S1D_NESTED scenario=attack-lowest-after path=control at=attack-LOWEST timer=13 last=4.0 accepted=false loss=0.0
[05:42:01] [Server thread/INFO] [STDOUT]: [com.layue13.clashweave.s1d.DamageExperiment:run:99]: CW3 S1D_OUTER scenario=attack-lowest-after path=control accepted=false hp=96.0 timer=13 last=4.0
[05:42:01] [Server thread/INFO] [STDOUT]: [com.layue13.clashweave.s1d.DamageExperiment:nested:108]: CW3 S1D_NESTED scenario=attack-lowest-after path=candidate at=attack-LOWEST timer=13 last=4.0 accepted=false loss=0.0
[05:42:01] [Server thread/INFO] [STDOUT]: [com.layue13.clashweave.s1d.DamageExperiment:run:99]: CW3 S1D_OUTER scenario=attack-lowest-after path=candidate accepted=false hp=96.0 timer=13 last=4.0
[05:42:01] [Server thread/INFO] [STDOUT]: [com.layue13.clashweave.s1d.DamageExperiment:pair:93]: CW3 S1D_PAIR scenario=attack-lowest-after player=false listenerRegisteredBeforeGate=true controlNested=false candidateNested=false controlLoss=0.0 candidateLoss=0.0 callbacks=1,1 equivalent=true
[05:42:01] [Server thread/INFO] [STDOUT]: [com.layue13.clashweave.s1d.DamageExperiment:nested:108]: CW3 S1D_NESTED scenario=hurt-highest-before path=control at=hurt-HIGHEST timer=13 last=4.0 accepted=false loss=0.0
[05:42:01] [Server thread/INFO] [STDOUT]: [com.layue13.clashweave.s1d.DamageExperiment:run:99]: CW3 S1D_OUTER scenario=hurt-highest-before path=control accepted=true hp=94.0 timer=13 last=6.0
[05:42:01] [Server thread/INFO] [STDOUT]: [com.layue13.clashweave.s1d.DamageExperiment:nested:108]: CW3 S1D_NESTED scenario=hurt-highest-before path=candidate at=hurt-HIGHEST timer=13 last=4.0 accepted=false loss=0.0
[05:42:01] [Server thread/INFO] [STDOUT]: [com.layue13.clashweave.s1d.DamageExperiment:run:99]: CW3 S1D_OUTER scenario=hurt-highest-before path=candidate accepted=true hp=94.0 timer=13 last=6.0
[05:42:01] [Server thread/INFO] [STDOUT]: [com.layue13.clashweave.s1d.DamageExperiment:pair:93]: CW3 S1D_PAIR scenario=hurt-highest-before player=false listenerRegisteredBeforeGate=true controlNested=false candidateNested=false controlLoss=0.0 candidateLoss=0.0 callbacks=1,1 equivalent=true
[05:42:01] [Server thread/INFO] [STDOUT]: [com.layue13.clashweave.s1d.DamageExperiment:nested:108]: CW3 S1D_NESTED scenario=hurt-highest-after path=control at=hurt-HIGHEST timer=13 last=4.0 accepted=false loss=0.0
[05:42:01] [Server thread/INFO] [STDOUT]: [com.layue13.clashweave.s1d.DamageExperiment:run:99]: CW3 S1D_OUTER scenario=hurt-highest-after path=control accepted=true hp=94.0 timer=13 last=6.0
[05:42:01] [Server thread/INFO] [STDOUT]: [com.layue13.clashweave.s1d.DamageExperiment:nested:108]: CW3 S1D_NESTED scenario=hurt-highest-after path=candidate at=hurt-HIGHEST timer=13 last=4.0 accepted=false loss=0.0
[05:42:01] [Server thread/INFO] [STDOUT]: [com.layue13.clashweave.s1d.DamageExperiment:run:99]: CW3 S1D_OUTER scenario=hurt-highest-after path=candidate accepted=true hp=94.0 timer=13 last=6.0
[05:42:01] [Server thread/INFO] [STDOUT]: [com.layue13.clashweave.s1d.DamageExperiment:pair:93]: CW3 S1D_PAIR scenario=hurt-highest-after player=false listenerRegisteredBeforeGate=true controlNested=false candidateNested=false controlLoss=0.0 candidateLoss=0.0 callbacks=1,1 equivalent=true
[05:42:01] [Server thread/INFO] [STDOUT]: [com.layue13.clashweave.s1d.DamageExperiment:boundary:159]: CW3 S1D_BOUNDARY scenario=cancel-attack player=false before=true history=false path=control state=false:false:0.0:100.0:0:0.0:8 lifecycleRestored=true
[05:42:01] [Server thread/INFO] [STDOUT]: [com.layue13.clashweave.s1d.DamageExperiment:boundary:159]: CW3 S1D_BOUNDARY scenario=cancel-attack player=false before=true history=false path=candidate state=false:false:0.0:100.0:0:0.0:8 lifecycleRestored=true
[05:42:01] [Server thread/INFO] [STDOUT]: [com.layue13.clashweave.s1d.DamageExperiment:boundary:162]: CW3 S1D_BOUNDARY_PAIR scenario=cancel-attack player=false before=true history=false equivalent=true
[05:42:01] [Server thread/INFO] [STDOUT]: [com.layue13.clashweave.s1d.DamageExperiment:boundary:159]: CW3 S1D_BOUNDARY scenario=cancel-attack player=false before=true history=true path=control state=false:false:0.0:96.0:13:4.0:8 lifecycleRestored=true
[05:42:01] [Server thread/INFO] [STDOUT]: [com.layue13.clashweave.s1d.DamageExperiment:boundary:159]: CW3 S1D_BOUNDARY scenario=cancel-attack player=false before=true history=true path=candidate state=false:false:0.0:96.0:13:4.0:8 lifecycleRestored=true
[05:42:01] [Server thread/INFO] [STDOUT]: [com.layue13.clashweave.s1d.DamageExperiment:boundary:162]: CW3 S1D_BOUNDARY_PAIR scenario=cancel-attack player=false before=true history=true equivalent=true
[05:42:01] [Server thread/INFO] [STDOUT]: [com.layue13.clashweave.s1d.DamageExperiment:boundary:159]: CW3 S1D_BOUNDARY scenario=cancel-hurt player=false before=true history=false path=control state=true:false:0.0:100.0:8:2.0:8 lifecycleRestored=true
[05:42:01] [Server thread/INFO] [STDOUT]: [com.layue13.clashweave.s1d.DamageExperiment:boundary:159]: CW3 S1D_BOUNDARY scenario=cancel-hurt player=false before=true history=false path=candidate state=true:false:0.0:100.0:8:2.0:8 lifecycleRestored=true
[05:42:01] [Server thread/INFO] [STDOUT]: [com.layue13.clashweave.s1d.DamageExperiment:boundary:162]: CW3 S1D_BOUNDARY_PAIR scenario=cancel-hurt player=false before=true history=false equivalent=true
[05:42:01] [Server thread/INFO] [STDOUT]: [com.layue13.clashweave.s1d.DamageExperiment:boundary:159]: CW3 S1D_BOUNDARY scenario=cancel-hurt player=false before=true history=true path=control state=false:false:0.0:96.0:13:4.0:8 lifecycleRestored=true
[05:42:01] [Server thread/INFO] [STDOUT]: [com.layue13.clashweave.s1d.DamageExperiment:boundary:159]: CW3 S1D_BOUNDARY scenario=cancel-hurt player=false before=true history=true path=candidate state=false:false:0.0:96.0:13:4.0:8 lifecycleRestored=true
[05:42:01] [Server thread/INFO] [STDOUT]: [com.layue13.clashweave.s1d.DamageExperiment:boundary:162]: CW3 S1D_BOUNDARY_PAIR scenario=cancel-hurt player=false before=true history=true equivalent=true
[05:42:01] [Server thread/INFO] [STDOUT]: [com.layue13.clashweave.s1d.DamageExperiment:boundary:159]: CW3 S1D_BOUNDARY scenario=zero player=false before=true history=false path=control state=true:false:0.0:100.0:8:0.0:8 lifecycleRestored=true
[05:42:01] [Server thread/INFO] [STDOUT]: [com.layue13.clashweave.s1d.DamageExperiment:boundary:159]: CW3 S1D_BOUNDARY scenario=zero player=false before=true history=false path=candidate state=true:false:0.0:100.0:8:0.0:8 lifecycleRestored=true
[05:42:01] [Server thread/INFO] [STDOUT]: [com.layue13.clashweave.s1d.DamageExperiment:boundary:162]: CW3 S1D_BOUNDARY_PAIR scenario=zero player=false before=true history=false equivalent=true
[05:42:01] [Server thread/INFO] [STDOUT]: [com.layue13.clashweave.s1d.DamageExperiment:boundary:159]: CW3 S1D_BOUNDARY scenario=zero player=false before=true history=true path=control state=false:false:0.0:96.0:13:4.0:8 lifecycleRestored=true
[05:42:01] [Server thread/INFO] [STDOUT]: [com.layue13.clashweave.s1d.DamageExperiment:boundary:159]: CW3 S1D_BOUNDARY scenario=zero player=false before=true history=true path=candidate state=false:false:0.0:96.0:13:4.0:8 lifecycleRestored=true
[05:42:01] [Server thread/INFO] [STDOUT]: [com.layue13.clashweave.s1d.DamageExperiment:boundary:162]: CW3 S1D_BOUNDARY_PAIR scenario=zero player=false before=true history=true equivalent=true
[05:42:01] [Server thread/INFO] [STDOUT]: [com.layue13.clashweave.s1d.DamageExperiment:boundary:159]: CW3 S1D_BOUNDARY scenario=already-dead player=false before=true history=false path=control state=false:false:0.0:0.0:0:0.0:8 lifecycleRestored=true
[05:42:01] [Server thread/INFO] [STDOUT]: [com.layue13.clashweave.s1d.DamageExperiment:boundary:159]: CW3 S1D_BOUNDARY scenario=already-dead player=false before=true history=false path=candidate state=false:false:0.0:0.0:0:0.0:8 lifecycleRestored=true
[05:42:01] [Server thread/INFO] [STDOUT]: [com.layue13.clashweave.s1d.DamageExperiment:boundary:162]: CW3 S1D_BOUNDARY_PAIR scenario=already-dead player=false before=true history=false equivalent=true
[05:42:01] [Server thread/INFO] [STDOUT]: [com.layue13.clashweave.s1d.DamageExperiment:boundary:159]: CW3 S1D_BOUNDARY scenario=already-dead player=false before=true history=true path=control state=false:false:0.0:0.0:13:4.0:8 lifecycleRestored=true
[05:42:01] [Server thread/INFO] [STDOUT]: [com.layue13.clashweave.s1d.DamageExperiment:boundary:159]: CW3 S1D_BOUNDARY scenario=already-dead player=false before=true history=true path=candidate state=false:false:0.0:0.0:13:4.0:8 lifecycleRestored=true
[05:42:01] [Server thread/INFO] [STDOUT]: [com.layue13.clashweave.s1d.DamageExperiment:boundary:162]: CW3 S1D_BOUNDARY_PAIR scenario=already-dead player=false before=true history=true equivalent=true
[05:42:01] [Server thread/INFO] [STDOUT]: [com.layue13.clashweave.s1d.DamageExperiment:boundary:159]: CW3 S1D_BOUNDARY scenario=lethal player=false before=true history=false path=control state=true:false:1.0:0.0:8:2.0:20 lifecycleRestored=true
[05:42:01] [Server thread/INFO] [STDOUT]: [com.layue13.clashweave.s1d.DamageExperiment:boundary:159]: CW3 S1D_BOUNDARY scenario=lethal player=false before=true history=false path=candidate state=true:false:1.0:0.0:8:2.0:20 lifecycleRestored=true
[05:42:01] [Server thread/INFO] [STDOUT]: [com.layue13.clashweave.s1d.DamageExperiment:boundary:162]: CW3 S1D_BOUNDARY_PAIR scenario=lethal player=false before=true history=false equivalent=true
[05:42:01] [Server thread/INFO] [STDOUT]: [com.layue13.clashweave.s1d.DamageExperiment:boundary:159]: CW3 S1D_BOUNDARY scenario=lethal player=false before=true history=true path=control state=false:false:0.0:1.0:13:4.0:8 lifecycleRestored=true
[05:42:01] [Server thread/INFO] [STDOUT]: [com.layue13.clashweave.s1d.DamageExperiment:boundary:159]: CW3 S1D_BOUNDARY scenario=lethal player=false before=true history=true path=candidate state=false:false:0.0:1.0:13:4.0:8 lifecycleRestored=true
[05:42:01] [Server thread/INFO] [STDOUT]: [com.layue13.clashweave.s1d.DamageExperiment:boundary:162]: CW3 S1D_BOUNDARY_PAIR scenario=lethal player=false before=true history=true equivalent=true
[05:42:01] [Server thread/INFO] [STDOUT]: [com.layue13.clashweave.s1d.DamageExperiment:boundary:159]: CW3 S1D_BOUNDARY scenario=throw-attack player=false before=true history=false path=control state=false:true:0.0:100.0:0:0.0:8 lifecycleRestored=true
[05:42:01] [Server thread/INFO] [STDOUT]: [com.layue13.clashweave.s1d.DamageExperiment:boundary:159]: CW3 S1D_BOUNDARY scenario=throw-attack player=false before=true history=false path=candidate state=false:true:0.0:100.0:0:0.0:8 lifecycleRestored=true
[05:42:01] [Server thread/INFO] [STDOUT]: [com.layue13.clashweave.s1d.DamageExperiment:boundary:162]: CW3 S1D_BOUNDARY_PAIR scenario=throw-attack player=false before=true history=false equivalent=true
[05:42:01] [Server thread/INFO] [STDOUT]: [com.layue13.clashweave.s1d.DamageExperiment:boundary:159]: CW3 S1D_BOUNDARY scenario=throw-attack player=false before=true history=true path=control state=false:true:0.0:96.0:13:4.0:8 lifecycleRestored=true
[05:42:01] [Server thread/INFO] [STDOUT]: [com.layue13.clashweave.s1d.DamageExperiment:boundary:159]: CW3 S1D_BOUNDARY scenario=throw-attack player=false before=true history=true path=candidate state=false:true:0.0:96.0:13:4.0:8 lifecycleRestored=true
[05:42:01] [Server thread/INFO] [STDOUT]: [com.layue13.clashweave.s1d.DamageExperiment:boundary:162]: CW3 S1D_BOUNDARY_PAIR scenario=throw-attack player=false before=true history=true equivalent=true
[05:42:01] [Server thread/INFO] [STDOUT]: [com.layue13.clashweave.s1d.DamageExperiment:boundary:159]: CW3 S1D_BOUNDARY scenario=throw-hurt player=false before=true history=false path=control state=false:true:0.0:100.0:8:2.0:8 lifecycleRestored=true
[05:42:01] [Server thread/INFO] [STDOUT]: [com.layue13.clashweave.s1d.DamageExperiment:boundary:159]: CW3 S1D_BOUNDARY scenario=throw-hurt player=false before=true history=false path=candidate state=false:true:0.0:100.0:8:2.0:8 lifecycleRestored=true
[05:42:01] [Server thread/INFO] [STDOUT]: [com.layue13.clashweave.s1d.DamageExperiment:boundary:162]: CW3 S1D_BOUNDARY_PAIR scenario=throw-hurt player=false before=true history=false equivalent=true
[05:42:01] [Server thread/INFO] [STDOUT]: [com.layue13.clashweave.s1d.DamageExperiment:boundary:159]: CW3 S1D_BOUNDARY scenario=throw-hurt player=false before=true history=true path=control state=false:false:0.0:96.0:13:4.0:8 lifecycleRestored=true
[05:42:01] [Server thread/INFO] [STDOUT]: [com.layue13.clashweave.s1d.DamageExperiment:boundary:159]: CW3 S1D_BOUNDARY scenario=throw-hurt player=false before=true history=true path=candidate state=false:false:0.0:96.0:13:4.0:8 lifecycleRestored=true
[05:42:01] [Server thread/INFO] [STDOUT]: [com.layue13.clashweave.s1d.DamageExperiment:boundary:162]: CW3 S1D_BOUNDARY_PAIR scenario=throw-hurt player=false before=true history=true equivalent=true
[05:42:01] [Server thread/INFO] [STDOUT]: [com.layue13.clashweave.s1d.DamageExperiment:attackLowest:123]: CW3 S1D_THROW at=attack-LOWEST timer=0 last=0.0
[05:42:01] [Server thread/INFO] [STDOUT]: [com.layue13.clashweave.s1d.DamageExperiment:boundary:159]: CW3 S1D_BOUNDARY scenario=throw-attack-after-clear player=false before=true history=false path=control state=false:true:0.0:100.0:0:0.0:8 lifecycleRestored=true
[05:42:01] [Server thread/INFO] [STDOUT]: [com.layue13.clashweave.s1d.DamageExperiment:attackLowest:123]: CW3 S1D_THROW at=attack-LOWEST timer=0 last=0.0
[05:42:01] [Server thread/INFO] [STDOUT]: [com.layue13.clashweave.s1d.DamageExperiment:boundary:159]: CW3 S1D_BOUNDARY scenario=throw-attack-after-clear player=false before=true history=false path=candidate state=false:true:0.0:100.0:0:0.0:8 lifecycleRestored=true
[05:42:01] [Server thread/INFO] [STDOUT]: [com.layue13.clashweave.s1d.DamageExperiment:boundary:162]: CW3 S1D_BOUNDARY_PAIR scenario=throw-attack-after-clear player=false before=true history=false equivalent=true
[05:42:01] [Server thread/INFO] [STDOUT]: [com.layue13.clashweave.s1d.DamageExperiment:attackLowest:123]: CW3 S1D_THROW at=attack-LOWEST timer=13 last=4.0
[05:42:01] [Server thread/INFO] [STDOUT]: [com.layue13.clashweave.s1d.DamageExperiment:boundary:159]: CW3 S1D_BOUNDARY scenario=throw-attack-after-clear player=false before=true history=true path=control state=false:true:0.0:96.0:13:4.0:8 lifecycleRestored=true
[05:42:01] [Server thread/INFO] [STDOUT]: [com.layue13.clashweave.s1d.DamageExperiment:attackLowest:123]: CW3 S1D_THROW at=attack-LOWEST timer=13 last=4.0
[05:42:01] [Server thread/INFO] [STDOUT]: [com.layue13.clashweave.s1d.DamageExperiment:boundary:159]: CW3 S1D_BOUNDARY scenario=throw-attack-after-clear player=false before=true history=true path=candidate state=false:true:0.0:96.0:13:4.0:8 lifecycleRestored=true
[05:42:01] [Server thread/INFO] [STDOUT]: [com.layue13.clashweave.s1d.DamageExperiment:boundary:162]: CW3 S1D_BOUNDARY_PAIR scenario=throw-attack-after-clear player=false before=true history=true equivalent=true
[05:42:01] [Server thread/INFO] [STDOUT]: [com.layue13.clashweave.s1d.DamageExperiment:hurtHighest:131]: CW3 S1D_THROW at=hurt-HIGHEST timer=8 last=2.0
[05:42:01] [Server thread/INFO] [STDOUT]: [com.layue13.clashweave.s1d.DamageExperiment:boundary:159]: CW3 S1D_BOUNDARY scenario=throw-hurt-before-restore player=false before=true history=false path=control state=false:true:0.0:100.0:8:2.0:8 lifecycleRestored=true
[05:42:01] [Server thread/INFO] [STDOUT]: [com.layue13.clashweave.s1d.DamageExperiment:hurtHighest:131]: CW3 S1D_THROW at=hurt-HIGHEST timer=8 last=2.0
[05:42:01] [Server thread/INFO] [STDOUT]: [com.layue13.clashweave.s1d.DamageExperiment:boundary:159]: CW3 S1D_BOUNDARY scenario=throw-hurt-before-restore player=false before=true history=false path=candidate state=false:true:0.0:100.0:8:2.0:8 lifecycleRestored=true
[05:42:01] [Server thread/INFO] [STDOUT]: [com.layue13.clashweave.s1d.DamageExperiment:boundary:162]: CW3 S1D_BOUNDARY_PAIR scenario=throw-hurt-before-restore player=false before=true history=false equivalent=true
[05:42:01] [Server thread/INFO] [STDOUT]: [com.layue13.clashweave.s1d.DamageExperiment:boundary:159]: CW3 S1D_BOUNDARY scenario=throw-hurt-before-restore player=false before=true history=true path=control state=false:false:0.0:96.0:13:4.0:8 lifecycleRestored=true
[05:42:01] [Server thread/INFO] [STDOUT]: [com.layue13.clashweave.s1d.DamageExperiment:boundary:159]: CW3 S1D_BOUNDARY scenario=throw-hurt-before-restore player=false before=true history=true path=candidate state=false:false:0.0:96.0:13:4.0:8 lifecycleRestored=true
[05:42:01] [Server thread/INFO] [STDOUT]: [com.layue13.clashweave.s1d.DamageExperiment:boundary:162]: CW3 S1D_BOUNDARY_PAIR scenario=throw-hurt-before-restore player=false before=true history=true equivalent=true
[05:42:01] [Server thread/INFO] [STDOUT]: [com.layue13.clashweave.s1d.DamageExperiment:nested:108]: CW3 S1D_NESTED scenario=attack-normal path=control at=attack-NORMAL timer=13 last=4.0 accepted=false loss=0.0
[05:42:01] [Server thread/INFO] [STDOUT]: [com.layue13.clashweave.s1d.DamageExperiment:nested:108]: CW3 S1D_NESTED scenario=attack-normal path=control at=attack-NORMAL timer=13 last=4.0 accepted=false loss=0.0
[05:42:01] [Server thread/INFO] [STDOUT]: [com.layue13.clashweave.s1d.DamageExperiment:run:99]: CW3 S1D_OUTER scenario=attack-normal path=control accepted=false hp=96.0 timer=13 last=4.0
[05:42:01] [Server thread/INFO] [STDOUT]: [com.layue13.clashweave.s1d.DamageExperiment:nested:108]: CW3 S1D_NESTED scenario=attack-normal path=candidate at=attack-NORMAL timer=13 last=4.0 accepted=false loss=0.0
[05:42:01] [Server thread/INFO] [STDOUT]: [com.layue13.clashweave.s1d.DamageExperiment:nested:108]: CW3 S1D_NESTED scenario=attack-normal path=candidate at=attack-NORMAL timer=13 last=4.0 accepted=false loss=0.0
[05:42:01] [Server thread/INFO] [STDOUT]: [com.layue13.clashweave.s1d.DamageExperiment:run:99]: CW3 S1D_OUTER scenario=attack-normal path=candidate accepted=false hp=96.0 timer=13 last=4.0
[05:42:01] [Server thread/INFO] [STDOUT]: [com.layue13.clashweave.s1d.DamageExperiment:pair:93]: CW3 S1D_PAIR scenario=attack-normal player=true listenerRegisteredBeforeGate=false controlNested=false candidateNested=false controlLoss=0.0 candidateLoss=0.0 callbacks=2,2 equivalent=true
[05:42:01] [Server thread/INFO] [STDOUT]: [com.layue13.clashweave.s1d.DamageExperiment:nested:108]: CW3 S1D_NESTED scenario=hurt-high path=control at=hurt-HIGH timer=13 last=4.0 accepted=false loss=0.0
[05:42:01] [Server thread/INFO] [STDOUT]: [com.layue13.clashweave.s1d.DamageExperiment:run:99]: CW3 S1D_OUTER scenario=hurt-high path=control accepted=true hp=94.0 timer=13 last=6.0
[05:42:01] [Server thread/INFO] [STDOUT]: [com.layue13.clashweave.s1d.DamageExperiment:nested:108]: CW3 S1D_NESTED scenario=hurt-high path=candidate at=hurt-HIGH timer=13 last=4.0 accepted=false loss=0.0
[05:42:01] [Server thread/INFO] [STDOUT]: [com.layue13.clashweave.s1d.DamageExperiment:run:99]: CW3 S1D_OUTER scenario=hurt-high path=candidate accepted=true hp=94.0 timer=13 last=6.0
[05:42:01] [Server thread/INFO] [STDOUT]: [com.layue13.clashweave.s1d.DamageExperiment:pair:93]: CW3 S1D_PAIR scenario=hurt-high player=true listenerRegisteredBeforeGate=false controlNested=false candidateNested=false controlLoss=0.0 candidateLoss=0.0 callbacks=1,1 equivalent=true
[05:42:01] [Server thread/INFO] [STDOUT]: [com.layue13.clashweave.s1d.DamageExperiment:nested:108]: CW3 S1D_NESTED scenario=hurt-low path=control at=hurt-LOW timer=13 last=4.0 accepted=false loss=0.0
[05:42:01] [Server thread/INFO] [STDOUT]: [com.layue13.clashweave.s1d.DamageExperiment:run:99]: CW3 S1D_OUTER scenario=hurt-low path=control accepted=true hp=94.0 timer=13 last=6.0
[05:42:01] [Server thread/INFO] [STDOUT]: [com.layue13.clashweave.s1d.DamageExperiment:nested:108]: CW3 S1D_NESTED scenario=hurt-low path=candidate at=hurt-LOW timer=13 last=4.0 accepted=false loss=0.0
[05:42:01] [Server thread/INFO] [STDOUT]: [com.layue13.clashweave.s1d.DamageExperiment:run:99]: CW3 S1D_OUTER scenario=hurt-low path=candidate accepted=true hp=94.0 timer=13 last=6.0
[05:42:01] [Server thread/INFO] [STDOUT]: [com.layue13.clashweave.s1d.DamageExperiment:pair:93]: CW3 S1D_PAIR scenario=hurt-low player=true listenerRegisteredBeforeGate=false controlNested=false candidateNested=false controlLoss=0.0 candidateLoss=0.0 callbacks=1,1 equivalent=true
[05:42:01] [Server thread/INFO] [STDOUT]: [com.layue13.clashweave.s1d.DamageExperiment:nested:108]: CW3 S1D_NESTED scenario=attack-lowest-before path=control at=attack-LOWEST timer=13 last=4.0 accepted=false loss=0.0
[05:42:01] [Server thread/INFO] [STDOUT]: [com.layue13.clashweave.s1d.DamageExperiment:nested:108]: CW3 S1D_NESTED scenario=attack-lowest-before path=control at=attack-LOWEST timer=13 last=4.0 accepted=false loss=0.0
[05:42:01] [Server thread/INFO] [STDOUT]: [com.layue13.clashweave.s1d.DamageExperiment:run:99]: CW3 S1D_OUTER scenario=attack-lowest-before path=control accepted=false hp=96.0 timer=13 last=4.0
[05:42:01] [Server thread/INFO] [STDOUT]: [com.layue13.clashweave.s1d.DamageExperiment:nested:108]: CW3 S1D_NESTED scenario=attack-lowest-before path=candidate at=attack-LOWEST timer=13 last=4.0 accepted=false loss=0.0
[05:42:01] [Server thread/INFO] [STDOUT]: [com.layue13.clashweave.s1d.DamageExperiment:nested:108]: CW3 S1D_NESTED scenario=attack-lowest-before path=candidate at=attack-LOWEST timer=13 last=4.0 accepted=false loss=0.0
[05:42:01] [Server thread/INFO] [STDOUT]: [com.layue13.clashweave.s1d.DamageExperiment:run:99]: CW3 S1D_OUTER scenario=attack-lowest-before path=candidate accepted=false hp=96.0 timer=13 last=4.0
[05:42:01] [Server thread/INFO] [STDOUT]: [com.layue13.clashweave.s1d.DamageExperiment:pair:93]: CW3 S1D_PAIR scenario=attack-lowest-before player=true listenerRegisteredBeforeGate=false controlNested=false candidateNested=false controlLoss=0.0 candidateLoss=0.0 callbacks=2,2 equivalent=true
[05:42:01] [Server thread/INFO] [STDOUT]: [com.layue13.clashweave.s1d.DamageExperiment:nested:108]: CW3 S1D_NESTED scenario=attack-lowest-after path=control at=attack-LOWEST timer=13 last=4.0 accepted=false loss=0.0
[05:42:01] [Server thread/INFO] [STDOUT]: [com.layue13.clashweave.s1d.DamageExperiment:nested:108]: CW3 S1D_NESTED scenario=attack-lowest-after path=control at=attack-LOWEST timer=13 last=4.0 accepted=false loss=0.0
[05:42:01] [Server thread/INFO] [STDOUT]: [com.layue13.clashweave.s1d.DamageExperiment:run:99]: CW3 S1D_OUTER scenario=attack-lowest-after path=control accepted=false hp=96.0 timer=13 last=4.0
[05:42:01] [Server thread/INFO] [STDOUT]: [com.layue13.clashweave.s1d.DamageExperiment:nested:108]: CW3 S1D_NESTED scenario=attack-lowest-after path=candidate at=attack-LOWEST timer=13 last=4.0 accepted=false loss=0.0
[05:42:01] [Server thread/INFO] [STDOUT]: [com.layue13.clashweave.s1d.DamageExperiment:nested:108]: CW3 S1D_NESTED scenario=attack-lowest-after path=candidate at=attack-LOWEST timer=13 last=4.0 accepted=false loss=0.0
[05:42:01] [Server thread/INFO] [STDOUT]: [com.layue13.clashweave.s1d.DamageExperiment:run:99]: CW3 S1D_OUTER scenario=attack-lowest-after path=candidate accepted=false hp=96.0 timer=13 last=4.0
[05:42:01] [Server thread/INFO] [STDOUT]: [com.layue13.clashweave.s1d.DamageExperiment:pair:93]: CW3 S1D_PAIR scenario=attack-lowest-after player=true listenerRegisteredBeforeGate=false controlNested=false candidateNested=false controlLoss=0.0 candidateLoss=0.0 callbacks=2,2 equivalent=true
[05:42:01] [Server thread/INFO] [STDOUT]: [com.layue13.clashweave.s1d.DamageExperiment:nested:108]: CW3 S1D_NESTED scenario=hurt-highest-before path=control at=hurt-HIGHEST timer=13 last=4.0 accepted=false loss=0.0
[05:42:01] [Server thread/INFO] [STDOUT]: [com.layue13.clashweave.s1d.DamageExperiment:run:99]: CW3 S1D_OUTER scenario=hurt-highest-before path=control accepted=true hp=94.0 timer=13 last=6.0
[05:42:01] [Server thread/INFO] [STDOUT]: [com.layue13.clashweave.s1d.DamageExperiment:nested:108]: CW3 S1D_NESTED scenario=hurt-highest-before path=candidate at=hurt-HIGHEST timer=13 last=4.0 accepted=false loss=0.0
[05:42:01] [Server thread/INFO] [STDOUT]: [com.layue13.clashweave.s1d.DamageExperiment:run:99]: CW3 S1D_OUTER scenario=hurt-highest-before path=candidate accepted=true hp=94.0 timer=13 last=6.0
[05:42:01] [Server thread/INFO] [STDOUT]: [com.layue13.clashweave.s1d.DamageExperiment:pair:93]: CW3 S1D_PAIR scenario=hurt-highest-before player=true listenerRegisteredBeforeGate=false controlNested=false candidateNested=false controlLoss=0.0 candidateLoss=0.0 callbacks=1,1 equivalent=true
[05:42:01] [Server thread/INFO] [STDOUT]: [com.layue13.clashweave.s1d.DamageExperiment:nested:108]: CW3 S1D_NESTED scenario=hurt-highest-after path=control at=hurt-HIGHEST timer=13 last=4.0 accepted=false loss=0.0
[05:42:01] [Server thread/INFO] [STDOUT]: [com.layue13.clashweave.s1d.DamageExperiment:run:99]: CW3 S1D_OUTER scenario=hurt-highest-after path=control accepted=true hp=94.0 timer=13 last=6.0
[05:42:01] [Server thread/INFO] [STDOUT]: [com.layue13.clashweave.s1d.DamageExperiment:nested:108]: CW3 S1D_NESTED scenario=hurt-highest-after path=candidate at=hurt-HIGHEST timer=13 last=4.0 accepted=false loss=0.0
[05:42:01] [Server thread/INFO] [STDOUT]: [com.layue13.clashweave.s1d.DamageExperiment:run:99]: CW3 S1D_OUTER scenario=hurt-highest-after path=candidate accepted=true hp=94.0 timer=13 last=6.0
[05:42:01] [Server thread/INFO] [STDOUT]: [com.layue13.clashweave.s1d.DamageExperiment:pair:93]: CW3 S1D_PAIR scenario=hurt-highest-after player=true listenerRegisteredBeforeGate=false controlNested=false candidateNested=false controlLoss=0.0 candidateLoss=0.0 callbacks=1,1 equivalent=true
[05:42:01] [Server thread/INFO] [STDOUT]: [com.layue13.clashweave.s1d.DamageExperiment:boundary:159]: CW3 S1D_BOUNDARY scenario=cancel-attack player=true before=false history=false path=control state=false:false:0.0:100.0:0:0.0:8 lifecycleRestored=true
[05:42:01] [Server thread/INFO] [STDOUT]: [com.layue13.clashweave.s1d.DamageExperiment:boundary:159]: CW3 S1D_BOUNDARY scenario=cancel-attack player=true before=false history=false path=candidate state=false:false:0.0:100.0:0:0.0:8 lifecycleRestored=true
[05:42:01] [Server thread/INFO] [STDOUT]: [com.layue13.clashweave.s1d.DamageExperiment:boundary:162]: CW3 S1D_BOUNDARY_PAIR scenario=cancel-attack player=true before=false history=false equivalent=true
[05:42:01] [Server thread/INFO] [STDOUT]: [com.layue13.clashweave.s1d.DamageExperiment:boundary:159]: CW3 S1D_BOUNDARY scenario=cancel-attack player=true before=false history=true path=control state=false:false:0.0:96.0:13:4.0:8 lifecycleRestored=true
[05:42:01] [Server thread/INFO] [STDOUT]: [com.layue13.clashweave.s1d.DamageExperiment:boundary:159]: CW3 S1D_BOUNDARY scenario=cancel-attack player=true before=false history=true path=candidate state=false:false:0.0:96.0:13:4.0:8 lifecycleRestored=true
[05:42:01] [Server thread/INFO] [STDOUT]: [com.layue13.clashweave.s1d.DamageExperiment:boundary:162]: CW3 S1D_BOUNDARY_PAIR scenario=cancel-attack player=true before=false history=true equivalent=true
[05:42:01] [Server thread/INFO] [STDOUT]: [com.layue13.clashweave.s1d.DamageExperiment:boundary:159]: CW3 S1D_BOUNDARY scenario=cancel-hurt player=true before=false history=false path=control state=true:false:0.0:100.0:8:2.0:8 lifecycleRestored=true
[05:42:01] [Server thread/INFO] [STDOUT]: [com.layue13.clashweave.s1d.DamageExperiment:boundary:159]: CW3 S1D_BOUNDARY scenario=cancel-hurt player=true before=false history=false path=candidate state=true:false:0.0:100.0:8:2.0:8 lifecycleRestored=true
[05:42:01] [Server thread/INFO] [STDOUT]: [com.layue13.clashweave.s1d.DamageExperiment:boundary:162]: CW3 S1D_BOUNDARY_PAIR scenario=cancel-hurt player=true before=false history=false equivalent=true
[05:42:01] [Server thread/INFO] [STDOUT]: [com.layue13.clashweave.s1d.DamageExperiment:boundary:159]: CW3 S1D_BOUNDARY scenario=cancel-hurt player=true before=false history=true path=control state=false:false:0.0:96.0:13:4.0:8 lifecycleRestored=true
[05:42:01] [Server thread/INFO] [STDOUT]: [com.layue13.clashweave.s1d.DamageExperiment:boundary:159]: CW3 S1D_BOUNDARY scenario=cancel-hurt player=true before=false history=true path=candidate state=false:false:0.0:96.0:13:4.0:8 lifecycleRestored=true
[05:42:01] [Server thread/INFO] [STDOUT]: [com.layue13.clashweave.s1d.DamageExperiment:boundary:162]: CW3 S1D_BOUNDARY_PAIR scenario=cancel-hurt player=true before=false history=true equivalent=true
[05:42:01] [Server thread/INFO] [STDOUT]: [com.layue13.clashweave.s1d.DamageExperiment:boundary:159]: CW3 S1D_BOUNDARY scenario=zero player=true before=false history=false path=control state=false:false:0.0:100.0:0:0.0:8 lifecycleRestored=true
[05:42:01] [Server thread/INFO] [STDOUT]: [com.layue13.clashweave.s1d.DamageExperiment:boundary:159]: CW3 S1D_BOUNDARY scenario=zero player=true before=false history=false path=candidate state=false:false:0.0:100.0:0:0.0:8 lifecycleRestored=true
[05:42:01] [Server thread/INFO] [STDOUT]: [com.layue13.clashweave.s1d.DamageExperiment:boundary:162]: CW3 S1D_BOUNDARY_PAIR scenario=zero player=true before=false history=false equivalent=true
[05:42:01] [Server thread/INFO] [STDOUT]: [com.layue13.clashweave.s1d.DamageExperiment:boundary:159]: CW3 S1D_BOUNDARY scenario=zero player=true before=false history=true path=control state=false:false:0.0:96.0:13:4.0:8 lifecycleRestored=true
[05:42:01] [Server thread/INFO] [STDOUT]: [com.layue13.clashweave.s1d.DamageExperiment:boundary:159]: CW3 S1D_BOUNDARY scenario=zero player=true before=false history=true path=candidate state=false:false:0.0:96.0:13:4.0:8 lifecycleRestored=true
[05:42:01] [Server thread/INFO] [STDOUT]: [com.layue13.clashweave.s1d.DamageExperiment:boundary:162]: CW3 S1D_BOUNDARY_PAIR scenario=zero player=true before=false history=true equivalent=true
[05:42:01] [Server thread/INFO] [STDOUT]: [com.layue13.clashweave.s1d.DamageExperiment:boundary:159]: CW3 S1D_BOUNDARY scenario=already-dead player=true before=false history=false path=control state=false:false:0.0:0.0:0:0.0:8 lifecycleRestored=true
[05:42:01] [Server thread/INFO] [STDOUT]: [com.layue13.clashweave.s1d.DamageExperiment:boundary:159]: CW3 S1D_BOUNDARY scenario=already-dead player=true before=false history=false path=candidate state=false:false:0.0:0.0:0:0.0:8 lifecycleRestored=true
[05:42:01] [Server thread/INFO] [STDOUT]: [com.layue13.clashweave.s1d.DamageExperiment:boundary:162]: CW3 S1D_BOUNDARY_PAIR scenario=already-dead player=true before=false history=false equivalent=true
[05:42:01] [Server thread/INFO] [STDOUT]: [com.layue13.clashweave.s1d.DamageExperiment:boundary:159]: CW3 S1D_BOUNDARY scenario=already-dead player=true before=false history=true path=control state=false:false:0.0:0.0:13:4.0:8 lifecycleRestored=true
[05:42:01] [Server thread/INFO] [STDOUT]: [com.layue13.clashweave.s1d.DamageExperiment:boundary:159]: CW3 S1D_BOUNDARY scenario=already-dead player=true before=false history=true path=candidate state=false:false:0.0:0.0:13:4.0:8 lifecycleRestored=true
[05:42:01] [Server thread/INFO] [STDOUT]: [com.layue13.clashweave.s1d.DamageExperiment:boundary:162]: CW3 S1D_BOUNDARY_PAIR scenario=already-dead player=true before=false history=true equivalent=true
[05:42:01] [Server thread/INFO] [STDOUT]: [com.layue13.clashweave.s1d.DamageExperiment:boundary:159]: CW3 S1D_BOUNDARY scenario=lethal player=true before=false history=false path=control state=true:false:1.0:0.0:8:2.0:20 lifecycleRestored=true
[05:42:01] [Server thread/INFO] [STDOUT]: [com.layue13.clashweave.s1d.DamageExperiment:boundary:159]: CW3 S1D_BOUNDARY scenario=lethal player=true before=false history=false path=candidate state=true:false:1.0:0.0:8:2.0:20 lifecycleRestored=true
[05:42:01] [Server thread/INFO] [STDOUT]: [com.layue13.clashweave.s1d.DamageExperiment:boundary:162]: CW3 S1D_BOUNDARY_PAIR scenario=lethal player=true before=false history=false equivalent=true
[05:42:01] [Server thread/INFO] [STDOUT]: [com.layue13.clashweave.s1d.DamageExperiment:boundary:159]: CW3 S1D_BOUNDARY scenario=lethal player=true before=false history=true path=control state=false:false:0.0:1.0:13:4.0:8 lifecycleRestored=true
[05:42:01] [Server thread/INFO] [STDOUT]: [com.layue13.clashweave.s1d.DamageExperiment:boundary:159]: CW3 S1D_BOUNDARY scenario=lethal player=true before=false history=true path=candidate state=false:false:0.0:1.0:13:4.0:8 lifecycleRestored=true
[05:42:01] [Server thread/INFO] [STDOUT]: [com.layue13.clashweave.s1d.DamageExperiment:boundary:162]: CW3 S1D_BOUNDARY_PAIR scenario=lethal player=true before=false history=true equivalent=true
[05:42:01] [Server thread/INFO] [STDOUT]: [com.layue13.clashweave.s1d.DamageExperiment:boundary:159]: CW3 S1D_BOUNDARY scenario=throw-attack player=true before=false history=false path=control state=false:true:0.0:100.0:0:0.0:8 lifecycleRestored=true
[05:42:01] [Server thread/INFO] [STDOUT]: [com.layue13.clashweave.s1d.DamageExperiment:boundary:159]: CW3 S1D_BOUNDARY scenario=throw-attack player=true before=false history=false path=candidate state=false:true:0.0:100.0:0:0.0:8 lifecycleRestored=true
[05:42:01] [Server thread/INFO] [STDOUT]: [com.layue13.clashweave.s1d.DamageExperiment:boundary:162]: CW3 S1D_BOUNDARY_PAIR scenario=throw-attack player=true before=false history=false equivalent=true
[05:42:01] [Server thread/INFO] [STDOUT]: [com.layue13.clashweave.s1d.DamageExperiment:boundary:159]: CW3 S1D_BOUNDARY scenario=throw-attack player=true before=false history=true path=control state=false:true:0.0:96.0:13:4.0:8 lifecycleRestored=true
[05:42:01] [Server thread/INFO] [STDOUT]: [com.layue13.clashweave.s1d.DamageExperiment:boundary:159]: CW3 S1D_BOUNDARY scenario=throw-attack player=true before=false history=true path=candidate state=false:true:0.0:96.0:13:4.0:8 lifecycleRestored=true
[05:42:01] [Server thread/INFO] [STDOUT]: [com.layue13.clashweave.s1d.DamageExperiment:boundary:162]: CW3 S1D_BOUNDARY_PAIR scenario=throw-attack player=true before=false history=true equivalent=true
[05:42:01] [Server thread/INFO] [STDOUT]: [com.layue13.clashweave.s1d.DamageExperiment:boundary:159]: CW3 S1D_BOUNDARY scenario=throw-hurt player=true before=false history=false path=control state=false:true:0.0:100.0:8:2.0:8 lifecycleRestored=true
[05:42:01] [Server thread/INFO] [STDOUT]: [com.layue13.clashweave.s1d.DamageExperiment:boundary:159]: CW3 S1D_BOUNDARY scenario=throw-hurt player=true before=false history=false path=candidate state=false:true:0.0:100.0:8:2.0:8 lifecycleRestored=true
[05:42:01] [Server thread/INFO] [STDOUT]: [com.layue13.clashweave.s1d.DamageExperiment:boundary:162]: CW3 S1D_BOUNDARY_PAIR scenario=throw-hurt player=true before=false history=false equivalent=true
[05:42:01] [Server thread/INFO] [STDOUT]: [com.layue13.clashweave.s1d.DamageExperiment:boundary:159]: CW3 S1D_BOUNDARY scenario=throw-hurt player=true before=false history=true path=control state=false:false:0.0:96.0:13:4.0:8 lifecycleRestored=true
[05:42:01] [Server thread/INFO] [STDOUT]: [com.layue13.clashweave.s1d.DamageExperiment:boundary:159]: CW3 S1D_BOUNDARY scenario=throw-hurt player=true before=false history=true path=candidate state=false:false:0.0:96.0:13:4.0:8 lifecycleRestored=true
[05:42:01] [Server thread/INFO] [STDOUT]: [com.layue13.clashweave.s1d.DamageExperiment:boundary:162]: CW3 S1D_BOUNDARY_PAIR scenario=throw-hurt player=true before=false history=true equivalent=true
[05:42:01] [Server thread/INFO] [STDOUT]: [com.layue13.clashweave.s1d.DamageExperiment:attackLowest:123]: CW3 S1D_THROW at=attack-LOWEST timer=0 last=0.0
[05:42:01] [Server thread/INFO] [STDOUT]: [com.layue13.clashweave.s1d.DamageExperiment:boundary:159]: CW3 S1D_BOUNDARY scenario=throw-attack-after-clear player=true before=false history=false path=control state=false:true:0.0:100.0:0:0.0:8 lifecycleRestored=true
[05:42:01] [Server thread/INFO] [STDOUT]: [com.layue13.clashweave.s1d.DamageExperiment:attackLowest:123]: CW3 S1D_THROW at=attack-LOWEST timer=0 last=0.0
[05:42:01] [Server thread/INFO] [STDOUT]: [com.layue13.clashweave.s1d.DamageExperiment:boundary:159]: CW3 S1D_BOUNDARY scenario=throw-attack-after-clear player=true before=false history=false path=candidate state=false:true:0.0:100.0:0:0.0:8 lifecycleRestored=true
[05:42:01] [Server thread/INFO] [STDOUT]: [com.layue13.clashweave.s1d.DamageExperiment:boundary:162]: CW3 S1D_BOUNDARY_PAIR scenario=throw-attack-after-clear player=true before=false history=false equivalent=true
[05:42:01] [Server thread/INFO] [STDOUT]: [com.layue13.clashweave.s1d.DamageExperiment:attackLowest:123]: CW3 S1D_THROW at=attack-LOWEST timer=13 last=4.0
[05:42:01] [Server thread/INFO] [STDOUT]: [com.layue13.clashweave.s1d.DamageExperiment:boundary:159]: CW3 S1D_BOUNDARY scenario=throw-attack-after-clear player=true before=false history=true path=control state=false:true:0.0:96.0:13:4.0:8 lifecycleRestored=true
[05:42:01] [Server thread/INFO] [STDOUT]: [com.layue13.clashweave.s1d.DamageExperiment:attackLowest:123]: CW3 S1D_THROW at=attack-LOWEST timer=13 last=4.0
[05:42:01] [Server thread/INFO] [STDOUT]: [com.layue13.clashweave.s1d.DamageExperiment:boundary:159]: CW3 S1D_BOUNDARY scenario=throw-attack-after-clear player=true before=false history=true path=candidate state=false:true:0.0:96.0:13:4.0:8 lifecycleRestored=true
[05:42:01] [Server thread/INFO] [STDOUT]: [com.layue13.clashweave.s1d.DamageExperiment:boundary:162]: CW3 S1D_BOUNDARY_PAIR scenario=throw-attack-after-clear player=true before=false history=true equivalent=true
[05:42:01] [Server thread/INFO] [STDOUT]: [com.layue13.clashweave.s1d.DamageExperiment:hurtHighest:131]: CW3 S1D_THROW at=hurt-HIGHEST timer=8 last=2.0
[05:42:01] [Server thread/INFO] [STDOUT]: [com.layue13.clashweave.s1d.DamageExperiment:boundary:159]: CW3 S1D_BOUNDARY scenario=throw-hurt-before-restore player=true before=false history=false path=control state=false:true:0.0:100.0:8:2.0:8 lifecycleRestored=true
[05:42:01] [Server thread/INFO] [STDOUT]: [com.layue13.clashweave.s1d.DamageExperiment:hurtHighest:131]: CW3 S1D_THROW at=hurt-HIGHEST timer=8 last=2.0
[05:42:01] [Server thread/INFO] [STDOUT]: [com.layue13.clashweave.s1d.DamageExperiment:boundary:159]: CW3 S1D_BOUNDARY scenario=throw-hurt-before-restore player=true before=false history=false path=candidate state=false:true:0.0:100.0:8:2.0:8 lifecycleRestored=true
[05:42:01] [Server thread/INFO] [STDOUT]: [com.layue13.clashweave.s1d.DamageExperiment:boundary:162]: CW3 S1D_BOUNDARY_PAIR scenario=throw-hurt-before-restore player=true before=false history=false equivalent=true
[05:42:01] [Server thread/INFO] [STDOUT]: [com.layue13.clashweave.s1d.DamageExperiment:boundary:159]: CW3 S1D_BOUNDARY scenario=throw-hurt-before-restore player=true before=false history=true path=control state=false:false:0.0:96.0:13:4.0:8 lifecycleRestored=true
[05:42:01] [Server thread/INFO] [STDOUT]: [com.layue13.clashweave.s1d.DamageExperiment:boundary:159]: CW3 S1D_BOUNDARY scenario=throw-hurt-before-restore player=true before=false history=true path=candidate state=false:false:0.0:96.0:13:4.0:8 lifecycleRestored=true
[05:42:01] [Server thread/INFO] [STDOUT]: [com.layue13.clashweave.s1d.DamageExperiment:boundary:162]: CW3 S1D_BOUNDARY_PAIR scenario=throw-hurt-before-restore player=true before=false history=true equivalent=true
[05:42:01] [Server thread/INFO] [STDOUT]: [com.layue13.clashweave.s1d.DamageExperiment:nested:108]: CW3 S1D_NESTED scenario=attack-normal path=control at=attack-NORMAL timer=13 last=4.0 accepted=false loss=0.0
[05:42:01] [Server thread/INFO] [STDOUT]: [com.layue13.clashweave.s1d.DamageExperiment:nested:108]: CW3 S1D_NESTED scenario=attack-normal path=control at=attack-NORMAL timer=13 last=4.0 accepted=false loss=0.0
[05:42:01] [Server thread/INFO] [STDOUT]: [com.layue13.clashweave.s1d.DamageExperiment:run:99]: CW3 S1D_OUTER scenario=attack-normal path=control accepted=false hp=96.0 timer=13 last=4.0
[05:42:01] [Server thread/INFO] [STDOUT]: [com.layue13.clashweave.s1d.DamageExperiment:nested:108]: CW3 S1D_NESTED scenario=attack-normal path=candidate at=attack-NORMAL timer=13 last=4.0 accepted=false loss=0.0
[05:42:01] [Server thread/INFO] [STDOUT]: [com.layue13.clashweave.s1d.DamageExperiment:nested:108]: CW3 S1D_NESTED scenario=attack-normal path=candidate at=attack-NORMAL timer=13 last=4.0 accepted=false loss=0.0
[05:42:01] [Server thread/INFO] [STDOUT]: [com.layue13.clashweave.s1d.DamageExperiment:run:99]: CW3 S1D_OUTER scenario=attack-normal path=candidate accepted=false hp=96.0 timer=13 last=4.0
[05:42:01] [Server thread/INFO] [STDOUT]: [com.layue13.clashweave.s1d.DamageExperiment:pair:93]: CW3 S1D_PAIR scenario=attack-normal player=true listenerRegisteredBeforeGate=true controlNested=false candidateNested=false controlLoss=0.0 candidateLoss=0.0 callbacks=2,2 equivalent=true
[05:42:01] [Server thread/INFO] [STDOUT]: [com.layue13.clashweave.s1d.DamageExperiment:nested:108]: CW3 S1D_NESTED scenario=hurt-high path=control at=hurt-HIGH timer=13 last=4.0 accepted=false loss=0.0
[05:42:01] [Server thread/INFO] [STDOUT]: [com.layue13.clashweave.s1d.DamageExperiment:run:99]: CW3 S1D_OUTER scenario=hurt-high path=control accepted=true hp=94.0 timer=13 last=6.0
[05:42:01] [Server thread/INFO] [STDOUT]: [com.layue13.clashweave.s1d.DamageExperiment:nested:108]: CW3 S1D_NESTED scenario=hurt-high path=candidate at=hurt-HIGH timer=13 last=4.0 accepted=false loss=0.0
[05:42:01] [Server thread/INFO] [STDOUT]: [com.layue13.clashweave.s1d.DamageExperiment:run:99]: CW3 S1D_OUTER scenario=hurt-high path=candidate accepted=true hp=94.0 timer=13 last=6.0
[05:42:01] [Server thread/INFO] [STDOUT]: [com.layue13.clashweave.s1d.DamageExperiment:pair:93]: CW3 S1D_PAIR scenario=hurt-high player=true listenerRegisteredBeforeGate=true controlNested=false candidateNested=false controlLoss=0.0 candidateLoss=0.0 callbacks=1,1 equivalent=true
[05:42:01] [Server thread/INFO] [STDOUT]: [com.layue13.clashweave.s1d.DamageExperiment:nested:108]: CW3 S1D_NESTED scenario=hurt-low path=control at=hurt-LOW timer=13 last=4.0 accepted=false loss=0.0
[05:42:01] [Server thread/INFO] [STDOUT]: [com.layue13.clashweave.s1d.DamageExperiment:run:99]: CW3 S1D_OUTER scenario=hurt-low path=control accepted=true hp=94.0 timer=13 last=6.0
[05:42:01] [Server thread/INFO] [STDOUT]: [com.layue13.clashweave.s1d.DamageExperiment:nested:108]: CW3 S1D_NESTED scenario=hurt-low path=candidate at=hurt-LOW timer=13 last=4.0 accepted=false loss=0.0
[05:42:01] [Server thread/INFO] [STDOUT]: [com.layue13.clashweave.s1d.DamageExperiment:run:99]: CW3 S1D_OUTER scenario=hurt-low path=candidate accepted=true hp=94.0 timer=13 last=6.0
[05:42:01] [Server thread/INFO] [STDOUT]: [com.layue13.clashweave.s1d.DamageExperiment:pair:93]: CW3 S1D_PAIR scenario=hurt-low player=true listenerRegisteredBeforeGate=true controlNested=false candidateNested=false controlLoss=0.0 candidateLoss=0.0 callbacks=1,1 equivalent=true
[05:42:01] [Server thread/INFO] [STDOUT]: [com.layue13.clashweave.s1d.DamageExperiment:nested:108]: CW3 S1D_NESTED scenario=attack-lowest-before path=control at=attack-LOWEST timer=13 last=4.0 accepted=false loss=0.0
[05:42:01] [Server thread/INFO] [STDOUT]: [com.layue13.clashweave.s1d.DamageExperiment:nested:108]: CW3 S1D_NESTED scenario=attack-lowest-before path=control at=attack-LOWEST timer=13 last=4.0 accepted=false loss=0.0
[05:42:01] [Server thread/INFO] [STDOUT]: [com.layue13.clashweave.s1d.DamageExperiment:run:99]: CW3 S1D_OUTER scenario=attack-lowest-before path=control accepted=false hp=96.0 timer=13 last=4.0
[05:42:01] [Server thread/INFO] [STDOUT]: [com.layue13.clashweave.s1d.DamageExperiment:nested:108]: CW3 S1D_NESTED scenario=attack-lowest-before path=candidate at=attack-LOWEST timer=13 last=4.0 accepted=false loss=0.0
[05:42:01] [Server thread/INFO] [STDOUT]: [com.layue13.clashweave.s1d.DamageExperiment:nested:108]: CW3 S1D_NESTED scenario=attack-lowest-before path=candidate at=attack-LOWEST timer=13 last=4.0 accepted=false loss=0.0
[05:42:01] [Server thread/INFO] [STDOUT]: [com.layue13.clashweave.s1d.DamageExperiment:run:99]: CW3 S1D_OUTER scenario=attack-lowest-before path=candidate accepted=false hp=96.0 timer=13 last=4.0
[05:42:01] [Server thread/INFO] [STDOUT]: [com.layue13.clashweave.s1d.DamageExperiment:pair:93]: CW3 S1D_PAIR scenario=attack-lowest-before player=true listenerRegisteredBeforeGate=true controlNested=false candidateNested=false controlLoss=0.0 candidateLoss=0.0 callbacks=2,2 equivalent=true
[05:42:01] [Server thread/INFO] [STDOUT]: [com.layue13.clashweave.s1d.DamageExperiment:nested:108]: CW3 S1D_NESTED scenario=attack-lowest-after path=control at=attack-LOWEST timer=13 last=4.0 accepted=false loss=0.0
[05:42:01] [Server thread/INFO] [STDOUT]: [com.layue13.clashweave.s1d.DamageExperiment:nested:108]: CW3 S1D_NESTED scenario=attack-lowest-after path=control at=attack-LOWEST timer=13 last=4.0 accepted=false loss=0.0
[05:42:01] [Server thread/INFO] [STDOUT]: [com.layue13.clashweave.s1d.DamageExperiment:run:99]: CW3 S1D_OUTER scenario=attack-lowest-after path=control accepted=false hp=96.0 timer=13 last=4.0
[05:42:01] [Server thread/INFO] [STDOUT]: [com.layue13.clashweave.s1d.DamageExperiment:nested:108]: CW3 S1D_NESTED scenario=attack-lowest-after path=candidate at=attack-LOWEST timer=13 last=4.0 accepted=false loss=0.0
[05:42:01] [Server thread/INFO] [STDOUT]: [com.layue13.clashweave.s1d.DamageExperiment:nested:108]: CW3 S1D_NESTED scenario=attack-lowest-after path=candidate at=attack-LOWEST timer=13 last=4.0 accepted=false loss=0.0
[05:42:01] [Server thread/INFO] [STDOUT]: [com.layue13.clashweave.s1d.DamageExperiment:run:99]: CW3 S1D_OUTER scenario=attack-lowest-after path=candidate accepted=false hp=96.0 timer=13 last=4.0
[05:42:01] [Server thread/INFO] [STDOUT]: [com.layue13.clashweave.s1d.DamageExperiment:pair:93]: CW3 S1D_PAIR scenario=attack-lowest-after player=true listenerRegisteredBeforeGate=true controlNested=false candidateNested=false controlLoss=0.0 candidateLoss=0.0 callbacks=2,2 equivalent=true
[05:42:01] [Server thread/INFO] [STDOUT]: [com.layue13.clashweave.s1d.DamageExperiment:nested:108]: CW3 S1D_NESTED scenario=hurt-highest-before path=control at=hurt-HIGHEST timer=13 last=4.0 accepted=false loss=0.0
[05:42:01] [Server thread/INFO] [STDOUT]: [com.layue13.clashweave.s1d.DamageExperiment:run:99]: CW3 S1D_OUTER scenario=hurt-highest-before path=control accepted=true hp=94.0 timer=13 last=6.0
[05:42:01] [Server thread/INFO] [STDOUT]: [com.layue13.clashweave.s1d.DamageExperiment:nested:108]: CW3 S1D_NESTED scenario=hurt-highest-before path=candidate at=hurt-HIGHEST timer=13 last=4.0 accepted=false loss=0.0
[05:42:01] [Server thread/INFO] [STDOUT]: [com.layue13.clashweave.s1d.DamageExperiment:run:99]: CW3 S1D_OUTER scenario=hurt-highest-before path=candidate accepted=true hp=94.0 timer=13 last=6.0
[05:42:01] [Server thread/INFO] [STDOUT]: [com.layue13.clashweave.s1d.DamageExperiment:pair:93]: CW3 S1D_PAIR scenario=hurt-highest-before player=true listenerRegisteredBeforeGate=true controlNested=false candidateNested=false controlLoss=0.0 candidateLoss=0.0 callbacks=1,1 equivalent=true
[05:42:01] [Server thread/INFO] [STDOUT]: [com.layue13.clashweave.s1d.DamageExperiment:nested:108]: CW3 S1D_NESTED scenario=hurt-highest-after path=control at=hurt-HIGHEST timer=13 last=4.0 accepted=false loss=0.0
[05:42:01] [Server thread/INFO] [STDOUT]: [com.layue13.clashweave.s1d.DamageExperiment:run:99]: CW3 S1D_OUTER scenario=hurt-highest-after path=control accepted=true hp=94.0 timer=13 last=6.0
[05:42:01] [Server thread/INFO] [STDOUT]: [com.layue13.clashweave.s1d.DamageExperiment:nested:108]: CW3 S1D_NESTED scenario=hurt-highest-after path=candidate at=hurt-HIGHEST timer=13 last=4.0 accepted=false loss=0.0
[05:42:01] [Server thread/INFO] [STDOUT]: [com.layue13.clashweave.s1d.DamageExperiment:run:99]: CW3 S1D_OUTER scenario=hurt-highest-after path=candidate accepted=true hp=94.0 timer=13 last=6.0
[05:42:01] [Server thread/INFO] [STDOUT]: [com.layue13.clashweave.s1d.DamageExperiment:pair:93]: CW3 S1D_PAIR scenario=hurt-highest-after player=true listenerRegisteredBeforeGate=true controlNested=false candidateNested=false controlLoss=0.0 candidateLoss=0.0 callbacks=1,1 equivalent=true
[05:42:01] [Server thread/INFO] [STDOUT]: [com.layue13.clashweave.s1d.DamageExperiment:boundary:159]: CW3 S1D_BOUNDARY scenario=cancel-attack player=true before=true history=false path=control state=false:false:0.0:100.0:0:0.0:8 lifecycleRestored=true
[05:42:01] [Server thread/INFO] [STDOUT]: [com.layue13.clashweave.s1d.DamageExperiment:boundary:159]: CW3 S1D_BOUNDARY scenario=cancel-attack player=true before=true history=false path=candidate state=false:false:0.0:100.0:0:0.0:8 lifecycleRestored=true
[05:42:01] [Server thread/INFO] [STDOUT]: [com.layue13.clashweave.s1d.DamageExperiment:boundary:162]: CW3 S1D_BOUNDARY_PAIR scenario=cancel-attack player=true before=true history=false equivalent=true
[05:42:01] [Server thread/INFO] [STDOUT]: [com.layue13.clashweave.s1d.DamageExperiment:boundary:159]: CW3 S1D_BOUNDARY scenario=cancel-attack player=true before=true history=true path=control state=false:false:0.0:96.0:13:4.0:8 lifecycleRestored=true
[05:42:01] [Server thread/INFO] [STDOUT]: [com.layue13.clashweave.s1d.DamageExperiment:boundary:159]: CW3 S1D_BOUNDARY scenario=cancel-attack player=true before=true history=true path=candidate state=false:false:0.0:96.0:13:4.0:8 lifecycleRestored=true
[05:42:01] [Server thread/INFO] [STDOUT]: [com.layue13.clashweave.s1d.DamageExperiment:boundary:162]: CW3 S1D_BOUNDARY_PAIR scenario=cancel-attack player=true before=true history=true equivalent=true
[05:42:01] [Server thread/INFO] [STDOUT]: [com.layue13.clashweave.s1d.DamageExperiment:boundary:159]: CW3 S1D_BOUNDARY scenario=cancel-hurt player=true before=true history=false path=control state=true:false:0.0:100.0:8:2.0:8 lifecycleRestored=true
[05:42:01] [Server thread/INFO] [STDOUT]: [com.layue13.clashweave.s1d.DamageExperiment:boundary:159]: CW3 S1D_BOUNDARY scenario=cancel-hurt player=true before=true history=false path=candidate state=true:false:0.0:100.0:8:2.0:8 lifecycleRestored=true
[05:42:01] [Server thread/INFO] [STDOUT]: [com.layue13.clashweave.s1d.DamageExperiment:boundary:162]: CW3 S1D_BOUNDARY_PAIR scenario=cancel-hurt player=true before=true history=false equivalent=true
[05:42:01] [Server thread/INFO] [STDOUT]: [com.layue13.clashweave.s1d.DamageExperiment:boundary:159]: CW3 S1D_BOUNDARY scenario=cancel-hurt player=true before=true history=true path=control state=false:false:0.0:96.0:13:4.0:8 lifecycleRestored=true
[05:42:01] [Server thread/INFO] [STDOUT]: [com.layue13.clashweave.s1d.DamageExperiment:boundary:159]: CW3 S1D_BOUNDARY scenario=cancel-hurt player=true before=true history=true path=candidate state=false:false:0.0:96.0:13:4.0:8 lifecycleRestored=true
[05:42:01] [Server thread/INFO] [STDOUT]: [com.layue13.clashweave.s1d.DamageExperiment:boundary:162]: CW3 S1D_BOUNDARY_PAIR scenario=cancel-hurt player=true before=true history=true equivalent=true
[05:42:01] [Server thread/INFO] [STDOUT]: [com.layue13.clashweave.s1d.DamageExperiment:boundary:159]: CW3 S1D_BOUNDARY scenario=zero player=true before=true history=false path=control state=false:false:0.0:100.0:0:0.0:8 lifecycleRestored=true
[05:42:01] [Server thread/INFO] [STDOUT]: [com.layue13.clashweave.s1d.DamageExperiment:boundary:159]: CW3 S1D_BOUNDARY scenario=zero player=true before=true history=false path=candidate state=false:false:0.0:100.0:0:0.0:8 lifecycleRestored=true
[05:42:01] [Server thread/INFO] [STDOUT]: [com.layue13.clashweave.s1d.DamageExperiment:boundary:162]: CW3 S1D_BOUNDARY_PAIR scenario=zero player=true before=true history=false equivalent=true
[05:42:01] [Server thread/INFO] [STDOUT]: [com.layue13.clashweave.s1d.DamageExperiment:boundary:159]: CW3 S1D_BOUNDARY scenario=zero player=true before=true history=true path=control state=false:false:0.0:96.0:13:4.0:8 lifecycleRestored=true
[05:42:01] [Server thread/INFO] [STDOUT]: [com.layue13.clashweave.s1d.DamageExperiment:boundary:159]: CW3 S1D_BOUNDARY scenario=zero player=true before=true history=true path=candidate state=false:false:0.0:96.0:13:4.0:8 lifecycleRestored=true
[05:42:01] [Server thread/INFO] [STDOUT]: [com.layue13.clashweave.s1d.DamageExperiment:boundary:162]: CW3 S1D_BOUNDARY_PAIR scenario=zero player=true before=true history=true equivalent=true
[05:42:01] [Server thread/INFO] [STDOUT]: [com.layue13.clashweave.s1d.DamageExperiment:boundary:159]: CW3 S1D_BOUNDARY scenario=already-dead player=true before=true history=false path=control state=false:false:0.0:0.0:0:0.0:8 lifecycleRestored=true
[05:42:01] [Server thread/INFO] [STDOUT]: [com.layue13.clashweave.s1d.DamageExperiment:boundary:159]: CW3 S1D_BOUNDARY scenario=already-dead player=true before=true history=false path=candidate state=false:false:0.0:0.0:0:0.0:8 lifecycleRestored=true
[05:42:01] [Server thread/INFO] [STDOUT]: [com.layue13.clashweave.s1d.DamageExperiment:boundary:162]: CW3 S1D_BOUNDARY_PAIR scenario=already-dead player=true before=true history=false equivalent=true
[05:42:01] [Server thread/INFO] [STDOUT]: [com.layue13.clashweave.s1d.DamageExperiment:boundary:159]: CW3 S1D_BOUNDARY scenario=already-dead player=true before=true history=true path=control state=false:false:0.0:0.0:13:4.0:8 lifecycleRestored=true
[05:42:01] [Server thread/INFO] [STDOUT]: [com.layue13.clashweave.s1d.DamageExperiment:boundary:159]: CW3 S1D_BOUNDARY scenario=already-dead player=true before=true history=true path=candidate state=false:false:0.0:0.0:13:4.0:8 lifecycleRestored=true
[05:42:01] [Server thread/INFO] [STDOUT]: [com.layue13.clashweave.s1d.DamageExperiment:boundary:162]: CW3 S1D_BOUNDARY_PAIR scenario=already-dead player=true before=true history=true equivalent=true
[05:42:01] [Server thread/INFO] [STDOUT]: [com.layue13.clashweave.s1d.DamageExperiment:boundary:159]: CW3 S1D_BOUNDARY scenario=lethal player=true before=true history=false path=control state=true:false:1.0:0.0:8:2.0:20 lifecycleRestored=true
[05:42:01] [Server thread/INFO] [STDOUT]: [com.layue13.clashweave.s1d.DamageExperiment:boundary:159]: CW3 S1D_BOUNDARY scenario=lethal player=true before=true history=false path=candidate state=true:false:1.0:0.0:8:2.0:20 lifecycleRestored=true
[05:42:01] [Server thread/INFO] [STDOUT]: [com.layue13.clashweave.s1d.DamageExperiment:boundary:162]: CW3 S1D_BOUNDARY_PAIR scenario=lethal player=true before=true history=false equivalent=true
[05:42:01] [Server thread/INFO] [STDOUT]: [com.layue13.clashweave.s1d.DamageExperiment:boundary:159]: CW3 S1D_BOUNDARY scenario=lethal player=true before=true history=true path=control state=false:false:0.0:1.0:13:4.0:8 lifecycleRestored=true
[05:42:01] [Server thread/INFO] [STDOUT]: [com.layue13.clashweave.s1d.DamageExperiment:boundary:159]: CW3 S1D_BOUNDARY scenario=lethal player=true before=true history=true path=candidate state=false:false:0.0:1.0:13:4.0:8 lifecycleRestored=true
[05:42:01] [Server thread/INFO] [STDOUT]: [com.layue13.clashweave.s1d.DamageExperiment:boundary:162]: CW3 S1D_BOUNDARY_PAIR scenario=lethal player=true before=true history=true equivalent=true
[05:42:01] [Server thread/INFO] [STDOUT]: [com.layue13.clashweave.s1d.DamageExperiment:boundary:159]: CW3 S1D_BOUNDARY scenario=throw-attack player=true before=true history=false path=control state=false:true:0.0:100.0:0:0.0:8 lifecycleRestored=true
[05:42:01] [Server thread/INFO] [STDOUT]: [com.layue13.clashweave.s1d.DamageExperiment:boundary:159]: CW3 S1D_BOUNDARY scenario=throw-attack player=true before=true history=false path=candidate state=false:true:0.0:100.0:0:0.0:8 lifecycleRestored=true
[05:42:01] [Server thread/INFO] [STDOUT]: [com.layue13.clashweave.s1d.DamageExperiment:boundary:162]: CW3 S1D_BOUNDARY_PAIR scenario=throw-attack player=true before=true history=false equivalent=true
[05:42:01] [Server thread/INFO] [STDOUT]: [com.layue13.clashweave.s1d.DamageExperiment:boundary:159]: CW3 S1D_BOUNDARY scenario=throw-attack player=true before=true history=true path=control state=false:true:0.0:96.0:13:4.0:8 lifecycleRestored=true
[05:42:01] [Server thread/INFO] [STDOUT]: [com.layue13.clashweave.s1d.DamageExperiment:boundary:159]: CW3 S1D_BOUNDARY scenario=throw-attack player=true before=true history=true path=candidate state=false:true:0.0:96.0:13:4.0:8 lifecycleRestored=true
[05:42:01] [Server thread/INFO] [STDOUT]: [com.layue13.clashweave.s1d.DamageExperiment:boundary:162]: CW3 S1D_BOUNDARY_PAIR scenario=throw-attack player=true before=true history=true equivalent=true
[05:42:01] [Server thread/INFO] [STDOUT]: [com.layue13.clashweave.s1d.DamageExperiment:boundary:159]: CW3 S1D_BOUNDARY scenario=throw-hurt player=true before=true history=false path=control state=false:true:0.0:100.0:8:2.0:8 lifecycleRestored=true
[05:42:01] [Server thread/INFO] [STDOUT]: [com.layue13.clashweave.s1d.DamageExperiment:boundary:159]: CW3 S1D_BOUNDARY scenario=throw-hurt player=true before=true history=false path=candidate state=false:true:0.0:100.0:8:2.0:8 lifecycleRestored=true
[05:42:01] [Server thread/INFO] [STDOUT]: [com.layue13.clashweave.s1d.DamageExperiment:boundary:162]: CW3 S1D_BOUNDARY_PAIR scenario=throw-hurt player=true before=true history=false equivalent=true
[05:42:01] [Server thread/INFO] [STDOUT]: [com.layue13.clashweave.s1d.DamageExperiment:boundary:159]: CW3 S1D_BOUNDARY scenario=throw-hurt player=true before=true history=true path=control state=false:false:0.0:96.0:13:4.0:8 lifecycleRestored=true
[05:42:01] [Server thread/INFO] [STDOUT]: [com.layue13.clashweave.s1d.DamageExperiment:boundary:159]: CW3 S1D_BOUNDARY scenario=throw-hurt player=true before=true history=true path=candidate state=false:false:0.0:96.0:13:4.0:8 lifecycleRestored=true
[05:42:01] [Server thread/INFO] [STDOUT]: [com.layue13.clashweave.s1d.DamageExperiment:boundary:162]: CW3 S1D_BOUNDARY_PAIR scenario=throw-hurt player=true before=true history=true equivalent=true
[05:42:01] [Server thread/INFO] [STDOUT]: [com.layue13.clashweave.s1d.DamageExperiment:attackLowest:123]: CW3 S1D_THROW at=attack-LOWEST timer=0 last=0.0
[05:42:01] [Server thread/INFO] [STDOUT]: [com.layue13.clashweave.s1d.DamageExperiment:boundary:159]: CW3 S1D_BOUNDARY scenario=throw-attack-after-clear player=true before=true history=false path=control state=false:true:0.0:100.0:0:0.0:8 lifecycleRestored=true
[05:42:01] [Server thread/INFO] [STDOUT]: [com.layue13.clashweave.s1d.DamageExperiment:attackLowest:123]: CW3 S1D_THROW at=attack-LOWEST timer=0 last=0.0
[05:42:01] [Server thread/INFO] [STDOUT]: [com.layue13.clashweave.s1d.DamageExperiment:boundary:159]: CW3 S1D_BOUNDARY scenario=throw-attack-after-clear player=true before=true history=false path=candidate state=false:true:0.0:100.0:0:0.0:8 lifecycleRestored=true
[05:42:01] [Server thread/INFO] [STDOUT]: [com.layue13.clashweave.s1d.DamageExperiment:boundary:162]: CW3 S1D_BOUNDARY_PAIR scenario=throw-attack-after-clear player=true before=true history=false equivalent=true
[05:42:01] [Server thread/INFO] [STDOUT]: [com.layue13.clashweave.s1d.DamageExperiment:attackLowest:123]: CW3 S1D_THROW at=attack-LOWEST timer=13 last=4.0
[05:42:01] [Server thread/INFO] [STDOUT]: [com.layue13.clashweave.s1d.DamageExperiment:boundary:159]: CW3 S1D_BOUNDARY scenario=throw-attack-after-clear player=true before=true history=true path=control state=false:true:0.0:96.0:13:4.0:8 lifecycleRestored=true
[05:42:01] [Server thread/INFO] [STDOUT]: [com.layue13.clashweave.s1d.DamageExperiment:attackLowest:123]: CW3 S1D_THROW at=attack-LOWEST timer=13 last=4.0
[05:42:01] [Server thread/INFO] [STDOUT]: [com.layue13.clashweave.s1d.DamageExperiment:boundary:159]: CW3 S1D_BOUNDARY scenario=throw-attack-after-clear player=true before=true history=true path=candidate state=false:true:0.0:96.0:13:4.0:8 lifecycleRestored=true
[05:42:01] [Server thread/INFO] [STDOUT]: [com.layue13.clashweave.s1d.DamageExperiment:boundary:162]: CW3 S1D_BOUNDARY_PAIR scenario=throw-attack-after-clear player=true before=true history=true equivalent=true
[05:42:01] [Server thread/INFO] [STDOUT]: [com.layue13.clashweave.s1d.DamageExperiment:hurtHighest:131]: CW3 S1D_THROW at=hurt-HIGHEST timer=8 last=2.0
[05:42:01] [Server thread/INFO] [STDOUT]: [com.layue13.clashweave.s1d.DamageExperiment:boundary:159]: CW3 S1D_BOUNDARY scenario=throw-hurt-before-restore player=true before=true history=false path=control state=false:true:0.0:100.0:8:2.0:8 lifecycleRestored=true
[05:42:01] [Server thread/INFO] [STDOUT]: [com.layue13.clashweave.s1d.DamageExperiment:hurtHighest:131]: CW3 S1D_THROW at=hurt-HIGHEST timer=8 last=2.0
[05:42:01] [Server thread/INFO] [STDOUT]: [com.layue13.clashweave.s1d.DamageExperiment:boundary:159]: CW3 S1D_BOUNDARY scenario=throw-hurt-before-restore player=true before=true history=false path=candidate state=false:true:0.0:100.0:8:2.0:8 lifecycleRestored=true
[05:42:01] [Server thread/INFO] [STDOUT]: [com.layue13.clashweave.s1d.DamageExperiment:boundary:162]: CW3 S1D_BOUNDARY_PAIR scenario=throw-hurt-before-restore player=true before=true history=false equivalent=true
[05:42:01] [Server thread/INFO] [STDOUT]: [com.layue13.clashweave.s1d.DamageExperiment:boundary:159]: CW3 S1D_BOUNDARY scenario=throw-hurt-before-restore player=true before=true history=true path=control state=false:false:0.0:96.0:13:4.0:8 lifecycleRestored=true
[05:42:01] [Server thread/INFO] [STDOUT]: [com.layue13.clashweave.s1d.DamageExperiment:boundary:159]: CW3 S1D_BOUNDARY scenario=throw-hurt-before-restore player=true before=true history=true path=candidate state=false:false:0.0:96.0:13:4.0:8 lifecycleRestored=true
[05:42:01] [Server thread/INFO] [STDOUT]: [com.layue13.clashweave.s1d.DamageExperiment:boundary:162]: CW3 S1D_BOUNDARY_PAIR scenario=throw-hurt-before-restore player=true before=true history=true equivalent=true
[05:42:01] [Server thread/INFO] [STDOUT]: [com.layue13.clashweave.s1d.DamageExperiment:ledger:174]: CW3 S1D_LEDGER first=true duplicate=false second=true beforeEnd=2 afterEnd=0
[05:42:01] [Server thread/INFO] [STDOUT]: [com.layue13.clashweave.s1d.DamageExperiment:lifecycle:188]: CW3 S1D_LIFECYCLE reason=leave max=20 owned=0 valid=true
[05:42:01] [Server thread/INFO] [STDOUT]: [com.layue13.clashweave.s1d.DamageExperiment:lifecycle:188]: CW3 S1D_LIFECYCLE reason=dead max=20 owned=0 valid=true
[05:42:01] [Server thread/INFO] [STDOUT]: [com.layue13.clashweave.s1d.DamageExperiment:lifecycle:188]: CW3 S1D_LIFECYCLE reason=dimension max=20 owned=0 valid=true
[05:42:01] [Server thread/INFO] [STDOUT]: [com.layue13.clashweave.s1d.DamageExperiment:lifecycle:188]: CW3 S1D_LIFECYCLE reason=logout max=20 owned=0 valid=true
[05:42:01] [Server thread/INFO] [STDOUT]: [com.layue13.clashweave.s1d.DamageExperiment:lifecycle:188]: CW3 S1D_LIFECYCLE reason=foreign max=12 owned=0 valid=true
[05:42:01] [Server thread/INFO] [STDOUT]: [com.layue13.clashweave.s1d.DamageExperiment:lifecycle:188]: CW3 S1D_LIFECYCLE reason=nondefault max=30 owned=0 valid=true
[05:42:01] [Server thread/INFO] [STDOUT]: [com.layue13.clashweave.s1d.DamageExperiment:lifecycle:188]: CW3 S1D_LIFECYCLE reason=entity-dimension max=20 owned=0 valid=true
[05:42:01] [Server thread/INFO] [STDOUT]: [com.layue13.clashweave.s1d.DamageExperiment:intervals:180]: CW3 S1D_INTERVAL player=false gap=4 successes=3 loss=6.0 restored=20
[05:42:01] [Server thread/INFO] [STDOUT]: [com.layue13.clashweave.s1d.DamageExperiment:intervals:180]: CW3 S1D_INTERVAL player=false gap=7 successes=3 loss=6.0 restored=20
[05:42:01] [Server thread/INFO] [STDOUT]: [com.layue13.clashweave.s1d.DamageExperiment:intervals:180]: CW3 S1D_INTERVAL player=true gap=4 successes=3 loss=6.0 restored=20
[05:42:01] [Server thread/INFO] [STDOUT]: [com.layue13.clashweave.s1d.DamageExperiment:intervals:180]: CW3 S1D_INTERVAL player=true gap=7 successes=3 loss=6.0 restored=20
[05:42:01] [Server thread/INFO] [STDOUT]: [com.layue13.clashweave.s1d.DamageExperiment:otherSources:201]: CW3 S1D_OTHER player=false max=20 source=onFire gap=1 accepted=false loss=0.0
[05:42:01] [Server thread/INFO] [STDOUT]: [com.layue13.clashweave.s1d.DamageExperiment:otherSources:201]: CW3 S1D_OTHER player=false max=20 source=onFire gap=2 accepted=false loss=0.0
[05:42:01] [Server thread/INFO] [STDOUT]: [com.layue13.clashweave.s1d.DamageExperiment:otherSources:201]: CW3 S1D_OTHER player=false max=20 source=onFire gap=3 accepted=false loss=0.0
[05:42:01] [Server thread/INFO] [STDOUT]: [com.layue13.clashweave.s1d.DamageExperiment:otherSources:201]: CW3 S1D_OTHER player=false max=20 source=onFire gap=4 accepted=false loss=0.0
[05:42:01] [Server thread/INFO] [STDOUT]: [com.layue13.clashweave.s1d.DamageExperiment:otherSources:201]: CW3 S1D_OTHER player=false max=20 source=onFire gap=5 accepted=false loss=0.0
[05:42:01] [Server thread/INFO] [STDOUT]: [com.layue13.clashweave.s1d.DamageExperiment:otherSources:201]: CW3 S1D_OTHER player=false max=20 source=onFire gap=6 accepted=false loss=0.0
[05:42:01] [Server thread/INFO] [STDOUT]: [com.layue13.clashweave.s1d.DamageExperiment:otherSources:201]: CW3 S1D_OTHER player=false max=20 source=onFire gap=7 accepted=false loss=0.0
[05:42:01] [Server thread/INFO] [STDOUT]: [com.layue13.clashweave.s1d.DamageExperiment:otherSources:201]: CW3 S1D_OTHER player=false max=20 source=onFire gap=8 accepted=false loss=0.0
[05:42:01] [Server thread/INFO] [STDOUT]: [com.layue13.clashweave.s1d.DamageExperiment:otherSources:201]: CW3 S1D_OTHER player=false max=20 source=onFire gap=9 accepted=false loss=0.0
[05:42:01] [Server thread/INFO] [STDOUT]: [com.layue13.clashweave.s1d.DamageExperiment:otherSources:201]: CW3 S1D_OTHER player=false max=20 source=onFire gap=10 accepted=true loss=2.0
[05:42:01] [Server thread/INFO] [STDOUT]: [com.layue13.clashweave.s1d.DamageExperiment:otherSources:204]: CW3 S1D_OTHER_THRESHOLD player=false max=20 source=onFire firstFullDamageGap=10
[05:42:01] [Server thread/INFO] [STDOUT]: [com.layue13.clashweave.s1d.DamageExperiment:otherSources:201]: CW3 S1D_OTHER player=false max=20 source=secondAttacker gap=1 accepted=false loss=0.0
[05:42:01] [Server thread/INFO] [STDOUT]: [com.layue13.clashweave.s1d.DamageExperiment:otherSources:201]: CW3 S1D_OTHER player=false max=20 source=secondAttacker gap=2 accepted=false loss=0.0
[05:42:01] [Server thread/INFO] [STDOUT]: [com.layue13.clashweave.s1d.DamageExperiment:otherSources:201]: CW3 S1D_OTHER player=false max=20 source=secondAttacker gap=3 accepted=false loss=0.0
[05:42:01] [Server thread/INFO] [STDOUT]: [com.layue13.clashweave.s1d.DamageExperiment:otherSources:201]: CW3 S1D_OTHER player=false max=20 source=secondAttacker gap=4 accepted=false loss=0.0
[05:42:01] [Server thread/INFO] [STDOUT]: [com.layue13.clashweave.s1d.DamageExperiment:otherSources:201]: CW3 S1D_OTHER player=false max=20 source=secondAttacker gap=5 accepted=false loss=0.0
[05:42:01] [Server thread/INFO] [STDOUT]: [com.layue13.clashweave.s1d.DamageExperiment:otherSources:201]: CW3 S1D_OTHER player=false max=20 source=secondAttacker gap=6 accepted=false loss=0.0
[05:42:01] [Server thread/INFO] [STDOUT]: [com.layue13.clashweave.s1d.DamageExperiment:otherSources:201]: CW3 S1D_OTHER player=false max=20 source=secondAttacker gap=7 accepted=false loss=0.0
[05:42:01] [Server thread/INFO] [STDOUT]: [com.layue13.clashweave.s1d.DamageExperiment:otherSources:201]: CW3 S1D_OTHER player=false max=20 source=secondAttacker gap=8 accepted=false loss=0.0
[05:42:01] [Server thread/INFO] [STDOUT]: [com.layue13.clashweave.s1d.DamageExperiment:otherSources:201]: CW3 S1D_OTHER player=false max=20 source=secondAttacker gap=9 accepted=false loss=0.0
[05:42:01] [Server thread/INFO] [STDOUT]: [com.layue13.clashweave.s1d.DamageExperiment:otherSources:201]: CW3 S1D_OTHER player=false max=20 source=secondAttacker gap=10 accepted=true loss=2.0
[05:42:01] [Server thread/INFO] [STDOUT]: [com.layue13.clashweave.s1d.DamageExperiment:otherSources:204]: CW3 S1D_OTHER_THRESHOLD player=false max=20 source=secondAttacker firstFullDamageGap=10
[05:42:01] [Server thread/INFO] [STDOUT]: [com.layue13.clashweave.s1d.DamageExperiment:otherSources:201]: CW3 S1D_OTHER player=false max=8 source=onFire gap=1 accepted=false loss=0.0
[05:42:01] [Server thread/INFO] [STDOUT]: [com.layue13.clashweave.s1d.DamageExperiment:otherSources:201]: CW3 S1D_OTHER player=false max=8 source=onFire gap=2 accepted=false loss=0.0
[05:42:01] [Server thread/INFO] [STDOUT]: [com.layue13.clashweave.s1d.DamageExperiment:otherSources:201]: CW3 S1D_OTHER player=false max=8 source=onFire gap=3 accepted=false loss=0.0
[05:42:01] [Server thread/INFO] [STDOUT]: [com.layue13.clashweave.s1d.DamageExperiment:otherSources:201]: CW3 S1D_OTHER player=false max=8 source=onFire gap=4 accepted=true loss=2.0
[05:42:01] [Server thread/INFO] [STDOUT]: [com.layue13.clashweave.s1d.DamageExperiment:otherSources:201]: CW3 S1D_OTHER player=false max=8 source=onFire gap=5 accepted=true loss=2.0
[05:42:01] [Server thread/INFO] [STDOUT]: [com.layue13.clashweave.s1d.DamageExperiment:otherSources:201]: CW3 S1D_OTHER player=false max=8 source=onFire gap=6 accepted=true loss=2.0
[05:42:01] [Server thread/INFO] [STDOUT]: [com.layue13.clashweave.s1d.DamageExperiment:otherSources:201]: CW3 S1D_OTHER player=false max=8 source=onFire gap=7 accepted=true loss=2.0
[05:42:01] [Server thread/INFO] [STDOUT]: [com.layue13.clashweave.s1d.DamageExperiment:otherSources:201]: CW3 S1D_OTHER player=false max=8 source=onFire gap=8 accepted=true loss=2.0
[05:42:01] [Server thread/INFO] [STDOUT]: [com.layue13.clashweave.s1d.DamageExperiment:otherSources:201]: CW3 S1D_OTHER player=false max=8 source=onFire gap=9 accepted=true loss=2.0
[05:42:01] [Server thread/INFO] [STDOUT]: [com.layue13.clashweave.s1d.DamageExperiment:otherSources:201]: CW3 S1D_OTHER player=false max=8 source=onFire gap=10 accepted=true loss=2.0
[05:42:01] [Server thread/INFO] [STDOUT]: [com.layue13.clashweave.s1d.DamageExperiment:otherSources:204]: CW3 S1D_OTHER_THRESHOLD player=false max=8 source=onFire firstFullDamageGap=4
[05:42:01] [Server thread/INFO] [STDOUT]: [com.layue13.clashweave.s1d.DamageExperiment:otherSources:201]: CW3 S1D_OTHER player=false max=8 source=secondAttacker gap=1 accepted=false loss=0.0
[05:42:01] [Server thread/INFO] [STDOUT]: [com.layue13.clashweave.s1d.DamageExperiment:otherSources:201]: CW3 S1D_OTHER player=false max=8 source=secondAttacker gap=2 accepted=false loss=0.0
[05:42:01] [Server thread/INFO] [STDOUT]: [com.layue13.clashweave.s1d.DamageExperiment:otherSources:201]: CW3 S1D_OTHER player=false max=8 source=secondAttacker gap=3 accepted=false loss=0.0
[05:42:01] [Server thread/INFO] [STDOUT]: [com.layue13.clashweave.s1d.DamageExperiment:otherSources:201]: CW3 S1D_OTHER player=false max=8 source=secondAttacker gap=4 accepted=true loss=2.0
[05:42:01] [Server thread/INFO] [STDOUT]: [com.layue13.clashweave.s1d.DamageExperiment:otherSources:201]: CW3 S1D_OTHER player=false max=8 source=secondAttacker gap=5 accepted=true loss=2.0
[05:42:01] [Server thread/INFO] [STDOUT]: [com.layue13.clashweave.s1d.DamageExperiment:otherSources:201]: CW3 S1D_OTHER player=false max=8 source=secondAttacker gap=6 accepted=true loss=2.0
[05:42:01] [Server thread/INFO] [STDOUT]: [com.layue13.clashweave.s1d.DamageExperiment:otherSources:201]: CW3 S1D_OTHER player=false max=8 source=secondAttacker gap=7 accepted=true loss=2.0
[05:42:01] [Server thread/INFO] [STDOUT]: [com.layue13.clashweave.s1d.DamageExperiment:otherSources:201]: CW3 S1D_OTHER player=false max=8 source=secondAttacker gap=8 accepted=true loss=2.0
[05:42:01] [Server thread/INFO] [STDOUT]: [com.layue13.clashweave.s1d.DamageExperiment:otherSources:201]: CW3 S1D_OTHER player=false max=8 source=secondAttacker gap=9 accepted=true loss=2.0
[05:42:01] [Server thread/INFO] [STDOUT]: [com.layue13.clashweave.s1d.DamageExperiment:otherSources:201]: CW3 S1D_OTHER player=false max=8 source=secondAttacker gap=10 accepted=true loss=2.0
[05:42:01] [Server thread/INFO] [STDOUT]: [com.layue13.clashweave.s1d.DamageExperiment:otherSources:204]: CW3 S1D_OTHER_THRESHOLD player=false max=8 source=secondAttacker firstFullDamageGap=4
[05:42:01] [Server thread/INFO] [STDOUT]: [com.layue13.clashweave.s1d.DamageExperiment:otherSources:201]: CW3 S1D_OTHER player=true max=20 source=onFire gap=1 accepted=false loss=0.0
[05:42:01] [Server thread/INFO] [STDOUT]: [com.layue13.clashweave.s1d.DamageExperiment:otherSources:201]: CW3 S1D_OTHER player=true max=20 source=onFire gap=2 accepted=false loss=0.0
[05:42:01] [Server thread/INFO] [STDOUT]: [com.layue13.clashweave.s1d.DamageExperiment:otherSources:201]: CW3 S1D_OTHER player=true max=20 source=onFire gap=3 accepted=false loss=0.0
[05:42:01] [Server thread/INFO] [STDOUT]: [com.layue13.clashweave.s1d.DamageExperiment:otherSources:201]: CW3 S1D_OTHER player=true max=20 source=onFire gap=4 accepted=false loss=0.0
[05:42:01] [Server thread/INFO] [STDOUT]: [com.layue13.clashweave.s1d.DamageExperiment:otherSources:201]: CW3 S1D_OTHER player=true max=20 source=onFire gap=5 accepted=false loss=0.0
[05:42:01] [Server thread/INFO] [STDOUT]: [com.layue13.clashweave.s1d.DamageExperiment:otherSources:201]: CW3 S1D_OTHER player=true max=20 source=onFire gap=6 accepted=false loss=0.0
[05:42:01] [Server thread/INFO] [STDOUT]: [com.layue13.clashweave.s1d.DamageExperiment:otherSources:201]: CW3 S1D_OTHER player=true max=20 source=onFire gap=7 accepted=false loss=0.0
[05:42:01] [Server thread/INFO] [STDOUT]: [com.layue13.clashweave.s1d.DamageExperiment:otherSources:201]: CW3 S1D_OTHER player=true max=20 source=onFire gap=8 accepted=false loss=0.0
[05:42:01] [Server thread/INFO] [STDOUT]: [com.layue13.clashweave.s1d.DamageExperiment:otherSources:201]: CW3 S1D_OTHER player=true max=20 source=onFire gap=9 accepted=false loss=0.0
[05:42:01] [Server thread/INFO] [STDOUT]: [com.layue13.clashweave.s1d.DamageExperiment:otherSources:201]: CW3 S1D_OTHER player=true max=20 source=onFire gap=10 accepted=true loss=2.0
[05:42:01] [Server thread/INFO] [STDOUT]: [com.layue13.clashweave.s1d.DamageExperiment:otherSources:204]: CW3 S1D_OTHER_THRESHOLD player=true max=20 source=onFire firstFullDamageGap=10
[05:42:01] [Server thread/INFO] [STDOUT]: [com.layue13.clashweave.s1d.DamageExperiment:otherSources:201]: CW3 S1D_OTHER player=true max=20 source=secondAttacker gap=1 accepted=false loss=0.0
[05:42:01] [Server thread/INFO] [STDOUT]: [com.layue13.clashweave.s1d.DamageExperiment:otherSources:201]: CW3 S1D_OTHER player=true max=20 source=secondAttacker gap=2 accepted=false loss=0.0
[05:42:01] [Server thread/INFO] [STDOUT]: [com.layue13.clashweave.s1d.DamageExperiment:otherSources:201]: CW3 S1D_OTHER player=true max=20 source=secondAttacker gap=3 accepted=false loss=0.0
[05:42:01] [Server thread/INFO] [STDOUT]: [com.layue13.clashweave.s1d.DamageExperiment:otherSources:201]: CW3 S1D_OTHER player=true max=20 source=secondAttacker gap=4 accepted=false loss=0.0
[05:42:01] [Server thread/INFO] [STDOUT]: [com.layue13.clashweave.s1d.DamageExperiment:otherSources:201]: CW3 S1D_OTHER player=true max=20 source=secondAttacker gap=5 accepted=false loss=0.0
[05:42:01] [Server thread/INFO] [STDOUT]: [com.layue13.clashweave.s1d.DamageExperiment:otherSources:201]: CW3 S1D_OTHER player=true max=20 source=secondAttacker gap=6 accepted=false loss=0.0
[05:42:01] [Server thread/INFO] [STDOUT]: [com.layue13.clashweave.s1d.DamageExperiment:otherSources:201]: CW3 S1D_OTHER player=true max=20 source=secondAttacker gap=7 accepted=false loss=0.0
[05:42:01] [Server thread/INFO] [STDOUT]: [com.layue13.clashweave.s1d.DamageExperiment:otherSources:201]: CW3 S1D_OTHER player=true max=20 source=secondAttacker gap=8 accepted=false loss=0.0
[05:42:01] [Server thread/INFO] [STDOUT]: [com.layue13.clashweave.s1d.DamageExperiment:otherSources:201]: CW3 S1D_OTHER player=true max=20 source=secondAttacker gap=9 accepted=false loss=0.0
[05:42:01] [Server thread/INFO] [STDOUT]: [com.layue13.clashweave.s1d.DamageExperiment:otherSources:201]: CW3 S1D_OTHER player=true max=20 source=secondAttacker gap=10 accepted=true loss=2.0
[05:42:01] [Server thread/INFO] [STDOUT]: [com.layue13.clashweave.s1d.DamageExperiment:otherSources:204]: CW3 S1D_OTHER_THRESHOLD player=true max=20 source=secondAttacker firstFullDamageGap=10
[05:42:01] [Server thread/INFO] [STDOUT]: [com.layue13.clashweave.s1d.DamageExperiment:otherSources:201]: CW3 S1D_OTHER player=true max=8 source=onFire gap=1 accepted=false loss=0.0
[05:42:01] [Server thread/INFO] [STDOUT]: [com.layue13.clashweave.s1d.DamageExperiment:otherSources:201]: CW3 S1D_OTHER player=true max=8 source=onFire gap=2 accepted=false loss=0.0
[05:42:01] [Server thread/INFO] [STDOUT]: [com.layue13.clashweave.s1d.DamageExperiment:otherSources:201]: CW3 S1D_OTHER player=true max=8 source=onFire gap=3 accepted=false loss=0.0
[05:42:01] [Server thread/INFO] [STDOUT]: [com.layue13.clashweave.s1d.DamageExperiment:otherSources:201]: CW3 S1D_OTHER player=true max=8 source=onFire gap=4 accepted=true loss=2.0
[05:42:01] [Server thread/INFO] [STDOUT]: [com.layue13.clashweave.s1d.DamageExperiment:otherSources:201]: CW3 S1D_OTHER player=true max=8 source=onFire gap=5 accepted=true loss=2.0
[05:42:01] [Server thread/INFO] [STDOUT]: [com.layue13.clashweave.s1d.DamageExperiment:otherSources:201]: CW3 S1D_OTHER player=true max=8 source=onFire gap=6 accepted=true loss=2.0
[05:42:01] [Server thread/INFO] [STDOUT]: [com.layue13.clashweave.s1d.DamageExperiment:otherSources:201]: CW3 S1D_OTHER player=true max=8 source=onFire gap=7 accepted=true loss=2.0
[05:42:01] [Server thread/INFO] [STDOUT]: [com.layue13.clashweave.s1d.DamageExperiment:otherSources:201]: CW3 S1D_OTHER player=true max=8 source=onFire gap=8 accepted=true loss=2.0
[05:42:01] [Server thread/INFO] [STDOUT]: [com.layue13.clashweave.s1d.DamageExperiment:otherSources:201]: CW3 S1D_OTHER player=true max=8 source=onFire gap=9 accepted=true loss=2.0
[05:42:01] [Server thread/INFO] [STDOUT]: [com.layue13.clashweave.s1d.DamageExperiment:otherSources:201]: CW3 S1D_OTHER player=true max=8 source=onFire gap=10 accepted=true loss=2.0
[05:42:01] [Server thread/INFO] [STDOUT]: [com.layue13.clashweave.s1d.DamageExperiment:otherSources:204]: CW3 S1D_OTHER_THRESHOLD player=true max=8 source=onFire firstFullDamageGap=4
[05:42:01] [Server thread/INFO] [STDOUT]: [com.layue13.clashweave.s1d.DamageExperiment:otherSources:201]: CW3 S1D_OTHER player=true max=8 source=secondAttacker gap=1 accepted=false loss=0.0
[05:42:01] [Server thread/INFO] [STDOUT]: [com.layue13.clashweave.s1d.DamageExperiment:otherSources:201]: CW3 S1D_OTHER player=true max=8 source=secondAttacker gap=2 accepted=false loss=0.0
[05:42:01] [Server thread/INFO] [STDOUT]: [com.layue13.clashweave.s1d.DamageExperiment:otherSources:201]: CW3 S1D_OTHER player=true max=8 source=secondAttacker gap=3 accepted=false loss=0.0
[05:42:01] [Server thread/INFO] [STDOUT]: [com.layue13.clashweave.s1d.DamageExperiment:otherSources:201]: CW3 S1D_OTHER player=true max=8 source=secondAttacker gap=4 accepted=true loss=2.0
[05:42:01] [Server thread/INFO] [STDOUT]: [com.layue13.clashweave.s1d.DamageExperiment:otherSources:201]: CW3 S1D_OTHER player=true max=8 source=secondAttacker gap=5 accepted=true loss=2.0
[05:42:01] [Server thread/INFO] [STDOUT]: [com.layue13.clashweave.s1d.DamageExperiment:otherSources:201]: CW3 S1D_OTHER player=true max=8 source=secondAttacker gap=6 accepted=true loss=2.0
[05:42:01] [Server thread/INFO] [STDOUT]: [com.layue13.clashweave.s1d.DamageExperiment:otherSources:201]: CW3 S1D_OTHER player=true max=8 source=secondAttacker gap=7 accepted=true loss=2.0
[05:42:01] [Server thread/INFO] [STDOUT]: [com.layue13.clashweave.s1d.DamageExperiment:otherSources:201]: CW3 S1D_OTHER player=true max=8 source=secondAttacker gap=8 accepted=true loss=2.0
[05:42:01] [Server thread/INFO] [STDOUT]: [com.layue13.clashweave.s1d.DamageExperiment:otherSources:201]: CW3 S1D_OTHER player=true max=8 source=secondAttacker gap=9 accepted=true loss=2.0
[05:42:01] [Server thread/INFO] [STDOUT]: [com.layue13.clashweave.s1d.DamageExperiment:otherSources:201]: CW3 S1D_OTHER player=true max=8 source=secondAttacker gap=10 accepted=true loss=2.0
[05:42:01] [Server thread/INFO] [STDOUT]: [com.layue13.clashweave.s1d.DamageExperiment:otherSources:204]: CW3 S1D_OTHER_THRESHOLD player=true max=8 source=secondAttacker firstFullDamageGap=4
[05:42:01] [Server thread/INFO] [STDOUT]: [com.layue13.clashweave.s1d.DamageExperiment:transition:192]: CW3 S1D_TRANSITION oldTimerOnEnter=13 firstFullDamageAfterEnter=9
[05:42:01] [Server thread/INFO] [STDOUT]: [com.layue13.clashweave.s1d.DamageExperiment:started:44]: CW3 S1D_RESULT pairs=28 mismatches=0 owned=0 ledger=0 verdict=PASS
