[Opened C:\Program Files\Zulu\zulu-8\jre\lib\rt.jar]
[Opened C:\Program Files\Zulu\zulu-8\jre\lib\jfr.jar]
[05:41:54] [main/INFO] [GradleStart]: Extra: [nogui]
[05:41:54] [main/INFO] [GradleStart]: Running with arguments: [--tweakClass, cpw.mods.fml.common.launcher.FMLServerTweaker, nogui, --tweakClass, net.minecraftforge.gradle.tweakers.CoremodTweaker]
[05:41:54] [main/INFO] [LaunchWrapper]: Loading tweak class name cpw.mods.fml.common.launcher.FMLServerTweaker
[05:41:54] [main/INFO] [LaunchWrapper]: Using primary tweak class name cpw.mods.fml.common.launcher.FMLServerTweaker
[05:41:54] [main/INFO] [LaunchWrapper]: Loading tweak class name net.minecraftforge.gradle.tweakers.CoremodTweaker
[05:41:54] [main/INFO] [LaunchWrapper]: Calling tweak class cpw.mods.fml.common.launcher.FMLServerTweaker
[05:41:54] [main/INFO] [FML]: Forge Mod Loader version 7.99.40.1614 for Minecraft 1.7.10 loading
[05:41:54] [main/INFO] [FML]: Java is OpenJDK 64-Bit Server VM, version 1.8.0_504, running on Windows 11:amd64:10.0, installed at C:\Program Files\Zulu\zulu-8\jre
[05:41:54] [main/INFO] [FML]: Managed to load a deobfuscated Minecraft name- we are in a deobfuscated environment. Skipping runtime deobfuscation
[05:41:54] [main/INFO] [LaunchWrapper]: Calling tweak class net.minecraftforge.gradle.tweakers.CoremodTweaker
[05:41:54] [main/INFO] [GradleStart]: Injecting location in coremod cpw.mods.fml.relauncher.FMLCorePlugin
[05:41:54] [main/INFO] [GradleStart]: Injecting location in coremod net.minecraftforge.classloading.FMLForgePlugin
[05:41:54] [main/INFO] [LaunchWrapper]: Loading tweak class name cpw.mods.fml.common.launcher.FMLInjectionAndSortingTweaker
[05:41:54] [main/INFO] [LaunchWrapper]: Loading tweak class name cpw.mods.fml.common.launcher.FMLDeobfTweaker
[05:41:54] [main/INFO] [LaunchWrapper]: Loading tweak class name net.minecraftforge.gradle.tweakers.AccessTransformerTweaker
[05:41:54] [main/INFO] [LaunchWrapper]: Calling tweak class cpw.mods.fml.common.launcher.FMLInjectionAndSortingTweaker
[05:41:54] [main/INFO] [LaunchWrapper]: Calling tweak class cpw.mods.fml.common.launcher.FMLInjectionAndSortingTweaker
[05:41:54] [main/INFO] [LaunchWrapper]: Calling tweak class cpw.mods.fml.relauncher.CoreModManager$FMLPluginWrapper
[05:41:54] [main/ERROR] [FML]: The binary patch set is missing. Either you are in a development environment, or things are not going to work!
[05:41:54] [main/ERROR] [FML]: FML appears to be missing any signature data. This is not a good thing
[05:41:54] [main/INFO] [LaunchWrapper]: Calling tweak class cpw.mods.fml.relauncher.CoreModManager$FMLPluginWrapper
[05:41:54] [main/INFO] [LaunchWrapper]: Calling tweak class cpw.mods.fml.common.launcher.FMLDeobfTweaker
[05:41:54] [main/INFO] [LaunchWrapper]: Calling tweak class net.minecraftforge.gradle.tweakers.AccessTransformerTweaker
[05:41:54] [main/INFO] [LaunchWrapper]: Loading tweak class name cpw.mods.fml.common.launcher.TerminalTweaker
[05:41:54] [main/INFO] [LaunchWrapper]: Calling tweak class cpw.mods.fml.common.launcher.TerminalTweaker
[05:41:54] [main/INFO] [LaunchWrapper]: Launching wrapped minecraft {net.minecraft.server.MinecraftServer}
[Opened C:\Program Files\Zulu\zulu-8\jre\lib\jsse.jar]
[05:41:55] [Server thread/INFO]: Starting minecraft server version 1.7.10
[05:41:55] [Server thread/INFO] [MinecraftForge]: Attempting early MinecraftForge initialization
[05:41:55] [Server thread/INFO] [FML]: MinecraftForge v10.13.4.1614 Initialized
[05:41:55] [Server thread/INFO] [FML]: Replaced 183 ore recipies
[05:41:55] [Server thread/INFO] [MinecraftForge]: Completed early MinecraftForge initialization
[05:41:55] [Server thread/INFO] [FML]: Config directory created successfully
[05:41:55] [Server thread/INFO] [FML]: Found 0 mods from the command line. Injecting into mod discoverer
[05:41:55] [Server thread/INFO] [FML]: Searching C:\Users\layue13\Documents\Projects\Clashweave\run\probes2\s1d-final\mods for mods
[05:41:57] [Server thread/INFO] [FML]: Forge Mod Loader has identified 5 mods to load
[05:41:57] [Server thread/INFO] [FML]: Attempting connection with missing mods [mcp, FML, Forge, clashweave, cw_s1d_experiment] at CLIENT
[05:41:57] [Server thread/INFO] [FML]: Attempting connection with missing mods [mcp, FML, Forge, clashweave, cw_s1d_experiment] at SERVER
[05:41:57] [Server thread/INFO] [FML]: Processing ObjectHolder annotations
[05:41:57] [Server thread/INFO] [FML]: Found 341 ObjectHolder annotations
[05:41:57] [Server thread/INFO] [FML]: Identifying ItemStackHolder annotations
[05:41:57] [Server thread/INFO] [FML]: Found 0 ItemStackHolder annotations
[05:41:57] [Server thread/INFO] [FML]: Configured a dormant chunk cache size of 0
[05:41:57] [Server thread/INFO] [clashweave]: Clashweave 0.1.0-dev initialized
[05:41:57] [Server thread/INFO] [FML]: Applying holder lookups
[05:41:57] [Server thread/INFO] [FML]: Holder lookups applied
[05:41:57] [Server thread/INFO] [FML]: Injecting itemstacks
[05:41:57] [Server thread/INFO] [FML]: Itemstack injection complete
[05:41:57] [Server thread/INFO]: Loading properties
[05:41:57] [Server thread/INFO]: Default game type: SURVIVAL
[05:41:57] [Server thread/INFO]: Generating keypair
[Opened C:\Program Files\Zulu\zulu-8\jre\lib\jce.jar]
[05:41:57] [Server thread/INFO]: Starting Minecraft server on 127.0.0.1:25571
[05:41:57] [Server thread/WARN]: **** SERVER IS RUNNING IN OFFLINE/INSECURE MODE!
[05:41:57] [Server thread/WARN]: The server will make no attempt to authenticate usernames. Beware.
[05:41:57] [Server thread/WARN]: While this makes the game possible to play without internet access, it also opens up the ability for hackers to connect with any username they choose.
[05:41:57] [Server thread/WARN]: To change this, set "online-mode" to "true" in the server.properties file.
[05:41:57] [Server thread/INFO] [FML]: Injecting itemstacks
[05:41:57] [Server thread/INFO] [FML]: Itemstack injection complete
[05:41:57] [Server thread/INFO] [FML]: Forge Mod Loader has successfully loaded 5 mods
[05:41:57] [Server thread/WARN]: Failed to load user banlist: 
java.io.FileNotFoundException: banned-players.json (The system cannot find the file specified)
	at java.io.FileInputStream.open0(Native Method) ~[?:1.8.0_504]
	at java.io.FileInputStream.open(FileInputStream.java:195) ~[?:1.8.0_504]
	at java.io.FileInputStream.<init>(FileInputStream.java:138) ~[?:1.8.0_504]
	at com.google.common.io.Files.newReader(Files.java:86) ~[guava-17.0.jar:?]
	at net.minecraft.server.management.UserList.func_152679_g(UserList.java:195) ~[UserList.class:?]
	at net.minecraft.server.dedicated.DedicatedPlayerList.func_152620_y(DedicatedPlayerList.java:124) [DedicatedPlayerList.class:?]
	at net.minecraft.server.dedicated.DedicatedPlayerList.<init>(DedicatedPlayerList.java:31) [DedicatedPlayerList.class:?]
	at net.minecraft.server.dedicated.DedicatedServer.startServer(DedicatedServer.java:214) [DedicatedServer.class:?]
	at net.minecraft.server.MinecraftServer.run(MinecraftServer.java:449) [MinecraftServer.class:?]
	at net.minecraft.server.MinecraftServer$2.run(MinecraftServer.java:756) [MinecraftServer$2.class:?]
[05:41:57] [Server thread/WARN]: Failed to load ip banlist: 
java.io.FileNotFoundException: banned-ips.json (The system cannot find the file specified)
	at java.io.FileInputStream.open0(Native Method) ~[?:1.8.0_504]
	at java.io.FileInputStream.open(FileInputStream.java:195) ~[?:1.8.0_504]
	at java.io.FileInputStream.<init>(FileInputStream.java:138) ~[?:1.8.0_504]
	at com.google.common.io.Files.newReader(Files.java:86) ~[guava-17.0.jar:?]
	at net.minecraft.server.management.UserList.func_152679_g(UserList.java:195) ~[UserList.class:?]
	at net.minecraft.server.dedicated.DedicatedPlayerList.func_152619_x(DedicatedPlayerList.java:112) [DedicatedPlayerList.class:?]
	at net.minecraft.server.dedicated.DedicatedPlayerList.<init>(DedicatedPlayerList.java:33) [DedicatedPlayerList.class:?]
	at net.minecraft.server.dedicated.DedicatedServer.startServer(DedicatedServer.java:214) [DedicatedServer.class:?]
	at net.minecraft.server.MinecraftServer.run(MinecraftServer.java:449) [MinecraftServer.class:?]
	at net.minecraft.server.MinecraftServer$2.run(MinecraftServer.java:756) [MinecraftServer$2.class:?]
[05:41:57] [Server thread/WARN]: Failed to load operators list: 
java.io.FileNotFoundException: ops.json (The system cannot find the file specified)
	at java.io.FileInputStream.open0(Native Method) ~[?:1.8.0_504]
	at java.io.FileInputStream.open(FileInputStream.java:195) ~[?:1.8.0_504]
	at java.io.FileInputStream.<init>(FileInputStream.java:138) ~[?:1.8.0_504]
	at com.google.common.io.Files.newReader(Files.java:86) ~[guava-17.0.jar:?]
	at net.minecraft.server.management.UserList.func_152679_g(UserList.java:195) ~[UserList.class:?]
	at net.minecraft.server.dedicated.DedicatedPlayerList.loadOpsList(DedicatedPlayerList.java:136) [DedicatedPlayerList.class:?]
	at net.minecraft.server.dedicated.DedicatedPlayerList.<init>(DedicatedPlayerList.java:35) [DedicatedPlayerList.class:?]
	at net.minecraft.server.dedicated.DedicatedServer.startServer(DedicatedServer.java:214) [DedicatedServer.class:?]
	at net.minecraft.server.MinecraftServer.run(MinecraftServer.java:449) [MinecraftServer.class:?]
	at net.minecraft.server.MinecraftServer$2.run(MinecraftServer.java:756) [MinecraftServer$2.class:?]
[05:41:57] [Server thread/WARN]: Failed to load white-list: 
java.io.FileNotFoundException: whitelist.json (The system cannot find the file specified)
	at java.io.FileInputStream.open0(Native Method) ~[?:1.8.0_504]
	at java.io.FileInputStream.open(FileInputStream.java:195) ~[?:1.8.0_504]
	at java.io.FileInputStream.<init>(FileInputStream.java:138) ~[?:1.8.0_504]
	at com.google.common.io.Files.newReader(Files.java:86) ~[guava-17.0.jar:?]
	at net.minecraft.server.management.UserList.func_152679_g(UserList.java:195) ~[UserList.class:?]
	at net.minecraft.server.dedicated.DedicatedPlayerList.readWhiteList(DedicatedPlayerList.java:160) [DedicatedPlayerList.class:?]
	at net.minecraft.server.dedicated.DedicatedPlayerList.<init>(DedicatedPlayerList.java:36) [DedicatedPlayerList.class:?]
	at net.minecraft.server.dedicated.DedicatedServer.startServer(DedicatedServer.java:214) [DedicatedServer.class:?]
	at net.minecraft.server.MinecraftServer.run(MinecraftServer.java:449) [MinecraftServer.class:?]
	at net.minecraft.server.MinecraftServer$2.run(MinecraftServer.java:756) [MinecraftServer$2.class:?]
[05:41:57] [Server thread/INFO]: Preparing level "world"
[05:41:57] [Forge Version Check/INFO] [STDERR]: [java.lang.Throwable$WrappedPrintStream:println:749]: com.google.gson.JsonSyntaxException: java.lang.IllegalStateException: Expected BEGIN_OBJECT but was STRING at line 1 column 1
[05:41:57] [Forge Version Check/INFO] [STDERR]: [java.lang.Throwable$WrappedPrintStream:println:749]: 	at com.google.gson.Gson.fromJson(Gson.java:815)
[05:41:57] [Forge Version Check/INFO] [STDERR]: [java.lang.Throwable$WrappedPrintStream:println:749]: 	at com.google.gson.Gson.fromJson(Gson.java:768)
[05:41:57] [Forge Version Check/INFO] [STDERR]: [java.lang.Throwable$WrappedPrintStream:println:749]: 	at com.google.gson.Gson.fromJson(Gson.java:717)
[05:41:57] [Forge Version Check/INFO] [STDERR]: [java.lang.Throwable$WrappedPrintStream:println:749]: 	at com.google.gson.Gson.fromJson(Gson.java:689)
[05:41:57] [Forge Version Check/INFO] [STDERR]: [java.lang.Throwable$WrappedPrintStream:println:749]: 	at net.minecraftforge.common.ForgeVersion$1.run(ForgeVersion.java:94)
[05:41:57] [Forge Version Check/INFO] [STDERR]: [java.lang.Throwable$WrappedPrintStream:println:749]: Caused by: java.lang.IllegalStateException: Expected BEGIN_OBJECT but was STRING at line 1 column 1
[05:41:57] [Forge Version Check/INFO] [STDERR]: [java.lang.Throwable$WrappedPrintStream:println:749]: 	at com.google.gson.stream.JsonReader.beginObject(JsonReader.java:374)
[05:41:57] [Forge Version Check/INFO] [STDERR]: [java.lang.Throwable$WrappedPrintStream:println:749]: 	at com.google.gson.internal.bind.MapTypeAdapterFactory$Adapter.read(MapTypeAdapterFactory.java:183)
[05:41:57] [Forge Version Check/INFO] [STDERR]: [java.lang.Throwable$WrappedPrintStream:println:749]: 	at com.google.gson.internal.bind.MapTypeAdapterFactory$Adapter.read(MapTypeAdapterFactory.java:145)
[05:41:57] [Forge Version Check/INFO] [STDERR]: [java.lang.Throwable$WrappedPrintStream:println:749]: 	at com.google.gson.Gson.fromJson(Gson.java:803)
[05:41:57] [Forge Version Check/INFO] [STDERR]: [java.lang.Throwable$WrappedPrintStream:println:749]: 	... 4 more
[05:42:01] [Server thread/INFO] [FML]: Loading dimension 0 (world) (net.minecraft.server.dedicated.DedicatedServer@6f6cb22d)
[05:42:01] [Server thread/INFO] [FML]: Loading dimension 1 (world) (net.minecraft.server.dedicated.DedicatedServer@6f6cb22d)
[05:42:01] [Server thread/INFO] [FML]: Loading dimension -1 (world) (net.minecraft.server.dedicated.DedicatedServer@6f6cb22d)
[05:42:01] [Server thread/INFO]: Preparing start region for level 0
[05:42:01] [Server thread/INFO]: Done (3.476s)! For help, type "help" or "?"
[05:42:01] [Server thread/INFO] [STDOUT]: [com.layue13.clashweave.s1d.DamageExperiment:nested:108]: CW3 S1D_NESTED scenario=attack-normal path=control at=attack-NORMAL timer=13 last=4.0 accepted=false loss=0.0
[05:42:01] [Server thread/INFO] [STDOUT]: [com.layue13.clashweave.s1d.DamageExperiment:run:99]: CW3 S1D_OUTER scenario=attack-normal path=control accepted=false hp=96.0 timer=13 last=4.0
[05:42:01] [Server thread/INFO] [STDOUT]: [com.layue13.clashweave.s1d.DamageExperiment:nested:108]: CW3 S1D_NESTED scenario=attack-normal path=candidate at=attack-NORMAL timer=13 last=4.0 accepted=false loss=0.0
[05:42:01] [Server thread/INFO] [STDOUT]: [com.layue13.clashweave.s1d.DamageExperiment:run:99]: CW3 S1D_OUTER scenario=attack-normal path=candidate accepted=false hp=96.0 timer=13 last=4.0
[05:42:01] [Server thread/INFO] [STDOUT]: [com.layue13.clashweave.s1d.DamageExperiment:pair:93]: CW3 S1D_PAIR scenario=attack-normal player=false listenerRegisteredBeforeGate=false controlNested=false candidateNested=false controlLoss=0.0 candidateLoss=0.0 callbacks=1,1 equivalent=true
[05:42:01] [Server thread/INFO] [STDOUT]: [com.layue13.clashweave.s1d.DamageExperiment:nested:108]: CW3 S1D_NESTED scenario=hurt-high path=control at=hurt-HIGH timer=13 last=4.0 accepted=false loss=0.0
[05:42:01] [Server thread/INFO] [STDOUT]: [com.layue13.clashweave.s1d.DamageExperiment:run:99]: CW3 S1D_OUTER scenario=hurt-high path=control accepted=true hp=94.0 timer=13 last=6.0
[05:42:01] [Server thread/INFO] [STDOUT]: [com.layue13.clashweave.s1d.DamageExperiment:nested:108]: CW3 S1D_NESTED scenario=hurt-high path=candidate at=hurt-HIGH timer=13 last=4.0 accepted=false loss=0.0
[05:42:01] [Server thread/INFO] [STDOUT]: [com.layue13.clashweave.s1d.DamageExperiment:run:99]: CW3 S1D_OUTER scenario=hurt-high path=candidate accepted=true hp=94.0 timer=13 last=6.0
[05:42:01] [Server thread/INFO] [STDOUT]: [com.layue13.clashweave.s1d.DamageExperiment:pair:93]: CW3 S1D_PAIR scenario=hurt-high player=false listenerRegisteredBeforeGate=false controlNested=false candidateNested=false controlLoss=0.0 candidateLoss=0.0 callbacks=1,1 equivalent=true
[05:42:01] [Server thread/INFO] [STDOUT]: [com.layue13.clashweave.s1d.DamageExperiment:nested:108]: CW3 S1D_NESTED scenario=hurt-low path=control at=hurt-LOW timer=13 last=4.0 accepted=false loss=0.0
[05:42:01] [Server thread/INFO] [STDOUT]: [com.layue13.clashweave.s1d.DamageExperiment:run:99]: CW3 S1D_OUTER scenario=hurt-low path=control accepted=true hp=94.0 timer=13 last=6.0
[05:42:01] [Server thread/INFO] [STDOUT]: [com.layue13.clashweave.s1d.DamageExperiment:nested:108]: CW3 S1D_NESTED scenario=hurt-low path=candidate at=hurt-LOW timer=13 last=4.0 accepted=false loss=0.0
[05:42:01] [Server thread/INFO] [STDOUT]: [com.layue13.clashweave.s1d.DamageExperiment:run:99]: CW3 S1D_OUTER scenario=hurt-low path=candidate accepted=true hp=94.0 timer=13 last=6.0
[05:42:01] [Server thread/INFO] [STDOUT]: [com.layue13.clashweave.s1d.DamageExperiment:pair:93]: CW3 S1D_PAIR scenario=hurt-low player=false listenerRegisteredBeforeGate=false controlNested=false candidateNested=false controlLoss=0.0 candidateLoss=0.0 callbacks=1,1 equivalent=true
[05:42:01] [Server thread/INFO] [STDOUT]: [com.layue13.clashweave.s1d.DamageExperiment:nested:108]: CW3 S1D_NESTED scenario=attack-lowest-before path=control at=attack-LOWEST timer=13 last=4.0 accepted=false loss=0.0
[05:42:01] [Server thread/INFO] [STDOUT]: [com.layue13.clashweave.s1d.DamageExperiment:run:99]: CW3 S1D_OUTER scenario=attack-lowest-before path=control accepted=false hp=96.0 timer=13 last=4.0
[05:42:01] [Server thread/INFO] [STDOUT]: [com.layue13.clashweave.s1d.DamageExperiment:nested:108]: CW3 S1D_NESTED scenario=attack-lowest-before path=candidate at=attack-LOWEST timer=13 last=4.0 accepted=false loss=0.0
[05:42:01] [Server thread/INFO] [STDOUT]: [com.layue13.clashweave.s1d.DamageExperiment:run:99]: CW3 S1D_OUTER scenario=attack-lowest-before path=candidate accepted=false hp=96.0 timer=13 last=4.0
[05:42:01] [Server thread/INFO] [STDOUT]: [com.layue13.clashweave.s1d.DamageExperiment:pair:93]: CW3 S1D_PAIR scenario=attack-lowest-before player=false listenerRegisteredBeforeGate=false controlNested=false candidateNested=false controlLoss=0.0 candidateLoss=0.0 callbacks=1,1 equivalent=true
[05:42:01] [Server thread/INFO] [STDOUT]: [com.layue13.clashweave.s1d.DamageExperiment:nested:108]: CW3 S1D_NESTED scenario=attack-lowest-after path=control at=attack-LOWEST timer=13 last=4.0 accepted=false loss=0.0
[05:42:01] [Server thread/INFO] [STDOUT]: [com.layue13.clashweave.s1d.DamageExperiment:run:99]: CW3 S1D_OUTER scenario=attack-lowest-after path=control accepted=false hp=96.0 timer=13 last=4.0
[05:42:01] [Server thread/INFO] [STDOUT]: [com.layue13.clashweave.s1d.DamageExperiment:nested:108]: CW3 S1D_NESTED scenario=attack-lowest-after path=candidate at=attack-LOWEST timer=13 last=4.0 accepted=false loss=0.0
[05:42:01] [Server thread/INFO] [STDOUT]: [com.layue13.clashweave.s1d.DamageExperiment:run:99]: CW3 S1D_OUTER scenario=attack-lowest-after path=candidate accepted=false hp=96.0 timer=13 last=4.0
[05:42:01] [Server thread/INFO] [STDOUT]: [com.layue13.clashweave.s1d.DamageExperiment:pair:93]: CW3 S1D_PAIR scenario=attack-lowest-after player=false listenerRegisteredBeforeGate=false controlNested=false candidateNested=false controlLoss=0.0 candidateLoss=0.0 callbacks=1,1 equivalent=true
[05:42:01] [Server thread/INFO] [STDOUT]: [com.layue13.clashweave.s1d.DamageExperiment:nested:108]: CW3 S1D_NESTED scenario=hurt-highest-before path=control at=hurt-HIGHEST timer=13 last=4.0 accepted=false loss=0.0
[05:42:01] [Server thread/INFO] [STDOUT]: [com.layue13.clashweave.s1d.DamageExperiment:run:99]: CW3 S1D_OUTER scenario=hurt-highest-before path=control accepted=true hp=94.0 timer=13 last=6.0
[05:42:01] [Server thread/INFO] [STDOUT]: [com.layue13.clashweave.s1d.DamageExperiment:nested:108]: CW3 S1D_NESTED scenario=hurt-highest-before path=candidate at=hurt-HIGHEST timer=13 last=4.0 accepted=false loss=0.0
[05:42:01] [Server thread/INFO] [STDOUT]: [com.layue13.clashweave.s1d.DamageExperiment:run:99]: CW3 S1D_OUTER scenario=hurt-highest-before path=candidate accepted=true hp=94.0 timer=13 last=6.0
[05:42:01] [Server thread/INFO] [STDOUT]: [com.layue13.clashweave.s1d.DamageExperiment:pair:93]: CW3 S1D_PAIR scenario=hurt-highest-before player=false listenerRegisteredBeforeGate=false controlNested=false candidateNested=false controlLoss=0.0 candidateLoss=0.0 callbacks=1,1 equivalent=true
[05:42:01] [Server thread/INFO] [STDOUT]: [com.layue13.clashweave.s1d.DamageExperiment:nested:108]: CW3 S1D_NESTED scenario=hurt-highest-after path=control at=hurt-HIGHEST timer=13 last=4.0 accepted=false loss=0.0
[05:42:01] [Server thread/INFO] [STDOUT]: [com.layue13.clashweave.s1d.DamageExperiment:run:99]: CW3 S1D_OUTER scenario=hurt-highest-after path=control accepted=true hp=94.0 timer=13 last=6.0
[05:42:01] [Server thread/INFO] [STDOUT]: [com.layue13.clashweave.s1d.DamageExperiment:nested:108]: CW3 S1D_NESTED scenario=hurt-highest-after path=candidate at=hurt-HIGHEST timer=13 last=4.0 accepted=false loss=0.0
[05:42:01] [Server thread/INFO] [STDOUT]: [com.layue13.clashweave.s1d.DamageExperiment:run:99]: CW3 S1D_OUTER scenario=hurt-highest-after path=candidate accepted=true hp=94.0 timer=13 last=6.0
[05:42:01] [Server thread/INFO] [STDOUT]: [com.layue13.clashweave.s1d.DamageExperiment:pair:93]: CW3 S1D_PAIR scenario=hurt-highest-after player=false listenerRegisteredBeforeGate=false controlNested=false candidateNested=false controlLoss=0.0 candidateLoss=0.0 callbacks=1,1 equivalent=true
[05:42:01] [Server thread/INFO] [STDOUT]: [com.layue13.clashweave.s1d.DamageExperiment:boundary:159]: CW3 S1D_BOUNDARY scenario=cancel-attack player=false before=false history=false path=control state=false:false:0.0:100.0:0:0.0:8 lifecycleRestored=true
[05:42:01] [Server thread/INFO] [STDOUT]: [com.layue13.clashweave.s1d.DamageExperiment:boundary:159]: CW3 S1D_BOUNDARY scenario=cancel-attack player=false before=false history=false path=candidate state=false:false:0.0:100.0:0:0.0:8 lifecycleRestored=true
[05:42:01] [Server thread/INFO] [STDOUT]: [com.layue13.clashweave.s1d.DamageExperiment:boundary:162]: CW3 S1D_BOUNDARY_PAIR scenario=cancel-attack player=false before=false history=false equivalent=true
[05:42:01] [Server thread/INFO] [STDOUT]: [com.layue13.clashweave.s1d.DamageExperiment:boundary:159]: CW3 S1D_BOUNDARY scenario=cancel-attack player=false before=false history=true path=control state=false:false:0.0:96.0:13:4.0:8 lifecycleRestored=true
[05:42:01] [Server thread/INFO] [STDOUT]: [com.layue13.clashweave.s1d.DamageExperiment:boundary:159]: CW3 S1D_BOUNDARY scenario=cancel-attack player=false before=false history=true path=candidate state=false:false:0.0:96.0:13:4.0:8 lifecycleRestored=true
[05:42:01] [Server thread/INFO] [STDOUT]: [com.layue13.clashweave.s1d.DamageExperiment:boundary:162]: CW3 S1D_BOUNDARY_PAIR scenario=cancel-attack player=false before=false history=true equivalent=true
[05:42:01] [Server thread/INFO] [STDOUT]: [com.layue13.clashweave.s1d.DamageExperiment:boundary:159]: CW3 S1D_BOUNDARY scenario=cancel-hurt player=false before=false history=false path=control state=true:false:0.0:100.0:8:2.0:8 lifecycleRestored=true
[05:42:01] [Server thread/INFO] [STDOUT]: [com.layue13.clashweave.s1d.DamageExperiment:boundary:159]: CW3 S1D_BOUNDARY scenario=cancel-hurt player=false before=false history=false path=candidate state=true:false:0.0:100.0:8:2.0:8 lifecycleRestored=true
[05:42:01] [Server thread/INFO] [STDOUT]: [com.layue13.clashweave.s1d.DamageExperiment:boundary:162]: CW3 S1D_BOUNDARY_PAIR scenario=cancel-hurt player=false before=false history=false equivalent=true
[05:42:01] [Server thread/INFO] [STDOUT]: [com.layue13.clashweave.s1d.DamageExperiment:boundary:159]: CW3 S1D_BOUNDARY scenario=cancel-hurt player=false before=false history=true path=control state=false:false:0.0:96.0:13:4.0:8 lifecycleRestored=true
[05:42:01] [Server thread/INFO] [STDOUT]: [com.layue13.clashweave.s1d.DamageExperiment:boundary:159]: CW3 S1D_BOUNDARY scenario=cancel-hurt player=false before=false history=true path=candidate state=false:false:0.0:96.0:13:4.0:8 lifecycleRestored=true
[05:42:01] [Server thread/INFO] [STDOUT]: [com.layue13.clashweave.s1d.DamageExperiment:boundary:162]: CW3 S1D_BOUNDARY_PAIR scenario=cancel-hurt player=false before=false history=true equivalent=true
[05:42:01] [Server thread/INFO] [STDOUT]: [com.layue13.clashweave.s1d.DamageExperiment:boundary:159]: CW3 S1D_BOUNDARY scenario=zero player=false before=false history=false path=control state=true:false:0.0:100.0:8:0.0:8 lifecycleRestored=true
[05:42:01] [Server thread/INFO] [STDOUT]: [com.layue13.clashweave.s1d.DamageExperiment:boundary:159]: CW3 S1D_BOUNDARY scenario=zero player=false before=false history=false path=candidate state=true:false:0.0:100.0:8:0.0:8 lifecycleRestored=true
[05:42:01] [Server thread/INFO] [STDOUT]: [com.layue13.clashweave.s1d.DamageExperiment:boundary:162]: CW3 S1D_BOUNDARY_PAIR scenario=zero player=false before=false history=false equivalent=true
[05:42:01] [Server thread/INFO] [STDOUT]: [com.layue13.clashweave.s1d.DamageExperiment:boundary:159]: CW3 S1D_BOUNDARY scenario=zero player=false before=false history=true path=control state=false:false:0.0:96.0:13:4.0:8 lifecycleRestored=true
[05:42:01] [Server thread/INFO] [STDOUT]: [com.layue13.clashweave.s1d.DamageExperiment:boundary:159]: CW3 S1D_BOUNDARY scenario=zero player=false before=false history=true path=candidate state=false:false:0.0:96.0:13:4.0:8 lifecycleRestored=true
[05:42:01] [Server thread/INFO] [STDOUT]: [com.layue13.clashweave.s1d.DamageExperiment:boundary:162]: CW3 S1D_BOUNDARY_PAIR scenario=zero player=false before=false history=true equivalent=true
[05:42:01] [Server thread/INFO] [STDOUT]: [com.layue13.clashweave.s1d.DamageExperiment:boundary:159]: CW3 S1D_BOUNDARY scenario=already-dead player=false before=false history=false path=control state=false:false:0.0:0.0:0:0.0:8 lifecycleRestored=true
[05:42:01] [Server thread/INFO] [STDOUT]: [com.layue13.clashweave.s1d.DamageExperiment:boundary:159]: CW3 S1D_BOUNDARY scenario=already-dead player=false before=false history=false path=candidate state=false:false:0.0:0.0:0:0.0:8 lifecycleRestored=true
[05:42:01] [Server thread/INFO] [STDOUT]: [com.layue13.clashweave.s1d.DamageExperiment:boundary:162]: CW3 S1D_BOUNDARY_PAIR scenario=already-dead player=false before=false history=false equivalent=true
[05:42:01] [Server thread/INFO] [STDOUT]: [com.layue13.clashweave.s1d.DamageExperiment:boundary:159]: CW3 S1D_BOUNDARY scenario=already-dead player=false before=false history=true path=control state=false:false:0.0:0.0:13:4.0:8 lifecycleRestored=true
[05:42:01] [Server thread/INFO] [STDOUT]: [com.layue13.clashweave.s1d.DamageExperiment:boundary:159]: CW3 S1D_BOUNDARY scenario=already-dead player=false before=false history=true path=candidate state=false:false:0.0:0.0:13:4.0:8 lifecycleRestored=true
[05:42:01] [Server thread/INFO] [STDOUT]: [com.layue13.clashweave.s1d.DamageExperiment:boundary:162]: CW3 S1D_BOUNDARY_PAIR scenario=already-dead player=false before=false history=true equivalent=true
[05:42:01] [Server thread/INFO] [STDOUT]: [com.layue13.clashweave.s1d.DamageExperiment:boundary:159]: CW3 S1D_BOUNDARY scenario=lethal player=false before=false history=false path=control state=true:false:1.0:0.0:8:2.0:20 lifecycleRestored=true
[05:42:01] [Server thread/INFO] [STDOUT]: [com.layue13.clashweave.s1d.DamageExperiment:boundary:159]: CW3 S1D_BOUNDARY scenario=lethal player=false before=false history=false path=candidate state=true:false:1.0:0.0:8:2.0:20 lifecycleRestored=true
[05:42:01] [Server thread/INFO] [STDOUT]: [com.layue13.clashweave.s1d.DamageExperiment:boundary:162]: CW3 S1D_BOUNDARY_PAIR scenario=lethal player=false before=false history=false equivalent=true
[05:42:01] [Server thread/INFO] [STDOUT]: [com.layue13.clashweave.s1d.DamageExperiment:boundary:159]: CW3 S1D_BOUNDARY scenario=lethal player=false before=false history=true path=control state=false:false:0.0:1.0:13:4.0:8 lifecycleRestored=true
[05:42:01] [Server thread/INFO] [STDOUT]: [com.layue13.clashweave.s1d.DamageExperiment:boundary:159]: CW3 S1D_BOUNDARY scenario=lethal player=false before=false history=true path=candidate state=false:false:0.0:1.0:13:4.0:8 lifecycleRestored=true
[05:42:01] [Server thread/INFO] [STDOUT]: [com.layue13.clashweave.s1d.DamageExperiment:boundary:162]: CW3 S1D_BOUNDARY_PAIR scenario=lethal player=false before=false history=true equivalent=true
[05:42:01] [Server thread/ERROR] [FML]: Exception caught during firing event net.minecraftforge.event.entity.living.LivingAttackEvent@532bef5f:
com.layue13.clashweave.s1d.DamageExperiment$FixtureException
	at com.layue13.clashweave.s1d.DamageExperiment.attackNormal(DamageExperiment.java:116) ~[DamageExperiment.class:?]
	at cpw.mods.fml.common.eventhandler.ASMEventHandler_13_DamageExperiment_attackNormal_LivingAttackEvent.invoke(.dynamic) ~[?:?]
	at cpw.mods.fml.common.eventhandler.ASMEventHandler.invoke(ASMEventHandler.java:54) ~[ASMEventHandler.class:?]
	at cpw.mods.fml.common.eventhandler.EventBus.post(EventBus.java:140) [EventBus.class:?]
	at net.minecraftforge.common.ForgeHooks.onLivingAttack(ForgeHooks.java:294) [ForgeHooks.class:?]
	at net.minecraft.entity.EntityLivingBase.attackEntityFrom(EntityLivingBase.java:822) [EntityLivingBase.class:?]
	at net.minecraft.entity.passive.EntityAnimal.attackEntityFrom(EntityAnimal.java:224) [EntityAnimal.class:?]
	at com.layue13.clashweave.s1d.DamageExperiment.boundary(DamageExperiment.java:155) [DamageExperiment.class:?]
	at com.layue13.clashweave.s1d.DamageExperiment.started(DamageExperiment.java:41) [DamageExperiment.class:?]
	at sun.reflect.NativeMethodAccessorImpl.invoke0(Native Method) ~[?:1.8.0_504]
	at sun.reflect.NativeMethodAccessorImpl.invoke(NativeMethodAccessorImpl.java:62) ~[?:1.8.0_504]
	at sun.reflect.DelegatingMethodAccessorImpl.invoke(DelegatingMethodAccessorImpl.java:43) ~[?:1.8.0_504]
	at java.lang.reflect.Method.invoke(Method.java:498) ~[?:1.8.0_504]
	at cpw.mods.fml.common.FMLModContainer.handleModStateEvent(FMLModContainer.java:532) [FMLModContainer.class:?]
	at sun.reflect.GeneratedMethodAccessor6.invoke(Unknown Source) ~[?:?]
	at sun.reflect.DelegatingMethodAccessorImpl.invoke(DelegatingMethodAccessorImpl.java:43) ~[?:1.8.0_504]
	at java.lang.reflect.Method.invoke(Method.java:498) ~[?:1.8.0_504]
	at com.google.common.eventbus.EventSubscriber.handleEvent(EventSubscriber.java:74) [guava-17.0.jar:?]
	at com.google.common.eventbus.SynchronizedEventSubscriber.handleEvent(SynchronizedEventSubscriber.java:47) [guava-17.0.jar:?]
	at com.google.common.eventbus.EventBus.dispatch(EventBus.java:322) [guava-17.0.jar:?]
	at com.google.common.eventbus.EventBus.dispatchQueuedEvents(EventBus.java:304) [guava-17.0.jar:?]
	at com.google.common.eventbus.EventBus.post(EventBus.java:275) [guava-17.0.jar:?]
	at cpw.mods.fml.common.LoadController.sendEventToModContainer(LoadController.java:212) [LoadController.class:?]
	at cpw.mods.fml.common.LoadController.propogateStateMessage(LoadController.java:190) [LoadController.class:?]
	at sun.reflect.NativeMethodAccessorImpl.invoke0(Native Method) ~[?:1.8.0_504]
	at sun.reflect.NativeMethodAccessorImpl.invoke(NativeMethodAccessorImpl.java:62) ~[?:1.8.0_504]
	at sun.reflect.DelegatingMethodAccessorImpl.invoke(DelegatingMethodAccessorImpl.java:43) ~[?:1.8.0_504]
	at java.lang.reflect.Method.invoke(Method.java:498) ~[?:1.8.0_504]
	at com.google.common.eventbus.EventSubscriber.handleEvent(EventSubscriber.java:74) [guava-17.0.jar:?]
	at com.google.common.eventbus.SynchronizedEventSubscriber.handleEvent(SynchronizedEventSubscriber.java:47) [guava-17.0.jar:?]
	at com.google.common.eventbus.EventBus.dispatch(EventBus.java:322) [guava-17.0.jar:?]
	at com.google.common.eventbus.EventBus.dispatchQueuedEvents(EventBus.java:304) [guava-17.0.jar:?]
	at com.google.common.eventbus.EventBus.post(EventBus.java:275) [guava-17.0.jar:?]
	at cpw.mods.fml.common.LoadController.distributeStateMessage(LoadController.java:119) [LoadController.class:?]
	at cpw.mods.fml.common.Loader.serverStarted(Loader.java:802) [Loader.class:?]
	at cpw.mods.fml.common.FMLCommonHandler.handleServerStarted(FMLCommonHandler.java:283) [FMLCommonHandler.class:?]
	at net.minecraft.server.MinecraftServer.run(MinecraftServer.java:451) [MinecraftServer.class:?]
	at net.minecraft.server.MinecraftServer$2.run(MinecraftServer.java:756) [MinecraftServer$2.class:?]
[05:42:01] [Server thread/ERROR] [FML]: Index: 1 Listeners:
[05:42:01] [Server thread/ERROR] [FML]: 0: NORMAL
[05:42:01] [Server thread/ERROR] [FML]: 1: ASM: com.layue13.clashweave.s1d.DamageExperiment@798bb8bd attackNormal(Lnet/minecraftforge/event/entity/living/LivingAttackEvent;)V
[05:42:01] [Server thread/ERROR] [FML]: 2: LOWEST
[05:42:01] [Server thread/ERROR] [FML]: 3: ASM: com.layue13.clashweave.s1d.EventGate@f20e8ca attackMarker(Lnet/minecraftforge/event/entity/living/LivingAttackEvent;)V
[05:42:01] [Server thread/ERROR] [FML]: 4: ASM: com.layue13.clashweave.s1d.DamageExperiment@798bb8bd attackLowest(Lnet/minecraftforge/event/entity/living/LivingAttackEvent;)V
[05:42:01] [Server thread/INFO] [STDOUT]: [com.layue13.clashweave.s1d.DamageExperiment:boundary:159]: CW3 S1D_BOUNDARY scenario=throw-attack player=false before=false history=false path=control state=false:true:0.0:100.0:0:0.0:8 lifecycleRestored=true
[05:42:01] [Server thread/ERROR] [FML]: Exception caught during firing event net.minecraftforge.event.entity.living.LivingAttackEvent@5a00aba4:
com.layue13.clashweave.s1d.DamageExperiment$FixtureException
	at com.layue13.clashweave.s1d.DamageExperiment.attackNormal(DamageExperiment.java:116) ~[DamageExperiment.class:?]
	at cpw.mods.fml.common.eventhandler.ASMEventHandler_13_DamageExperiment_attackNormal_LivingAttackEvent.invoke(.dynamic) ~[?:?]
	at cpw.mods.fml.common.eventhandler.ASMEventHandler.invoke(ASMEventHandler.java:54) ~[ASMEventHandler.class:?]
	at cpw.mods.fml.common.eventhandler.EventBus.post(EventBus.java:140) [EventBus.class:?]
	at net.minecraftforge.common.ForgeHooks.onLivingAttack(ForgeHooks.java:294) [ForgeHooks.class:?]
	at net.minecraft.entity.EntityLivingBase.attackEntityFrom(EntityLivingBase.java:822) [EntityLivingBase.class:?]
	at net.minecraft.entity.passive.EntityAnimal.attackEntityFrom(EntityAnimal.java:224) [EntityAnimal.class:?]
	at com.layue13.clashweave.s1d.EventGate.apply(EventGate.java:32) [EventGate.class:?]
	at com.layue13.clashweave.s1d.DamageExperiment.boundary(DamageExperiment.java:155) [DamageExperiment.class:?]
	at com.layue13.clashweave.s1d.DamageExperiment.started(DamageExperiment.java:41) [DamageExperiment.class:?]
	at sun.reflect.NativeMethodAccessorImpl.invoke0(Native Method) ~[?:1.8.0_504]
	at sun.reflect.NativeMethodAccessorImpl.invoke(NativeMethodAccessorImpl.java:62) ~[?:1.8.0_504]
	at sun.reflect.DelegatingMethodAccessorImpl.invoke(DelegatingMethodAccessorImpl.java:43) ~[?:1.8.0_504]
	at java.lang.reflect.Method.invoke(Method.java:498) ~[?:1.8.0_504]
	at cpw.mods.fml.common.FMLModContainer.handleModStateEvent(FMLModContainer.java:532) [FMLModContainer.class:?]
	at sun.reflect.GeneratedMethodAccessor6.invoke(Unknown Source) ~[?:?]
	at sun.reflect.DelegatingMethodAccessorImpl.invoke(DelegatingMethodAccessorImpl.java:43) ~[?:1.8.0_504]
	at java.lang.reflect.Method.invoke(Method.java:498) ~[?:1.8.0_504]
	at com.google.common.eventbus.EventSubscriber.handleEvent(EventSubscriber.java:74) [guava-17.0.jar:?]
	at com.google.common.eventbus.SynchronizedEventSubscriber.handleEvent(SynchronizedEventSubscriber.java:47) [guava-17.0.jar:?]
	at com.google.common.eventbus.EventBus.dispatch(EventBus.java:322) [guava-17.0.jar:?]
	at com.google.common.eventbus.EventBus.dispatchQueuedEvents(EventBus.java:304) [guava-17.0.jar:?]
	at com.google.common.eventbus.EventBus.post(EventBus.java:275) [guava-17.0.jar:?]
	at cpw.mods.fml.common.LoadController.sendEventToModContainer(LoadController.java:212) [LoadController.class:?]
	at cpw.mods.fml.common.LoadController.propogateStateMessage(LoadController.java:190) [LoadController.class:?]
	at sun.reflect.NativeMethodAccessorImpl.invoke0(Native Method) ~[?:1.8.0_504]
	at sun.reflect.NativeMethodAccessorImpl.invoke(NativeMethodAccessorImpl.java:62) ~[?:1.8.0_504]
	at sun.reflect.DelegatingMethodAccessorImpl.invoke(DelegatingMethodAccessorImpl.java:43) ~[?:1.8.0_504]
	at java.lang.reflect.Method.invoke(Method.java:498) ~[?:1.8.0_504]
	at com.google.common.eventbus.EventSubscriber.handleEvent(EventSubscriber.java:74) [guava-17.0.jar:?]
	at com.google.common.eventbus.SynchronizedEventSubscriber.handleEvent(SynchronizedEventSubscriber.java:47) [guava-17.0.jar:?]
	at com.google.common.eventbus.EventBus.dispatch(EventBus.java:322) [guava-17.0.jar:?]
	at com.google.common.eventbus.EventBus.dispatchQueuedEvents(EventBus.java:304) [guava-17.0.jar:?]
	at com.google.common.eventbus.EventBus.post(EventBus.java:275) [guava-17.0.jar:?]
	at cpw.mods.fml.common.LoadController.distributeStateMessage(LoadController.java:119) [LoadController.class:?]
	at cpw.mods.fml.common.Loader.serverStarted(Loader.java:802) [Loader.class:?]
	at cpw.mods.fml.common.FMLCommonHandler.handleServerStarted(FMLCommonHandler.java:283) [FMLCommonHandler.class:?]
	at net.minecraft.server.MinecraftServer.run(MinecraftServer.java:451) [MinecraftServer.class:?]
	at net.minecraft.server.MinecraftServer$2.run(MinecraftServer.java:756) [MinecraftServer$2.class:?]
[05:42:01] [Server thread/ERROR] [FML]: Index: 1 Listeners:
[05:42:01] [Server thread/ERROR] [FML]: 0: NORMAL
[05:42:01] [Server thread/ERROR] [FML]: 1: ASM: com.layue13.clashweave.s1d.DamageExperiment@798bb8bd attackNormal(Lnet/minecraftforge/event/entity/living/LivingAttackEvent;)V
[05:42:01] [Server thread/ERROR] [FML]: 2: LOWEST
[05:42:01] [Server thread/ERROR] [FML]: 3: ASM: com.layue13.clashweave.s1d.EventGate@f20e8ca attackMarker(Lnet/minecraftforge/event/entity/living/LivingAttackEvent;)V
[05:42:01] [Server thread/ERROR] [FML]: 4: ASM: com.layue13.clashweave.s1d.DamageExperiment@798bb8bd attackLowest(Lnet/minecraftforge/event/entity/living/LivingAttackEvent;)V
[05:42:01] [Server thread/INFO] [STDOUT]: [com.layue13.clashweave.s1d.DamageExperiment:boundary:159]: CW3 S1D_BOUNDARY scenario=throw-attack player=false before=false history=false path=candidate state=false:true:0.0:100.0:0:0.0:8 lifecycleRestored=true
[05:42:01] [Server thread/INFO] [STDOUT]: [com.layue13.clashweave.s1d.DamageExperiment:boundary:162]: CW3 S1D_BOUNDARY_PAIR scenario=throw-attack player=false before=false history=false equivalent=true
[05:42:01] [Server thread/ERROR] [FML]: Exception caught during firing event net.minecraftforge.event.entity.living.LivingAttackEvent@3b8b3203:
com.layue13.clashweave.s1d.DamageExperiment$FixtureException
	at com.layue13.clashweave.s1d.DamageExperiment.attackNormal(DamageExperiment.java:116) ~[DamageExperiment.class:?]
	at cpw.mods.fml.common.eventhandler.ASMEventHandler_13_DamageExperiment_attackNormal_LivingAttackEvent.invoke(.dynamic) ~[?:?]
	at cpw.mods.fml.common.eventhandler.ASMEventHandler.invoke(ASMEventHandler.java:54) ~[ASMEventHandler.class:?]
	at cpw.mods.fml.common.eventhandler.EventBus.post(EventBus.java:140) [EventBus.class:?]
	at net.minecraftforge.common.ForgeHooks.onLivingAttack(ForgeHooks.java:294) [ForgeHooks.class:?]
	at net.minecraft.entity.EntityLivingBase.attackEntityFrom(EntityLivingBase.java:822) [EntityLivingBase.class:?]
	at net.minecraft.entity.passive.EntityAnimal.attackEntityFrom(EntityAnimal.java:224) [EntityAnimal.class:?]
	at com.layue13.clashweave.s1d.DamageExperiment.boundary(DamageExperiment.java:155) [DamageExperiment.class:?]
	at com.layue13.clashweave.s1d.DamageExperiment.started(DamageExperiment.java:41) [DamageExperiment.class:?]
	at sun.reflect.NativeMethodAccessorImpl.invoke0(Native Method) ~[?:1.8.0_504]
	at sun.reflect.NativeMethodAccessorImpl.invoke(NativeMethodAccessorImpl.java:62) ~[?:1.8.0_504]
	at sun.reflect.DelegatingMethodAccessorImpl.invoke(DelegatingMethodAccessorImpl.java:43) ~[?:1.8.0_504]
	at java.lang.reflect.Method.invoke(Method.java:498) ~[?:1.8.0_504]
	at cpw.mods.fml.common.FMLModContainer.handleModStateEvent(FMLModContainer.java:532) [FMLModContainer.class:?]
	at sun.reflect.GeneratedMethodAccessor6.invoke(Unknown Source) ~[?:?]
	at sun.reflect.DelegatingMethodAccessorImpl.invoke(DelegatingMethodAccessorImpl.java:43) ~[?:1.8.0_504]
	at java.lang.reflect.Method.invoke(Method.java:498) ~[?:1.8.0_504]
	at com.google.common.eventbus.EventSubscriber.handleEvent(EventSubscriber.java:74) [guava-17.0.jar:?]
	at com.google.common.eventbus.SynchronizedEventSubscriber.handleEvent(SynchronizedEventSubscriber.java:47) [guava-17.0.jar:?]
	at com.google.common.eventbus.EventBus.dispatch(EventBus.java:322) [guava-17.0.jar:?]
	at com.google.common.eventbus.EventBus.dispatchQueuedEvents(EventBus.java:304) [guava-17.0.jar:?]
	at com.google.common.eventbus.EventBus.post(EventBus.java:275) [guava-17.0.jar:?]
	at cpw.mods.fml.common.LoadController.sendEventToModContainer(LoadController.java:212) [LoadController.class:?]
	at cpw.mods.fml.common.LoadController.propogateStateMessage(LoadController.java:190) [LoadController.class:?]
	at sun.reflect.NativeMethodAccessorImpl.invoke0(Native Method) ~[?:1.8.0_504]
	at sun.reflect.NativeMethodAccessorImpl.invoke(NativeMethodAccessorImpl.java:62) ~[?:1.8.0_504]
	at sun.reflect.DelegatingMethodAccessorImpl.invoke(DelegatingMethodAccessorImpl.java:43) ~[?:1.8.0_504]
	at java.lang.reflect.Method.invoke(Method.java:498) ~[?:1.8.0_504]
	at com.google.common.eventbus.EventSubscriber.handleEvent(EventSubscriber.java:74) [guava-17.0.jar:?]
	at com.google.common.eventbus.SynchronizedEventSubscriber.handleEvent(SynchronizedEventSubscriber.java:47) [guava-17.0.jar:?]
	at com.google.common.eventbus.EventBus.dispatch(EventBus.java:322) [guava-17.0.jar:?]
	at com.google.common.eventbus.EventBus.dispatchQueuedEvents(EventBus.java:304) [guava-17.0.jar:?]
	at com.google.common.eventbus.EventBus.post(EventBus.java:275) [guava-17.0.jar:?]
	at cpw.mods.fml.common.LoadController.distributeStateMessage(LoadController.java:119) [LoadController.class:?]
	at cpw.mods.fml.common.Loader.serverStarted(Loader.java:802) [Loader.class:?]
	at cpw.mods.fml.common.FMLCommonHandler.handleServerStarted(FMLCommonHandler.java:283) [FMLCommonHandler.class:?]
	at net.minecraft.server.MinecraftServer.run(MinecraftServer.java:451) [MinecraftServer.class:?]
	at net.minecraft.server.MinecraftServer$2.run(MinecraftServer.java:756) [MinecraftServer$2.class:?]
[05:42:01] [Server thread/ERROR] [FML]: Index: 1 Listeners:
[05:42:01] [Server thread/ERROR] [FML]: 0: NORMAL
[05:42:01] [Server thread/ERROR] [FML]: 1: ASM: com.layue13.clashweave.s1d.DamageExperiment@798bb8bd attackNormal(Lnet/minecraftforge/event/entity/living/LivingAttackEvent;)V
[05:42:01] [Server thread/ERROR] [FML]: 2: LOWEST
[05:42:01] [Server thread/ERROR] [FML]: 3: ASM: com.layue13.clashweave.s1d.EventGate@f20e8ca attackMarker(Lnet/minecraftforge/event/entity/living/LivingAttackEvent;)V
[05:42:01] [Server thread/ERROR] [FML]: 4: ASM: com.layue13.clashweave.s1d.DamageExperiment@798bb8bd attackLowest(Lnet/minecraftforge/event/entity/living/LivingAttackEvent;)V
[05:42:01] [Server thread/INFO] [STDOUT]: [com.layue13.clashweave.s1d.DamageExperiment:boundary:159]: CW3 S1D_BOUNDARY scenario=throw-attack player=false before=false history=true path=control state=false:true:0.0:96.0:13:4.0:8 lifecycleRestored=true
[05:42:01] [Server thread/ERROR] [FML]: Exception caught during firing event net.minecraftforge.event.entity.living.LivingAttackEvent@10c4c694:
com.layue13.clashweave.s1d.DamageExperiment$FixtureException
	at com.layue13.clashweave.s1d.DamageExperiment.attackNormal(DamageExperiment.java:116) ~[DamageExperiment.class:?]
	at cpw.mods.fml.common.eventhandler.ASMEventHandler_13_DamageExperiment_attackNormal_LivingAttackEvent.invoke(.dynamic) ~[?:?]
	at cpw.mods.fml.common.eventhandler.ASMEventHandler.invoke(ASMEventHandler.java:54) ~[ASMEventHandler.class:?]
	at cpw.mods.fml.common.eventhandler.EventBus.post(EventBus.java:140) [EventBus.class:?]
	at net.minecraftforge.common.ForgeHooks.onLivingAttack(ForgeHooks.java:294) [ForgeHooks.class:?]
	at net.minecraft.entity.EntityLivingBase.attackEntityFrom(EntityLivingBase.java:822) [EntityLivingBase.class:?]
	at net.minecraft.entity.passive.EntityAnimal.attackEntityFrom(EntityAnimal.java:224) [EntityAnimal.class:?]
	at com.layue13.clashweave.s1d.EventGate.apply(EventGate.java:32) [EventGate.class:?]
	at com.layue13.clashweave.s1d.DamageExperiment.boundary(DamageExperiment.java:155) [DamageExperiment.class:?]
	at com.layue13.clashweave.s1d.DamageExperiment.started(DamageExperiment.java:41) [DamageExperiment.class:?]
	at sun.reflect.NativeMethodAccessorImpl.invoke0(Native Method) ~[?:1.8.0_504]
	at sun.reflect.NativeMethodAccessorImpl.invoke(NativeMethodAccessorImpl.java:62) ~[?:1.8.0_504]
	at sun.reflect.DelegatingMethodAccessorImpl.invoke(DelegatingMethodAccessorImpl.java:43) ~[?:1.8.0_504]
	at java.lang.reflect.Method.invoke(Method.java:498) ~[?:1.8.0_504]
	at cpw.mods.fml.common.FMLModContainer.handleModStateEvent(FMLModContainer.java:532) [FMLModContainer.class:?]
	at sun.reflect.GeneratedMethodAccessor6.invoke(Unknown Source) ~[?:?]
	at sun.reflect.DelegatingMethodAccessorImpl.invoke(DelegatingMethodAccessorImpl.java:43) ~[?:1.8.0_504]
	at java.lang.reflect.Method.invoke(Method.java:498) ~[?:1.8.0_504]
	at com.google.common.eventbus.EventSubscriber.handleEvent(EventSubscriber.java:74) [guava-17.0.jar:?]
	at com.google.common.eventbus.SynchronizedEventSubscriber.handleEvent(SynchronizedEventSubscriber.java:47) [guava-17.0.jar:?]
	at com.google.common.eventbus.EventBus.dispatch(EventBus.java:322) [guava-17.0.jar:?]
	at com.google.common.eventbus.EventBus.dispatchQueuedEvents(EventBus.java:304) [guava-17.0.jar:?]
	at com.google.common.eventbus.EventBus.post(EventBus.java:275) [guava-17.0.jar:?]
	at cpw.mods.fml.common.LoadController.sendEventToModContainer(LoadController.java:212) [LoadController.class:?]
	at cpw.mods.fml.common.LoadController.propogateStateMessage(LoadController.java:190) [LoadController.class:?]
	at sun.reflect.NativeMethodAccessorImpl.invoke0(Native Method) ~[?:1.8.0_504]
	at sun.reflect.NativeMethodAccessorImpl.invoke(NativeMethodAccessorImpl.java:62) ~[?:1.8.0_504]
	at sun.reflect.DelegatingMethodAccessorImpl.invoke(DelegatingMethodAccessorImpl.java:43) ~[?:1.8.0_504]
	at java.lang.reflect.Method.invoke(Method.java:498) ~[?:1.8.0_504]
	at com.google.common.eventbus.EventSubscriber.handleEvent(EventSubscriber.java:74) [guava-17.0.jar:?]
	at com.google.common.eventbus.SynchronizedEventSubscriber.handleEvent(SynchronizedEventSubscriber.java:47) [guava-17.0.jar:?]
	at com.google.common.eventbus.EventBus.dispatch(EventBus.java:322) [guava-17.0.jar:?]
	at com.google.common.eventbus.EventBus.dispatchQueuedEvents(EventBus.java:304) [guava-17.0.jar:?]
	at com.google.common.eventbus.EventBus.post(EventBus.java:275) [guava-17.0.jar:?]
	at cpw.mods.fml.common.LoadController.distributeStateMessage(LoadController.java:119) [LoadController.class:?]
	at cpw.mods.fml.common.Loader.serverStarted(Loader.java:802) [Loader.class:?]
	at cpw.mods.fml.common.FMLCommonHandler.handleServerStarted(FMLCommonHandler.java:283) [FMLCommonHandler.class:?]
	at net.minecraft.server.MinecraftServer.run(MinecraftServer.java:451) [MinecraftServer.class:?]
	at net.minecraft.server.MinecraftServer$2.run(MinecraftServer.java:756) [MinecraftServer$2.class:?]
[05:42:01] [Server thread/ERROR] [FML]: Index: 1 Listeners:
[05:42:01] [Server thread/ERROR] [FML]: 0: NORMAL
[05:42:01] [Server thread/ERROR] [FML]: 1: ASM: com.layue13.clashweave.s1d.DamageExperiment@798bb8bd attackNormal(Lnet/minecraftforge/event/entity/living/LivingAttackEvent;)V
[05:42:01] [Server thread/ERROR] [FML]: 2: LOWEST
[05:42:01] [Server thread/ERROR] [FML]: 3: ASM: com.layue13.clashweave.s1d.EventGate@f20e8ca attackMarker(Lnet/minecraftforge/event/entity/living/LivingAttackEvent;)V
[05:42:01] [Server thread/ERROR] [FML]: 4: ASM: com.layue13.clashweave.s1d.DamageExperiment@798bb8bd attackLowest(Lnet/minecraftforge/event/entity/living/LivingAttackEvent;)V
[05:42:01] [Server thread/INFO] [STDOUT]: [com.layue13.clashweave.s1d.DamageExperiment:boundary:159]: CW3 S1D_BOUNDARY scenario=throw-attack player=false before=false history=true path=candidate state=false:true:0.0:96.0:13:4.0:8 lifecycleRestored=true
[05:42:01] [Server thread/INFO] [STDOUT]: [com.layue13.clashweave.s1d.DamageExperiment:boundary:162]: CW3 S1D_BOUNDARY_PAIR scenario=throw-attack player=false before=false history=true equivalent=true
[05:42:01] [Server thread/ERROR] [FML]: Exception caught during firing event net.minecraftforge.event.entity.living.LivingHurtEvent@7096e7fc:
com.layue13.clashweave.s1d.DamageExperiment$FixtureException
	at com.layue13.clashweave.s1d.DamageExperiment.hurtHigh(DamageExperiment.java:140) ~[DamageExperiment.class:?]
	at cpw.mods.fml.common.eventhandler.ASMEventHandler_12_DamageExperiment_hurtHigh_LivingHurtEvent.invoke(.dynamic) ~[?:?]
	at cpw.mods.fml.common.eventhandler.ASMEventHandler.invoke(ASMEventHandler.java:54) ~[ASMEventHandler.class:?]
	at cpw.mods.fml.common.eventhandler.EventBus.post(EventBus.java:140) [EventBus.class:?]
	at net.minecraftforge.common.ForgeHooks.onLivingHurt(ForgeHooks.java:300) [ForgeHooks.class:?]
	at net.minecraft.entity.EntityLivingBase.damageEntity(EntityLivingBase.java:1261) [EntityLivingBase.class:?]
	at net.minecraft.entity.EntityLivingBase.attackEntityFrom(EntityLivingBase.java:870) [EntityLivingBase.class:?]
	at net.minecraft.entity.passive.EntityAnimal.attackEntityFrom(EntityAnimal.java:224) [EntityAnimal.class:?]
	at com.layue13.clashweave.s1d.DamageExperiment.boundary(DamageExperiment.java:155) [DamageExperiment.class:?]
	at com.layue13.clashweave.s1d.DamageExperiment.started(DamageExperiment.java:41) [DamageExperiment.class:?]
	at sun.reflect.NativeMethodAccessorImpl.invoke0(Native Method) ~[?:1.8.0_504]
	at sun.reflect.NativeMethodAccessorImpl.invoke(NativeMethodAccessorImpl.java:62) ~[?:1.8.0_504]
	at sun.reflect.DelegatingMethodAccessorImpl.invoke(DelegatingMethodAccessorImpl.java:43) ~[?:1.8.0_504]
	at java.lang.reflect.Method.invoke(Method.java:498) ~[?:1.8.0_504]
	at cpw.mods.fml.common.FMLModContainer.handleModStateEvent(FMLModContainer.java:532) [FMLModContainer.class:?]
	at sun.reflect.GeneratedMethodAccessor6.invoke(Unknown Source) ~[?:?]
	at sun.reflect.DelegatingMethodAccessorImpl.invoke(DelegatingMethodAccessorImpl.java:43) ~[?:1.8.0_504]
	at java.lang.reflect.Method.invoke(Method.java:498) ~[?:1.8.0_504]
	at com.google.common.eventbus.EventSubscriber.handleEvent(EventSubscriber.java:74) [guava-17.0.jar:?]
	at com.google.common.eventbus.SynchronizedEventSubscriber.handleEvent(SynchronizedEventSubscriber.java:47) [guava-17.0.jar:?]
	at com.google.common.eventbus.EventBus.dispatch(EventBus.java:322) [guava-17.0.jar:?]
	at com.google.common.eventbus.EventBus.dispatchQueuedEvents(EventBus.java:304) [guava-17.0.jar:?]
	at com.google.common.eventbus.EventBus.post(EventBus.java:275) [guava-17.0.jar:?]
	at cpw.mods.fml.common.LoadController.sendEventToModContainer(LoadController.java:212) [LoadController.class:?]
	at cpw.mods.fml.common.LoadController.propogateStateMessage(LoadController.java:190) [LoadController.class:?]
	at sun.reflect.NativeMethodAccessorImpl.invoke0(Native Method) ~[?:1.8.0_504]
	at sun.reflect.NativeMethodAccessorImpl.invoke(NativeMethodAccessorImpl.java:62) ~[?:1.8.0_504]
	at sun.reflect.DelegatingMethodAccessorImpl.invoke(DelegatingMethodAccessorImpl.java:43) ~[?:1.8.0_504]
	at java.lang.reflect.Method.invoke(Method.java:498) ~[?:1.8.0_504]
	at com.google.common.eventbus.EventSubscriber.handleEvent(EventSubscriber.java:74) [guava-17.0.jar:?]
	at com.google.common.eventbus.SynchronizedEventSubscriber.handleEvent(SynchronizedEventSubscriber.java:47) [guava-17.0.jar:?]
	at com.google.common.eventbus.EventBus.dispatch(EventBus.java:322) [guava-17.0.jar:?]
	at com.google.common.eventbus.EventBus.dispatchQueuedEvents(EventBus.java:304) [guava-17.0.jar:?]
	at com.google.common.eventbus.EventBus.post(EventBus.java:275) [guava-17.0.jar:?]
	at cpw.mods.fml.common.LoadController.distributeStateMessage(LoadController.java:119) [LoadController.class:?]
	at cpw.mods.fml.common.Loader.serverStarted(Loader.java:802) [Loader.class:?]
	at cpw.mods.fml.common.FMLCommonHandler.handleServerStarted(FMLCommonHandler.java:283) [FMLCommonHandler.class:?]
	at net.minecraft.server.MinecraftServer.run(MinecraftServer.java:451) [MinecraftServer.class:?]
	at net.minecraft.server.MinecraftServer$2.run(MinecraftServer.java:756) [MinecraftServer$2.class:?]
[05:42:01] [Server thread/ERROR] [FML]: Index: 4 Listeners:
[05:42:01] [Server thread/ERROR] [FML]: 0: HIGHEST
[05:42:01] [Server thread/ERROR] [FML]: 1: ASM: com.layue13.clashweave.s1d.EventGate@f20e8ca hurtMarker(Lnet/minecraftforge/event/entity/living/LivingHurtEvent;)V
[05:42:01] [Server thread/ERROR] [FML]: 2: ASM: com.layue13.clashweave.s1d.DamageExperiment@798bb8bd hurtHighest(Lnet/minecraftforge/event/entity/living/LivingHurtEvent;)V
[05:42:01] [Server thread/ERROR] [FML]: 3: HIGH
[05:42:01] [Server thread/ERROR] [FML]: 4: ASM: com.layue13.clashweave.s1d.DamageExperiment@798bb8bd hurtHigh(Lnet/minecraftforge/event/entity/living/LivingHurtEvent;)V
[05:42:01] [Server thread/ERROR] [FML]: 5: LOW
[05:42:01] [Server thread/ERROR] [FML]: 6: ASM: com.layue13.clashweave.s1d.DamageExperiment@798bb8bd hurtLow(Lnet/minecraftforge/event/entity/living/LivingHurtEvent;)V
[05:42:01] [Server thread/INFO] [STDOUT]: [com.layue13.clashweave.s1d.DamageExperiment:boundary:159]: CW3 S1D_BOUNDARY scenario=throw-hurt player=false before=false history=false path=control state=false:true:0.0:100.0:8:2.0:8 lifecycleRestored=true
[05:42:01] [Server thread/ERROR] [FML]: Exception caught during firing event net.minecraftforge.event.entity.living.LivingHurtEvent@51ef18b2:
com.layue13.clashweave.s1d.DamageExperiment$FixtureException
	at com.layue13.clashweave.s1d.DamageExperiment.hurtHigh(DamageExperiment.java:140) ~[DamageExperiment.class:?]
	at cpw.mods.fml.common.eventhandler.ASMEventHandler_12_DamageExperiment_hurtHigh_LivingHurtEvent.invoke(.dynamic) ~[?:?]
	at cpw.mods.fml.common.eventhandler.ASMEventHandler.invoke(ASMEventHandler.java:54) ~[ASMEventHandler.class:?]
	at cpw.mods.fml.common.eventhandler.EventBus.post(EventBus.java:140) [EventBus.class:?]
	at net.minecraftforge.common.ForgeHooks.onLivingHurt(ForgeHooks.java:300) [ForgeHooks.class:?]
	at net.minecraft.entity.EntityLivingBase.damageEntity(EntityLivingBase.java:1261) [EntityLivingBase.class:?]
	at net.minecraft.entity.EntityLivingBase.attackEntityFrom(EntityLivingBase.java:870) [EntityLivingBase.class:?]
	at net.minecraft.entity.passive.EntityAnimal.attackEntityFrom(EntityAnimal.java:224) [EntityAnimal.class:?]
	at com.layue13.clashweave.s1d.EventGate.apply(EventGate.java:32) [EventGate.class:?]
	at com.layue13.clashweave.s1d.DamageExperiment.boundary(DamageExperiment.java:155) [DamageExperiment.class:?]
	at com.layue13.clashweave.s1d.DamageExperiment.started(DamageExperiment.java:41) [DamageExperiment.class:?]
	at sun.reflect.NativeMethodAccessorImpl.invoke0(Native Method) ~[?:1.8.0_504]
	at sun.reflect.NativeMethodAccessorImpl.invoke(NativeMethodAccessorImpl.java:62) ~[?:1.8.0_504]
	at sun.reflect.DelegatingMethodAccessorImpl.invoke(DelegatingMethodAccessorImpl.java:43) ~[?:1.8.0_504]
	at java.lang.reflect.Method.invoke(Method.java:498) ~[?:1.8.0_504]
	at cpw.mods.fml.common.FMLModContainer.handleModStateEvent(FMLModContainer.java:532) [FMLModContainer.class:?]
	at sun.reflect.GeneratedMethodAccessor6.invoke(Unknown Source) ~[?:?]
	at sun.reflect.DelegatingMethodAccessorImpl.invoke(DelegatingMethodAccessorImpl.java:43) ~[?:1.8.0_504]
	at java.lang.reflect.Method.invoke(Method.java:498) ~[?:1.8.0_504]
	at com.google.common.eventbus.EventSubscriber.handleEvent(EventSubscriber.java:74) [guava-17.0.jar:?]
	at com.google.common.eventbus.SynchronizedEventSubscriber.handleEvent(SynchronizedEventSubscriber.java:47) [guava-17.0.jar:?]
	at com.google.common.eventbus.EventBus.dispatch(EventBus.java:322) [guava-17.0.jar:?]
	at com.google.common.eventbus.EventBus.dispatchQueuedEvents(EventBus.java:304) [guava-17.0.jar:?]
	at com.google.common.eventbus.EventBus.post(EventBus.java:275) [guava-17.0.jar:?]
	at cpw.mods.fml.common.LoadController.sendEventToModContainer(LoadController.java:212) [LoadController.class:?]
	at cpw.mods.fml.common.LoadController.propogateStateMessage(LoadController.java:190) [LoadController.class:?]
	at sun.reflect.NativeMethodAccessorImpl.invoke0(Native Method) ~[?:1.8.0_504]
	at sun.reflect.NativeMethodAccessorImpl.invoke(NativeMethodAccessorImpl.java:62) ~[?:1.8.0_504]
	at sun.reflect.DelegatingMethodAccessorImpl.invoke(DelegatingMethodAccessorImpl.java:43) ~[?:1.8.0_504]
	at java.lang.reflect.Method.invoke(Method.java:498) ~[?:1.8.0_504]
	at com.google.common.eventbus.EventSubscriber.handleEvent(EventSubscriber.java:74) [guava-17.0.jar:?]
	at com.google.common.eventbus.SynchronizedEventSubscriber.handleEvent(SynchronizedEventSubscriber.java:47) [guava-17.0.jar:?]
	at com.google.common.eventbus.EventBus.dispatch(EventBus.java:322) [guava-17.0.jar:?]
	at com.google.common.eventbus.EventBus.dispatchQueuedEvents(EventBus.java:304) [guava-17.0.jar:?]
	at com.google.common.eventbus.EventBus.post(EventBus.java:275) [guava-17.0.jar:?]
	at cpw.mods.fml.common.LoadController.distributeStateMessage(LoadController.java:119) [LoadController.class:?]
	at cpw.mods.fml.common.Loader.serverStarted(Loader.java:802) [Loader.class:?]
	at cpw.mods.fml.common.FMLCommonHandler.handleServerStarted(FMLCommonHandler.java:283) [FMLCommonHandler.class:?]
	at net.minecraft.server.MinecraftServer.run(MinecraftServer.java:451) [MinecraftServer.class:?]
	at net.minecraft.server.MinecraftServer$2.run(MinecraftServer.java:756) [MinecraftServer$2.class:?]
[05:42:01] [Server thread/ERROR] [FML]: Index: 4 Listeners:
[05:42:01] [Server thread/ERROR] [FML]: 0: HIGHEST
[05:42:01] [Server thread/ERROR] [FML]: 1: ASM: com.layue13.clashweave.s1d.EventGate@f20e8ca hurtMarker(Lnet/minecraftforge/event/entity/living/LivingHurtEvent;)V
[05:42:01] [Server thread/ERROR] [FML]: 2: ASM: com.layue13.clashweave.s1d.DamageExperiment@798bb8bd hurtHighest(Lnet/minecraftforge/event/entity/living/LivingHurtEvent;)V
[05:42:01] [Server thread/ERROR] [FML]: 3: HIGH
[05:42:01] [Server thread/ERROR] [FML]: 4: ASM: com.layue13.clashweave.s1d.DamageExperiment@798bb8bd hurtHigh(Lnet/minecraftforge/event/entity/living/LivingHurtEvent;)V
[05:42:01] [Server thread/ERROR] [FML]: 5: LOW
[05:42:01] [Server thread/ERROR] [FML]: 6: ASM: com.layue13.clashweave.s1d.DamageExperiment@798bb8bd hurtLow(Lnet/minecraftforge/event/entity/living/LivingHurtEvent;)V
[05:42:01] [Server thread/INFO] [STDOUT]: [com.layue13.clashweave.s1d.DamageExperiment:boundary:159]: CW3 S1D_BOUNDARY scenario=throw-hurt player=false before=false history=false path=candidate state=false:true:0.0:100.0:8:2.0:8 lifecycleRestored=true
[05:42:01] [Server thread/INFO] [STDOUT]: [com.layue13.clashweave.s1d.DamageExperiment:boundary:162]: CW3 S1D_BOUNDARY_PAIR scenario=throw-hurt player=false before=false history=false equivalent=true
[05:42:01] [Server thread/INFO] [STDOUT]: [com.layue13.clashweave.s1d.DamageExperiment:boundary:159]: CW3 S1D_BOUNDARY scenario=throw-hurt player=false before=false history=true path=control state=false:false:0.0:96.0:13:4.0:8 lifecycleRestored=true
[05:42:01] [Server thread/INFO] [STDOUT]: [com.layue13.clashweave.s1d.DamageExperiment:boundary:159]: CW3 S1D_BOUNDARY scenario=throw-hurt player=false before=false history=true path=candidate state=false:false:0.0:96.0:13:4.0:8 lifecycleRestored=true
[05:42:01] [Server thread/INFO] [STDOUT]: [com.layue13.clashweave.s1d.DamageExperiment:boundary:162]: CW3 S1D_BOUNDARY_PAIR scenario=throw-hurt player=false before=false history=true equivalent=true
[05:42:01] [Server thread/INFO] [STDOUT]: [com.layue13.clashweave.s1d.DamageExperiment:attackLowest:123]: CW3 S1D_THROW at=attack-LOWEST timer=0 last=0.0
[05:42:01] [Server thread/ERROR] [FML]: Exception caught during firing event net.minecraftforge.event.entity.living.LivingAttackEvent@6aa9a7a:
com.layue13.clashweave.s1d.DamageExperiment$FixtureException
	at com.layue13.clashweave.s1d.DamageExperiment.attackLowest(DamageExperiment.java:124) ~[DamageExperiment.class:?]
	at cpw.mods.fml.common.eventhandler.ASMEventHandler_15_DamageExperiment_attackLowest_LivingAttackEvent.invoke(.dynamic) ~[?:?]
	at cpw.mods.fml.common.eventhandler.ASMEventHandler.invoke(ASMEventHandler.java:54) ~[ASMEventHandler.class:?]
	at cpw.mods.fml.common.eventhandler.EventBus.post(EventBus.java:140) [EventBus.class:?]
	at net.minecraftforge.common.ForgeHooks.onLivingAttack(ForgeHooks.java:294) [ForgeHooks.class:?]
	at net.minecraft.entity.EntityLivingBase.attackEntityFrom(EntityLivingBase.java:822) [EntityLivingBase.class:?]
	at net.minecraft.entity.passive.EntityAnimal.attackEntityFrom(EntityAnimal.java:224) [EntityAnimal.class:?]
	at com.layue13.clashweave.s1d.DamageExperiment.boundary(DamageExperiment.java:155) [DamageExperiment.class:?]
	at com.layue13.clashweave.s1d.DamageExperiment.started(DamageExperiment.java:41) [DamageExperiment.class:?]
	at sun.reflect.NativeMethodAccessorImpl.invoke0(Native Method) ~[?:1.8.0_504]
	at sun.reflect.NativeMethodAccessorImpl.invoke(NativeMethodAccessorImpl.java:62) ~[?:1.8.0_504]
	at sun.reflect.DelegatingMethodAccessorImpl.invoke(DelegatingMethodAccessorImpl.java:43) ~[?:1.8.0_504]
	at java.lang.reflect.Method.invoke(Method.java:498) ~[?:1.8.0_504]
	at cpw.mods.fml.common.FMLModContainer.handleModStateEvent(FMLModContainer.java:532) [FMLModContainer.class:?]
	at sun.reflect.GeneratedMethodAccessor6.invoke(Unknown Source) ~[?:?]
	at sun.reflect.DelegatingMethodAccessorImpl.invoke(DelegatingMethodAccessorImpl.java:43) ~[?:1.8.0_504]
	at java.lang.reflect.Method.invoke(Method.java:498) ~[?:1.8.0_504]
	at com.google.common.eventbus.EventSubscriber.handleEvent(EventSubscriber.java:74) [guava-17.0.jar:?]
	at com.google.common.eventbus.SynchronizedEventSubscriber.handleEvent(SynchronizedEventSubscriber.java:47) [guava-17.0.jar:?]
	at com.google.common.eventbus.EventBus.dispatch(EventBus.java:322) [guava-17.0.jar:?]
	at com.google.common.eventbus.EventBus.dispatchQueuedEvents(EventBus.java:304) [guava-17.0.jar:?]
	at com.google.common.eventbus.EventBus.post(EventBus.java:275) [guava-17.0.jar:?]
	at cpw.mods.fml.common.LoadController.sendEventToModContainer(LoadController.java:212) [LoadController.class:?]
	at cpw.mods.fml.common.LoadController.propogateStateMessage(LoadController.java:190) [LoadController.class:?]
	at sun.reflect.NativeMethodAccessorImpl.invoke0(Native Method) ~[?:1.8.0_504]
	at sun.reflect.NativeMethodAccessorImpl.invoke(NativeMethodAccessorImpl.java:62) ~[?:1.8.0_504]
	at sun.reflect.DelegatingMethodAccessorImpl.invoke(DelegatingMethodAccessorImpl.java:43) ~[?:1.8.0_504]
	at java.lang.reflect.Method.invoke(Method.java:498) ~[?:1.8.0_504]
	at com.google.common.eventbus.EventSubscriber.handleEvent(EventSubscriber.java:74) [guava-17.0.jar:?]
	at com.google.common.eventbus.SynchronizedEventSubscriber.handleEvent(SynchronizedEventSubscriber.java:47) [guava-17.0.jar:?]
	at com.google.common.eventbus.EventBus.dispatch(EventBus.java:322) [guava-17.0.jar:?]
	at com.google.common.eventbus.EventBus.dispatchQueuedEvents(EventBus.java:304) [guava-17.0.jar:?]
	at com.google.common.eventbus.EventBus.post(EventBus.java:275) [guava-17.0.jar:?]
	at cpw.mods.fml.common.LoadController.distributeStateMessage(LoadController.java:119) [LoadController.class:?]
	at cpw.mods.fml.common.Loader.serverStarted(Loader.java:802) [Loader.class:?]
	at cpw.mods.fml.common.FMLCommonHandler.handleServerStarted(FMLCommonHandler.java:283) [FMLCommonHandler.class:?]
	at net.minecraft.server.MinecraftServer.run(MinecraftServer.java:451) [MinecraftServer.class:?]
	at net.minecraft.server.MinecraftServer$2.run(MinecraftServer.java:756) [MinecraftServer$2.class:?]
[05:42:01] [Server thread/ERROR] [FML]: Index: 4 Listeners:
[05:42:01] [Server thread/ERROR] [FML]: 0: NORMAL
[05:42:01] [Server thread/ERROR] [FML]: 1: ASM: com.layue13.clashweave.s1d.DamageExperiment@798bb8bd attackNormal(Lnet/minecraftforge/event/entity/living/LivingAttackEvent;)V
[05:42:01] [Server thread/ERROR] [FML]: 2: LOWEST
[05:42:01] [Server thread/ERROR] [FML]: 3: ASM: com.layue13.clashweave.s1d.EventGate@f20e8ca attackMarker(Lnet/minecraftforge/event/entity/living/LivingAttackEvent;)V
[05:42:01] [Server thread/ERROR] [FML]: 4: ASM: com.layue13.clashweave.s1d.DamageExperiment@798bb8bd attackLowest(Lnet/minecraftforge/event/entity/living/LivingAttackEvent;)V
[05:42:01] [Server thread/INFO] [STDOUT]: [com.layue13.clashweave.s1d.DamageExperiment:boundary:159]: CW3 S1D_BOUNDARY scenario=throw-attack-after-clear player=false before=false history=false path=control state=false:true:0.0:100.0:0:0.0:8 lifecycleRestored=true
[05:42:01] [Server thread/INFO] [STDOUT]: [com.layue13.clashweave.s1d.DamageExperiment:attackLowest:123]: CW3 S1D_THROW at=attack-LOWEST timer=0 last=0.0
[05:42:01] [Server thread/ERROR] [FML]: Exception caught during firing event net.minecraftforge.event.entity.living.LivingAttackEvent@148f9746:
com.layue13.clashweave.s1d.DamageExperiment$FixtureException
	at com.layue13.clashweave.s1d.DamageExperiment.attackLowest(DamageExperiment.java:124) ~[DamageExperiment.class:?]
	at cpw.mods.fml.common.eventhandler.ASMEventHandler_15_DamageExperiment_attackLowest_LivingAttackEvent.invoke(.dynamic) ~[?:?]
	at cpw.mods.fml.common.eventhandler.ASMEventHandler.invoke(ASMEventHandler.java:54) ~[ASMEventHandler.class:?]
	at cpw.mods.fml.common.eventhandler.EventBus.post(EventBus.java:140) [EventBus.class:?]
	at net.minecraftforge.common.ForgeHooks.onLivingAttack(ForgeHooks.java:294) [ForgeHooks.class:?]
	at net.minecraft.entity.EntityLivingBase.attackEntityFrom(EntityLivingBase.java:822) [EntityLivingBase.class:?]
	at net.minecraft.entity.passive.EntityAnimal.attackEntityFrom(EntityAnimal.java:224) [EntityAnimal.class:?]
	at com.layue13.clashweave.s1d.EventGate.apply(EventGate.java:32) [EventGate.class:?]
	at com.layue13.clashweave.s1d.DamageExperiment.boundary(DamageExperiment.java:155) [DamageExperiment.class:?]
	at com.layue13.clashweave.s1d.DamageExperiment.started(DamageExperiment.java:41) [DamageExperiment.class:?]
	at sun.reflect.NativeMethodAccessorImpl.invoke0(Native Method) ~[?:1.8.0_504]
	at sun.reflect.NativeMethodAccessorImpl.invoke(NativeMethodAccessorImpl.java:62) ~[?:1.8.0_504]
	at sun.reflect.DelegatingMethodAccessorImpl.invoke(DelegatingMethodAccessorImpl.java:43) ~[?:1.8.0_504]
	at java.lang.reflect.Method.invoke(Method.java:498) ~[?:1.8.0_504]
	at cpw.mods.fml.common.FMLModContainer.handleModStateEvent(FMLModContainer.java:532) [FMLModContainer.class:?]
	at sun.reflect.GeneratedMethodAccessor6.invoke(Unknown Source) ~[?:?]
	at sun.reflect.DelegatingMethodAccessorImpl.invoke(DelegatingMethodAccessorImpl.java:43) ~[?:1.8.0_504]
	at java.lang.reflect.Method.invoke(Method.java:498) ~[?:1.8.0_504]
	at com.google.common.eventbus.EventSubscriber.handleEvent(EventSubscriber.java:74) [guava-17.0.jar:?]
	at com.google.common.eventbus.SynchronizedEventSubscriber.handleEvent(SynchronizedEventSubscriber.java:47) [guava-17.0.jar:?]
	at com.google.common.eventbus.EventBus.dispatch(EventBus.java:322) [guava-17.0.jar:?]
	at com.google.common.eventbus.EventBus.dispatchQueuedEvents(EventBus.java:304) [guava-17.0.jar:?]
	at com.google.common.eventbus.EventBus.post(EventBus.java:275) [guava-17.0.jar:?]
	at cpw.mods.fml.common.LoadController.sendEventToModContainer(LoadController.java:212) [LoadController.class:?]
	at cpw.mods.fml.common.LoadController.propogateStateMessage(LoadController.java:190) [LoadController.class:?]
	at sun.reflect.NativeMethodAccessorImpl.invoke0(Native Method) ~[?:1.8.0_504]
	at sun.reflect.NativeMethodAccessorImpl.invoke(NativeMethodAccessorImpl.java:62) ~[?:1.8.0_504]
	at sun.reflect.DelegatingMethodAccessorImpl.invoke(DelegatingMethodAccessorImpl.java:43) ~[?:1.8.0_504]
	at java.lang.reflect.Method.invoke(Method.java:498) ~[?:1.8.0_504]
	at com.google.common.eventbus.EventSubscriber.handleEvent(EventSubscriber.java:74) [guava-17.0.jar:?]
	at com.google.common.eventbus.SynchronizedEventSubscriber.handleEvent(SynchronizedEventSubscriber.java:47) [guava-17.0.jar:?]
	at com.google.common.eventbus.EventBus.dispatch(EventBus.java:322) [guava-17.0.jar:?]
	at com.google.common.eventbus.EventBus.dispatchQueuedEvents(EventBus.java:304) [guava-17.0.jar:?]
	at com.google.common.eventbus.EventBus.post(EventBus.java:275) [guava-17.0.jar:?]
	at cpw.mods.fml.common.LoadController.distributeStateMessage(LoadController.java:119) [LoadController.class:?]
	at cpw.mods.fml.common.Loader.serverStarted(Loader.java:802) [Loader.class:?]
	at cpw.mods.fml.common.FMLCommonHandler.handleServerStarted(FMLCommonHandler.java:283) [FMLCommonHandler.class:?]
	at net.minecraft.server.MinecraftServer.run(MinecraftServer.java:451) [MinecraftServer.class:?]
	at net.minecraft.server.MinecraftServer$2.run(MinecraftServer.java:756) [MinecraftServer$2.class:?]
[05:42:01] [Server thread/ERROR] [FML]: Index: 4 Listeners:
[05:42:01] [Server thread/ERROR] [FML]: 0: NORMAL
[05:42:01] [Server thread/ERROR] [FML]: 1: ASM: com.layue13.clashweave.s1d.DamageExperiment@798bb8bd attackNormal(Lnet/minecraftforge/event/entity/living/LivingAttackEvent;)V
[05:42:01] [Server thread/ERROR] [FML]: 2: LOWEST
[05:42:01] [Server thread/ERROR] [FML]: 3: ASM: com.layue13.clashweave.s1d.EventGate@f20e8ca attackMarker(Lnet/minecraftforge/event/entity/living/LivingAttackEvent;)V
[05:42:01] [Server thread/ERROR] [FML]: 4: ASM: com.layue13.clashweave.s1d.DamageExperiment@798bb8bd attackLowest(Lnet/minecraftforge/event/entity/living/LivingAttackEvent;)V
[05:42:01] [Server thread/INFO] [STDOUT]: [com.layue13.clashweave.s1d.DamageExperiment:boundary:159]: CW3 S1D_BOUNDARY scenario=throw-attack-after-clear player=false before=false history=false path=candidate state=false:true:0.0:100.0:0:0.0:8 lifecycleRestored=true
[05:42:01] [Server thread/INFO] [STDOUT]: [com.layue13.clashweave.s1d.DamageExperiment:boundary:162]: CW3 S1D_BOUNDARY_PAIR scenario=throw-attack-after-clear player=false before=false history=false equivalent=true
[05:42:01] [Server thread/INFO] [STDOUT]: [com.layue13.clashweave.s1d.DamageExperiment:attackLowest:123]: CW3 S1D_THROW at=attack-LOWEST timer=13 last=4.0
[05:42:01] [Server thread/ERROR] [FML]: Exception caught during firing event net.minecraftforge.event.entity.living.LivingAttackEvent@1c930e50:
com.layue13.clashweave.s1d.DamageExperiment$FixtureException
	at com.layue13.clashweave.s1d.DamageExperiment.attackLowest(DamageExperiment.java:124) ~[DamageExperiment.class:?]
	at cpw.mods.fml.common.eventhandler.ASMEventHandler_15_DamageExperiment_attackLowest_LivingAttackEvent.invoke(.dynamic) ~[?:?]
	at cpw.mods.fml.common.eventhandler.ASMEventHandler.invoke(ASMEventHandler.java:54) ~[ASMEventHandler.class:?]
	at cpw.mods.fml.common.eventhandler.EventBus.post(EventBus.java:140) [EventBus.class:?]
	at net.minecraftforge.common.ForgeHooks.onLivingAttack(ForgeHooks.java:294) [ForgeHooks.class:?]
	at net.minecraft.entity.EntityLivingBase.attackEntityFrom(EntityLivingBase.java:822) [EntityLivingBase.class:?]
	at net.minecraft.entity.passive.EntityAnimal.attackEntityFrom(EntityAnimal.java:224) [EntityAnimal.class:?]
	at com.layue13.clashweave.s1d.DamageExperiment.boundary(DamageExperiment.java:155) [DamageExperiment.class:?]
	at com.layue13.clashweave.s1d.DamageExperiment.started(DamageExperiment.java:41) [DamageExperiment.class:?]
	at sun.reflect.NativeMethodAccessorImpl.invoke0(Native Method) ~[?:1.8.0_504]
	at sun.reflect.NativeMethodAccessorImpl.invoke(NativeMethodAccessorImpl.java:62) ~[?:1.8.0_504]
	at sun.reflect.DelegatingMethodAccessorImpl.invoke(DelegatingMethodAccessorImpl.java:43) ~[?:1.8.0_504]
	at java.lang.reflect.Method.invoke(Method.java:498) ~[?:1.8.0_504]
	at cpw.mods.fml.common.FMLModContainer.handleModStateEvent(FMLModContainer.java:532) [FMLModContainer.class:?]
	at sun.reflect.GeneratedMethodAccessor6.invoke(Unknown Source) ~[?:?]
	at sun.reflect.DelegatingMethodAccessorImpl.invoke(DelegatingMethodAccessorImpl.java:43) ~[?:1.8.0_504]
	at java.lang.reflect.Method.invoke(Method.java:498) ~[?:1.8.0_504]
	at com.google.common.eventbus.EventSubscriber.handleEvent(EventSubscriber.java:74) [guava-17.0.jar:?]
	at com.google.common.eventbus.SynchronizedEventSubscriber.handleEvent(SynchronizedEventSubscriber.java:47) [guava-17.0.jar:?]
	at com.google.common.eventbus.EventBus.dispatch(EventBus.java:322) [guava-17.0.jar:?]
	at com.google.common.eventbus.EventBus.dispatchQueuedEvents(EventBus.java:304) [guava-17.0.jar:?]
	at com.google.common.eventbus.EventBus.post(EventBus.java:275) [guava-17.0.jar:?]
	at cpw.mods.fml.common.LoadController.sendEventToModContainer(LoadController.java:212) [LoadController.class:?]
	at cpw.mods.fml.common.LoadController.propogateStateMessage(LoadController.java:190) [LoadController.class:?]
	at sun.reflect.NativeMethodAccessorImpl.invoke0(Native Method) ~[?:1.8.0_504]
	at sun.reflect.NativeMethodAccessorImpl.invoke(NativeMethodAccessorImpl.java:62) ~[?:1.8.0_504]
	at sun.reflect.DelegatingMethodAccessorImpl.invoke(DelegatingMethodAccessorImpl.java:43) ~[?:1.8.0_504]
	at java.lang.reflect.Method.invoke(Method.java:498) ~[?:1.8.0_504]
	at com.google.common.eventbus.EventSubscriber.handleEvent(EventSubscriber.java:74) [guava-17.0.jar:?]
	at com.google.common.eventbus.SynchronizedEventSubscriber.handleEvent(SynchronizedEventSubscriber.java:47) [guava-17.0.jar:?]
	at com.google.common.eventbus.EventBus.dispatch(EventBus.java:322) [guava-17.0.jar:?]
	at com.google.common.eventbus.EventBus.dispatchQueuedEvents(EventBus.java:304) [guava-17.0.jar:?]
	at com.google.common.eventbus.EventBus.post(EventBus.java:275) [guava-17.0.jar:?]
	at cpw.mods.fml.common.LoadController.distributeStateMessage(LoadController.java:119) [LoadController.class:?]
	at cpw.mods.fml.common.Loader.serverStarted(Loader.java:802) [Loader.class:?]
	at cpw.mods.fml.common.FMLCommonHandler.handleServerStarted(FMLCommonHandler.java:283) [FMLCommonHandler.class:?]
	at net.minecraft.server.MinecraftServer.run(MinecraftServer.java:451) [MinecraftServer.class:?]
	at net.minecraft.server.MinecraftServer$2.run(MinecraftServer.java:756) [MinecraftServer$2.class:?]
[05:42:01] [Server thread/ERROR] [FML]: Index: 4 Listeners:
[05:42:01] [Server thread/ERROR] [FML]: 0: NORMAL
[05:42:01] [Server thread/ERROR] [FML]: 1: ASM: com.layue13.clashweave.s1d.DamageExperiment@798bb8bd attackNormal(Lnet/minecraftforge/event/entity/living/LivingAttackEvent;)V
[05:42:01] [Server thread/ERROR] [FML]: 2: LOWEST
[05:42:01] [Server thread/ERROR] [FML]: 3: ASM: com.layue13.clashweave.s1d.EventGate@f20e8ca attackMarker(Lnet/minecraftforge/event/entity/living/LivingAttackEvent;)V
[05:42:01] [Server thread/ERROR] [FML]: 4: ASM: com.layue13.clashweave.s1d.DamageExperiment@798bb8bd attackLowest(Lnet/minecraftforge/event/entity/living/LivingAttackEvent;)V
[05:42:01] [Server thread/INFO] [STDOUT]: [com.layue13.clashweave.s1d.DamageExperiment:boundary:159]: CW3 S1D_BOUNDARY scenario=throw-attack-after-clear player=false before=false history=true path=control state=false:true:0.0:96.0:13:4.0:8 lifecycleRestored=true
[05:42:01] [Server thread/INFO] [STDOUT]: [com.layue13.clashweave.s1d.DamageExperiment:attackLowest:123]: CW3 S1D_THROW at=attack-LOWEST timer=13 last=4.0
[05:42:01] [Server thread/ERROR] [FML]: Exception caught during firing event net.minecraftforge.event.entity.living.LivingAttackEvent@7a397715:
com.layue13.clashweave.s1d.DamageExperiment$FixtureException
	at com.layue13.clashweave.s1d.DamageExperiment.attackLowest(DamageExperiment.java:124) ~[DamageExperiment.class:?]
	at cpw.mods.fml.common.eventhandler.ASMEventHandler_15_DamageExperiment_attackLowest_LivingAttackEvent.invoke(.dynamic) ~[?:?]
	at cpw.mods.fml.common.eventhandler.ASMEventHandler.invoke(ASMEventHandler.java:54) ~[ASMEventHandler.class:?]
	at cpw.mods.fml.common.eventhandler.EventBus.post(EventBus.java:140) [EventBus.class:?]
	at net.minecraftforge.common.ForgeHooks.onLivingAttack(ForgeHooks.java:294) [ForgeHooks.class:?]
	at net.minecraft.entity.EntityLivingBase.attackEntityFrom(EntityLivingBase.java:822) [EntityLivingBase.class:?]
	at net.minecraft.entity.passive.EntityAnimal.attackEntityFrom(EntityAnimal.java:224) [EntityAnimal.class:?]
	at com.layue13.clashweave.s1d.EventGate.apply(EventGate.java:32) [EventGate.class:?]
	at com.layue13.clashweave.s1d.DamageExperiment.boundary(DamageExperiment.java:155) [DamageExperiment.class:?]
	at com.layue13.clashweave.s1d.DamageExperiment.started(DamageExperiment.java:41) [DamageExperiment.class:?]
	at sun.reflect.NativeMethodAccessorImpl.invoke0(Native Method) ~[?:1.8.0_504]
	at sun.reflect.NativeMethodAccessorImpl.invoke(NativeMethodAccessorImpl.java:62) ~[?:1.8.0_504]
	at sun.reflect.DelegatingMethodAccessorImpl.invoke(DelegatingMethodAccessorImpl.java:43) ~[?:1.8.0_504]
	at java.lang.reflect.Method.invoke(Method.java:498) ~[?:1.8.0_504]
	at cpw.mods.fml.common.FMLModContainer.handleModStateEvent(FMLModContainer.java:532) [FMLModContainer.class:?]
	at sun.reflect.GeneratedMethodAccessor6.invoke(Unknown Source) ~[?:?]
	at sun.reflect.DelegatingMethodAccessorImpl.invoke(DelegatingMethodAccessorImpl.java:43) ~[?:1.8.0_504]
	at java.lang.reflect.Method.invoke(Method.java:498) ~[?:1.8.0_504]
	at com.google.common.eventbus.EventSubscriber.handleEvent(EventSubscriber.java:74) [guava-17.0.jar:?]
	at com.google.common.eventbus.SynchronizedEventSubscriber.handleEvent(SynchronizedEventSubscriber.java:47) [guava-17.0.jar:?]
	at com.google.common.eventbus.EventBus.dispatch(EventBus.java:322) [guava-17.0.jar:?]
	at com.google.common.eventbus.EventBus.dispatchQueuedEvents(EventBus.java:304) [guava-17.0.jar:?]
	at com.google.common.eventbus.EventBus.post(EventBus.java:275) [guava-17.0.jar:?]
	at cpw.mods.fml.common.LoadController.sendEventToModContainer(LoadController.java:212) [LoadController.class:?]
	at cpw.mods.fml.common.LoadController.propogateStateMessage(LoadController.java:190) [LoadController.class:?]
	at sun.reflect.NativeMethodAccessorImpl.invoke0(Native Method) ~[?:1.8.0_504]
	at sun.reflect.NativeMethodAccessorImpl.invoke(NativeMethodAccessorImpl.java:62) ~[?:1.8.0_504]
	at sun.reflect.DelegatingMethodAccessorImpl.invoke(DelegatingMethodAccessorImpl.java:43) ~[?:1.8.0_504]
	at java.lang.reflect.Method.invoke(Method.java:498) ~[?:1.8.0_504]
	at com.google.common.eventbus.EventSubscriber.handleEvent(EventSubscriber.java:74) [guava-17.0.jar:?]
	at com.google.common.eventbus.SynchronizedEventSubscriber.handleEvent(SynchronizedEventSubscriber.java:47) [guava-17.0.jar:?]
	at com.google.common.eventbus.EventBus.dispatch(EventBus.java:322) [guava-17.0.jar:?]
	at com.google.common.eventbus.EventBus.dispatchQueuedEvents(EventBus.java:304) [guava-17.0.jar:?]
	at com.google.common.eventbus.EventBus.post(EventBus.java:275) [guava-17.0.jar:?]
	at cpw.mods.fml.common.LoadController.distributeStateMessage(LoadController.java:119) [LoadController.class:?]
	at cpw.mods.fml.common.Loader.serverStarted(Loader.java:802) [Loader.class:?]
	at cpw.mods.fml.common.FMLCommonHandler.handleServerStarted(FMLCommonHandler.java:283) [FMLCommonHandler.class:?]
	at net.minecraft.server.MinecraftServer.run(MinecraftServer.java:451) [MinecraftServer.class:?]
	at net.minecraft.server.MinecraftServer$2.run(MinecraftServer.java:756) [MinecraftServer$2.class:?]
[05:42:01] [Server thread/ERROR] [FML]: Index: 4 Listeners:
[05:42:01] [Server thread/ERROR] [FML]: 0: NORMAL
[05:42:01] [Server thread/ERROR] [FML]: 1: ASM: com.layue13.clashweave.s1d.DamageExperiment@798bb8bd attackNormal(Lnet/minecraftforge/event/entity/living/LivingAttackEvent;)V
[05:42:01] [Server thread/ERROR] [FML]: 2: LOWEST
[05:42:01] [Server thread/ERROR] [FML]: 3: ASM: com.layue13.clashweave.s1d.EventGate@f20e8ca attackMarker(Lnet/minecraftforge/event/entity/living/LivingAttackEvent;)V
[05:42:01] [Server thread/ERROR] [FML]: 4: ASM: com.layue13.clashweave.s1d.DamageExperiment@798bb8bd attackLowest(Lnet/minecraftforge/event/entity/living/LivingAttackEvent;)V
[05:42:01] [Server thread/INFO] [STDOUT]: [com.layue13.clashweave.s1d.DamageExperiment:boundary:159]: CW3 S1D_BOUNDARY scenario=throw-attack-after-clear player=false before=false history=true path=candidate state=false:true:0.0:96.0:13:4.0:8 lifecycleRestored=true
[05:42:01] [Server thread/INFO] [STDOUT]: [com.layue13.clashweave.s1d.DamageExperiment:boundary:162]: CW3 S1D_BOUNDARY_PAIR scenario=throw-attack-after-clear player=false before=false history=true equivalent=true
[05:42:01] [Server thread/INFO] [STDOUT]: [com.layue13.clashweave.s1d.DamageExperiment:hurtHighest:131]: CW3 S1D_THROW at=hurt-HIGHEST timer=8 last=2.0
[05:42:01] [Server thread/ERROR] [FML]: Exception caught during firing event net.minecraftforge.event.entity.living.LivingHurtEvent@14f1a868:
com.layue13.clashweave.s1d.DamageExperiment$FixtureException
	at com.layue13.clashweave.s1d.DamageExperiment.hurtHighest(DamageExperiment.java:132) ~[DamageExperiment.class:?]
	at cpw.mods.fml.common.eventhandler.ASMEventHandler_16_DamageExperiment_hurtHighest_LivingHurtEvent.invoke(.dynamic) ~[?:?]
	at cpw.mods.fml.common.eventhandler.ASMEventHandler.invoke(ASMEventHandler.java:54) ~[ASMEventHandler.class:?]
	at cpw.mods.fml.common.eventhandler.EventBus.post(EventBus.java:140) [EventBus.class:?]
	at net.minecraftforge.common.ForgeHooks.onLivingHurt(ForgeHooks.java:300) [ForgeHooks.class:?]
	at net.minecraft.entity.EntityLivingBase.damageEntity(EntityLivingBase.java:1261) [EntityLivingBase.class:?]
	at net.minecraft.entity.EntityLivingBase.attackEntityFrom(EntityLivingBase.java:870) [EntityLivingBase.class:?]
	at net.minecraft.entity.passive.EntityAnimal.attackEntityFrom(EntityAnimal.java:224) [EntityAnimal.class:?]
	at com.layue13.clashweave.s1d.DamageExperiment.boundary(DamageExperiment.java:155) [DamageExperiment.class:?]
	at com.layue13.clashweave.s1d.DamageExperiment.started(DamageExperiment.java:41) [DamageExperiment.class:?]
	at sun.reflect.NativeMethodAccessorImpl.invoke0(Native Method) ~[?:1.8.0_504]
	at sun.reflect.NativeMethodAccessorImpl.invoke(NativeMethodAccessorImpl.java:62) ~[?:1.8.0_504]
	at sun.reflect.DelegatingMethodAccessorImpl.invoke(DelegatingMethodAccessorImpl.java:43) ~[?:1.8.0_504]
	at java.lang.reflect.Method.invoke(Method.java:498) ~[?:1.8.0_504]
	at cpw.mods.fml.common.FMLModContainer.handleModStateEvent(FMLModContainer.java:532) [FMLModContainer.class:?]
	at sun.reflect.GeneratedMethodAccessor6.invoke(Unknown Source) ~[?:?]
	at sun.reflect.DelegatingMethodAccessorImpl.invoke(DelegatingMethodAccessorImpl.java:43) ~[?:1.8.0_504]
	at java.lang.reflect.Method.invoke(Method.java:498) ~[?:1.8.0_504]
	at com.google.common.eventbus.EventSubscriber.handleEvent(EventSubscriber.java:74) [guava-17.0.jar:?]
	at com.google.common.eventbus.SynchronizedEventSubscriber.handleEvent(SynchronizedEventSubscriber.java:47) [guava-17.0.jar:?]
	at com.google.common.eventbus.EventBus.dispatch(EventBus.java:322) [guava-17.0.jar:?]
	at com.google.common.eventbus.EventBus.dispatchQueuedEvents(EventBus.java:304) [guava-17.0.jar:?]
	at com.google.common.eventbus.EventBus.post(EventBus.java:275) [guava-17.0.jar:?]
	at cpw.mods.fml.common.LoadController.sendEventToModContainer(LoadController.java:212) [LoadController.class:?]
	at cpw.mods.fml.common.LoadController.propogateStateMessage(LoadController.java:190) [LoadController.class:?]
	at sun.reflect.NativeMethodAccessorImpl.invoke0(Native Method) ~[?:1.8.0_504]
	at sun.reflect.NativeMethodAccessorImpl.invoke(NativeMethodAccessorImpl.java:62) ~[?:1.8.0_504]
	at sun.reflect.DelegatingMethodAccessorImpl.invoke(DelegatingMethodAccessorImpl.java:43) ~[?:1.8.0_504]
	at java.lang.reflect.Method.invoke(Method.java:498) ~[?:1.8.0_504]
	at com.google.common.eventbus.EventSubscriber.handleEvent(EventSubscriber.java:74) [guava-17.0.jar:?]
	at com.google.common.eventbus.SynchronizedEventSubscriber.handleEvent(SynchronizedEventSubscriber.java:47) [guava-17.0.jar:?]
	at com.google.common.eventbus.EventBus.dispatch(EventBus.java:322) [guava-17.0.jar:?]
	at com.google.common.eventbus.EventBus.dispatchQueuedEvents(EventBus.java:304) [guava-17.0.jar:?]
	at com.google.common.eventbus.EventBus.post(EventBus.java:275) [guava-17.0.jar:?]
	at cpw.mods.fml.common.LoadController.distributeStateMessage(LoadController.java:119) [LoadController.class:?]
	at cpw.mods.fml.common.Loader.serverStarted(Loader.java:802) [Loader.class:?]
	at cpw.mods.fml.common.FMLCommonHandler.handleServerStarted(FMLCommonHandler.java:283) [FMLCommonHandler.class:?]
	at net.minecraft.server.MinecraftServer.run(MinecraftServer.java:451) [MinecraftServer.class:?]
	at net.minecraft.server.MinecraftServer$2.run(MinecraftServer.java:756) [MinecraftServer$2.class:?]
[05:42:01] [Server thread/ERROR] [FML]: Index: 2 Listeners:
[05:42:01] [Server thread/ERROR] [FML]: 0: HIGHEST
[05:42:01] [Server thread/ERROR] [FML]: 1: ASM: com.layue13.clashweave.s1d.EventGate@f20e8ca hurtMarker(Lnet/minecraftforge/event/entity/living/LivingHurtEvent;)V
[05:42:01] [Server thread/ERROR] [FML]: 2: ASM: com.layue13.clashweave.s1d.DamageExperiment@798bb8bd hurtHighest(Lnet/minecraftforge/event/entity/living/LivingHurtEvent;)V
[05:42:01] [Server thread/ERROR] [FML]: 3: HIGH
[05:42:01] [Server thread/ERROR] [FML]: 4: ASM: com.layue13.clashweave.s1d.DamageExperiment@798bb8bd hurtHigh(Lnet/minecraftforge/event/entity/living/LivingHurtEvent;)V
[05:42:01] [Server thread/ERROR] [FML]: 5: LOW
[05:42:01] [Server thread/ERROR] [FML]: 6: ASM: com.layue13.clashweave.s1d.DamageExperiment@798bb8bd hurtLow(Lnet/minecraftforge/event/entity/living/LivingHurtEvent;)V
[05:42:01] [Server thread/INFO] [STDOUT]: [com.layue13.clashweave.s1d.DamageExperiment:boundary:159]: CW3 S1D_BOUNDARY scenario=throw-hurt-before-restore player=false before=false history=false path=control state=false:true:0.0:100.0:8:2.0:8 lifecycleRestored=true
[05:42:01] [Server thread/INFO] [STDOUT]: [com.layue13.clashweave.s1d.DamageExperiment:hurtHighest:131]: CW3 S1D_THROW at=hurt-HIGHEST timer=8 last=2.0
[05:42:01] [Server thread/ERROR] [FML]: Exception caught during firing event net.minecraftforge.event.entity.living.LivingHurtEvent@226eba72:
com.layue13.clashweave.s1d.DamageExperiment$FixtureException
	at com.layue13.clashweave.s1d.DamageExperiment.hurtHighest(DamageExperiment.java:132) ~[DamageExperiment.class:?]
	at cpw.mods.fml.common.eventhandler.ASMEventHandler_16_DamageExperiment_hurtHighest_LivingHurtEvent.invoke(.dynamic) ~[?:?]
	at cpw.mods.fml.common.eventhandler.ASMEventHandler.invoke(ASMEventHandler.java:54) ~[ASMEventHandler.class:?]
	at cpw.mods.fml.common.eventhandler.EventBus.post(EventBus.java:140) [EventBus.class:?]
	at net.minecraftforge.common.ForgeHooks.onLivingHurt(ForgeHooks.java:300) [ForgeHooks.class:?]
	at net.minecraft.entity.EntityLivingBase.damageEntity(EntityLivingBase.java:1261) [EntityLivingBase.class:?]
	at net.minecraft.entity.EntityLivingBase.attackEntityFrom(EntityLivingBase.java:870) [EntityLivingBase.class:?]
	at net.minecraft.entity.passive.EntityAnimal.attackEntityFrom(EntityAnimal.java:224) [EntityAnimal.class:?]
	at com.layue13.clashweave.s1d.EventGate.apply(EventGate.java:32) [EventGate.class:?]
	at com.layue13.clashweave.s1d.DamageExperiment.boundary(DamageExperiment.java:155) [DamageExperiment.class:?]
	at com.layue13.clashweave.s1d.DamageExperiment.started(DamageExperiment.java:41) [DamageExperiment.class:?]
	at sun.reflect.NativeMethodAccessorImpl.invoke0(Native Method) ~[?:1.8.0_504]
	at sun.reflect.NativeMethodAccessorImpl.invoke(NativeMethodAccessorImpl.java:62) ~[?:1.8.0_504]
	at sun.reflect.DelegatingMethodAccessorImpl.invoke(DelegatingMethodAccessorImpl.java:43) ~[?:1.8.0_504]
	at java.lang.reflect.Method.invoke(Method.java:498) ~[?:1.8.0_504]
	at cpw.mods.fml.common.FMLModContainer.handleModStateEvent(FMLModContainer.java:532) [FMLModContainer.class:?]
	at sun.reflect.GeneratedMethodAccessor6.invoke(Unknown Source) ~[?:?]
	at sun.reflect.DelegatingMethodAccessorImpl.invoke(DelegatingMethodAccessorImpl.java:43) ~[?:1.8.0_504]
	at java.lang.reflect.Method.invoke(Method.java:498) ~[?:1.8.0_504]
	at com.google.common.eventbus.EventSubscriber.handleEvent(EventSubscriber.java:74) [guava-17.0.jar:?]
	at com.google.common.eventbus.SynchronizedEventSubscriber.handleEvent(SynchronizedEventSubscriber.java:47) [guava-17.0.jar:?]
	at com.google.common.eventbus.EventBus.dispatch(EventBus.java:322) [guava-17.0.jar:?]
	at com.google.common.eventbus.EventBus.dispatchQueuedEvents(EventBus.java:304) [guava-17.0.jar:?]
	at com.google.common.eventbus.EventBus.post(EventBus.java:275) [guava-17.0.jar:?]
	at cpw.mods.fml.common.LoadController.sendEventToModContainer(LoadController.java:212) [LoadController.class:?]
	at cpw.mods.fml.common.LoadController.propogateStateMessage(LoadController.java:190) [LoadController.class:?]
	at sun.reflect.NativeMethodAccessorImpl.invoke0(Native Method) ~[?:1.8.0_504]
	at sun.reflect.NativeMethodAccessorImpl.invoke(NativeMethodAccessorImpl.java:62) ~[?:1.8.0_504]
	at sun.reflect.DelegatingMethodAccessorImpl.invoke(DelegatingMethodAccessorImpl.java:43) ~[?:1.8.0_504]
	at java.lang.reflect.Method.invoke(Method.java:498) ~[?:1.8.0_504]
	at com.google.common.eventbus.EventSubscriber.handleEvent(EventSubscriber.java:74) [guava-17.0.jar:?]
	at com.google.common.eventbus.SynchronizedEventSubscriber.handleEvent(SynchronizedEventSubscriber.java:47) [guava-17.0.jar:?]
	at com.google.common.eventbus.EventBus.dispatch(EventBus.java:322) [guava-17.0.jar:?]
	at com.google.common.eventbus.EventBus.dispatchQueuedEvents(EventBus.java:304) [guava-17.0.jar:?]
	at com.google.common.eventbus.EventBus.post(EventBus.java:275) [guava-17.0.jar:?]
	at cpw.mods.fml.common.LoadController.distributeStateMessage(LoadController.java:119) [LoadController.class:?]
	at cpw.mods.fml.common.Loader.serverStarted(Loader.java:802) [Loader.class:?]
	at cpw.mods.fml.common.FMLCommonHandler.handleServerStarted(FMLCommonHandler.java:283) [FMLCommonHandler.class:?]
	at net.minecraft.server.MinecraftServer.run(MinecraftServer.java:451) [MinecraftServer.class:?]
	at net.minecraft.server.MinecraftServer$2.run(MinecraftServer.java:756) [MinecraftServer$2.class:?]
[05:42:01] [Server thread/ERROR] [FML]: Index: 2 Listeners:
[05:42:01] [Server thread/ERROR] [FML]: 0: HIGHEST
[05:42:01] [Server thread/ERROR] [FML]: 1: ASM: com.layue13.clashweave.s1d.EventGate@f20e8ca hurtMarker(Lnet/minecraftforge/event/entity/living/LivingHurtEvent;)V
[05:42:01] [Server thread/ERROR] [FML]: 2: ASM: com.layue13.clashweave.s1d.DamageExperiment@798bb8bd hurtHighest(Lnet/minecraftforge/event/entity/living/LivingHurtEvent;)V
[05:42:01] [Server thread/ERROR] [FML]: 3: HIGH
[05:42:01] [Server thread/ERROR] [FML]: 4: ASM: com.layue13.clashweave.s1d.DamageExperiment@798bb8bd hurtHigh(Lnet/minecraftforge/event/entity/living/LivingHurtEvent;)V
[05:42:01] [Server thread/ERROR] [FML]: 5: LOW
[05:42:01] [Server thread/ERROR] [FML]: 6: ASM: com.layue13.clashweave.s1d.DamageExperiment@798bb8bd hurtLow(Lnet/minecraftforge/event/entity/living/LivingHurtEvent;)V
[05:42:01] [Server thread/INFO] [STDOUT]: [com.layue13.clashweave.s1d.DamageExperiment:boundary:159]: CW3 S1D_BOUNDARY scenario=throw-hurt-before-restore player=false before=false history=false path=candidate state=false:true:0.0:100.0:8:2.0:8 lifecycleRestored=true
[05:42:01] [Server thread/INFO] [STDOUT]: [com.layue13.clashweave.s1d.DamageExperiment:boundary:162]: CW3 S1D_BOUNDARY_PAIR scenario=throw-hurt-before-restore player=false before=false history=false equivalent=true
[05:42:01] [Server thread/INFO] [STDOUT]: [com.layue13.clashweave.s1d.DamageExperiment:boundary:159]: CW3 S1D_BOUNDARY scenario=throw-hurt-before-restore player=false before=false history=true path=control state=false:false:0.0:96.0:13:4.0:8 lifecycleRestored=true
[05:42:01] [Server thread/INFO] [STDOUT]: [com.layue13.clashweave.s1d.DamageExperiment:boundary:159]: CW3 S1D_BOUNDARY scenario=throw-hurt-before-restore player=false before=false history=true path=candidate state=false:false:0.0:96.0:13:4.0:8 lifecycleRestored=true
[05:42:01] [Server thread/INFO] [STDOUT]: [com.layue13.clashweave.s1d.DamageExperiment:boundary:162]: CW3 S1D_BOUNDARY_PAIR scenario=throw-hurt-before-restore player=false before=false history=true equivalent=true
[05:42:01] [Server thread/INFO] [STDOUT]: [com.layue13.clashweave.s1d.DamageExperiment:nested:108]: CW3 S1D_NESTED scenario=attack-normal path=control at=attack-NORMAL timer=13 last=4.0 accepted=false loss=0.0
[05:42:01] [Server thread/INFO] [STDOUT]: [com.layue13.clashweave.s1d.DamageExperiment:run:99]: CW3 S1D_OUTER scenario=attack-normal path=control accepted=false hp=96.0 timer=13 last=4.0
[05:42:01] [Server thread/INFO] [STDOUT]: [com.layue13.clashweave.s1d.DamageExperiment:nested:108]: CW3 S1D_NESTED scenario=attack-normal path=candidate at=attack-NORMAL timer=13 last=4.0 accepted=false loss=0.0
[05:42:01] [Server thread/INFO] [STDOUT]: [com.layue13.clashweave.s1d.DamageExperiment:run:99]: CW3 S1D_OUTER scenario=attack-normal path=candidate accepted=false hp=96.0 timer=13 last=4.0
[05:42:01] [Server thread/INFO] [STDOUT]: [com.layue13.clashweave.s1d.DamageExperiment:pair:93]: CW3 S1D_PAIR scenario=attack-normal player=false listenerRegisteredBeforeGate=true controlNested=false candidateNested=false controlLoss=0.0 candidateLoss=0.0 callbacks=1,1 equivalent=true
[05:42:01] [Server thread/INFO] [STDOUT]: [com.layue13.clashweave.s1d.DamageExperiment:nested:108]: CW3 S1D_NESTED scenario=hurt-high path=control at=hurt-HIGH timer=13 last=4.0 accepted=false loss=0.0
[05:42:01] [Server thread/INFO] [STDOUT]: [com.layue13.clashweave.s1d.DamageExperiment:run:99]: CW3 S1D_OUTER scenario=hurt-high path=control accepted=true hp=94.0 timer=13 last=6.0
[05:42:01] [Server thread/INFO] [STDOUT]: [com.layue13.clashweave.s1d.DamageExperiment:nested:108]: CW3 S1D_NESTED scenario=hurt-high path=candidate at=hurt-HIGH timer=13 last=4.0 accepted=false loss=0.0
[05:42:01] [Server thread/INFO] [STDOUT]: [com.layue13.clashweave.s1d.DamageExperiment:run:99]: CW3 S1D_OUTER scenario=hurt-high path=candidate accepted=true hp=94.0 timer=13 last=6.0
[05:42:01] [Server thread/INFO] [STDOUT]: [com.layue13.clashweave.s1d.DamageExperiment:pair:93]: CW3 S1D_PAIR scenario=hurt-high player=false listenerRegisteredBeforeGate=true controlNested=false candidateNested=false controlLoss=0.0 candidateLoss=0.0 callbacks=1,1 equivalent=true
[05:42:01] [Server thread/INFO] [STDOUT]: [com.layue13.clashweave.s1d.DamageExperiment:nested:108]: CW3 S1D_NESTED scenario=hurt-low path=control at=hurt-LOW timer=13 last=4.0 accepted=false loss=0.0
[05:42:01] [Server thread/INFO] [STDOUT]: [com.layue13.clashweave.s1d.DamageExperiment:run:99]: CW3 S1D_OUTER scenario=hurt-low path=control accepted=true hp=94.0 timer=13 last=6.0
[05:42:01] [Server thread/INFO] [STDOUT]: [com.layue13.clashweave.s1d.DamageExperiment:nested:108]: CW3 S1D_NESTED scenario=hurt-low path=candidate at=hurt-LOW timer=13 last=4.0 accepted=false loss=0.0
[05:42:01] [Server thread/INFO] [STDOUT]: [com.layue13.clashweave.s1d.DamageExperiment:run:99]: CW3 S1D_OUTER scenario=hurt-low path=candidate accepted=true hp=94.0 timer=13 last=6.0
[05:42:01] [Server thread/INFO] [STDOUT]: [com.layue13.clashweave.s1d.DamageExperiment:pair:93]: CW3 S1D_PAIR scenario=hurt-low player=false listenerRegisteredBeforeGate=true controlNested=false candidateNested=false controlLoss=0.0 candidateLoss=0.0 callbacks=1,1 equivalent=true
[05:42:01] [Server thread/INFO] [STDOUT]: [com.layue13.clashweave.s1d.DamageExperiment:nested:108]: CW3 S1D_NESTED scenario=attack-lowest-before path=control at=attack-LOWEST timer=13 last=4.0 accepted=false loss=0.0
[05:42:01] [Server thread/INFO] [STDOUT]: [com.layue13.clashweave.s1d.DamageExperiment:run:99]: CW3 S1D_OUTER scenario=attack-lowest-before path=control accepted=false hp=96.0 timer=13 last=4.0
[05:42:01] [Server thread/INFO] [STDOUT]: [com.layue13.clashweave.s1d.DamageExperiment:nested:108]: CW3 S1D_NESTED scenario=attack-lowest-before path=candidate at=attack-LOWEST timer=13 last=4.0 accepted=false loss=0.0
[05:42:01] [Server thread/INFO] [STDOUT]: [com.layue13.clashweave.s1d.DamageExperiment:run:99]: CW3 S1D_OUTER scenario=attack-lowest-before path=candidate accepted=false hp=96.0 timer=13 last=4.0
[05:42:01] [Server thread/INFO] [STDOUT]: [com.layue13.clashweave.s1d.DamageExperiment:pair:93]: CW3 S1D_PAIR scenario=attack-lowest-before player=false listenerRegisteredBeforeGate=true controlNested=false candidateNested=false controlLoss=0.0 candidateLoss=0.0 callbacks=1,1 equivalent=true
[05:42:01] [Server thread/INFO] [STDOUT]: [com.layue13.clashweave.s1d.DamageExperiment:nested:108]: CW3 S1D_NESTED scenario=attack-lowest-after path=control at=attack-LOWEST timer=13 last=4.0 accepted=false loss=0.0
[05:42:01] [Server thread/INFO] [STDOUT]: [com.layue13.clashweave.s1d.DamageExperiment:run:99]: CW3 S1D_OUTER scenario=attack-lowest-after path=control accepted=false hp=96.0 timer=13 last=4.0
[05:42:01] [Server thread/INFO] [STDOUT]: [com.layue13.clashweave.s1d.DamageExperiment:nested:108]: CW3 S1D_NESTED scenario=attack-lowest-after path=candidate at=attack-LOWEST timer=13 last=4.0 accepted=false loss=0.0
[05:42:01] [Server thread/INFO] [STDOUT]: [com.layue13.clashweave.s1d.DamageExperiment:run:99]: CW3 S1D_OUTER scenario=attack-lowest-after path=candidate accepted=false hp=96.0 timer=13 last=4.0
[05:42:01] [Server thread/INFO] [STDOUT]: [com.layue13.clashweave.s1d.DamageExperiment:pair:93]: CW3 S1D_PAIR scenario=attack-lowest-after player=false listenerRegisteredBeforeGate=true controlNested=false candidateNested=false controlLoss=0.0 candidateLoss=0.0 callbacks=1,1 equivalent=true
[05:42:01] [Server thread/INFO] [STDOUT]: [com.layue13.clashweave.s1d.DamageExperiment:nested:108]: CW3 S1D_NESTED scenario=hurt-highest-before path=control at=hurt-HIGHEST timer=13 last=4.0 accepted=false loss=0.0
[05:42:01] [Server thread/INFO] [STDOUT]: [com.layue13.clashweave.s1d.DamageExperiment:run:99]: CW3 S1D_OUTER scenario=hurt-highest-before path=control accepted=true hp=94.0 timer=13 last=6.0
[05:42:01] [Server thread/INFO] [STDOUT]: [com.layue13.clashweave.s1d.DamageExperiment:nested:108]: CW3 S1D_NESTED scenario=hurt-highest-before path=candidate at=hurt-HIGHEST timer=13 last=4.0 accepted=false loss=0.0
[05:42:01] [Server thread/INFO] [STDOUT]: [com.layue13.clashweave.s1d.DamageExperiment:run:99]: CW3 S1D_OUTER scenario=hurt-highest-before path=candidate accepted=true hp=94.0 timer=13 last=6.0
[05:42:01] [Server thread/INFO] [STDOUT]: [com.layue13.clashweave.s1d.DamageExperiment:pair:93]: CW3 S1D_PAIR scenario=hurt-highest-before player=false listenerRegisteredBeforeGate=true controlNested=false candidateNested=false controlLoss=0.0 candidateLoss=0.0 callbacks=1,1 equivalent=true
[05:42:01] [Server thread/INFO] [STDOUT]: [com.layue13.clashweave.s1d.DamageExperiment:nested:108]: CW3 S1D_NESTED scenario=hurt-highest-after path=control at=hurt-HIGHEST timer=13 last=4.0 accepted=false loss=0.0
[05:42:01] [Server thread/INFO] [STDOUT]: [com.layue13.clashweave.s1d.DamageExperiment:run:99]: CW3 S1D_OUTER scenario=hurt-highest-after path=control accepted=true hp=94.0 timer=13 last=6.0
[05:42:01] [Server thread/INFO] [STDOUT]: [com.layue13.clashweave.s1d.DamageExperiment:nested:108]: CW3 S1D_NESTED scenario=hurt-highest-after path=candidate at=hurt-HIGHEST timer=13 last=4.0 accepted=false loss=0.0
[05:42:01] [Server thread/INFO] [STDOUT]: [com.layue13.clashweave.s1d.DamageExperiment:run:99]: CW3 S1D_OUTER scenario=hurt-highest-after path=candidate accepted=true hp=94.0 timer=13 last=6.0
[05:42:01] [Server thread/INFO] [STDOUT]: [com.layue13.clashweave.s1d.DamageExperiment:pair:93]: CW3 S1D_PAIR scenario=hurt-highest-after player=false listenerRegisteredBeforeGate=true controlNested=false candidateNested=false controlLoss=0.0 candidateLoss=0.0 callbacks=1,1 equivalent=true
[05:42:01] [Server thread/INFO] [STDOUT]: [com.layue13.clashweave.s1d.DamageExperiment:boundary:159]: CW3 S1D_BOUNDARY scenario=cancel-attack player=false before=true history=false path=control state=false:false:0.0:100.0:0:0.0:8 lifecycleRestored=true
[05:42:01] [Server thread/INFO] [STDOUT]: [com.layue13.clashweave.s1d.DamageExperiment:boundary:159]: CW3 S1D_BOUNDARY scenario=cancel-attack player=false before=true history=false path=candidate state=false:false:0.0:100.0:0:0.0:8 lifecycleRestored=true
[05:42:01] [Server thread/INFO] [STDOUT]: [com.layue13.clashweave.s1d.DamageExperiment:boundary:162]: CW3 S1D_BOUNDARY_PAIR scenario=cancel-attack player=false before=true history=false equivalent=true
[05:42:01] [Server thread/INFO] [STDOUT]: [com.layue13.clashweave.s1d.DamageExperiment:boundary:159]: CW3 S1D_BOUNDARY scenario=cancel-attack player=false before=true history=true path=control state=false:false:0.0:96.0:13:4.0:8 lifecycleRestored=true
[05:42:01] [Server thread/INFO] [STDOUT]: [com.layue13.clashweave.s1d.DamageExperiment:boundary:159]: CW3 S1D_BOUNDARY scenario=cancel-attack player=false before=true history=true path=candidate state=false:false:0.0:96.0:13:4.0:8 lifecycleRestored=true
[05:42:01] [Server thread/INFO] [STDOUT]: [com.layue13.clashweave.s1d.DamageExperiment:boundary:162]: CW3 S1D_BOUNDARY_PAIR scenario=cancel-attack player=false before=true history=true equivalent=true
[05:42:01] [Server thread/INFO] [STDOUT]: [com.layue13.clashweave.s1d.DamageExperiment:boundary:159]: CW3 S1D_BOUNDARY scenario=cancel-hurt player=false before=true history=false path=control state=true:false:0.0:100.0:8:2.0:8 lifecycleRestored=true
[05:42:01] [Server thread/INFO] [STDOUT]: [com.layue13.clashweave.s1d.DamageExperiment:boundary:159]: CW3 S1D_BOUNDARY scenario=cancel-hurt player=false before=true history=false path=candidate state=true:false:0.0:100.0:8:2.0:8 lifecycleRestored=true
[05:42:01] [Server thread/INFO] [STDOUT]: [com.layue13.clashweave.s1d.DamageExperiment:boundary:162]: CW3 S1D_BOUNDARY_PAIR scenario=cancel-hurt player=false before=true history=false equivalent=true
[05:42:01] [Server thread/INFO] [STDOUT]: [com.layue13.clashweave.s1d.DamageExperiment:boundary:159]: CW3 S1D_BOUNDARY scenario=cancel-hurt player=false before=true history=true path=control state=false:false:0.0:96.0:13:4.0:8 lifecycleRestored=true
[05:42:01] [Server thread/INFO] [STDOUT]: [com.layue13.clashweave.s1d.DamageExperiment:boundary:159]: CW3 S1D_BOUNDARY scenario=cancel-hurt player=false before=true history=true path=candidate state=false:false:0.0:96.0:13:4.0:8 lifecycleRestored=true
[05:42:01] [Server thread/INFO] [STDOUT]: [com.layue13.clashweave.s1d.DamageExperiment:boundary:162]: CW3 S1D_BOUNDARY_PAIR scenario=cancel-hurt player=false before=true history=true equivalent=true
[05:42:01] [Server thread/INFO] [STDOUT]: [com.layue13.clashweave.s1d.DamageExperiment:boundary:159]: CW3 S1D_BOUNDARY scenario=zero player=false before=true history=false path=control state=true:false:0.0:100.0:8:0.0:8 lifecycleRestored=true
[05:42:01] [Server thread/INFO] [STDOUT]: [com.layue13.clashweave.s1d.DamageExperiment:boundary:159]: CW3 S1D_BOUNDARY scenario=zero player=false before=true history=false path=candidate state=true:false:0.0:100.0:8:0.0:8 lifecycleRestored=true
[05:42:01] [Server thread/INFO] [STDOUT]: [com.layue13.clashweave.s1d.DamageExperiment:boundary:162]: CW3 S1D_BOUNDARY_PAIR scenario=zero player=false before=true history=false equivalent=true
[05:42:01] [Server thread/INFO] [STDOUT]: [com.layue13.clashweave.s1d.DamageExperiment:boundary:159]: CW3 S1D_BOUNDARY scenario=zero player=false before=true history=true path=control state=false:false:0.0:96.0:13:4.0:8 lifecycleRestored=true
[05:42:01] [Server thread/INFO] [STDOUT]: [com.layue13.clashweave.s1d.DamageExperiment:boundary:159]: CW3 S1D_BOUNDARY scenario=zero player=false before=true history=true path=candidate state=false:false:0.0:96.0:13:4.0:8 lifecycleRestored=true
[05:42:01] [Server thread/INFO] [STDOUT]: [com.layue13.clashweave.s1d.DamageExperiment:boundary:162]: CW3 S1D_BOUNDARY_PAIR scenario=zero player=false before=true history=true equivalent=true
[05:42:01] [Server thread/INFO] [STDOUT]: [com.layue13.clashweave.s1d.DamageExperiment:boundary:159]: CW3 S1D_BOUNDARY scenario=already-dead player=false before=true history=false path=control state=false:false:0.0:0.0:0:0.0:8 lifecycleRestored=true
[05:42:01] [Server thread/INFO] [STDOUT]: [com.layue13.clashweave.s1d.DamageExperiment:boundary:159]: CW3 S1D_BOUNDARY scenario=already-dead player=false before=true history=false path=candidate state=false:false:0.0:0.0:0:0.0:8 lifecycleRestored=true
[05:42:01] [Server thread/INFO] [STDOUT]: [com.layue13.clashweave.s1d.DamageExperiment:boundary:162]: CW3 S1D_BOUNDARY_PAIR scenario=already-dead player=false before=true history=false equivalent=true
[05:42:01] [Server thread/INFO] [STDOUT]: [com.layue13.clashweave.s1d.DamageExperiment:boundary:159]: CW3 S1D_BOUNDARY scenario=already-dead player=false before=true history=true path=control state=false:false:0.0:0.0:13:4.0:8 lifecycleRestored=true
[05:42:01] [Server thread/INFO] [STDOUT]: [com.layue13.clashweave.s1d.DamageExperiment:boundary:159]: CW3 S1D_BOUNDARY scenario=already-dead player=false before=true history=true path=candidate state=false:false:0.0:0.0:13:4.0:8 lifecycleRestored=true
[05:42:01] [Server thread/INFO] [STDOUT]: [com.layue13.clashweave.s1d.DamageExperiment:boundary:162]: CW3 S1D_BOUNDARY_PAIR scenario=already-dead player=false before=true history=true equivalent=true
[05:42:01] [Server thread/INFO] [STDOUT]: [com.layue13.clashweave.s1d.DamageExperiment:boundary:159]: CW3 S1D_BOUNDARY scenario=lethal player=false before=true history=false path=control state=true:false:1.0:0.0:8:2.0:20 lifecycleRestored=true
[05:42:01] [Server thread/INFO] [STDOUT]: [com.layue13.clashweave.s1d.DamageExperiment:boundary:159]: CW3 S1D_BOUNDARY scenario=lethal player=false before=true history=false path=candidate state=true:false:1.0:0.0:8:2.0:20 lifecycleRestored=true
[05:42:01] [Server thread/INFO] [STDOUT]: [com.layue13.clashweave.s1d.DamageExperiment:boundary:162]: CW3 S1D_BOUNDARY_PAIR scenario=lethal player=false before=true history=false equivalent=true
[05:42:01] [Server thread/INFO] [STDOUT]: [com.layue13.clashweave.s1d.DamageExperiment:boundary:159]: CW3 S1D_BOUNDARY scenario=lethal player=false before=true history=true path=control state=false:false:0.0:1.0:13:4.0:8 lifecycleRestored=true
[05:42:01] [Server thread/INFO] [STDOUT]: [com.layue13.clashweave.s1d.DamageExperiment:boundary:159]: CW3 S1D_BOUNDARY scenario=lethal player=false before=true history=true path=candidate state=false:false:0.0:1.0:13:4.0:8 lifecycleRestored=true
[05:42:01] [Server thread/INFO] [STDOUT]: [com.layue13.clashweave.s1d.DamageExperiment:boundary:162]: CW3 S1D_BOUNDARY_PAIR scenario=lethal player=false before=true history=true equivalent=true
[05:42:01] [Server thread/ERROR] [FML]: Exception caught during firing event net.minecraftforge.event.entity.living.LivingAttackEvent@871d240:
com.layue13.clashweave.s1d.DamageExperiment$FixtureException
	at com.layue13.clashweave.s1d.DamageExperiment.attackNormal(DamageExperiment.java:116) ~[DamageExperiment.class:?]
	at cpw.mods.fml.common.eventhandler.ASMEventHandler_13_DamageExperiment_attackNormal_LivingAttackEvent.invoke(.dynamic) ~[?:?]
	at cpw.mods.fml.common.eventhandler.ASMEventHandler.invoke(ASMEventHandler.java:54) ~[ASMEventHandler.class:?]
	at cpw.mods.fml.common.eventhandler.EventBus.post(EventBus.java:140) [EventBus.class:?]
	at net.minecraftforge.common.ForgeHooks.onLivingAttack(ForgeHooks.java:294) [ForgeHooks.class:?]
	at net.minecraft.entity.EntityLivingBase.attackEntityFrom(EntityLivingBase.java:822) [EntityLivingBase.class:?]
	at net.minecraft.entity.passive.EntityAnimal.attackEntityFrom(EntityAnimal.java:224) [EntityAnimal.class:?]
	at com.layue13.clashweave.s1d.DamageExperiment.boundary(DamageExperiment.java:155) [DamageExperiment.class:?]
	at com.layue13.clashweave.s1d.DamageExperiment.started(DamageExperiment.java:41) [DamageExperiment.class:?]
	at sun.reflect.NativeMethodAccessorImpl.invoke0(Native Method) ~[?:1.8.0_504]
	at sun.reflect.NativeMethodAccessorImpl.invoke(NativeMethodAccessorImpl.java:62) ~[?:1.8.0_504]
	at sun.reflect.DelegatingMethodAccessorImpl.invoke(DelegatingMethodAccessorImpl.java:43) ~[?:1.8.0_504]
	at java.lang.reflect.Method.invoke(Method.java:498) ~[?:1.8.0_504]
	at cpw.mods.fml.common.FMLModContainer.handleModStateEvent(FMLModContainer.java:532) [FMLModContainer.class:?]
	at sun.reflect.GeneratedMethodAccessor6.invoke(Unknown Source) ~[?:?]
	at sun.reflect.DelegatingMethodAccessorImpl.invoke(DelegatingMethodAccessorImpl.java:43) ~[?:1.8.0_504]
	at java.lang.reflect.Method.invoke(Method.java:498) ~[?:1.8.0_504]
	at com.google.common.eventbus.EventSubscriber.handleEvent(EventSubscriber.java:74) [guava-17.0.jar:?]
	at com.google.common.eventbus.SynchronizedEventSubscriber.handleEvent(SynchronizedEventSubscriber.java:47) [guava-17.0.jar:?]
	at com.google.common.eventbus.EventBus.dispatch(EventBus.java:322) [guava-17.0.jar:?]
	at com.google.common.eventbus.EventBus.dispatchQueuedEvents(EventBus.java:304) [guava-17.0.jar:?]
	at com.google.common.eventbus.EventBus.post(EventBus.java:275) [guava-17.0.jar:?]
	at cpw.mods.fml.common.LoadController.sendEventToModContainer(LoadController.java:212) [LoadController.class:?]
	at cpw.mods.fml.common.LoadController.propogateStateMessage(LoadController.java:190) [LoadController.class:?]
	at sun.reflect.NativeMethodAccessorImpl.invoke0(Native Method) ~[?:1.8.0_504]
	at sun.reflect.NativeMethodAccessorImpl.invoke(NativeMethodAccessorImpl.java:62) ~[?:1.8.0_504]
	at sun.reflect.DelegatingMethodAccessorImpl.invoke(DelegatingMethodAccessorImpl.java:43) ~[?:1.8.0_504]
	at java.lang.reflect.Method.invoke(Method.java:498) ~[?:1.8.0_504]
	at com.google.common.eventbus.EventSubscriber.handleEvent(EventSubscriber.java:74) [guava-17.0.jar:?]
	at com.google.common.eventbus.SynchronizedEventSubscriber.handleEvent(SynchronizedEventSubscriber.java:47) [guava-17.0.jar:?]
	at com.google.common.eventbus.EventBus.dispatch(EventBus.java:322) [guava-17.0.jar:?]
	at com.google.common.eventbus.EventBus.dispatchQueuedEvents(EventBus.java:304) [guava-17.0.jar:?]
	at com.google.common.eventbus.EventBus.post(EventBus.java:275) [guava-17.0.jar:?]
	at cpw.mods.fml.common.LoadController.distributeStateMessage(LoadController.java:119) [LoadController.class:?]
	at cpw.mods.fml.common.Loader.serverStarted(Loader.java:802) [Loader.class:?]
	at cpw.mods.fml.common.FMLCommonHandler.handleServerStarted(FMLCommonHandler.java:283) [FMLCommonHandler.class:?]
	at net.minecraft.server.MinecraftServer.run(MinecraftServer.java:451) [MinecraftServer.class:?]
	at net.minecraft.server.MinecraftServer$2.run(MinecraftServer.java:756) [MinecraftServer$2.class:?]
[05:42:01] [Server thread/ERROR] [FML]: Index: 1 Listeners:
[05:42:01] [Server thread/ERROR] [FML]: 0: NORMAL
[05:42:01] [Server thread/ERROR] [FML]: 1: ASM: com.layue13.clashweave.s1d.DamageExperiment@798bb8bd attackNormal(Lnet/minecraftforge/event/entity/living/LivingAttackEvent;)V
[05:42:01] [Server thread/ERROR] [FML]: 2: LOWEST
[05:42:01] [Server thread/ERROR] [FML]: 3: ASM: com.layue13.clashweave.s1d.DamageExperiment@798bb8bd attackLowest(Lnet/minecraftforge/event/entity/living/LivingAttackEvent;)V
[05:42:01] [Server thread/ERROR] [FML]: 4: ASM: com.layue13.clashweave.s1d.EventGate@f20e8ca attackMarker(Lnet/minecraftforge/event/entity/living/LivingAttackEvent;)V
[05:42:01] [Server thread/INFO] [STDOUT]: [com.layue13.clashweave.s1d.DamageExperiment:boundary:159]: CW3 S1D_BOUNDARY scenario=throw-attack player=false before=true history=false path=control state=false:true:0.0:100.0:0:0.0:8 lifecycleRestored=true
[05:42:01] [Server thread/ERROR] [FML]: Exception caught during firing event net.minecraftforge.event.entity.living.LivingAttackEvent@e475400:
com.layue13.clashweave.s1d.DamageExperiment$FixtureException
	at com.layue13.clashweave.s1d.DamageExperiment.attackNormal(DamageExperiment.java:116) ~[DamageExperiment.class:?]
	at cpw.mods.fml.common.eventhandler.ASMEventHandler_13_DamageExperiment_attackNormal_LivingAttackEvent.invoke(.dynamic) ~[?:?]
	at cpw.mods.fml.common.eventhandler.ASMEventHandler.invoke(ASMEventHandler.java:54) ~[ASMEventHandler.class:?]
	at cpw.mods.fml.common.eventhandler.EventBus.post(EventBus.java:140) [EventBus.class:?]
	at net.minecraftforge.common.ForgeHooks.onLivingAttack(ForgeHooks.java:294) [ForgeHooks.class:?]
	at net.minecraft.entity.EntityLivingBase.attackEntityFrom(EntityLivingBase.java:822) [EntityLivingBase.class:?]
	at net.minecraft.entity.passive.EntityAnimal.attackEntityFrom(EntityAnimal.java:224) [EntityAnimal.class:?]
	at com.layue13.clashweave.s1d.EventGate.apply(EventGate.java:32) [EventGate.class:?]
	at com.layue13.clashweave.s1d.DamageExperiment.boundary(DamageExperiment.java:155) [DamageExperiment.class:?]
	at com.layue13.clashweave.s1d.DamageExperiment.started(DamageExperiment.java:41) [DamageExperiment.class:?]
	at sun.reflect.NativeMethodAccessorImpl.invoke0(Native Method) ~[?:1.8.0_504]
	at sun.reflect.NativeMethodAccessorImpl.invoke(NativeMethodAccessorImpl.java:62) ~[?:1.8.0_504]
	at sun.reflect.DelegatingMethodAccessorImpl.invoke(DelegatingMethodAccessorImpl.java:43) ~[?:1.8.0_504]
	at java.lang.reflect.Method.invoke(Method.java:498) ~[?:1.8.0_504]
	at cpw.mods.fml.common.FMLModContainer.handleModStateEvent(FMLModContainer.java:532) [FMLModContainer.class:?]
	at sun.reflect.GeneratedMethodAccessor6.invoke(Unknown Source) ~[?:?]
	at sun.reflect.DelegatingMethodAccessorImpl.invoke(DelegatingMethodAccessorImpl.java:43) ~[?:1.8.0_504]
	at java.lang.reflect.Method.invoke(Method.java:498) ~[?:1.8.0_504]
	at com.google.common.eventbus.EventSubscriber.handleEvent(EventSubscriber.java:74) [guava-17.0.jar:?]
	at com.google.common.eventbus.SynchronizedEventSubscriber.handleEvent(SynchronizedEventSubscriber.java:47) [guava-17.0.jar:?]
	at com.google.common.eventbus.EventBus.dispatch(EventBus.java:322) [guava-17.0.jar:?]
	at com.google.common.eventbus.EventBus.dispatchQueuedEvents(EventBus.java:304) [guava-17.0.jar:?]
	at com.google.common.eventbus.EventBus.post(EventBus.java:275) [guava-17.0.jar:?]
	at cpw.mods.fml.common.LoadController.sendEventToModContainer(LoadController.java:212) [LoadController.class:?]
	at cpw.mods.fml.common.LoadController.propogateStateMessage(LoadController.java:190) [LoadController.class:?]
	at sun.reflect.NativeMethodAccessorImpl.invoke0(Native Method) ~[?:1.8.0_504]
	at sun.reflect.NativeMethodAccessorImpl.invoke(NativeMethodAccessorImpl.java:62) ~[?:1.8.0_504]
	at sun.reflect.DelegatingMethodAccessorImpl.invoke(DelegatingMethodAccessorImpl.java:43) ~[?:1.8.0_504]
	at java.lang.reflect.Method.invoke(Method.java:498) ~[?:1.8.0_504]
	at com.google.common.eventbus.EventSubscriber.handleEvent(EventSubscriber.java:74) [guava-17.0.jar:?]
	at com.google.common.eventbus.SynchronizedEventSubscriber.handleEvent(SynchronizedEventSubscriber.java:47) [guava-17.0.jar:?]
	at com.google.common.eventbus.EventBus.dispatch(EventBus.java:322) [guava-17.0.jar:?]
	at com.google.common.eventbus.EventBus.dispatchQueuedEvents(EventBus.java:304) [guava-17.0.jar:?]
	at com.google.common.eventbus.EventBus.post(EventBus.java:275) [guava-17.0.jar:?]
	at cpw.mods.fml.common.LoadController.distributeStateMessage(LoadController.java:119) [LoadController.class:?]
	at cpw.mods.fml.common.Loader.serverStarted(Loader.java:802) [Loader.class:?]
	at cpw.mods.fml.common.FMLCommonHandler.handleServerStarted(FMLCommonHandler.java:283) [FMLCommonHandler.class:?]
	at net.minecraft.server.MinecraftServer.run(MinecraftServer.java:451) [MinecraftServer.class:?]
	at net.minecraft.server.MinecraftServer$2.run(MinecraftServer.java:756) [MinecraftServer$2.class:?]
[05:42:01] [Server thread/ERROR] [FML]: Index: 1 Listeners:
[05:42:01] [Server thread/ERROR] [FML]: 0: NORMAL
[05:42:01] [Server thread/ERROR] [FML]: 1: ASM: com.layue13.clashweave.s1d.DamageExperiment@798bb8bd attackNormal(Lnet/minecraftforge/event/entity/living/LivingAttackEvent;)V
[05:42:01] [Server thread/ERROR] [FML]: 2: LOWEST
[05:42:01] [Server thread/ERROR] [FML]: 3: ASM: com.layue13.clashweave.s1d.DamageExperiment@798bb8bd attackLowest(Lnet/minecraftforge/event/entity/living/LivingAttackEvent;)V
[05:42:01] [Server thread/ERROR] [FML]: 4: ASM: com.layue13.clashweave.s1d.EventGate@f20e8ca attackMarker(Lnet/minecraftforge/event/entity/living/LivingAttackEvent;)V
[05:42:01] [Server thread/INFO] [STDOUT]: [com.layue13.clashweave.s1d.DamageExperiment:boundary:159]: CW3 S1D_BOUNDARY scenario=throw-attack player=false before=true history=false path=candidate state=false:true:0.0:100.0:0:0.0:8 lifecycleRestored=true
[05:42:01] [Server thread/INFO] [STDOUT]: [com.layue13.clashweave.s1d.DamageExperiment:boundary:162]: CW3 S1D_BOUNDARY_PAIR scenario=throw-attack player=false before=true history=false equivalent=true
[05:42:01] [Server thread/ERROR] [FML]: Exception caught during firing event net.minecraftforge.event.entity.living.LivingAttackEvent@15a5db:
com.layue13.clashweave.s1d.DamageExperiment$FixtureException
	at com.layue13.clashweave.s1d.DamageExperiment.attackNormal(DamageExperiment.java:116) ~[DamageExperiment.class:?]
	at cpw.mods.fml.common.eventhandler.ASMEventHandler_13_DamageExperiment_attackNormal_LivingAttackEvent.invoke(.dynamic) ~[?:?]
	at cpw.mods.fml.common.eventhandler.ASMEventHandler.invoke(ASMEventHandler.java:54) ~[ASMEventHandler.class:?]
	at cpw.mods.fml.common.eventhandler.EventBus.post(EventBus.java:140) [EventBus.class:?]
	at net.minecraftforge.common.ForgeHooks.onLivingAttack(ForgeHooks.java:294) [ForgeHooks.class:?]
	at net.minecraft.entity.EntityLivingBase.attackEntityFrom(EntityLivingBase.java:822) [EntityLivingBase.class:?]
	at net.minecraft.entity.passive.EntityAnimal.attackEntityFrom(EntityAnimal.java:224) [EntityAnimal.class:?]
	at com.layue13.clashweave.s1d.DamageExperiment.boundary(DamageExperiment.java:155) [DamageExperiment.class:?]
	at com.layue13.clashweave.s1d.DamageExperiment.started(DamageExperiment.java:41) [DamageExperiment.class:?]
	at sun.reflect.NativeMethodAccessorImpl.invoke0(Native Method) ~[?:1.8.0_504]
	at sun.reflect.NativeMethodAccessorImpl.invoke(NativeMethodAccessorImpl.java:62) ~[?:1.8.0_504]
	at sun.reflect.DelegatingMethodAccessorImpl.invoke(DelegatingMethodAccessorImpl.java:43) ~[?:1.8.0_504]
	at java.lang.reflect.Method.invoke(Method.java:498) ~[?:1.8.0_504]
	at cpw.mods.fml.common.FMLModContainer.handleModStateEvent(FMLModContainer.java:532) [FMLModContainer.class:?]
	at sun.reflect.GeneratedMethodAccessor6.invoke(Unknown Source) ~[?:?]
	at sun.reflect.DelegatingMethodAccessorImpl.invoke(DelegatingMethodAccessorImpl.java:43) ~[?:1.8.0_504]
	at java.lang.reflect.Method.invoke(Method.java:498) ~[?:1.8.0_504]
	at com.google.common.eventbus.EventSubscriber.handleEvent(EventSubscriber.java:74) [guava-17.0.jar:?]
	at com.google.common.eventbus.SynchronizedEventSubscriber.handleEvent(SynchronizedEventSubscriber.java:47) [guava-17.0.jar:?]
	at com.google.common.eventbus.EventBus.dispatch(EventBus.java:322) [guava-17.0.jar:?]
	at com.google.common.eventbus.EventBus.dispatchQueuedEvents(EventBus.java:304) [guava-17.0.jar:?]
	at com.google.common.eventbus.EventBus.post(EventBus.java:275) [guava-17.0.jar:?]
	at cpw.mods.fml.common.LoadController.sendEventToModContainer(LoadController.java:212) [LoadController.class:?]
	at cpw.mods.fml.common.LoadController.propogateStateMessage(LoadController.java:190) [LoadController.class:?]
	at sun.reflect.NativeMethodAccessorImpl.invoke0(Native Method) ~[?:1.8.0_504]
	at sun.reflect.NativeMethodAccessorImpl.invoke(NativeMethodAccessorImpl.java:62) ~[?:1.8.0_504]
	at sun.reflect.DelegatingMethodAccessorImpl.invoke(DelegatingMethodAccessorImpl.java:43) ~[?:1.8.0_504]
	at java.lang.reflect.Method.invoke(Method.java:498) ~[?:1.8.0_504]
	at com.google.common.eventbus.EventSubscriber.handleEvent(EventSubscriber.java:74) [guava-17.0.jar:?]
	at com.google.common.eventbus.SynchronizedEventSubscriber.handleEvent(SynchronizedEventSubscriber.java:47) [guava-17.0.jar:?]
	at com.google.common.eventbus.EventBus.dispatch(EventBus.java:322) [guava-17.0.jar:?]
	at com.google.common.eventbus.EventBus.dispatchQueuedEvents(EventBus.java:304) [guava-17.0.jar:?]
	at com.google.common.eventbus.EventBus.post(EventBus.java:275) [guava-17.0.jar:?]
	at cpw.mods.fml.common.LoadController.distributeStateMessage(LoadController.java:119) [LoadController.class:?]
	at cpw.mods.fml.common.Loader.serverStarted(Loader.java:802) [Loader.class:?]
	at cpw.mods.fml.common.FMLCommonHandler.handleServerStarted(FMLCommonHandler.java:283) [FMLCommonHandler.class:?]
	at net.minecraft.server.MinecraftServer.run(MinecraftServer.java:451) [MinecraftServer.class:?]
	at net.minecraft.server.MinecraftServer$2.run(MinecraftServer.java:756) [MinecraftServer$2.class:?]
[05:42:01] [Server thread/ERROR] [FML]: Index: 1 Listeners:
[05:42:01] [Server thread/ERROR] [FML]: 0: NORMAL
[05:42:01] [Server thread/ERROR] [FML]: 1: ASM: com.layue13.clashweave.s1d.DamageExperiment@798bb8bd attackNormal(Lnet/minecraftforge/event/entity/living/LivingAttackEvent;)V
[05:42:01] [Server thread/ERROR] [FML]: 2: LOWEST
[05:42:01] [Server thread/ERROR] [FML]: 3: ASM: com.layue13.clashweave.s1d.DamageExperiment@798bb8bd attackLowest(Lnet/minecraftforge/event/entity/living/LivingAttackEvent;)V
[05:42:01] [Server thread/ERROR] [FML]: 4: ASM: com.layue13.clashweave.s1d.EventGate@f20e8ca attackMarker(Lnet/minecraftforge/event/entity/living/LivingAttackEvent;)V
[05:42:01] [Server thread/INFO] [STDOUT]: [com.layue13.clashweave.s1d.DamageExperiment:boundary:159]: CW3 S1D_BOUNDARY scenario=throw-attack player=false before=true history=true path=control state=false:true:0.0:96.0:13:4.0:8 lifecycleRestored=true
[05:42:01] [Server thread/ERROR] [FML]: Exception caught during firing event net.minecraftforge.event.entity.living.LivingAttackEvent@1b120b91:
com.layue13.clashweave.s1d.DamageExperiment$FixtureException
	at com.layue13.clashweave.s1d.DamageExperiment.attackNormal(DamageExperiment.java:116) ~[DamageExperiment.class:?]
	at cpw.mods.fml.common.eventhandler.ASMEventHandler_13_DamageExperiment_attackNormal_LivingAttackEvent.invoke(.dynamic) ~[?:?]
	at cpw.mods.fml.common.eventhandler.ASMEventHandler.invoke(ASMEventHandler.java:54) ~[ASMEventHandler.class:?]
	at cpw.mods.fml.common.eventhandler.EventBus.post(EventBus.java:140) [EventBus.class:?]
	at net.minecraftforge.common.ForgeHooks.onLivingAttack(ForgeHooks.java:294) [ForgeHooks.class:?]
	at net.minecraft.entity.EntityLivingBase.attackEntityFrom(EntityLivingBase.java:822) [EntityLivingBase.class:?]
	at net.minecraft.entity.passive.EntityAnimal.attackEntityFrom(EntityAnimal.java:224) [EntityAnimal.class:?]
	at com.layue13.clashweave.s1d.EventGate.apply(EventGate.java:32) [EventGate.class:?]
	at com.layue13.clashweave.s1d.DamageExperiment.boundary(DamageExperiment.java:155) [DamageExperiment.class:?]
	at com.layue13.clashweave.s1d.DamageExperiment.started(DamageExperiment.java:41) [DamageExperiment.class:?]
	at sun.reflect.NativeMethodAccessorImpl.invoke0(Native Method) ~[?:1.8.0_504]
	at sun.reflect.NativeMethodAccessorImpl.invoke(NativeMethodAccessorImpl.java:62) ~[?:1.8.0_504]
	at sun.reflect.DelegatingMethodAccessorImpl.invoke(DelegatingMethodAccessorImpl.java:43) ~[?:1.8.0_504]
	at java.lang.reflect.Method.invoke(Method.java:498) ~[?:1.8.0_504]
	at cpw.mods.fml.common.FMLModContainer.handleModStateEvent(FMLModContainer.java:532) [FMLModContainer.class:?]
	at sun.reflect.GeneratedMethodAccessor6.invoke(Unknown Source) ~[?:?]
	at sun.reflect.DelegatingMethodAccessorImpl.invoke(DelegatingMethodAccessorImpl.java:43) ~[?:1.8.0_504]
	at java.lang.reflect.Method.invoke(Method.java:498) ~[?:1.8.0_504]
	at com.google.common.eventbus.EventSubscriber.handleEvent(EventSubscriber.java:74) [guava-17.0.jar:?]
	at com.google.common.eventbus.SynchronizedEventSubscriber.handleEvent(SynchronizedEventSubscriber.java:47) [guava-17.0.jar:?]
	at com.google.common.eventbus.EventBus.dispatch(EventBus.java:322) [guava-17.0.jar:?]
	at com.google.common.eventbus.EventBus.dispatchQueuedEvents(EventBus.java:304) [guava-17.0.jar:?]
	at com.google.common.eventbus.EventBus.post(EventBus.java:275) [guava-17.0.jar:?]
	at cpw.mods.fml.common.LoadController.sendEventToModContainer(LoadController.java:212) [LoadController.class:?]
	at cpw.mods.fml.common.LoadController.propogateStateMessage(LoadController.java:190) [LoadController.class:?]
	at sun.reflect.NativeMethodAccessorImpl.invoke0(Native Method) ~[?:1.8.0_504]
	at sun.reflect.NativeMethodAccessorImpl.invoke(NativeMethodAccessorImpl.java:62) ~[?:1.8.0_504]
	at sun.reflect.DelegatingMethodAccessorImpl.invoke(DelegatingMethodAccessorImpl.java:43) ~[?:1.8.0_504]
	at java.lang.reflect.Method.invoke(Method.java:498) ~[?:1.8.0_504]
	at com.google.common.eventbus.EventSubscriber.handleEvent(EventSubscriber.java:74) [guava-17.0.jar:?]
	at com.google.common.eventbus.SynchronizedEventSubscriber.handleEvent(SynchronizedEventSubscriber.java:47) [guava-17.0.jar:?]
	at com.google.common.eventbus.EventBus.dispatch(EventBus.java:322) [guava-17.0.jar:?]
	at com.google.common.eventbus.EventBus.dispatchQueuedEvents(EventBus.java:304) [guava-17.0.jar:?]
	at com.google.common.eventbus.EventBus.post(EventBus.java:275) [guava-17.0.jar:?]
	at cpw.mods.fml.common.LoadController.distributeStateMessage(LoadController.java:119) [LoadController.class:?]
	at cpw.mods.fml.common.Loader.serverStarted(Loader.java:802) [Loader.class:?]
	at cpw.mods.fml.common.FMLCommonHandler.handleServerStarted(FMLCommonHandler.java:283) [FMLCommonHandler.class:?]
	at net.minecraft.server.MinecraftServer.run(MinecraftServer.java:451) [MinecraftServer.class:?]
	at net.minecraft.server.MinecraftServer$2.run(MinecraftServer.java:756) [MinecraftServer$2.class:?]
[05:42:01] [Server thread/ERROR] [FML]: Index: 1 Listeners:
[05:42:01] [Server thread/ERROR] [FML]: 0: NORMAL
[05:42:01] [Server thread/ERROR] [FML]: 1: ASM: com.layue13.clashweave.s1d.DamageExperiment@798bb8bd attackNormal(Lnet/minecraftforge/event/entity/living/LivingAttackEvent;)V
[05:42:01] [Server thread/ERROR] [FML]: 2: LOWEST
[05:42:01] [Server thread/ERROR] [FML]: 3: ASM: com.layue13.clashweave.s1d.DamageExperiment@798bb8bd attackLowest(Lnet/minecraftforge/event/entity/living/LivingAttackEvent;)V
[05:42:01] [Server thread/ERROR] [FML]: 4: ASM: com.layue13.clashweave.s1d.EventGate@f20e8ca attackMarker(Lnet/minecraftforge/event/entity/living/LivingAttackEvent;)V
[05:42:01] [Server thread/INFO] [STDOUT]: [com.layue13.clashweave.s1d.DamageExperiment:boundary:159]: CW3 S1D_BOUNDARY scenario=throw-attack player=false before=true history=true path=candidate state=false:true:0.0:96.0:13:4.0:8 lifecycleRestored=true
[05:42:01] [Server thread/INFO] [STDOUT]: [com.layue13.clashweave.s1d.DamageExperiment:boundary:162]: CW3 S1D_BOUNDARY_PAIR scenario=throw-attack player=false before=true history=true equivalent=true
[05:42:01] [Server thread/ERROR] [FML]: Exception caught during firing event net.minecraftforge.event.entity.living.LivingHurtEvent@4b0be825:
com.layue13.clashweave.s1d.DamageExperiment$FixtureException
	at com.layue13.clashweave.s1d.DamageExperiment.hurtHigh(DamageExperiment.java:140) ~[DamageExperiment.class:?]
	at cpw.mods.fml.common.eventhandler.ASMEventHandler_12_DamageExperiment_hurtHigh_LivingHurtEvent.invoke(.dynamic) ~[?:?]
	at cpw.mods.fml.common.eventhandler.ASMEventHandler.invoke(ASMEventHandler.java:54) ~[ASMEventHandler.class:?]
	at cpw.mods.fml.common.eventhandler.EventBus.post(EventBus.java:140) [EventBus.class:?]
	at net.minecraftforge.common.ForgeHooks.onLivingHurt(ForgeHooks.java:300) [ForgeHooks.class:?]
	at net.minecraft.entity.EntityLivingBase.damageEntity(EntityLivingBase.java:1261) [EntityLivingBase.class:?]
	at net.minecraft.entity.EntityLivingBase.attackEntityFrom(EntityLivingBase.java:870) [EntityLivingBase.class:?]
	at net.minecraft.entity.passive.EntityAnimal.attackEntityFrom(EntityAnimal.java:224) [EntityAnimal.class:?]
	at com.layue13.clashweave.s1d.DamageExperiment.boundary(DamageExperiment.java:155) [DamageExperiment.class:?]
	at com.layue13.clashweave.s1d.DamageExperiment.started(DamageExperiment.java:41) [DamageExperiment.class:?]
	at sun.reflect.NativeMethodAccessorImpl.invoke0(Native Method) ~[?:1.8.0_504]
	at sun.reflect.NativeMethodAccessorImpl.invoke(NativeMethodAccessorImpl.java:62) ~[?:1.8.0_504]
	at sun.reflect.DelegatingMethodAccessorImpl.invoke(DelegatingMethodAccessorImpl.java:43) ~[?:1.8.0_504]
	at java.lang.reflect.Method.invoke(Method.java:498) ~[?:1.8.0_504]
	at cpw.mods.fml.common.FMLModContainer.handleModStateEvent(FMLModContainer.java:532) [FMLModContainer.class:?]
	at sun.reflect.GeneratedMethodAccessor6.invoke(Unknown Source) ~[?:?]
	at sun.reflect.DelegatingMethodAccessorImpl.invoke(DelegatingMethodAccessorImpl.java:43) ~[?:1.8.0_504]
	at java.lang.reflect.Method.invoke(Method.java:498) ~[?:1.8.0_504]
	at com.google.common.eventbus.EventSubscriber.handleEvent(EventSubscriber.java:74) [guava-17.0.jar:?]
	at com.google.common.eventbus.SynchronizedEventSubscriber.handleEvent(SynchronizedEventSubscriber.java:47) [guava-17.0.jar:?]
	at com.google.common.eventbus.EventBus.dispatch(EventBus.java:322) [guava-17.0.jar:?]
	at com.google.common.eventbus.EventBus.dispatchQueuedEvents(EventBus.java:304) [guava-17.0.jar:?]
	at com.google.common.eventbus.EventBus.post(EventBus.java:275) [guava-17.0.jar:?]
	at cpw.mods.fml.common.LoadController.sendEventToModContainer(LoadController.java:212) [LoadController.class:?]
	at cpw.mods.fml.common.LoadController.propogateStateMessage(LoadController.java:190) [LoadController.class:?]
	at sun.reflect.NativeMethodAccessorImpl.invoke0(Native Method) ~[?:1.8.0_504]
	at sun.reflect.NativeMethodAccessorImpl.invoke(NativeMethodAccessorImpl.java:62) ~[?:1.8.0_504]
	at sun.reflect.DelegatingMethodAccessorImpl.invoke(DelegatingMethodAccessorImpl.java:43) ~[?:1.8.0_504]
	at java.lang.reflect.Method.invoke(Method.java:498) ~[?:1.8.0_504]
	at com.google.common.eventbus.EventSubscriber.handleEvent(EventSubscriber.java:74) [guava-17.0.jar:?]
	at com.google.common.eventbus.SynchronizedEventSubscriber.handleEvent(SynchronizedEventSubscriber.java:47) [guava-17.0.jar:?]
	at com.google.common.eventbus.EventBus.dispatch(EventBus.java:322) [guava-17.0.jar:?]
	at com.google.common.eventbus.EventBus.dispatchQueuedEvents(EventBus.java:304) [guava-17.0.jar:?]
	at com.google.common.eventbus.EventBus.post(EventBus.java:275) [guava-17.0.jar:?]
	at cpw.mods.fml.common.LoadController.distributeStateMessage(LoadController.java:119) [LoadController.class:?]
	at cpw.mods.fml.common.Loader.serverStarted(Loader.java:802) [Loader.class:?]
	at cpw.mods.fml.common.FMLCommonHandler.handleServerStarted(FMLCommonHandler.java:283) [FMLCommonHandler.class:?]
	at net.minecraft.server.MinecraftServer.run(MinecraftServer.java:451) [MinecraftServer.class:?]
	at net.minecraft.server.MinecraftServer$2.run(MinecraftServer.java:756) [MinecraftServer$2.class:?]
[05:42:01] [Server thread/ERROR] [FML]: Index: 4 Listeners:
[05:42:01] [Server thread/ERROR] [FML]: 0: HIGHEST
[05:42:01] [Server thread/ERROR] [FML]: 1: ASM: com.layue13.clashweave.s1d.DamageExperiment@798bb8bd hurtHighest(Lnet/minecraftforge/event/entity/living/LivingHurtEvent;)V
[05:42:01] [Server thread/ERROR] [FML]: 2: ASM: com.layue13.clashweave.s1d.EventGate@f20e8ca hurtMarker(Lnet/minecraftforge/event/entity/living/LivingHurtEvent;)V
[05:42:01] [Server thread/ERROR] [FML]: 3: HIGH
[05:42:01] [Server thread/ERROR] [FML]: 4: ASM: com.layue13.clashweave.s1d.DamageExperiment@798bb8bd hurtHigh(Lnet/minecraftforge/event/entity/living/LivingHurtEvent;)V
[05:42:01] [Server thread/ERROR] [FML]: 5: LOW
[05:42:01] [Server thread/ERROR] [FML]: 6: ASM: com.layue13.clashweave.s1d.DamageExperiment@798bb8bd hurtLow(Lnet/minecraftforge/event/entity/living/LivingHurtEvent;)V
[05:42:01] [Server thread/INFO] [STDOUT]: [com.layue13.clashweave.s1d.DamageExperiment:boundary:159]: CW3 S1D_BOUNDARY scenario=throw-hurt player=false before=true history=false path=control state=false:true:0.0:100.0:8:2.0:8 lifecycleRestored=true
[05:42:01] [Server thread/ERROR] [FML]: Exception caught during firing event net.minecraftforge.event.entity.living.LivingHurtEvent@2e8fc7b:
com.layue13.clashweave.s1d.DamageExperiment$FixtureException
	at com.layue13.clashweave.s1d.DamageExperiment.hurtHigh(DamageExperiment.java:140) ~[DamageExperiment.class:?]
	at cpw.mods.fml.common.eventhandler.ASMEventHandler_12_DamageExperiment_hurtHigh_LivingHurtEvent.invoke(.dynamic) ~[?:?]
	at cpw.mods.fml.common.eventhandler.ASMEventHandler.invoke(ASMEventHandler.java:54) ~[ASMEventHandler.class:?]
	at cpw.mods.fml.common.eventhandler.EventBus.post(EventBus.java:140) [EventBus.class:?]
	at net.minecraftforge.common.ForgeHooks.onLivingHurt(ForgeHooks.java:300) [ForgeHooks.class:?]
	at net.minecraft.entity.EntityLivingBase.damageEntity(EntityLivingBase.java:1261) [EntityLivingBase.class:?]
	at net.minecraft.entity.EntityLivingBase.attackEntityFrom(EntityLivingBase.java:870) [EntityLivingBase.class:?]
	at net.minecraft.entity.passive.EntityAnimal.attackEntityFrom(EntityAnimal.java:224) [EntityAnimal.class:?]
	at com.layue13.clashweave.s1d.EventGate.apply(EventGate.java:32) [EventGate.class:?]
	at com.layue13.clashweave.s1d.DamageExperiment.boundary(DamageExperiment.java:155) [DamageExperiment.class:?]
	at com.layue13.clashweave.s1d.DamageExperiment.started(DamageExperiment.java:41) [DamageExperiment.class:?]
	at sun.reflect.NativeMethodAccessorImpl.invoke0(Native Method) ~[?:1.8.0_504]
	at sun.reflect.NativeMethodAccessorImpl.invoke(NativeMethodAccessorImpl.java:62) ~[?:1.8.0_504]
	at sun.reflect.DelegatingMethodAccessorImpl.invoke(DelegatingMethodAccessorImpl.java:43) ~[?:1.8.0_504]
	at java.lang.reflect.Method.invoke(Method.java:498) ~[?:1.8.0_504]
	at cpw.mods.fml.common.FMLModContainer.handleModStateEvent(FMLModContainer.java:532) [FMLModContainer.class:?]
	at sun.reflect.GeneratedMethodAccessor6.invoke(Unknown Source) ~[?:?]
	at sun.reflect.DelegatingMethodAccessorImpl.invoke(DelegatingMethodAccessorImpl.java:43) ~[?:1.8.0_504]
	at java.lang.reflect.Method.invoke(Method.java:498) ~[?:1.8.0_504]
	at com.google.common.eventbus.EventSubscriber.handleEvent(EventSubscriber.java:74) [guava-17.0.jar:?]
	at com.google.common.eventbus.SynchronizedEventSubscriber.handleEvent(SynchronizedEventSubscriber.java:47) [guava-17.0.jar:?]
	at com.google.common.eventbus.EventBus.dispatch(EventBus.java:322) [guava-17.0.jar:?]
	at com.google.common.eventbus.EventBus.dispatchQueuedEvents(EventBus.java:304) [guava-17.0.jar:?]
	at com.google.common.eventbus.EventBus.post(EventBus.java:275) [guava-17.0.jar:?]
	at cpw.mods.fml.common.LoadController.sendEventToModContainer(LoadController.java:212) [LoadController.class:?]
	at cpw.mods.fml.common.LoadController.propogateStateMessage(LoadController.java:190) [LoadController.class:?]
	at sun.reflect.NativeMethodAccessorImpl.invoke0(Native Method) ~[?:1.8.0_504]
	at sun.reflect.NativeMethodAccessorImpl.invoke(NativeMethodAccessorImpl.java:62) ~[?:1.8.0_504]
	at sun.reflect.DelegatingMethodAccessorImpl.invoke(DelegatingMethodAccessorImpl.java:43) ~[?:1.8.0_504]
	at java.lang.reflect.Method.invoke(Method.java:498) ~[?:1.8.0_504]
	at com.google.common.eventbus.EventSubscriber.handleEvent(EventSubscriber.java:74) [guava-17.0.jar:?]
	at com.google.common.eventbus.SynchronizedEventSubscriber.handleEvent(SynchronizedEventSubscriber.java:47) [guava-17.0.jar:?]
	at com.google.common.eventbus.EventBus.dispatch(EventBus.java:322) [guava-17.0.jar:?]
	at com.google.common.eventbus.EventBus.dispatchQueuedEvents(EventBus.java:304) [guava-17.0.jar:?]
	at com.google.common.eventbus.EventBus.post(EventBus.java:275) [guava-17.0.jar:?]
	at cpw.mods.fml.common.LoadController.distributeStateMessage(LoadController.java:119) [LoadController.class:?]
	at cpw.mods.fml.common.Loader.serverStarted(Loader.java:802) [Loader.class:?]
	at cpw.mods.fml.common.FMLCommonHandler.handleServerStarted(FMLCommonHandler.java:283) [FMLCommonHandler.class:?]
	at net.minecraft.server.MinecraftServer.run(MinecraftServer.java:451) [MinecraftServer.class:?]
	at net.minecraft.server.MinecraftServer$2.run(MinecraftServer.java:756) [MinecraftServer$2.class:?]
[05:42:01] [Server thread/ERROR] [FML]: Index: 4 Listeners:
[05:42:01] [Server thread/ERROR] [FML]: 0: HIGHEST
[05:42:01] [Server thread/ERROR] [FML]: 1: ASM: com.layue13.clashweave.s1d.DamageExperiment@798bb8bd hurtHighest(Lnet/minecraftforge/event/entity/living/LivingHurtEvent;)V
[05:42:01] [Server thread/ERROR] [FML]: 2: ASM: com.layue13.clashweave.s1d.EventGate@f20e8ca hurtMarker(Lnet/minecraftforge/event/entity/living/LivingHurtEvent;)V
[05:42:01] [Server thread/ERROR] [FML]: 3: HIGH
[05:42:01] [Server thread/ERROR] [FML]: 4: ASM: com.layue13.clashweave.s1d.DamageExperiment@798bb8bd hurtHigh(Lnet/minecraftforge/event/entity/living/LivingHurtEvent;)V
[05:42:01] [Server thread/ERROR] [FML]: 5: LOW
[05:42:01] [Server thread/ERROR] [FML]: 6: ASM: com.layue13.clashweave.s1d.DamageExperiment@798bb8bd hurtLow(Lnet/minecraftforge/event/entity/living/LivingHurtEvent;)V
[05:42:01] [Server thread/INFO] [STDOUT]: [com.layue13.clashweave.s1d.DamageExperiment:boundary:159]: CW3 S1D_BOUNDARY scenario=throw-hurt player=false before=true history=false path=candidate state=false:true:0.0:100.0:8:2.0:8 lifecycleRestored=true
[05:42:01] [Server thread/INFO] [STDOUT]: [com.layue13.clashweave.s1d.DamageExperiment:boundary:162]: CW3 S1D_BOUNDARY_PAIR scenario=throw-hurt player=false before=true history=false equivalent=true
[05:42:01] [Server thread/INFO] [STDOUT]: [com.layue13.clashweave.s1d.DamageExperiment:boundary:159]: CW3 S1D_BOUNDARY scenario=throw-hurt player=false before=true history=true path=control state=false:false:0.0:96.0:13:4.0:8 lifecycleRestored=true
[05:42:01] [Server thread/INFO] [STDOUT]: [com.layue13.clashweave.s1d.DamageExperiment:boundary:159]: CW3 S1D_BOUNDARY scenario=throw-hurt player=false before=true history=true path=candidate state=false:false:0.0:96.0:13:4.0:8 lifecycleRestored=true
[05:42:01] [Server thread/INFO] [STDOUT]: [com.layue13.clashweave.s1d.DamageExperiment:boundary:162]: CW3 S1D_BOUNDARY_PAIR scenario=throw-hurt player=false before=true history=true equivalent=true
[05:42:01] [Server thread/INFO] [STDOUT]: [com.layue13.clashweave.s1d.DamageExperiment:attackLowest:123]: CW3 S1D_THROW at=attack-LOWEST timer=0 last=0.0
[05:42:01] [Server thread/ERROR] [FML]: Exception caught during firing event net.minecraftforge.event.entity.living.LivingAttackEvent@133d034:
com.layue13.clashweave.s1d.DamageExperiment$FixtureException
	at com.layue13.clashweave.s1d.DamageExperiment.attackLowest(DamageExperiment.java:124) ~[DamageExperiment.class:?]
	at cpw.mods.fml.common.eventhandler.ASMEventHandler_15_DamageExperiment_attackLowest_LivingAttackEvent.invoke(.dynamic) ~[?:?]
	at cpw.mods.fml.common.eventhandler.ASMEventHandler.invoke(ASMEventHandler.java:54) ~[ASMEventHandler.class:?]
	at cpw.mods.fml.common.eventhandler.EventBus.post(EventBus.java:140) [EventBus.class:?]
	at net.minecraftforge.common.ForgeHooks.onLivingAttack(ForgeHooks.java:294) [ForgeHooks.class:?]
	at net.minecraft.entity.EntityLivingBase.attackEntityFrom(EntityLivingBase.java:822) [EntityLivingBase.class:?]
	at net.minecraft.entity.passive.EntityAnimal.attackEntityFrom(EntityAnimal.java:224) [EntityAnimal.class:?]
	at com.layue13.clashweave.s1d.DamageExperiment.boundary(DamageExperiment.java:155) [DamageExperiment.class:?]
	at com.layue13.clashweave.s1d.DamageExperiment.started(DamageExperiment.java:41) [DamageExperiment.class:?]
	at sun.reflect.NativeMethodAccessorImpl.invoke0(Native Method) ~[?:1.8.0_504]
	at sun.reflect.NativeMethodAccessorImpl.invoke(NativeMethodAccessorImpl.java:62) ~[?:1.8.0_504]
	at sun.reflect.DelegatingMethodAccessorImpl.invoke(DelegatingMethodAccessorImpl.java:43) ~[?:1.8.0_504]
	at java.lang.reflect.Method.invoke(Method.java:498) ~[?:1.8.0_504]
	at cpw.mods.fml.common.FMLModContainer.handleModStateEvent(FMLModContainer.java:532) [FMLModContainer.class:?]
	at sun.reflect.GeneratedMethodAccessor6.invoke(Unknown Source) ~[?:?]
	at sun.reflect.DelegatingMethodAccessorImpl.invoke(DelegatingMethodAccessorImpl.java:43) ~[?:1.8.0_504]
	at java.lang.reflect.Method.invoke(Method.java:498) ~[?:1.8.0_504]
	at com.google.common.eventbus.EventSubscriber.handleEvent(EventSubscriber.java:74) [guava-17.0.jar:?]
	at com.google.common.eventbus.SynchronizedEventSubscriber.handleEvent(SynchronizedEventSubscriber.java:47) [guava-17.0.jar:?]
	at com.google.common.eventbus.EventBus.dispatch(EventBus.java:322) [guava-17.0.jar:?]
	at com.google.common.eventbus.EventBus.dispatchQueuedEvents(EventBus.java:304) [guava-17.0.jar:?]
	at com.google.common.eventbus.EventBus.post(EventBus.java:275) [guava-17.0.jar:?]
	at cpw.mods.fml.common.LoadController.sendEventToModContainer(LoadController.java:212) [LoadController.class:?]
	at cpw.mods.fml.common.LoadController.propogateStateMessage(LoadController.java:190) [LoadController.class:?]
	at sun.reflect.NativeMethodAccessorImpl.invoke0(Native Method) ~[?:1.8.0_504]
	at sun.reflect.NativeMethodAccessorImpl.invoke(NativeMethodAccessorImpl.java:62) ~[?:1.8.0_504]
	at sun.reflect.DelegatingMethodAccessorImpl.invoke(DelegatingMethodAccessorImpl.java:43) ~[?:1.8.0_504]
	at java.lang.reflect.Method.invoke(Method.java:498) ~[?:1.8.0_504]
	at com.google.common.eventbus.EventSubscriber.handleEvent(EventSubscriber.java:74) [guava-17.0.jar:?]
	at com.google.common.eventbus.SynchronizedEventSubscriber.handleEvent(SynchronizedEventSubscriber.java:47) [guava-17.0.jar:?]
	at com.google.common.eventbus.EventBus.dispatch(EventBus.java:322) [guava-17.0.jar:?]
	at com.google.common.eventbus.EventBus.dispatchQueuedEvents(EventBus.java:304) [guava-17.0.jar:?]
	at com.google.common.eventbus.EventBus.post(EventBus.java:275) [guava-17.0.jar:?]
	at cpw.mods.fml.common.LoadController.distributeStateMessage(LoadController.java:119) [LoadController.class:?]
	at cpw.mods.fml.common.Loader.serverStarted(Loader.java:802) [Loader.class:?]
	at cpw.mods.fml.common.FMLCommonHandler.handleServerStarted(FMLCommonHandler.java:283) [FMLCommonHandler.class:?]
	at net.minecraft.server.MinecraftServer.run(MinecraftServer.java:451) [MinecraftServer.class:?]
	at net.minecraft.server.MinecraftServer$2.run(MinecraftServer.java:756) [MinecraftServer$2.class:?]
[05:42:01] [Server thread/ERROR] [FML]: Index: 3 Listeners:
[05:42:01] [Server thread/ERROR] [FML]: 0: NORMAL
[05:42:01] [Server thread/ERROR] [FML]: 1: ASM: com.layue13.clashweave.s1d.DamageExperiment@798bb8bd attackNormal(Lnet/minecraftforge/event/entity/living/LivingAttackEvent;)V
[05:42:01] [Server thread/ERROR] [FML]: 2: LOWEST
[05:42:01] [Server thread/ERROR] [FML]: 3: ASM: com.layue13.clashweave.s1d.DamageExperiment@798bb8bd attackLowest(Lnet/minecraftforge/event/entity/living/LivingAttackEvent;)V
[05:42:01] [Server thread/ERROR] [FML]: 4: ASM: com.layue13.clashweave.s1d.EventGate@f20e8ca attackMarker(Lnet/minecraftforge/event/entity/living/LivingAttackEvent;)V
[05:42:01] [Server thread/INFO] [STDOUT]: [com.layue13.clashweave.s1d.DamageExperiment:boundary:159]: CW3 S1D_BOUNDARY scenario=throw-attack-after-clear player=false before=true history=false path=control state=false:true:0.0:100.0:0:0.0:8 lifecycleRestored=true
[05:42:01] [Server thread/INFO] [STDOUT]: [com.layue13.clashweave.s1d.DamageExperiment:attackLowest:123]: CW3 S1D_THROW at=attack-LOWEST timer=0 last=0.0
[05:42:01] [Server thread/ERROR] [FML]: Exception caught during firing event net.minecraftforge.event.entity.living.LivingAttackEvent@194c72ff:
com.layue13.clashweave.s1d.DamageExperiment$FixtureException
	at com.layue13.clashweave.s1d.DamageExperiment.attackLowest(DamageExperiment.java:124) ~[DamageExperiment.class:?]
	at cpw.mods.fml.common.eventhandler.ASMEventHandler_15_DamageExperiment_attackLowest_LivingAttackEvent.invoke(.dynamic) ~[?:?]
	at cpw.mods.fml.common.eventhandler.ASMEventHandler.invoke(ASMEventHandler.java:54) ~[ASMEventHandler.class:?]
	at cpw.mods.fml.common.eventhandler.EventBus.post(EventBus.java:140) [EventBus.class:?]
	at net.minecraftforge.common.ForgeHooks.onLivingAttack(ForgeHooks.java:294) [ForgeHooks.class:?]
	at net.minecraft.entity.EntityLivingBase.attackEntityFrom(EntityLivingBase.java:822) [EntityLivingBase.class:?]
	at net.minecraft.entity.passive.EntityAnimal.attackEntityFrom(EntityAnimal.java:224) [EntityAnimal.class:?]
	at com.layue13.clashweave.s1d.EventGate.apply(EventGate.java:32) [EventGate.class:?]
	at com.layue13.clashweave.s1d.DamageExperiment.boundary(DamageExperiment.java:155) [DamageExperiment.class:?]
	at com.layue13.clashweave.s1d.DamageExperiment.started(DamageExperiment.java:41) [DamageExperiment.class:?]
	at sun.reflect.NativeMethodAccessorImpl.invoke0(Native Method) ~[?:1.8.0_504]
	at sun.reflect.NativeMethodAccessorImpl.invoke(NativeMethodAccessorImpl.java:62) ~[?:1.8.0_504]
	at sun.reflect.DelegatingMethodAccessorImpl.invoke(DelegatingMethodAccessorImpl.java:43) ~[?:1.8.0_504]
	at java.lang.reflect.Method.invoke(Method.java:498) ~[?:1.8.0_504]
	at cpw.mods.fml.common.FMLModContainer.handleModStateEvent(FMLModContainer.java:532) [FMLModContainer.class:?]
	at sun.reflect.GeneratedMethodAccessor6.invoke(Unknown Source) ~[?:?]
	at sun.reflect.DelegatingMethodAccessorImpl.invoke(DelegatingMethodAccessorImpl.java:43) ~[?:1.8.0_504]
	at java.lang.reflect.Method.invoke(Method.java:498) ~[?:1.8.0_504]
	at com.google.common.eventbus.EventSubscriber.handleEvent(EventSubscriber.java:74) [guava-17.0.jar:?]
	at com.google.common.eventbus.SynchronizedEventSubscriber.handleEvent(SynchronizedEventSubscriber.java:47) [guava-17.0.jar:?]
	at com.google.common.eventbus.EventBus.dispatch(EventBus.java:322) [guava-17.0.jar:?]
	at com.google.common.eventbus.EventBus.dispatchQueuedEvents(EventBus.java:304) [guava-17.0.jar:?]
	at com.google.common.eventbus.EventBus.post(EventBus.java:275) [guava-17.0.jar:?]
	at cpw.mods.fml.common.LoadController.sendEventToModContainer(LoadController.java:212) [LoadController.class:?]
	at cpw.mods.fml.common.LoadController.propogateStateMessage(LoadController.java:190) [LoadController.class:?]
	at sun.reflect.NativeMethodAccessorImpl.invoke0(Native Method) ~[?:1.8.0_504]
	at sun.reflect.NativeMethodAccessorImpl.invoke(NativeMethodAccessorImpl.java:62) ~[?:1.8.0_504]
	at sun.reflect.DelegatingMethodAccessorImpl.invoke(DelegatingMethodAccessorImpl.java:43) ~[?:1.8.0_504]
	at java.lang.reflect.Method.invoke(Method.java:498) ~[?:1.8.0_504]
	at com.google.common.eventbus.EventSubscriber.handleEvent(EventSubscriber.java:74) [guava-17.0.jar:?]
	at com.google.common.eventbus.SynchronizedEventSubscriber.handleEvent(SynchronizedEventSubscriber.java:47) [guava-17.0.jar:?]
	at com.google.common.eventbus.EventBus.dispatch(EventBus.java:322) [guava-17.0.jar:?]
	at com.google.common.eventbus.EventBus.dispatchQueuedEvents(EventBus.java:304) [guava-17.0.jar:?]
	at com.google.common.eventbus.EventBus.post(EventBus.java:275) [guava-17.0.jar:?]
	at cpw.mods.fml.common.LoadController.distributeStateMessage(LoadController.java:119) [LoadController.class:?]
	at cpw.mods.fml.common.Loader.serverStarted(Loader.java:802) [Loader.class:?]
	at cpw.mods.fml.common.FMLCommonHandler.handleServerStarted(FMLCommonHandler.java:283) [FMLCommonHandler.class:?]
	at net.minecraft.server.MinecraftServer.run(MinecraftServer.java:451) [MinecraftServer.class:?]
	at net.minecraft.server.MinecraftServer$2.run(MinecraftServer.java:756) [MinecraftServer$2.class:?]
[05:42:01] [Server thread/ERROR] [FML]: Index: 3 Listeners:
[05:42:01] [Server thread/ERROR] [FML]: 0: NORMAL
[05:42:01] [Server thread/ERROR] [FML]: 1: ASM: com.layue13.clashweave.s1d.DamageExperiment@798bb8bd attackNormal(Lnet/minecraftforge/event/entity/living/LivingAttackEvent;)V
[05:42:01] [Server thread/ERROR] [FML]: 2: LOWEST
[05:42:01] [Server thread/ERROR] [FML]: 3: ASM: com.layue13.clashweave.s1d.DamageExperiment@798bb8bd attackLowest(Lnet/minecraftforge/event/entity/living/LivingAttackEvent;)V
[05:42:01] [Server thread/ERROR] [FML]: 4: ASM: com.layue13.clashweave.s1d.EventGate@f20e8ca attackMarker(Lnet/minecraftforge/event/entity/living/LivingAttackEvent;)V
[05:42:01] [Server thread/INFO] [STDOUT]: [com.layue13.clashweave.s1d.DamageExperiment:boundary:159]: CW3 S1D_BOUNDARY scenario=throw-attack-after-clear player=false before=true history=false path=candidate state=false:true:0.0:100.0:0:0.0:8 lifecycleRestored=true
[05:42:01] [Server thread/INFO] [STDOUT]: [com.layue13.clashweave.s1d.DamageExperiment:boundary:162]: CW3 S1D_BOUNDARY_PAIR scenario=throw-attack-after-clear player=false before=true history=false equivalent=true
[05:42:01] [Server thread/INFO] [STDOUT]: [com.layue13.clashweave.s1d.DamageExperiment:attackLowest:123]: CW3 S1D_THROW at=attack-LOWEST timer=13 last=4.0
[05:42:01] [Server thread/ERROR] [FML]: Exception caught during firing event net.minecraftforge.event.entity.living.LivingAttackEvent@69842cd5:
com.layue13.clashweave.s1d.DamageExperiment$FixtureException
	at com.layue13.clashweave.s1d.DamageExperiment.attackLowest(DamageExperiment.java:124) ~[DamageExperiment.class:?]
	at cpw.mods.fml.common.eventhandler.ASMEventHandler_15_DamageExperiment_attackLowest_LivingAttackEvent.invoke(.dynamic) ~[?:?]
	at cpw.mods.fml.common.eventhandler.ASMEventHandler.invoke(ASMEventHandler.java:54) ~[ASMEventHandler.class:?]
	at cpw.mods.fml.common.eventhandler.EventBus.post(EventBus.java:140) [EventBus.class:?]
	at net.minecraftforge.common.ForgeHooks.onLivingAttack(ForgeHooks.java:294) [ForgeHooks.class:?]
	at net.minecraft.entity.EntityLivingBase.attackEntityFrom(EntityLivingBase.java:822) [EntityLivingBase.class:?]
	at net.minecraft.entity.passive.EntityAnimal.attackEntityFrom(EntityAnimal.java:224) [EntityAnimal.class:?]
	at com.layue13.clashweave.s1d.DamageExperiment.boundary(DamageExperiment.java:155) [DamageExperiment.class:?]
	at com.layue13.clashweave.s1d.DamageExperiment.started(DamageExperiment.java:41) [DamageExperiment.class:?]
	at sun.reflect.NativeMethodAccessorImpl.invoke0(Native Method) ~[?:1.8.0_504]
	at sun.reflect.NativeMethodAccessorImpl.invoke(NativeMethodAccessorImpl.java:62) ~[?:1.8.0_504]
	at sun.reflect.DelegatingMethodAccessorImpl.invoke(DelegatingMethodAccessorImpl.java:43) ~[?:1.8.0_504]
	at java.lang.reflect.Method.invoke(Method.java:498) ~[?:1.8.0_504]
	at cpw.mods.fml.common.FMLModContainer.handleModStateEvent(FMLModContainer.java:532) [FMLModContainer.class:?]
	at sun.reflect.GeneratedMethodAccessor6.invoke(Unknown Source) ~[?:?]
	at sun.reflect.DelegatingMethodAccessorImpl.invoke(DelegatingMethodAccessorImpl.java:43) ~[?:1.8.0_504]
	at java.lang.reflect.Method.invoke(Method.java:498) ~[?:1.8.0_504]
	at com.google.common.eventbus.EventSubscriber.handleEvent(EventSubscriber.java:74) [guava-17.0.jar:?]
	at com.google.common.eventbus.SynchronizedEventSubscriber.handleEvent(SynchronizedEventSubscriber.java:47) [guava-17.0.jar:?]
	at com.google.common.eventbus.EventBus.dispatch(EventBus.java:322) [guava-17.0.jar:?]
	at com.google.common.eventbus.EventBus.dispatchQueuedEvents(EventBus.java:304) [guava-17.0.jar:?]
	at com.google.common.eventbus.EventBus.post(EventBus.java:275) [guava-17.0.jar:?]
	at cpw.mods.fml.common.LoadController.sendEventToModContainer(LoadController.java:212) [LoadController.class:?]
	at cpw.mods.fml.common.LoadController.propogateStateMessage(LoadController.java:190) [LoadController.class:?]
	at sun.reflect.NativeMethodAccessorImpl.invoke0(Native Method) ~[?:1.8.0_504]
	at sun.reflect.NativeMethodAccessorImpl.invoke(NativeMethodAccessorImpl.java:62) ~[?:1.8.0_504]
	at sun.reflect.DelegatingMethodAccessorImpl.invoke(DelegatingMethodAccessorImpl.java:43) ~[?:1.8.0_504]
	at java.lang.reflect.Method.invoke(Method.java:498) ~[?:1.8.0_504]
	at com.google.common.eventbus.EventSubscriber.handleEvent(EventSubscriber.java:74) [guava-17.0.jar:?]
	at com.google.common.eventbus.SynchronizedEventSubscriber.handleEvent(SynchronizedEventSubscriber.java:47) [guava-17.0.jar:?]
	at com.google.common.eventbus.EventBus.dispatch(EventBus.java:322) [guava-17.0.jar:?]
	at com.google.common.eventbus.EventBus.dispatchQueuedEvents(EventBus.java:304) [guava-17.0.jar:?]
	at com.google.common.eventbus.EventBus.post(EventBus.java:275) [guava-17.0.jar:?]
	at cpw.mods.fml.common.LoadController.distributeStateMessage(LoadController.java:119) [LoadController.class:?]
	at cpw.mods.fml.common.Loader.serverStarted(Loader.java:802) [Loader.class:?]
	at cpw.mods.fml.common.FMLCommonHandler.handleServerStarted(FMLCommonHandler.java:283) [FMLCommonHandler.class:?]
	at net.minecraft.server.MinecraftServer.run(MinecraftServer.java:451) [MinecraftServer.class:?]
	at net.minecraft.server.MinecraftServer$2.run(MinecraftServer.java:756) [MinecraftServer$2.class:?]
[05:42:01] [Server thread/ERROR] [FML]: Index: 3 Listeners:
[05:42:01] [Server thread/ERROR] [FML]: 0: NORMAL
[05:42:01] [Server thread/ERROR] [FML]: 1: ASM: com.layue13.clashweave.s1d.DamageExperiment@798bb8bd attackNormal(Lnet/minecraftforge/event/entity/living/LivingAttackEvent;)V
[05:42:01] [Server thread/ERROR] [FML]: 2: LOWEST
[05:42:01] [Server thread/ERROR] [FML]: 3: ASM: com.layue13.clashweave.s1d.DamageExperiment@798bb8bd attackLowest(Lnet/minecraftforge/event/entity/living/LivingAttackEvent;)V
[05:42:01] [Server thread/ERROR] [FML]: 4: ASM: com.layue13.clashweave.s1d.EventGate@f20e8ca attackMarker(Lnet/minecraftforge/event/entity/living/LivingAttackEvent;)V
[05:42:01] [Server thread/INFO] [STDOUT]: [com.layue13.clashweave.s1d.DamageExperiment:boundary:159]: CW3 S1D_BOUNDARY scenario=throw-attack-after-clear player=false before=true history=true path=control state=false:true:0.0:96.0:13:4.0:8 lifecycleRestored=true
[05:42:01] [Server thread/INFO] [STDOUT]: [com.layue13.clashweave.s1d.DamageExperiment:attackLowest:123]: CW3 S1D_THROW at=attack-LOWEST timer=13 last=4.0
[05:42:01] [Server thread/ERROR] [FML]: Exception caught during firing event net.minecraftforge.event.entity.living.LivingAttackEvent@8cf1e6e:
com.layue13.clashweave.s1d.DamageExperiment$FixtureException
	at com.layue13.clashweave.s1d.DamageExperiment.attackLowest(DamageExperiment.java:124) ~[DamageExperiment.class:?]
	at cpw.mods.fml.common.eventhandler.ASMEventHandler_15_DamageExperiment_attackLowest_LivingAttackEvent.invoke(.dynamic) ~[?:?]
	at cpw.mods.fml.common.eventhandler.ASMEventHandler.invoke(ASMEventHandler.java:54) ~[ASMEventHandler.class:?]
	at cpw.mods.fml.common.eventhandler.EventBus.post(EventBus.java:140) [EventBus.class:?]
	at net.minecraftforge.common.ForgeHooks.onLivingAttack(ForgeHooks.java:294) [ForgeHooks.class:?]
	at net.minecraft.entity.EntityLivingBase.attackEntityFrom(EntityLivingBase.java:822) [EntityLivingBase.class:?]
	at net.minecraft.entity.passive.EntityAnimal.attackEntityFrom(EntityAnimal.java:224) [EntityAnimal.class:?]
	at com.layue13.clashweave.s1d.EventGate.apply(EventGate.java:32) [EventGate.class:?]
	at com.layue13.clashweave.s1d.DamageExperiment.boundary(DamageExperiment.java:155) [DamageExperiment.class:?]
	at com.layue13.clashweave.s1d.DamageExperiment.started(DamageExperiment.java:41) [DamageExperiment.class:?]
	at sun.reflect.NativeMethodAccessorImpl.invoke0(Native Method) ~[?:1.8.0_504]
	at sun.reflect.NativeMethodAccessorImpl.invoke(NativeMethodAccessorImpl.java:62) ~[?:1.8.0_504]
	at sun.reflect.DelegatingMethodAccessorImpl.invoke(DelegatingMethodAccessorImpl.java:43) ~[?:1.8.0_504]
	at java.lang.reflect.Method.invoke(Method.java:498) ~[?:1.8.0_504]
	at cpw.mods.fml.common.FMLModContainer.handleModStateEvent(FMLModContainer.java:532) [FMLModContainer.class:?]
	at sun.reflect.GeneratedMethodAccessor6.invoke(Unknown Source) ~[?:?]
	at sun.reflect.DelegatingMethodAccessorImpl.invoke(DelegatingMethodAccessorImpl.java:43) ~[?:1.8.0_504]
	at java.lang.reflect.Method.invoke(Method.java:498) ~[?:1.8.0_504]
	at com.google.common.eventbus.EventSubscriber.handleEvent(EventSubscriber.java:74) [guava-17.0.jar:?]
	at com.google.common.eventbus.SynchronizedEventSubscriber.handleEvent(SynchronizedEventSubscriber.java:47) [guava-17.0.jar:?]
	at com.google.common.eventbus.EventBus.dispatch(EventBus.java:322) [guava-17.0.jar:?]
	at com.google.common.eventbus.EventBus.dispatchQueuedEvents(EventBus.java:304) [guava-17.0.jar:?]
	at com.google.common.eventbus.EventBus.post(EventBus.java:275) [guava-17.0.jar:?]
	at cpw.mods.fml.common.LoadController.sendEventToModContainer(LoadController.java:212) [LoadController.class:?]
	at cpw.mods.fml.common.LoadController.propogateStateMessage(LoadController.java:190) [LoadController.class:?]
	at sun.reflect.NativeMethodAccessorImpl.invoke0(Native Method) ~[?:1.8.0_504]
	at sun.reflect.NativeMethodAccessorImpl.invoke(NativeMethodAccessorImpl.java:62) ~[?:1.8.0_504]
	at sun.reflect.DelegatingMethodAccessorImpl.invoke(DelegatingMethodAccessorImpl.java:43) ~[?:1.8.0_504]
	at java.lang.reflect.Method.invoke(Method.java:498) ~[?:1.8.0_504]
	at com.google.common.eventbus.EventSubscriber.handleEvent(EventSubscriber.java:74) [guava-17.0.jar:?]
	at com.google.common.eventbus.SynchronizedEventSubscriber.handleEvent(SynchronizedEventSubscriber.java:47) [guava-17.0.jar:?]
	at com.google.common.eventbus.EventBus.dispatch(EventBus.java:322) [guava-17.0.jar:?]
	at com.google.common.eventbus.EventBus.dispatchQueuedEvents(EventBus.java:304) [guava-17.0.jar:?]
	at com.google.common.eventbus.EventBus.post(EventBus.java:275) [guava-17.0.jar:?]
	at cpw.mods.fml.common.LoadController.distributeStateMessage(LoadController.java:119) [LoadController.class:?]
	at cpw.mods.fml.common.Loader.serverStarted(Loader.java:802) [Loader.class:?]
	at cpw.mods.fml.common.FMLCommonHandler.handleServerStarted(FMLCommonHandler.java:283) [FMLCommonHandler.class:?]
	at net.minecraft.server.MinecraftServer.run(MinecraftServer.java:451) [MinecraftServer.class:?]
	at net.minecraft.server.MinecraftServer$2.run(MinecraftServer.java:756) [MinecraftServer$2.class:?]
[05:42:01] [Server thread/ERROR] [FML]: Index: 3 Listeners:
[05:42:01] [Server thread/ERROR] [FML]: 0: NORMAL
[05:42:01] [Server thread/ERROR] [FML]: 1: ASM: com.layue13.clashweave.s1d.DamageExperiment@798bb8bd attackNormal(Lnet/minecraftforge/event/entity/living/LivingAttackEvent;)V
[05:42:01] [Server thread/ERROR] [FML]: 2: LOWEST
[05:42:01] [Server thread/ERROR] [FML]: 3: ASM: com.layue13.clashweave.s1d.DamageExperiment@798bb8bd attackLowest(Lnet/minecraftforge/event/entity/living/LivingAttackEvent;)V
[05:42:01] [Server thread/ERROR] [FML]: 4: ASM: com.layue13.clashweave.s1d.EventGate@f20e8ca attackMarker(Lnet/minecraftforge/event/entity/living/LivingAttackEvent;)V
[05:42:01] [Server thread/INFO] [STDOUT]: [com.layue13.clashweave.s1d.DamageExperiment:boundary:159]: CW3 S1D_BOUNDARY scenario=throw-attack-after-clear player=false before=true history=true path=candidate state=false:true:0.0:96.0:13:4.0:8 lifecycleRestored=true
[05:42:01] [Server thread/INFO] [STDOUT]: [com.layue13.clashweave.s1d.DamageExperiment:boundary:162]: CW3 S1D_BOUNDARY_PAIR scenario=throw-attack-after-clear player=false before=true history=true equivalent=true
[05:42:01] [Server thread/INFO] [STDOUT]: [com.layue13.clashweave.s1d.DamageExperiment:hurtHighest:131]: CW3 S1D_THROW at=hurt-HIGHEST timer=8 last=2.0
[05:42:01] [Server thread/ERROR] [FML]: Exception caught during firing event net.minecraftforge.event.entity.living.LivingHurtEvent@64036dbc:
com.layue13.clashweave.s1d.DamageExperiment$FixtureException
	at com.layue13.clashweave.s1d.DamageExperiment.hurtHighest(DamageExperiment.java:132) ~[DamageExperiment.class:?]
	at cpw.mods.fml.common.eventhandler.ASMEventHandler_16_DamageExperiment_hurtHighest_LivingHurtEvent.invoke(.dynamic) ~[?:?]
	at cpw.mods.fml.common.eventhandler.ASMEventHandler.invoke(ASMEventHandler.java:54) ~[ASMEventHandler.class:?]
	at cpw.mods.fml.common.eventhandler.EventBus.post(EventBus.java:140) [EventBus.class:?]
	at net.minecraftforge.common.ForgeHooks.onLivingHurt(ForgeHooks.java:300) [ForgeHooks.class:?]
	at net.minecraft.entity.EntityLivingBase.damageEntity(EntityLivingBase.java:1261) [EntityLivingBase.class:?]
	at net.minecraft.entity.EntityLivingBase.attackEntityFrom(EntityLivingBase.java:870) [EntityLivingBase.class:?]
	at net.minecraft.entity.passive.EntityAnimal.attackEntityFrom(EntityAnimal.java:224) [EntityAnimal.class:?]
	at com.layue13.clashweave.s1d.DamageExperiment.boundary(DamageExperiment.java:155) [DamageExperiment.class:?]
	at com.layue13.clashweave.s1d.DamageExperiment.started(DamageExperiment.java:41) [DamageExperiment.class:?]
	at sun.reflect.NativeMethodAccessorImpl.invoke0(Native Method) ~[?:1.8.0_504]
	at sun.reflect.NativeMethodAccessorImpl.invoke(NativeMethodAccessorImpl.java:62) ~[?:1.8.0_504]
	at sun.reflect.DelegatingMethodAccessorImpl.invoke(DelegatingMethodAccessorImpl.java:43) ~[?:1.8.0_504]
	at java.lang.reflect.Method.invoke(Method.java:498) ~[?:1.8.0_504]
	at cpw.mods.fml.common.FMLModContainer.handleModStateEvent(FMLModContainer.java:532) [FMLModContainer.class:?]
	at sun.reflect.GeneratedMethodAccessor6.invoke(Unknown Source) ~[?:?]
	at sun.reflect.DelegatingMethodAccessorImpl.invoke(DelegatingMethodAccessorImpl.java:43) ~[?:1.8.0_504]
	at java.lang.reflect.Method.invoke(Method.java:498) ~[?:1.8.0_504]
	at com.google.common.eventbus.EventSubscriber.handleEvent(EventSubscriber.java:74) [guava-17.0.jar:?]
	at com.google.common.eventbus.SynchronizedEventSubscriber.handleEvent(SynchronizedEventSubscriber.java:47) [guava-17.0.jar:?]
	at com.google.common.eventbus.EventBus.dispatch(EventBus.java:322) [guava-17.0.jar:?]
	at com.google.common.eventbus.EventBus.dispatchQueuedEvents(EventBus.java:304) [guava-17.0.jar:?]
	at com.google.common.eventbus.EventBus.post(EventBus.java:275) [guava-17.0.jar:?]
	at cpw.mods.fml.common.LoadController.sendEventToModContainer(LoadController.java:212) [LoadController.class:?]
	at cpw.mods.fml.common.LoadController.propogateStateMessage(LoadController.java:190) [LoadController.class:?]
	at sun.reflect.NativeMethodAccessorImpl.invoke0(Native Method) ~[?:1.8.0_504]
	at sun.reflect.NativeMethodAccessorImpl.invoke(NativeMethodAccessorImpl.java:62) ~[?:1.8.0_504]
	at sun.reflect.DelegatingMethodAccessorImpl.invoke(DelegatingMethodAccessorImpl.java:43) ~[?:1.8.0_504]
	at java.lang.reflect.Method.invoke(Method.java:498) ~[?:1.8.0_504]
	at com.google.common.eventbus.EventSubscriber.handleEvent(EventSubscriber.java:74) [guava-17.0.jar:?]
	at com.google.common.eventbus.SynchronizedEventSubscriber.handleEvent(SynchronizedEventSubscriber.java:47) [guava-17.0.jar:?]
	at com.google.common.eventbus.EventBus.dispatch(EventBus.java:322) [guava-17.0.jar:?]
	at com.google.common.eventbus.EventBus.dispatchQueuedEvents(EventBus.java:304) [guava-17.0.jar:?]
	at com.google.common.eventbus.EventBus.post(EventBus.java:275) [guava-17.0.jar:?]
	at cpw.mods.fml.common.LoadController.distributeStateMessage(LoadController.java:119) [LoadController.class:?]
	at cpw.mods.fml.common.Loader.serverStarted(Loader.java:802) [Loader.class:?]
	at cpw.mods.fml.common.FMLCommonHandler.handleServerStarted(FMLCommonHandler.java:283) [FMLCommonHandler.class:?]
	at net.minecraft.server.MinecraftServer.run(MinecraftServer.java:451) [MinecraftServer.class:?]
	at net.minecraft.server.MinecraftServer$2.run(MinecraftServer.java:756) [MinecraftServer$2.class:?]
[05:42:01] [Server thread/ERROR] [FML]: Index: 1 Listeners:
[05:42:01] [Server thread/ERROR] [FML]: 0: HIGHEST
[05:42:01] [Server thread/ERROR] [FML]: 1: ASM: com.layue13.clashweave.s1d.DamageExperiment@798bb8bd hurtHighest(Lnet/minecraftforge/event/entity/living/LivingHurtEvent;)V
[05:42:01] [Server thread/ERROR] [FML]: 2: ASM: com.layue13.clashweave.s1d.EventGate@f20e8ca hurtMarker(Lnet/minecraftforge/event/entity/living/LivingHurtEvent;)V
[05:42:01] [Server thread/ERROR] [FML]: 3: HIGH
[05:42:01] [Server thread/ERROR] [FML]: 4: ASM: com.layue13.clashweave.s1d.DamageExperiment@798bb8bd hurtHigh(Lnet/minecraftforge/event/entity/living/LivingHurtEvent;)V
[05:42:01] [Server thread/ERROR] [FML]: 5: LOW
[05:42:01] [Server thread/ERROR] [FML]: 6: ASM: com.layue13.clashweave.s1d.DamageExperiment@798bb8bd hurtLow(Lnet/minecraftforge/event/entity/living/LivingHurtEvent;)V
[05:42:01] [Server thread/INFO] [STDOUT]: [com.layue13.clashweave.s1d.DamageExperiment:boundary:159]: CW3 S1D_BOUNDARY scenario=throw-hurt-before-restore player=false before=true history=false path=control state=false:true:0.0:100.0:8:2.0:8 lifecycleRestored=true
[05:42:01] [Server thread/INFO] [STDOUT]: [com.layue13.clashweave.s1d.DamageExperiment:hurtHighest:131]: CW3 S1D_THROW at=hurt-HIGHEST timer=8 last=2.0
[05:42:01] [Server thread/ERROR] [FML]: Exception caught during firing event net.minecraftforge.event.entity.living.LivingHurtEvent@3a35a8f7:
com.layue13.clashweave.s1d.DamageExperiment$FixtureException
	at com.layue13.clashweave.s1d.DamageExperiment.hurtHighest(DamageExperiment.java:132) ~[DamageExperiment.class:?]
	at cpw.mods.fml.common.eventhandler.ASMEventHandler_16_DamageExperiment_hurtHighest_LivingHurtEvent.invoke(.dynamic) ~[?:?]
	at cpw.mods.fml.common.eventhandler.ASMEventHandler.invoke(ASMEventHandler.java:54) ~[ASMEventHandler.class:?]
	at cpw.mods.fml.common.eventhandler.EventBus.post(EventBus.java:140) [EventBus.class:?]
	at net.minecraftforge.common.ForgeHooks.onLivingHurt(ForgeHooks.java:300) [ForgeHooks.class:?]
	at net.minecraft.entity.EntityLivingBase.damageEntity(EntityLivingBase.java:1261) [EntityLivingBase.class:?]
	at net.minecraft.entity.EntityLivingBase.attackEntityFrom(EntityLivingBase.java:870) [EntityLivingBase.class:?]
	at net.minecraft.entity.passive.EntityAnimal.attackEntityFrom(EntityAnimal.java:224) [EntityAnimal.class:?]
	at com.layue13.clashweave.s1d.EventGate.apply(EventGate.java:32) [EventGate.class:?]
	at com.layue13.clashweave.s1d.DamageExperiment.boundary(DamageExperiment.java:155) [DamageExperiment.class:?]
	at com.layue13.clashweave.s1d.DamageExperiment.started(DamageExperiment.java:41) [DamageExperiment.class:?]
	at sun.reflect.NativeMethodAccessorImpl.invoke0(Native Method) ~[?:1.8.0_504]
	at sun.reflect.NativeMethodAccessorImpl.invoke(NativeMethodAccessorImpl.java:62) ~[?:1.8.0_504]
	at sun.reflect.DelegatingMethodAccessorImpl.invoke(DelegatingMethodAccessorImpl.java:43) ~[?:1.8.0_504]
	at java.lang.reflect.Method.invoke(Method.java:498) ~[?:1.8.0_504]
	at cpw.mods.fml.common.FMLModContainer.handleModStateEvent(FMLModContainer.java:532) [FMLModContainer.class:?]
	at sun.reflect.GeneratedMethodAccessor6.invoke(Unknown Source) ~[?:?]
	at sun.reflect.DelegatingMethodAccessorImpl.invoke(DelegatingMethodAccessorImpl.java:43) ~[?:1.8.0_504]
	at java.lang.reflect.Method.invoke(Method.java:498) ~[?:1.8.0_504]
	at com.google.common.eventbus.EventSubscriber.handleEvent(EventSubscriber.java:74) [guava-17.0.jar:?]
	at com.google.common.eventbus.SynchronizedEventSubscriber.handleEvent(SynchronizedEventSubscriber.java:47) [guava-17.0.jar:?]
	at com.google.common.eventbus.EventBus.dispatch(EventBus.java:322) [guava-17.0.jar:?]
	at com.google.common.eventbus.EventBus.dispatchQueuedEvents(EventBus.java:304) [guava-17.0.jar:?]
	at com.google.common.eventbus.EventBus.post(EventBus.java:275) [guava-17.0.jar:?]
	at cpw.mods.fml.common.LoadController.sendEventToModContainer(LoadController.java:212) [LoadController.class:?]
	at cpw.mods.fml.common.LoadController.propogateStateMessage(LoadController.java:190) [LoadController.class:?]
	at sun.reflect.NativeMethodAccessorImpl.invoke0(Native Method) ~[?:1.8.0_504]
	at sun.reflect.NativeMethodAccessorImpl.invoke(NativeMethodAccessorImpl.java:62) ~[?:1.8.0_504]
	at sun.reflect.DelegatingMethodAccessorImpl.invoke(DelegatingMethodAccessorImpl.java:43) ~[?:1.8.0_504]
	at java.lang.reflect.Method.invoke(Method.java:498) ~[?:1.8.0_504]
	at com.google.common.eventbus.EventSubscriber.handleEvent(EventSubscriber.java:74) [guava-17.0.jar:?]
	at com.google.common.eventbus.SynchronizedEventSubscriber.handleEvent(SynchronizedEventSubscriber.java:47) [guava-17.0.jar:?]
	at com.google.common.eventbus.EventBus.dispatch(EventBus.java:322) [guava-17.0.jar:?]
	at com.google.common.eventbus.EventBus.dispatchQueuedEvents(EventBus.java:304) [guava-17.0.jar:?]
	at com.google.common.eventbus.EventBus.post(EventBus.java:275) [guava-17.0.jar:?]
	at cpw.mods.fml.common.LoadController.distributeStateMessage(LoadController.java:119) [LoadController.class:?]
	at cpw.mods.fml.common.Loader.serverStarted(Loader.java:802) [Loader.class:?]
	at cpw.mods.fml.common.FMLCommonHandler.handleServerStarted(FMLCommonHandler.java:283) [FMLCommonHandler.class:?]
	at net.minecraft.server.MinecraftServer.run(MinecraftServer.java:451) [MinecraftServer.class:?]
	at net.minecraft.server.MinecraftServer$2.run(MinecraftServer.java:756) [MinecraftServer$2.class:?]
[05:42:01] [Server thread/ERROR] [FML]: Index: 1 Listeners:
[05:42:01] [Server thread/ERROR] [FML]: 0: HIGHEST
[05:42:01] [Server thread/ERROR] [FML]: 1: ASM: com.layue13.clashweave.s1d.DamageExperiment@798bb8bd hurtHighest(Lnet/minecraftforge/event/entity/living/LivingHurtEvent;)V
[05:42:01] [Server thread/ERROR] [FML]: 2: ASM: com.layue13.clashweave.s1d.EventGate@f20e8ca hurtMarker(Lnet/minecraftforge/event/entity/living/LivingHurtEvent;)V
[05:42:01] [Server thread/ERROR] [FML]: 3: HIGH
[05:42:01] [Server thread/ERROR] [FML]: 4: ASM: com.layue13.clashweave.s1d.DamageExperiment@798bb8bd hurtHigh(Lnet/minecraftforge/event/entity/living/LivingHurtEvent;)V
[05:42:01] [Server thread/ERROR] [FML]: 5: LOW
[05:42:01] [Server thread/ERROR] [FML]: 6: ASM: com.layue13.clashweave.s1d.DamageExperiment@798bb8bd hurtLow(Lnet/minecraftforge/event/entity/living/LivingHurtEvent;)V
[05:42:01] [Server thread/INFO] [STDOUT]: [com.layue13.clashweave.s1d.DamageExperiment:boundary:159]: CW3 S1D_BOUNDARY scenario=throw-hurt-before-restore player=false before=true history=false path=candidate state=false:true:0.0:100.0:8:2.0:8 lifecycleRestored=true
[05:42:01] [Server thread/INFO] [STDOUT]: [com.layue13.clashweave.s1d.DamageExperiment:boundary:162]: CW3 S1D_BOUNDARY_PAIR scenario=throw-hurt-before-restore player=false before=true history=false equivalent=true
[05:42:01] [Server thread/INFO] [STDOUT]: [com.layue13.clashweave.s1d.DamageExperiment:boundary:159]: CW3 S1D_BOUNDARY scenario=throw-hurt-before-restore player=false before=true history=true path=control state=false:false:0.0:96.0:13:4.0:8 lifecycleRestored=true
[05:42:01] [Server thread/INFO] [STDOUT]: [com.layue13.clashweave.s1d.DamageExperiment:boundary:159]: CW3 S1D_BOUNDARY scenario=throw-hurt-before-restore player=false before=true history=true path=candidate state=false:false:0.0:96.0:13:4.0:8 lifecycleRestored=true
[05:42:01] [Server thread/INFO] [STDOUT]: [com.layue13.clashweave.s1d.DamageExperiment:boundary:162]: CW3 S1D_BOUNDARY_PAIR scenario=throw-hurt-before-restore player=false before=true history=true equivalent=true
[05:42:01] [Server thread/INFO] [STDOUT]: [com.layue13.clashweave.s1d.DamageExperiment:nested:108]: CW3 S1D_NESTED scenario=attack-normal path=control at=attack-NORMAL timer=13 last=4.0 accepted=false loss=0.0
[05:42:01] [Server thread/INFO] [STDOUT]: [com.layue13.clashweave.s1d.DamageExperiment:nested:108]: CW3 S1D_NESTED scenario=attack-normal path=control at=attack-NORMAL timer=13 last=4.0 accepted=false loss=0.0
[05:42:01] [Server thread/INFO] [STDOUT]: [com.layue13.clashweave.s1d.DamageExperiment:run:99]: CW3 S1D_OUTER scenario=attack-normal path=control accepted=false hp=96.0 timer=13 last=4.0
[05:42:01] [Server thread/INFO] [STDOUT]: [com.layue13.clashweave.s1d.DamageExperiment:nested:108]: CW3 S1D_NESTED scenario=attack-normal path=candidate at=attack-NORMAL timer=13 last=4.0 accepted=false loss=0.0
[05:42:01] [Server thread/INFO] [STDOUT]: [com.layue13.clashweave.s1d.DamageExperiment:nested:108]: CW3 S1D_NESTED scenario=attack-normal path=candidate at=attack-NORMAL timer=13 last=4.0 accepted=false loss=0.0
[05:42:01] [Server thread/INFO] [STDOUT]: [com.layue13.clashweave.s1d.DamageExperiment:run:99]: CW3 S1D_OUTER scenario=attack-normal path=candidate accepted=false hp=96.0 timer=13 last=4.0
[05:42:01] [Server thread/INFO] [STDOUT]: [com.layue13.clashweave.s1d.DamageExperiment:pair:93]: CW3 S1D_PAIR scenario=attack-normal player=true listenerRegisteredBeforeGate=false controlNested=false candidateNested=false controlLoss=0.0 candidateLoss=0.0 callbacks=2,2 equivalent=true
[05:42:01] [Server thread/INFO] [STDOUT]: [com.layue13.clashweave.s1d.DamageExperiment:nested:108]: CW3 S1D_NESTED scenario=hurt-high path=control at=hurt-HIGH timer=13 last=4.0 accepted=false loss=0.0
[05:42:01] [Server thread/INFO] [STDOUT]: [com.layue13.clashweave.s1d.DamageExperiment:run:99]: CW3 S1D_OUTER scenario=hurt-high path=control accepted=true hp=94.0 timer=13 last=6.0
[05:42:01] [Server thread/INFO] [STDOUT]: [com.layue13.clashweave.s1d.DamageExperiment:nested:108]: CW3 S1D_NESTED scenario=hurt-high path=candidate at=hurt-HIGH timer=13 last=4.0 accepted=false loss=0.0
[05:42:01] [Server thread/INFO] [STDOUT]: [com.layue13.clashweave.s1d.DamageExperiment:run:99]: CW3 S1D_OUTER scenario=hurt-high path=candidate accepted=true hp=94.0 timer=13 last=6.0
[05:42:01] [Server thread/INFO] [STDOUT]: [com.layue13.clashweave.s1d.DamageExperiment:pair:93]: CW3 S1D_PAIR scenario=hurt-high player=true listenerRegisteredBeforeGate=false controlNested=false candidateNested=false controlLoss=0.0 candidateLoss=0.0 callbacks=1,1 equivalent=true
[05:42:01] [Server thread/INFO] [STDOUT]: [com.layue13.clashweave.s1d.DamageExperiment:nested:108]: CW3 S1D_NESTED scenario=hurt-low path=control at=hurt-LOW timer=13 last=4.0 accepted=false loss=0.0
[05:42:01] [Server thread/INFO] [STDOUT]: [com.layue13.clashweave.s1d.DamageExperiment:run:99]: CW3 S1D_OUTER scenario=hurt-low path=control accepted=true hp=94.0 timer=13 last=6.0
[05:42:01] [Server thread/INFO] [STDOUT]: [com.layue13.clashweave.s1d.DamageExperiment:nested:108]: CW3 S1D_NESTED scenario=hurt-low path=candidate at=hurt-LOW timer=13 last=4.0 accepted=false loss=0.0
[05:42:01] [Server thread/INFO] [STDOUT]: [com.layue13.clashweave.s1d.DamageExperiment:run:99]: CW3 S1D_OUTER scenario=hurt-low path=candidate accepted=true hp=94.0 timer=13 last=6.0
[05:42:01] [Server thread/INFO] [STDOUT]: [com.layue13.clashweave.s1d.DamageExperiment:pair:93]: CW3 S1D_PAIR scenario=hurt-low player=true listenerRegisteredBeforeGate=false controlNested=false candidateNested=false controlLoss=0.0 candidateLoss=0.0 callbacks=1,1 equivalent=true
[05:42:01] [Server thread/INFO] [STDOUT]: [com.layue13.clashweave.s1d.DamageExperiment:nested:108]: CW3 S1D_NESTED scenario=attack-lowest-before path=control at=attack-LOWEST timer=13 last=4.0 accepted=false loss=0.0
[05:42:01] [Server thread/INFO] [STDOUT]: [com.layue13.clashweave.s1d.DamageExperiment:nested:108]: CW3 S1D_NESTED scenario=attack-lowest-before path=control at=attack-LOWEST timer=13 last=4.0 accepted=false loss=0.0
[05:42:01] [Server thread/INFO] [STDOUT]: [com.layue13.clashweave.s1d.DamageExperiment:run:99]: CW3 S1D_OUTER scenario=attack-lowest-before path=control accepted=false hp=96.0 timer=13 last=4.0
[05:42:01] [Server thread/INFO] [STDOUT]: [com.layue13.clashweave.s1d.DamageExperiment:nested:108]: CW3 S1D_NESTED scenario=attack-lowest-before path=candidate at=attack-LOWEST timer=13 last=4.0 accepted=false loss=0.0
[05:42:01] [Server thread/INFO] [STDOUT]: [com.layue13.clashweave.s1d.DamageExperiment:nested:108]: CW3 S1D_NESTED scenario=attack-lowest-before path=candidate at=attack-LOWEST timer=13 last=4.0 accepted=false loss=0.0
[05:42:01] [Server thread/INFO] [STDOUT]: [com.layue13.clashweave.s1d.DamageExperiment:run:99]: CW3 S1D_OUTER scenario=attack-lowest-before path=candidate accepted=false hp=96.0 timer=13 last=4.0
[05:42:01] [Server thread/INFO] [STDOUT]: [com.layue13.clashweave.s1d.DamageExperiment:pair:93]: CW3 S1D_PAIR scenario=attack-lowest-before player=true listenerRegisteredBeforeGate=false controlNested=false candidateNested=false controlLoss=0.0 candidateLoss=0.0 callbacks=2,2 equivalent=true
[05:42:01] [Server thread/INFO] [STDOUT]: [com.layue13.clashweave.s1d.DamageExperiment:nested:108]: CW3 S1D_NESTED scenario=attack-lowest-after path=control at=attack-LOWEST timer=13 last=4.0 accepted=false loss=0.0
[05:42:01] [Server thread/INFO] [STDOUT]: [com.layue13.clashweave.s1d.DamageExperiment:nested:108]: CW3 S1D_NESTED scenario=attack-lowest-after path=control at=attack-LOWEST timer=13 last=4.0 accepted=false loss=0.0
[05:42:01] [Server thread/INFO] [STDOUT]: [com.layue13.clashweave.s1d.DamageExperiment:run:99]: CW3 S1D_OUTER scenario=attack-lowest-after path=control accepted=false hp=96.0 timer=13 last=4.0
[05:42:01] [Server thread/INFO] [STDOUT]: [com.layue13.clashweave.s1d.DamageExperiment:nested:108]: CW3 S1D_NESTED scenario=attack-lowest-after path=candidate at=attack-LOWEST timer=13 last=4.0 accepted=false loss=0.0
[05:42:01] [Server thread/INFO] [STDOUT]: [com.layue13.clashweave.s1d.DamageExperiment:nested:108]: CW3 S1D_NESTED scenario=attack-lowest-after path=candidate at=attack-LOWEST timer=13 last=4.0 accepted=false loss=0.0
[05:42:01] [Server thread/INFO] [STDOUT]: [com.layue13.clashweave.s1d.DamageExperiment:run:99]: CW3 S1D_OUTER scenario=attack-lowest-after path=candidate accepted=false hp=96.0 timer=13 last=4.0
[05:42:01] [Server thread/INFO] [STDOUT]: [com.layue13.clashweave.s1d.DamageExperiment:pair:93]: CW3 S1D_PAIR scenario=attack-lowest-after player=true listenerRegisteredBeforeGate=false controlNested=false candidateNested=false controlLoss=0.0 candidateLoss=0.0 callbacks=2,2 equivalent=true
[05:42:01] [Server thread/INFO] [STDOUT]: [com.layue13.clashweave.s1d.DamageExperiment:nested:108]: CW3 S1D_NESTED scenario=hurt-highest-before path=control at=hurt-HIGHEST timer=13 last=4.0 accepted=false loss=0.0
[05:42:01] [Server thread/INFO] [STDOUT]: [com.layue13.clashweave.s1d.DamageExperiment:run:99]: CW3 S1D_OUTER scenario=hurt-highest-before path=control accepted=true hp=94.0 timer=13 last=6.0
[05:42:01] [Server thread/INFO] [STDOUT]: [com.layue13.clashweave.s1d.DamageExperiment:nested:108]: CW3 S1D_NESTED scenario=hurt-highest-before path=candidate at=hurt-HIGHEST timer=13 last=4.0 accepted=false loss=0.0
[05:42:01] [Server thread/INFO] [STDOUT]: [com.layue13.clashweave.s1d.DamageExperiment:run:99]: CW3 S1D_OUTER scenario=hurt-highest-before path=candidate accepted=true hp=94.0 timer=13 last=6.0
[05:42:01] [Server thread/INFO] [STDOUT]: [com.layue13.clashweave.s1d.DamageExperiment:pair:93]: CW3 S1D_PAIR scenario=hurt-highest-before player=true listenerRegisteredBeforeGate=false controlNested=false candidateNested=false controlLoss=0.0 candidateLoss=0.0 callbacks=1,1 equivalent=true
[05:42:01] [Server thread/INFO] [STDOUT]: [com.layue13.clashweave.s1d.DamageExperiment:nested:108]: CW3 S1D_NESTED scenario=hurt-highest-after path=control at=hurt-HIGHEST timer=13 last=4.0 accepted=false loss=0.0
[05:42:01] [Server thread/INFO] [STDOUT]: [com.layue13.clashweave.s1d.DamageExperiment:run:99]: CW3 S1D_OUTER scenario=hurt-highest-after path=control accepted=true hp=94.0 timer=13 last=6.0
[05:42:01] [Server thread/INFO] [STDOUT]: [com.layue13.clashweave.s1d.DamageExperiment:nested:108]: CW3 S1D_NESTED scenario=hurt-highest-after path=candidate at=hurt-HIGHEST timer=13 last=4.0 accepted=false loss=0.0
[05:42:01] [Server thread/INFO] [STDOUT]: [com.layue13.clashweave.s1d.DamageExperiment:run:99]: CW3 S1D_OUTER scenario=hurt-highest-after path=candidate accepted=true hp=94.0 timer=13 last=6.0
[05:42:01] [Server thread/INFO] [STDOUT]: [com.layue13.clashweave.s1d.DamageExperiment:pair:93]: CW3 S1D_PAIR scenario=hurt-highest-after player=true listenerRegisteredBeforeGate=false controlNested=false candidateNested=false controlLoss=0.0 candidateLoss=0.0 callbacks=1,1 equivalent=true
[05:42:01] [Server thread/INFO] [STDOUT]: [com.layue13.clashweave.s1d.DamageExperiment:boundary:159]: CW3 S1D_BOUNDARY scenario=cancel-attack player=true before=false history=false path=control state=false:false:0.0:100.0:0:0.0:8 lifecycleRestored=true
[05:42:01] [Server thread/INFO] [STDOUT]: [com.layue13.clashweave.s1d.DamageExperiment:boundary:159]: CW3 S1D_BOUNDARY scenario=cancel-attack player=true before=false history=false path=candidate state=false:false:0.0:100.0:0:0.0:8 lifecycleRestored=true
[05:42:01] [Server thread/INFO] [STDOUT]: [com.layue13.clashweave.s1d.DamageExperiment:boundary:162]: CW3 S1D_BOUNDARY_PAIR scenario=cancel-attack player=true before=false history=false equivalent=true
[05:42:01] [Server thread/INFO] [STDOUT]: [com.layue13.clashweave.s1d.DamageExperiment:boundary:159]: CW3 S1D_BOUNDARY scenario=cancel-attack player=true before=false history=true path=control state=false:false:0.0:96.0:13:4.0:8 lifecycleRestored=true
[05:42:01] [Server thread/INFO] [STDOUT]: [com.layue13.clashweave.s1d.DamageExperiment:boundary:159]: CW3 S1D_BOUNDARY scenario=cancel-attack player=true before=false history=true path=candidate state=false:false:0.0:96.0:13:4.0:8 lifecycleRestored=true
[05:42:01] [Server thread/INFO] [STDOUT]: [com.layue13.clashweave.s1d.DamageExperiment:boundary:162]: CW3 S1D_BOUNDARY_PAIR scenario=cancel-attack player=true before=false history=true equivalent=true
[05:42:01] [Server thread/INFO] [STDOUT]: [com.layue13.clashweave.s1d.DamageExperiment:boundary:159]: CW3 S1D_BOUNDARY scenario=cancel-hurt player=true before=false history=false path=control state=true:false:0.0:100.0:8:2.0:8 lifecycleRestored=true
[05:42:01] [Server thread/INFO] [STDOUT]: [com.layue13.clashweave.s1d.DamageExperiment:boundary:159]: CW3 S1D_BOUNDARY scenario=cancel-hurt player=true before=false history=false path=candidate state=true:false:0.0:100.0:8:2.0:8 lifecycleRestored=true
[05:42:01] [Server thread/INFO] [STDOUT]: [com.layue13.clashweave.s1d.DamageExperiment:boundary:162]: CW3 S1D_BOUNDARY_PAIR scenario=cancel-hurt player=true before=false history=false equivalent=true
[05:42:01] [Server thread/INFO] [STDOUT]: [com.layue13.clashweave.s1d.DamageExperiment:boundary:159]: CW3 S1D_BOUNDARY scenario=cancel-hurt player=true before=false history=true path=control state=false:false:0.0:96.0:13:4.0:8 lifecycleRestored=true
[05:42:01] [Server thread/INFO] [STDOUT]: [com.layue13.clashweave.s1d.DamageExperiment:boundary:159]: CW3 S1D_BOUNDARY scenario=cancel-hurt player=true before=false history=true path=candidate state=false:false:0.0:96.0:13:4.0:8 lifecycleRestored=true
[05:42:01] [Server thread/INFO] [STDOUT]: [com.layue13.clashweave.s1d.DamageExperiment:boundary:162]: CW3 S1D_BOUNDARY_PAIR scenario=cancel-hurt player=true before=false history=true equivalent=true
[05:42:01] [Server thread/INFO] [STDOUT]: [com.layue13.clashweave.s1d.DamageExperiment:boundary:159]: CW3 S1D_BOUNDARY scenario=zero player=true before=false history=false path=control state=false:false:0.0:100.0:0:0.0:8 lifecycleRestored=true
[05:42:01] [Server thread/INFO] [STDOUT]: [com.layue13.clashweave.s1d.DamageExperiment:boundary:159]: CW3 S1D_BOUNDARY scenario=zero player=true before=false history=false path=candidate state=false:false:0.0:100.0:0:0.0:8 lifecycleRestored=true
[05:42:01] [Server thread/INFO] [STDOUT]: [com.layue13.clashweave.s1d.DamageExperiment:boundary:162]: CW3 S1D_BOUNDARY_PAIR scenario=zero player=true before=false history=false equivalent=true
[05:42:01] [Server thread/INFO] [STDOUT]: [com.layue13.clashweave.s1d.DamageExperiment:boundary:159]: CW3 S1D_BOUNDARY scenario=zero player=true before=false history=true path=control state=false:false:0.0:96.0:13:4.0:8 lifecycleRestored=true
[05:42:01] [Server thread/INFO] [STDOUT]: [com.layue13.clashweave.s1d.DamageExperiment:boundary:159]: CW3 S1D_BOUNDARY scenario=zero player=true before=false history=true path=candidate state=false:false:0.0:96.0:13:4.0:8 lifecycleRestored=true
[05:42:01] [Server thread/INFO] [STDOUT]: [com.layue13.clashweave.s1d.DamageExperiment:boundary:162]: CW3 S1D_BOUNDARY_PAIR scenario=zero player=true before=false history=true equivalent=true
[05:42:01] [Server thread/INFO] [STDOUT]: [com.layue13.clashweave.s1d.DamageExperiment:boundary:159]: CW3 S1D_BOUNDARY scenario=already-dead player=true before=false history=false path=control state=false:false:0.0:0.0:0:0.0:8 lifecycleRestored=true
[05:42:01] [Server thread/INFO] [STDOUT]: [com.layue13.clashweave.s1d.DamageExperiment:boundary:159]: CW3 S1D_BOUNDARY scenario=already-dead player=true before=false history=false path=candidate state=false:false:0.0:0.0:0:0.0:8 lifecycleRestored=true
[05:42:01] [Server thread/INFO] [STDOUT]: [com.layue13.clashweave.s1d.DamageExperiment:boundary:162]: CW3 S1D_BOUNDARY_PAIR scenario=already-dead player=true before=false history=false equivalent=true
[05:42:01] [Server thread/INFO] [STDOUT]: [com.layue13.clashweave.s1d.DamageExperiment:boundary:159]: CW3 S1D_BOUNDARY scenario=already-dead player=true before=false history=true path=control state=false:false:0.0:0.0:13:4.0:8 lifecycleRestored=true
[05:42:01] [Server thread/INFO] [STDOUT]: [com.layue13.clashweave.s1d.DamageExperiment:boundary:159]: CW3 S1D_BOUNDARY scenario=already-dead player=true before=false history=true path=candidate state=false:false:0.0:0.0:13:4.0:8 lifecycleRestored=true
[05:42:01] [Server thread/INFO] [STDOUT]: [com.layue13.clashweave.s1d.DamageExperiment:boundary:162]: CW3 S1D_BOUNDARY_PAIR scenario=already-dead player=true before=false history=true equivalent=true
[05:42:01] [Server thread/INFO]: death.attack.clashweave.s1d
[05:42:01] [Server thread/INFO] [STDOUT]: [com.layue13.clashweave.s1d.DamageExperiment:boundary:159]: CW3 S1D_BOUNDARY scenario=lethal player=true before=false history=false path=control state=true:false:1.0:0.0:8:2.0:20 lifecycleRestored=true
[05:42:01] [Server thread/INFO]: death.attack.clashweave.s1d
[05:42:01] [Server thread/INFO] [STDOUT]: [com.layue13.clashweave.s1d.DamageExperiment:boundary:159]: CW3 S1D_BOUNDARY scenario=lethal player=true before=false history=false path=candidate state=true:false:1.0:0.0:8:2.0:20 lifecycleRestored=true
[05:42:01] [Server thread/INFO] [STDOUT]: [com.layue13.clashweave.s1d.DamageExperiment:boundary:162]: CW3 S1D_BOUNDARY_PAIR scenario=lethal player=true before=false history=false equivalent=true
[05:42:01] [Server thread/INFO] [STDOUT]: [com.layue13.clashweave.s1d.DamageExperiment:boundary:159]: CW3 S1D_BOUNDARY scenario=lethal player=true before=false history=true path=control state=false:false:0.0:1.0:13:4.0:8 lifecycleRestored=true
[05:42:01] [Server thread/INFO] [STDOUT]: [com.layue13.clashweave.s1d.DamageExperiment:boundary:159]: CW3 S1D_BOUNDARY scenario=lethal player=true before=false history=true path=candidate state=false:false:0.0:1.0:13:4.0:8 lifecycleRestored=true
[05:42:01] [Server thread/INFO] [STDOUT]: [com.layue13.clashweave.s1d.DamageExperiment:boundary:162]: CW3 S1D_BOUNDARY_PAIR scenario=lethal player=true before=false history=true equivalent=true
[05:42:01] [Server thread/ERROR] [FML]: Exception caught during firing event net.minecraftforge.event.entity.living.LivingAttackEvent@e8179da:
com.layue13.clashweave.s1d.DamageExperiment$FixtureException
	at com.layue13.clashweave.s1d.DamageExperiment.attackNormal(DamageExperiment.java:116) ~[DamageExperiment.class:?]
	at cpw.mods.fml.common.eventhandler.ASMEventHandler_13_DamageExperiment_attackNormal_LivingAttackEvent.invoke(.dynamic) ~[?:?]
	at cpw.mods.fml.common.eventhandler.ASMEventHandler.invoke(ASMEventHandler.java:54) ~[ASMEventHandler.class:?]
	at cpw.mods.fml.common.eventhandler.EventBus.post(EventBus.java:140) [EventBus.class:?]
	at net.minecraftforge.common.ForgeHooks.onLivingAttack(ForgeHooks.java:294) [ForgeHooks.class:?]
	at net.minecraft.entity.player.EntityPlayer.attackEntityFrom(EntityPlayer.java:1105) [EntityPlayer.class:?]
	at net.minecraft.entity.player.EntityPlayerMP.attackEntityFrom(EntityPlayerMP.java:532) [EntityPlayerMP.class:?]
	at com.layue13.clashweave.s1d.DamageExperiment.boundary(DamageExperiment.java:155) [DamageExperiment.class:?]
	at com.layue13.clashweave.s1d.DamageExperiment.started(DamageExperiment.java:41) [DamageExperiment.class:?]
	at sun.reflect.NativeMethodAccessorImpl.invoke0(Native Method) ~[?:1.8.0_504]
	at sun.reflect.NativeMethodAccessorImpl.invoke(NativeMethodAccessorImpl.java:62) ~[?:1.8.0_504]
	at sun.reflect.DelegatingMethodAccessorImpl.invoke(DelegatingMethodAccessorImpl.java:43) ~[?:1.8.0_504]
	at java.lang.reflect.Method.invoke(Method.java:498) ~[?:1.8.0_504]
	at cpw.mods.fml.common.FMLModContainer.handleModStateEvent(FMLModContainer.java:532) [FMLModContainer.class:?]
	at sun.reflect.GeneratedMethodAccessor6.invoke(Unknown Source) ~[?:?]
	at sun.reflect.DelegatingMethodAccessorImpl.invoke(DelegatingMethodAccessorImpl.java:43) ~[?:1.8.0_504]
	at java.lang.reflect.Method.invoke(Method.java:498) ~[?:1.8.0_504]
	at com.google.common.eventbus.EventSubscriber.handleEvent(EventSubscriber.java:74) [guava-17.0.jar:?]
	at com.google.common.eventbus.SynchronizedEventSubscriber.handleEvent(SynchronizedEventSubscriber.java:47) [guava-17.0.jar:?]
	at com.google.common.eventbus.EventBus.dispatch(EventBus.java:322) [guava-17.0.jar:?]
	at com.google.common.eventbus.EventBus.dispatchQueuedEvents(EventBus.java:304) [guava-17.0.jar:?]
	at com.google.common.eventbus.EventBus.post(EventBus.java:275) [guava-17.0.jar:?]
	at cpw.mods.fml.common.LoadController.sendEventToModContainer(LoadController.java:212) [LoadController.class:?]
	at cpw.mods.fml.common.LoadController.propogateStateMessage(LoadController.java:190) [LoadController.class:?]
	at sun.reflect.NativeMethodAccessorImpl.invoke0(Native Method) ~[?:1.8.0_504]
	at sun.reflect.NativeMethodAccessorImpl.invoke(NativeMethodAccessorImpl.java:62) ~[?:1.8.0_504]
	at sun.reflect.DelegatingMethodAccessorImpl.invoke(DelegatingMethodAccessorImpl.java:43) ~[?:1.8.0_504]
	at java.lang.reflect.Method.invoke(Method.java:498) ~[?:1.8.0_504]
	at com.google.common.eventbus.EventSubscriber.handleEvent(EventSubscriber.java:74) [guava-17.0.jar:?]
	at com.google.common.eventbus.SynchronizedEventSubscriber.handleEvent(SynchronizedEventSubscriber.java:47) [guava-17.0.jar:?]
	at com.google.common.eventbus.EventBus.dispatch(EventBus.java:322) [guava-17.0.jar:?]
	at com.google.common.eventbus.EventBus.dispatchQueuedEvents(EventBus.java:304) [guava-17.0.jar:?]
	at com.google.common.eventbus.EventBus.post(EventBus.java:275) [guava-17.0.jar:?]
	at cpw.mods.fml.common.LoadController.distributeStateMessage(LoadController.java:119) [LoadController.class:?]
	at cpw.mods.fml.common.Loader.serverStarted(Loader.java:802) [Loader.class:?]
	at cpw.mods.fml.common.FMLCommonHandler.handleServerStarted(FMLCommonHandler.java:283) [FMLCommonHandler.class:?]
	at net.minecraft.server.MinecraftServer.run(MinecraftServer.java:451) [MinecraftServer.class:?]
	at net.minecraft.server.MinecraftServer$2.run(MinecraftServer.java:756) [MinecraftServer$2.class:?]
[05:42:01] [Server thread/ERROR] [FML]: Index: 1 Listeners:
[05:42:01] [Server thread/ERROR] [FML]: 0: NORMAL
[05:42:01] [Server thread/ERROR] [FML]: 1: ASM: com.layue13.clashweave.s1d.DamageExperiment@798bb8bd attackNormal(Lnet/minecraftforge/event/entity/living/LivingAttackEvent;)V
[05:42:01] [Server thread/ERROR] [FML]: 2: LOWEST
[05:42:01] [Server thread/ERROR] [FML]: 3: ASM: com.layue13.clashweave.s1d.EventGate@f20e8ca attackMarker(Lnet/minecraftforge/event/entity/living/LivingAttackEvent;)V
[05:42:01] [Server thread/ERROR] [FML]: 4: ASM: com.layue13.clashweave.s1d.DamageExperiment@798bb8bd attackLowest(Lnet/minecraftforge/event/entity/living/LivingAttackEvent;)V
[05:42:01] [Server thread/INFO] [STDOUT]: [com.layue13.clashweave.s1d.DamageExperiment:boundary:159]: CW3 S1D_BOUNDARY scenario=throw-attack player=true before=false history=false path=control state=false:true:0.0:100.0:0:0.0:8 lifecycleRestored=true
[05:42:01] [Server thread/ERROR] [FML]: Exception caught during firing event net.minecraftforge.event.entity.living.LivingAttackEvent@10a6eaf4:
com.layue13.clashweave.s1d.DamageExperiment$FixtureException
	at com.layue13.clashweave.s1d.DamageExperiment.attackNormal(DamageExperiment.java:116) ~[DamageExperiment.class:?]
	at cpw.mods.fml.common.eventhandler.ASMEventHandler_13_DamageExperiment_attackNormal_LivingAttackEvent.invoke(.dynamic) ~[?:?]
	at cpw.mods.fml.common.eventhandler.ASMEventHandler.invoke(ASMEventHandler.java:54) ~[ASMEventHandler.class:?]
	at cpw.mods.fml.common.eventhandler.EventBus.post(EventBus.java:140) [EventBus.class:?]
	at net.minecraftforge.common.ForgeHooks.onLivingAttack(ForgeHooks.java:294) [ForgeHooks.class:?]
	at net.minecraft.entity.player.EntityPlayer.attackEntityFrom(EntityPlayer.java:1105) [EntityPlayer.class:?]
	at net.minecraft.entity.player.EntityPlayerMP.attackEntityFrom(EntityPlayerMP.java:532) [EntityPlayerMP.class:?]
	at com.layue13.clashweave.s1d.EventGate.apply(EventGate.java:32) [EventGate.class:?]
	at com.layue13.clashweave.s1d.DamageExperiment.boundary(DamageExperiment.java:155) [DamageExperiment.class:?]
	at com.layue13.clashweave.s1d.DamageExperiment.started(DamageExperiment.java:41) [DamageExperiment.class:?]
	at sun.reflect.NativeMethodAccessorImpl.invoke0(Native Method) ~[?:1.8.0_504]
	at sun.reflect.NativeMethodAccessorImpl.invoke(NativeMethodAccessorImpl.java:62) ~[?:1.8.0_504]
	at sun.reflect.DelegatingMethodAccessorImpl.invoke(DelegatingMethodAccessorImpl.java:43) ~[?:1.8.0_504]
	at java.lang.reflect.Method.invoke(Method.java:498) ~[?:1.8.0_504]
	at cpw.mods.fml.common.FMLModContainer.handleModStateEvent(FMLModContainer.java:532) [FMLModContainer.class:?]
	at sun.reflect.GeneratedMethodAccessor6.invoke(Unknown Source) ~[?:?]
	at sun.reflect.DelegatingMethodAccessorImpl.invoke(DelegatingMethodAccessorImpl.java:43) ~[?:1.8.0_504]
	at java.lang.reflect.Method.invoke(Method.java:498) ~[?:1.8.0_504]
	at com.google.common.eventbus.EventSubscriber.handleEvent(EventSubscriber.java:74) [guava-17.0.jar:?]
	at com.google.common.eventbus.SynchronizedEventSubscriber.handleEvent(SynchronizedEventSubscriber.java:47) [guava-17.0.jar:?]
	at com.google.common.eventbus.EventBus.dispatch(EventBus.java:322) [guava-17.0.jar:?]
	at com.google.common.eventbus.EventBus.dispatchQueuedEvents(EventBus.java:304) [guava-17.0.jar:?]
	at com.google.common.eventbus.EventBus.post(EventBus.java:275) [guava-17.0.jar:?]
	at cpw.mods.fml.common.LoadController.sendEventToModContainer(LoadController.java:212) [LoadController.class:?]
	at cpw.mods.fml.common.LoadController.propogateStateMessage(LoadController.java:190) [LoadController.class:?]
	at sun.reflect.NativeMethodAccessorImpl.invoke0(Native Method) ~[?:1.8.0_504]
	at sun.reflect.NativeMethodAccessorImpl.invoke(NativeMethodAccessorImpl.java:62) ~[?:1.8.0_504]
	at sun.reflect.DelegatingMethodAccessorImpl.invoke(DelegatingMethodAccessorImpl.java:43) ~[?:1.8.0_504]
	at java.lang.reflect.Method.invoke(Method.java:498) ~[?:1.8.0_504]
	at com.google.common.eventbus.EventSubscriber.handleEvent(EventSubscriber.java:74) [guava-17.0.jar:?]
	at com.google.common.eventbus.SynchronizedEventSubscriber.handleEvent(SynchronizedEventSubscriber.java:47) [guava-17.0.jar:?]
	at com.google.common.eventbus.EventBus.dispatch(EventBus.java:322) [guava-17.0.jar:?]
	at com.google.common.eventbus.EventBus.dispatchQueuedEvents(EventBus.java:304) [guava-17.0.jar:?]
	at com.google.common.eventbus.EventBus.post(EventBus.java:275) [guava-17.0.jar:?]
	at cpw.mods.fml.common.LoadController.distributeStateMessage(LoadController.java:119) [LoadController.class:?]
	at cpw.mods.fml.common.Loader.serverStarted(Loader.java:802) [Loader.class:?]
	at cpw.mods.fml.common.FMLCommonHandler.handleServerStarted(FMLCommonHandler.java:283) [FMLCommonHandler.class:?]
	at net.minecraft.server.MinecraftServer.run(MinecraftServer.java:451) [MinecraftServer.class:?]
	at net.minecraft.server.MinecraftServer$2.run(MinecraftServer.java:756) [MinecraftServer$2.class:?]
[05:42:01] [Server thread/ERROR] [FML]: Index: 1 Listeners:
[05:42:01] [Server thread/ERROR] [FML]: 0: NORMAL
[05:42:01] [Server thread/ERROR] [FML]: 1: ASM: com.layue13.clashweave.s1d.DamageExperiment@798bb8bd attackNormal(Lnet/minecraftforge/event/entity/living/LivingAttackEvent;)V
[05:42:01] [Server thread/ERROR] [FML]: 2: LOWEST
[05:42:01] [Server thread/ERROR] [FML]: 3: ASM: com.layue13.clashweave.s1d.EventGate@f20e8ca attackMarker(Lnet/minecraftforge/event/entity/living/LivingAttackEvent;)V
[05:42:01] [Server thread/ERROR] [FML]: 4: ASM: com.layue13.clashweave.s1d.DamageExperiment@798bb8bd attackLowest(Lnet/minecraftforge/event/entity/living/LivingAttackEvent;)V
[05:42:01] [Server thread/INFO] [STDOUT]: [com.layue13.clashweave.s1d.DamageExperiment:boundary:159]: CW3 S1D_BOUNDARY scenario=throw-attack player=true before=false history=false path=candidate state=false:true:0.0:100.0:0:0.0:8 lifecycleRestored=true
[05:42:01] [Server thread/INFO] [STDOUT]: [com.layue13.clashweave.s1d.DamageExperiment:boundary:162]: CW3 S1D_BOUNDARY_PAIR scenario=throw-attack player=true before=false history=false equivalent=true
[05:42:01] [Server thread/ERROR] [FML]: Exception caught during firing event net.minecraftforge.event.entity.living.LivingAttackEvent@3744c845:
com.layue13.clashweave.s1d.DamageExperiment$FixtureException
	at com.layue13.clashweave.s1d.DamageExperiment.attackNormal(DamageExperiment.java:116) ~[DamageExperiment.class:?]
	at cpw.mods.fml.common.eventhandler.ASMEventHandler_13_DamageExperiment_attackNormal_LivingAttackEvent.invoke(.dynamic) ~[?:?]
	at cpw.mods.fml.common.eventhandler.ASMEventHandler.invoke(ASMEventHandler.java:54) ~[ASMEventHandler.class:?]
	at cpw.mods.fml.common.eventhandler.EventBus.post(EventBus.java:140) [EventBus.class:?]
	at net.minecraftforge.common.ForgeHooks.onLivingAttack(ForgeHooks.java:294) [ForgeHooks.class:?]
	at net.minecraft.entity.player.EntityPlayer.attackEntityFrom(EntityPlayer.java:1105) [EntityPlayer.class:?]
	at net.minecraft.entity.player.EntityPlayerMP.attackEntityFrom(EntityPlayerMP.java:532) [EntityPlayerMP.class:?]
	at com.layue13.clashweave.s1d.DamageExperiment.boundary(DamageExperiment.java:155) [DamageExperiment.class:?]
	at com.layue13.clashweave.s1d.DamageExperiment.started(DamageExperiment.java:41) [DamageExperiment.class:?]
	at sun.reflect.NativeMethodAccessorImpl.invoke0(Native Method) ~[?:1.8.0_504]
	at sun.reflect.NativeMethodAccessorImpl.invoke(NativeMethodAccessorImpl.java:62) ~[?:1.8.0_504]
	at sun.reflect.DelegatingMethodAccessorImpl.invoke(DelegatingMethodAccessorImpl.java:43) ~[?:1.8.0_504]
	at java.lang.reflect.Method.invoke(Method.java:498) ~[?:1.8.0_504]
	at cpw.mods.fml.common.FMLModContainer.handleModStateEvent(FMLModContainer.java:532) [FMLModContainer.class:?]
	at sun.reflect.GeneratedMethodAccessor6.invoke(Unknown Source) ~[?:?]
	at sun.reflect.DelegatingMethodAccessorImpl.invoke(DelegatingMethodAccessorImpl.java:43) ~[?:1.8.0_504]
	at java.lang.reflect.Method.invoke(Method.java:498) ~[?:1.8.0_504]
	at com.google.common.eventbus.EventSubscriber.handleEvent(EventSubscriber.java:74) [guava-17.0.jar:?]
	at com.google.common.eventbus.SynchronizedEventSubscriber.handleEvent(SynchronizedEventSubscriber.java:47) [guava-17.0.jar:?]
	at com.google.common.eventbus.EventBus.dispatch(EventBus.java:322) [guava-17.0.jar:?]
	at com.google.common.eventbus.EventBus.dispatchQueuedEvents(EventBus.java:304) [guava-17.0.jar:?]
	at com.google.common.eventbus.EventBus.post(EventBus.java:275) [guava-17.0.jar:?]
	at cpw.mods.fml.common.LoadController.sendEventToModContainer(LoadController.java:212) [LoadController.class:?]
	at cpw.mods.fml.common.LoadController.propogateStateMessage(LoadController.java:190) [LoadController.class:?]
	at sun.reflect.NativeMethodAccessorImpl.invoke0(Native Method) ~[?:1.8.0_504]
	at sun.reflect.NativeMethodAccessorImpl.invoke(NativeMethodAccessorImpl.java:62) ~[?:1.8.0_504]
	at sun.reflect.DelegatingMethodAccessorImpl.invoke(DelegatingMethodAccessorImpl.java:43) ~[?:1.8.0_504]
	at java.lang.reflect.Method.invoke(Method.java:498) ~[?:1.8.0_504]
	at com.google.common.eventbus.EventSubscriber.handleEvent(EventSubscriber.java:74) [guava-17.0.jar:?]
	at com.google.common.eventbus.SynchronizedEventSubscriber.handleEvent(SynchronizedEventSubscriber.java:47) [guava-17.0.jar:?]
	at com.google.common.eventbus.EventBus.dispatch(EventBus.java:322) [guava-17.0.jar:?]
	at com.google.common.eventbus.EventBus.dispatchQueuedEvents(EventBus.java:304) [guava-17.0.jar:?]
	at com.google.common.eventbus.EventBus.post(EventBus.java:275) [guava-17.0.jar:?]
	at cpw.mods.fml.common.LoadController.distributeStateMessage(LoadController.java:119) [LoadController.class:?]
	at cpw.mods.fml.common.Loader.serverStarted(Loader.java:802) [Loader.class:?]
	at cpw.mods.fml.common.FMLCommonHandler.handleServerStarted(FMLCommonHandler.java:283) [FMLCommonHandler.class:?]
	at net.minecraft.server.MinecraftServer.run(MinecraftServer.java:451) [MinecraftServer.class:?]
	at net.minecraft.server.MinecraftServer$2.run(MinecraftServer.java:756) [MinecraftServer$2.class:?]
[05:42:01] [Server thread/ERROR] [FML]: Index: 1 Listeners:
[05:42:01] [Server thread/ERROR] [FML]: 0: NORMAL
[05:42:01] [Server thread/ERROR] [FML]: 1: ASM: com.layue13.clashweave.s1d.DamageExperiment@798bb8bd attackNormal(Lnet/minecraftforge/event/entity/living/LivingAttackEvent;)V
[05:42:01] [Server thread/ERROR] [FML]: 2: LOWEST
[05:42:01] [Server thread/ERROR] [FML]: 3: ASM: com.layue13.clashweave.s1d.EventGate@f20e8ca attackMarker(Lnet/minecraftforge/event/entity/living/LivingAttackEvent;)V
[05:42:01] [Server thread/ERROR] [FML]: 4: ASM: com.layue13.clashweave.s1d.DamageExperiment@798bb8bd attackLowest(Lnet/minecraftforge/event/entity/living/LivingAttackEvent;)V
[05:42:01] [Server thread/INFO] [STDOUT]: [com.layue13.clashweave.s1d.DamageExperiment:boundary:159]: CW3 S1D_BOUNDARY scenario=throw-attack player=true before=false history=true path=control state=false:true:0.0:96.0:13:4.0:8 lifecycleRestored=true
[05:42:01] [Server thread/ERROR] [FML]: Exception caught during firing event net.minecraftforge.event.entity.living.LivingAttackEvent@793c83b:
com.layue13.clashweave.s1d.DamageExperiment$FixtureException
	at com.layue13.clashweave.s1d.DamageExperiment.attackNormal(DamageExperiment.java:116) ~[DamageExperiment.class:?]
	at cpw.mods.fml.common.eventhandler.ASMEventHandler_13_DamageExperiment_attackNormal_LivingAttackEvent.invoke(.dynamic) ~[?:?]
	at cpw.mods.fml.common.eventhandler.ASMEventHandler.invoke(ASMEventHandler.java:54) ~[ASMEventHandler.class:?]
	at cpw.mods.fml.common.eventhandler.EventBus.post(EventBus.java:140) [EventBus.class:?]
	at net.minecraftforge.common.ForgeHooks.onLivingAttack(ForgeHooks.java:294) [ForgeHooks.class:?]
	at net.minecraft.entity.player.EntityPlayer.attackEntityFrom(EntityPlayer.java:1105) [EntityPlayer.class:?]
	at net.minecraft.entity.player.EntityPlayerMP.attackEntityFrom(EntityPlayerMP.java:532) [EntityPlayerMP.class:?]
	at com.layue13.clashweave.s1d.EventGate.apply(EventGate.java:32) [EventGate.class:?]
	at com.layue13.clashweave.s1d.DamageExperiment.boundary(DamageExperiment.java:155) [DamageExperiment.class:?]
	at com.layue13.clashweave.s1d.DamageExperiment.started(DamageExperiment.java:41) [DamageExperiment.class:?]
	at sun.reflect.NativeMethodAccessorImpl.invoke0(Native Method) ~[?:1.8.0_504]
	at sun.reflect.NativeMethodAccessorImpl.invoke(NativeMethodAccessorImpl.java:62) ~[?:1.8.0_504]
	at sun.reflect.DelegatingMethodAccessorImpl.invoke(DelegatingMethodAccessorImpl.java:43) ~[?:1.8.0_504]
	at java.lang.reflect.Method.invoke(Method.java:498) ~[?:1.8.0_504]
	at cpw.mods.fml.common.FMLModContainer.handleModStateEvent(FMLModContainer.java:532) [FMLModContainer.class:?]
	at sun.reflect.GeneratedMethodAccessor6.invoke(Unknown Source) ~[?:?]
	at sun.reflect.DelegatingMethodAccessorImpl.invoke(DelegatingMethodAccessorImpl.java:43) ~[?:1.8.0_504]
	at java.lang.reflect.Method.invoke(Method.java:498) ~[?:1.8.0_504]
	at com.google.common.eventbus.EventSubscriber.handleEvent(EventSubscriber.java:74) [guava-17.0.jar:?]
	at com.google.common.eventbus.SynchronizedEventSubscriber.handleEvent(SynchronizedEventSubscriber.java:47) [guava-17.0.jar:?]
	at com.google.common.eventbus.EventBus.dispatch(EventBus.java:322) [guava-17.0.jar:?]
	at com.google.common.eventbus.EventBus.dispatchQueuedEvents(EventBus.java:304) [guava-17.0.jar:?]
	at com.google.common.eventbus.EventBus.post(EventBus.java:275) [guava-17.0.jar:?]
	at cpw.mods.fml.common.LoadController.sendEventToModContainer(LoadController.java:212) [LoadController.class:?]
	at cpw.mods.fml.common.LoadController.propogateStateMessage(LoadController.java:190) [LoadController.class:?]
	at sun.reflect.NativeMethodAccessorImpl.invoke0(Native Method) ~[?:1.8.0_504]
	at sun.reflect.NativeMethodAccessorImpl.invoke(NativeMethodAccessorImpl.java:62) ~[?:1.8.0_504]
	at sun.reflect.DelegatingMethodAccessorImpl.invoke(DelegatingMethodAccessorImpl.java:43) ~[?:1.8.0_504]
	at java.lang.reflect.Method.invoke(Method.java:498) ~[?:1.8.0_504]
	at com.google.common.eventbus.EventSubscriber.handleEvent(EventSubscriber.java:74) [guava-17.0.jar:?]
	at com.google.common.eventbus.SynchronizedEventSubscriber.handleEvent(SynchronizedEventSubscriber.java:47) [guava-17.0.jar:?]
	at com.google.common.eventbus.EventBus.dispatch(EventBus.java:322) [guava-17.0.jar:?]
	at com.google.common.eventbus.EventBus.dispatchQueuedEvents(EventBus.java:304) [guava-17.0.jar:?]
	at com.google.common.eventbus.EventBus.post(EventBus.java:275) [guava-17.0.jar:?]
	at cpw.mods.fml.common.LoadController.distributeStateMessage(LoadController.java:119) [LoadController.class:?]
	at cpw.mods.fml.common.Loader.serverStarted(Loader.java:802) [Loader.class:?]
	at cpw.mods.fml.common.FMLCommonHandler.handleServerStarted(FMLCommonHandler.java:283) [FMLCommonHandler.class:?]
	at net.minecraft.server.MinecraftServer.run(MinecraftServer.java:451) [MinecraftServer.class:?]
	at net.minecraft.server.MinecraftServer$2.run(MinecraftServer.java:756) [MinecraftServer$2.class:?]
[05:42:01] [Server thread/ERROR] [FML]: Index: 1 Listeners:
[05:42:01] [Server thread/ERROR] [FML]: 0: NORMAL
[05:42:01] [Server thread/ERROR] [FML]: 1: ASM: com.layue13.clashweave.s1d.DamageExperiment@798bb8bd attackNormal(Lnet/minecraftforge/event/entity/living/LivingAttackEvent;)V
[05:42:01] [Server thread/ERROR] [FML]: 2: LOWEST
[05:42:01] [Server thread/ERROR] [FML]: 3: ASM: com.layue13.clashweave.s1d.EventGate@f20e8ca attackMarker(Lnet/minecraftforge/event/entity/living/LivingAttackEvent;)V
[05:42:01] [Server thread/ERROR] [FML]: 4: ASM: com.layue13.clashweave.s1d.DamageExperiment@798bb8bd attackLowest(Lnet/minecraftforge/event/entity/living/LivingAttackEvent;)V
[05:42:01] [Server thread/INFO] [STDOUT]: [com.layue13.clashweave.s1d.DamageExperiment:boundary:159]: CW3 S1D_BOUNDARY scenario=throw-attack player=true before=false history=true path=candidate state=false:true:0.0:96.0:13:4.0:8 lifecycleRestored=true
[05:42:01] [Server thread/INFO] [STDOUT]: [com.layue13.clashweave.s1d.DamageExperiment:boundary:162]: CW3 S1D_BOUNDARY_PAIR scenario=throw-attack player=true before=false history=true equivalent=true
[05:42:01] [Server thread/ERROR] [FML]: Exception caught during firing event net.minecraftforge.event.entity.living.LivingHurtEvent@4056642b:
com.layue13.clashweave.s1d.DamageExperiment$FixtureException
	at com.layue13.clashweave.s1d.DamageExperiment.hurtHigh(DamageExperiment.java:140) ~[DamageExperiment.class:?]
	at cpw.mods.fml.common.eventhandler.ASMEventHandler_12_DamageExperiment_hurtHigh_LivingHurtEvent.invoke(.dynamic) ~[?:?]
	at cpw.mods.fml.common.eventhandler.ASMEventHandler.invoke(ASMEventHandler.java:54) ~[ASMEventHandler.class:?]
	at cpw.mods.fml.common.eventhandler.EventBus.post(EventBus.java:140) [EventBus.class:?]
	at net.minecraftforge.common.ForgeHooks.onLivingHurt(ForgeHooks.java:300) [ForgeHooks.class:?]
	at net.minecraft.entity.player.EntityPlayer.damageEntity(EntityPlayer.java:1218) [EntityPlayer.class:?]
	at net.minecraft.entity.EntityLivingBase.attackEntityFrom(EntityLivingBase.java:870) [EntityLivingBase.class:?]
	at net.minecraft.entity.player.EntityPlayer.attackEntityFrom(EntityPlayer.java:1161) [EntityPlayer.class:?]
	at net.minecraft.entity.player.EntityPlayerMP.attackEntityFrom(EntityPlayerMP.java:532) [EntityPlayerMP.class:?]
	at com.layue13.clashweave.s1d.DamageExperiment.boundary(DamageExperiment.java:155) [DamageExperiment.class:?]
	at com.layue13.clashweave.s1d.DamageExperiment.started(DamageExperiment.java:41) [DamageExperiment.class:?]
	at sun.reflect.NativeMethodAccessorImpl.invoke0(Native Method) ~[?:1.8.0_504]
	at sun.reflect.NativeMethodAccessorImpl.invoke(NativeMethodAccessorImpl.java:62) ~[?:1.8.0_504]
	at sun.reflect.DelegatingMethodAccessorImpl.invoke(DelegatingMethodAccessorImpl.java:43) ~[?:1.8.0_504]
	at java.lang.reflect.Method.invoke(Method.java:498) ~[?:1.8.0_504]
	at cpw.mods.fml.common.FMLModContainer.handleModStateEvent(FMLModContainer.java:532) [FMLModContainer.class:?]
	at sun.reflect.GeneratedMethodAccessor6.invoke(Unknown Source) ~[?:?]
	at sun.reflect.DelegatingMethodAccessorImpl.invoke(DelegatingMethodAccessorImpl.java:43) ~[?:1.8.0_504]
	at java.lang.reflect.Method.invoke(Method.java:498) ~[?:1.8.0_504]
	at com.google.common.eventbus.EventSubscriber.handleEvent(EventSubscriber.java:74) [guava-17.0.jar:?]
	at com.google.common.eventbus.SynchronizedEventSubscriber.handleEvent(SynchronizedEventSubscriber.java:47) [guava-17.0.jar:?]
	at com.google.common.eventbus.EventBus.dispatch(EventBus.java:322) [guava-17.0.jar:?]
	at com.google.common.eventbus.EventBus.dispatchQueuedEvents(EventBus.java:304) [guava-17.0.jar:?]
	at com.google.common.eventbus.EventBus.post(EventBus.java:275) [guava-17.0.jar:?]
	at cpw.mods.fml.common.LoadController.sendEventToModContainer(LoadController.java:212) [LoadController.class:?]
	at cpw.mods.fml.common.LoadController.propogateStateMessage(LoadController.java:190) [LoadController.class:?]
	at sun.reflect.NativeMethodAccessorImpl.invoke0(Native Method) ~[?:1.8.0_504]
	at sun.reflect.NativeMethodAccessorImpl.invoke(NativeMethodAccessorImpl.java:62) ~[?:1.8.0_504]
	at sun.reflect.DelegatingMethodAccessorImpl.invoke(DelegatingMethodAccessorImpl.java:43) ~[?:1.8.0_504]
	at java.lang.reflect.Method.invoke(Method.java:498) ~[?:1.8.0_504]
	at com.google.common.eventbus.EventSubscriber.handleEvent(EventSubscriber.java:74) [guava-17.0.jar:?]
	at com.google.common.eventbus.SynchronizedEventSubscriber.handleEvent(SynchronizedEventSubscriber.java:47) [guava-17.0.jar:?]
	at com.google.common.eventbus.EventBus.dispatch(EventBus.java:322) [guava-17.0.jar:?]
	at com.google.common.eventbus.EventBus.dispatchQueuedEvents(EventBus.java:304) [guava-17.0.jar:?]
	at com.google.common.eventbus.EventBus.post(EventBus.java:275) [guava-17.0.jar:?]
	at cpw.mods.fml.common.LoadController.distributeStateMessage(LoadController.java:119) [LoadController.class:?]
	at cpw.mods.fml.common.Loader.serverStarted(Loader.java:802) [Loader.class:?]
	at cpw.mods.fml.common.FMLCommonHandler.handleServerStarted(FMLCommonHandler.java:283) [FMLCommonHandler.class:?]
	at net.minecraft.server.MinecraftServer.run(MinecraftServer.java:451) [MinecraftServer.class:?]
	at net.minecraft.server.MinecraftServer$2.run(MinecraftServer.java:756) [MinecraftServer$2.class:?]
[05:42:01] [Server thread/ERROR] [FML]: Index: 4 Listeners:
[05:42:01] [Server thread/ERROR] [FML]: 0: HIGHEST
[05:42:01] [Server thread/ERROR] [FML]: 1: ASM: com.layue13.clashweave.s1d.EventGate@f20e8ca hurtMarker(Lnet/minecraftforge/event/entity/living/LivingHurtEvent;)V
[05:42:01] [Server thread/ERROR] [FML]: 2: ASM: com.layue13.clashweave.s1d.DamageExperiment@798bb8bd hurtHighest(Lnet/minecraftforge/event/entity/living/LivingHurtEvent;)V
[05:42:01] [Server thread/ERROR] [FML]: 3: HIGH
[05:42:01] [Server thread/ERROR] [FML]: 4: ASM: com.layue13.clashweave.s1d.DamageExperiment@798bb8bd hurtHigh(Lnet/minecraftforge/event/entity/living/LivingHurtEvent;)V
[05:42:01] [Server thread/ERROR] [FML]: 5: LOW
[05:42:01] [Server thread/ERROR] [FML]: 6: ASM: com.layue13.clashweave.s1d.DamageExperiment@798bb8bd hurtLow(Lnet/minecraftforge/event/entity/living/LivingHurtEvent;)V
[05:42:01] [Server thread/INFO] [STDOUT]: [com.layue13.clashweave.s1d.DamageExperiment:boundary:159]: CW3 S1D_BOUNDARY scenario=throw-hurt player=true before=false history=false path=control state=false:true:0.0:100.0:8:2.0:8 lifecycleRestored=true
[05:42:01] [Server thread/ERROR] [FML]: Exception caught during firing event net.minecraftforge.event.entity.living.LivingHurtEvent@13ed94dc:
com.layue13.clashweave.s1d.DamageExperiment$FixtureException
	at com.layue13.clashweave.s1d.DamageExperiment.hurtHigh(DamageExperiment.java:140) ~[DamageExperiment.class:?]
	at cpw.mods.fml.common.eventhandler.ASMEventHandler_12_DamageExperiment_hurtHigh_LivingHurtEvent.invoke(.dynamic) ~[?:?]
	at cpw.mods.fml.common.eventhandler.ASMEventHandler.invoke(ASMEventHandler.java:54) ~[ASMEventHandler.class:?]
	at cpw.mods.fml.common.eventhandler.EventBus.post(EventBus.java:140) [EventBus.class:?]
	at net.minecraftforge.common.ForgeHooks.onLivingHurt(ForgeHooks.java:300) [ForgeHooks.class:?]
	at net.minecraft.entity.player.EntityPlayer.damageEntity(EntityPlayer.java:1218) [EntityPlayer.class:?]
	at net.minecraft.entity.EntityLivingBase.attackEntityFrom(EntityLivingBase.java:870) [EntityLivingBase.class:?]
	at net.minecraft.entity.player.EntityPlayer.attackEntityFrom(EntityPlayer.java:1161) [EntityPlayer.class:?]
	at net.minecraft.entity.player.EntityPlayerMP.attackEntityFrom(EntityPlayerMP.java:532) [EntityPlayerMP.class:?]
	at com.layue13.clashweave.s1d.EventGate.apply(EventGate.java:32) [EventGate.class:?]
	at com.layue13.clashweave.s1d.DamageExperiment.boundary(DamageExperiment.java:155) [DamageExperiment.class:?]
	at com.layue13.clashweave.s1d.DamageExperiment.started(DamageExperiment.java:41) [DamageExperiment.class:?]
	at sun.reflect.NativeMethodAccessorImpl.invoke0(Native Method) ~[?:1.8.0_504]
	at sun.reflect.NativeMethodAccessorImpl.invoke(NativeMethodAccessorImpl.java:62) ~[?:1.8.0_504]
	at sun.reflect.DelegatingMethodAccessorImpl.invoke(DelegatingMethodAccessorImpl.java:43) ~[?:1.8.0_504]
	at java.lang.reflect.Method.invoke(Method.java:498) ~[?:1.8.0_504]
	at cpw.mods.fml.common.FMLModContainer.handleModStateEvent(FMLModContainer.java:532) [FMLModContainer.class:?]
	at sun.reflect.GeneratedMethodAccessor6.invoke(Unknown Source) ~[?:?]
	at sun.reflect.DelegatingMethodAccessorImpl.invoke(DelegatingMethodAccessorImpl.java:43) ~[?:1.8.0_504]
	at java.lang.reflect.Method.invoke(Method.java:498) ~[?:1.8.0_504]
	at com.google.common.eventbus.EventSubscriber.handleEvent(EventSubscriber.java:74) [guava-17.0.jar:?]
	at com.google.common.eventbus.SynchronizedEventSubscriber.handleEvent(SynchronizedEventSubscriber.java:47) [guava-17.0.jar:?]
	at com.google.common.eventbus.EventBus.dispatch(EventBus.java:322) [guava-17.0.jar:?]
	at com.google.common.eventbus.EventBus.dispatchQueuedEvents(EventBus.java:304) [guava-17.0.jar:?]
	at com.google.common.eventbus.EventBus.post(EventBus.java:275) [guava-17.0.jar:?]
	at cpw.mods.fml.common.LoadController.sendEventToModContainer(LoadController.java:212) [LoadController.class:?]
	at cpw.mods.fml.common.LoadController.propogateStateMessage(LoadController.java:190) [LoadController.class:?]
	at sun.reflect.NativeMethodAccessorImpl.invoke0(Native Method) ~[?:1.8.0_504]
	at sun.reflect.NativeMethodAccessorImpl.invoke(NativeMethodAccessorImpl.java:62) ~[?:1.8.0_504]
	at sun.reflect.DelegatingMethodAccessorImpl.invoke(DelegatingMethodAccessorImpl.java:43) ~[?:1.8.0_504]
	at java.lang.reflect.Method.invoke(Method.java:498) ~[?:1.8.0_504]
	at com.google.common.eventbus.EventSubscriber.handleEvent(EventSubscriber.java:74) [guava-17.0.jar:?]
	at com.google.common.eventbus.SynchronizedEventSubscriber.handleEvent(SynchronizedEventSubscriber.java:47) [guava-17.0.jar:?]
	at com.google.common.eventbus.EventBus.dispatch(EventBus.java:322) [guava-17.0.jar:?]
	at com.google.common.eventbus.EventBus.dispatchQueuedEvents(EventBus.java:304) [guava-17.0.jar:?]
	at com.google.common.eventbus.EventBus.post(EventBus.java:275) [guava-17.0.jar:?]
	at cpw.mods.fml.common.LoadController.distributeStateMessage(LoadController.java:119) [LoadController.class:?]
	at cpw.mods.fml.common.Loader.serverStarted(Loader.java:802) [Loader.class:?]
	at cpw.mods.fml.common.FMLCommonHandler.handleServerStarted(FMLCommonHandler.java:283) [FMLCommonHandler.class:?]
	at net.minecraft.server.MinecraftServer.run(MinecraftServer.java:451) [MinecraftServer.class:?]
	at net.minecraft.server.MinecraftServer$2.run(MinecraftServer.java:756) [MinecraftServer$2.class:?]
[05:42:01] [Server thread/ERROR] [FML]: Index: 4 Listeners:
[05:42:01] [Server thread/ERROR] [FML]: 0: HIGHEST
[05:42:01] [Server thread/ERROR] [FML]: 1: ASM: com.layue13.clashweave.s1d.EventGate@f20e8ca hurtMarker(Lnet/minecraftforge/event/entity/living/LivingHurtEvent;)V
[05:42:01] [Server thread/ERROR] [FML]: 2: ASM: com.layue13.clashweave.s1d.DamageExperiment@798bb8bd hurtHighest(Lnet/minecraftforge/event/entity/living/LivingHurtEvent;)V
[05:42:01] [Server thread/ERROR] [FML]: 3: HIGH
[05:42:01] [Server thread/ERROR] [FML]: 4: ASM: com.layue13.clashweave.s1d.DamageExperiment@798bb8bd hurtHigh(Lnet/minecraftforge/event/entity/living/LivingHurtEvent;)V
[05:42:01] [Server thread/ERROR] [FML]: 5: LOW
[05:42:01] [Server thread/ERROR] [FML]: 6: ASM: com.layue13.clashweave.s1d.DamageExperiment@798bb8bd hurtLow(Lnet/minecraftforge/event/entity/living/LivingHurtEvent;)V
[05:42:01] [Server thread/INFO] [STDOUT]: [com.layue13.clashweave.s1d.DamageExperiment:boundary:159]: CW3 S1D_BOUNDARY scenario=throw-hurt player=true before=false history=false path=candidate state=false:true:0.0:100.0:8:2.0:8 lifecycleRestored=true
[05:42:01] [Server thread/INFO] [STDOUT]: [com.layue13.clashweave.s1d.DamageExperiment:boundary:162]: CW3 S1D_BOUNDARY_PAIR scenario=throw-hurt player=true before=false history=false equivalent=true
[05:42:01] [Server thread/INFO] [STDOUT]: [com.layue13.clashweave.s1d.DamageExperiment:boundary:159]: CW3 S1D_BOUNDARY scenario=throw-hurt player=true before=false history=true path=control state=false:false:0.0:96.0:13:4.0:8 lifecycleRestored=true
[05:42:01] [Server thread/INFO] [STDOUT]: [com.layue13.clashweave.s1d.DamageExperiment:boundary:159]: CW3 S1D_BOUNDARY scenario=throw-hurt player=true before=false history=true path=candidate state=false:false:0.0:96.0:13:4.0:8 lifecycleRestored=true
[05:42:01] [Server thread/INFO] [STDOUT]: [com.layue13.clashweave.s1d.DamageExperiment:boundary:162]: CW3 S1D_BOUNDARY_PAIR scenario=throw-hurt player=true before=false history=true equivalent=true
[05:42:01] [Server thread/INFO] [STDOUT]: [com.layue13.clashweave.s1d.DamageExperiment:attackLowest:123]: CW3 S1D_THROW at=attack-LOWEST timer=0 last=0.0
[05:42:01] [Server thread/ERROR] [FML]: Exception caught during firing event net.minecraftforge.event.entity.living.LivingAttackEvent@27550e1f:
com.layue13.clashweave.s1d.DamageExperiment$FixtureException
	at com.layue13.clashweave.s1d.DamageExperiment.attackLowest(DamageExperiment.java:124) ~[DamageExperiment.class:?]
	at cpw.mods.fml.common.eventhandler.ASMEventHandler_15_DamageExperiment_attackLowest_LivingAttackEvent.invoke(.dynamic) ~[?:?]
	at cpw.mods.fml.common.eventhandler.ASMEventHandler.invoke(ASMEventHandler.java:54) ~[ASMEventHandler.class:?]
	at cpw.mods.fml.common.eventhandler.EventBus.post(EventBus.java:140) [EventBus.class:?]
	at net.minecraftforge.common.ForgeHooks.onLivingAttack(ForgeHooks.java:294) [ForgeHooks.class:?]
	at net.minecraft.entity.player.EntityPlayer.attackEntityFrom(EntityPlayer.java:1105) [EntityPlayer.class:?]
	at net.minecraft.entity.player.EntityPlayerMP.attackEntityFrom(EntityPlayerMP.java:532) [EntityPlayerMP.class:?]
	at com.layue13.clashweave.s1d.DamageExperiment.boundary(DamageExperiment.java:155) [DamageExperiment.class:?]
	at com.layue13.clashweave.s1d.DamageExperiment.started(DamageExperiment.java:41) [DamageExperiment.class:?]
	at sun.reflect.NativeMethodAccessorImpl.invoke0(Native Method) ~[?:1.8.0_504]
	at sun.reflect.NativeMethodAccessorImpl.invoke(NativeMethodAccessorImpl.java:62) ~[?:1.8.0_504]
	at sun.reflect.DelegatingMethodAccessorImpl.invoke(DelegatingMethodAccessorImpl.java:43) ~[?:1.8.0_504]
	at java.lang.reflect.Method.invoke(Method.java:498) ~[?:1.8.0_504]
	at cpw.mods.fml.common.FMLModContainer.handleModStateEvent(FMLModContainer.java:532) [FMLModContainer.class:?]
	at sun.reflect.GeneratedMethodAccessor6.invoke(Unknown Source) ~[?:?]
	at sun.reflect.DelegatingMethodAccessorImpl.invoke(DelegatingMethodAccessorImpl.java:43) ~[?:1.8.0_504]
	at java.lang.reflect.Method.invoke(Method.java:498) ~[?:1.8.0_504]
	at com.google.common.eventbus.EventSubscriber.handleEvent(EventSubscriber.java:74) [guava-17.0.jar:?]
	at com.google.common.eventbus.SynchronizedEventSubscriber.handleEvent(SynchronizedEventSubscriber.java:47) [guava-17.0.jar:?]
	at com.google.common.eventbus.EventBus.dispatch(EventBus.java:322) [guava-17.0.jar:?]
	at com.google.common.eventbus.EventBus.dispatchQueuedEvents(EventBus.java:304) [guava-17.0.jar:?]
	at com.google.common.eventbus.EventBus.post(EventBus.java:275) [guava-17.0.jar:?]
	at cpw.mods.fml.common.LoadController.sendEventToModContainer(LoadController.java:212) [LoadController.class:?]
	at cpw.mods.fml.common.LoadController.propogateStateMessage(LoadController.java:190) [LoadController.class:?]
	at sun.reflect.NativeMethodAccessorImpl.invoke0(Native Method) ~[?:1.8.0_504]
	at sun.reflect.NativeMethodAccessorImpl.invoke(NativeMethodAccessorImpl.java:62) ~[?:1.8.0_504]
	at sun.reflect.DelegatingMethodAccessorImpl.invoke(DelegatingMethodAccessorImpl.java:43) ~[?:1.8.0_504]
	at java.lang.reflect.Method.invoke(Method.java:498) ~[?:1.8.0_504]
	at com.google.common.eventbus.EventSubscriber.handleEvent(EventSubscriber.java:74) [guava-17.0.jar:?]
	at com.google.common.eventbus.SynchronizedEventSubscriber.handleEvent(SynchronizedEventSubscriber.java:47) [guava-17.0.jar:?]
	at com.google.common.eventbus.EventBus.dispatch(EventBus.java:322) [guava-17.0.jar:?]
	at com.google.common.eventbus.EventBus.dispatchQueuedEvents(EventBus.java:304) [guava-17.0.jar:?]
	at com.google.common.eventbus.EventBus.post(EventBus.java:275) [guava-17.0.jar:?]
	at cpw.mods.fml.common.LoadController.distributeStateMessage(LoadController.java:119) [LoadController.class:?]
	at cpw.mods.fml.common.Loader.serverStarted(Loader.java:802) [Loader.class:?]
	at cpw.mods.fml.common.FMLCommonHandler.handleServerStarted(FMLCommonHandler.java:283) [FMLCommonHandler.class:?]
	at net.minecraft.server.MinecraftServer.run(MinecraftServer.java:451) [MinecraftServer.class:?]
	at net.minecraft.server.MinecraftServer$2.run(MinecraftServer.java:756) [MinecraftServer$2.class:?]
[05:42:01] [Server thread/ERROR] [FML]: Index: 4 Listeners:
[05:42:01] [Server thread/ERROR] [FML]: 0: NORMAL
[05:42:01] [Server thread/ERROR] [FML]: 1: ASM: com.layue13.clashweave.s1d.DamageExperiment@798bb8bd attackNormal(Lnet/minecraftforge/event/entity/living/LivingAttackEvent;)V
[05:42:01] [Server thread/ERROR] [FML]: 2: LOWEST
[05:42:01] [Server thread/ERROR] [FML]: 3: ASM: com.layue13.clashweave.s1d.EventGate@f20e8ca attackMarker(Lnet/minecraftforge/event/entity/living/LivingAttackEvent;)V
[05:42:01] [Server thread/ERROR] [FML]: 4: ASM: com.layue13.clashweave.s1d.DamageExperiment@798bb8bd attackLowest(Lnet/minecraftforge/event/entity/living/LivingAttackEvent;)V
[05:42:01] [Server thread/INFO] [STDOUT]: [com.layue13.clashweave.s1d.DamageExperiment:boundary:159]: CW3 S1D_BOUNDARY scenario=throw-attack-after-clear player=true before=false history=false path=control state=false:true:0.0:100.0:0:0.0:8 lifecycleRestored=true
[05:42:01] [Server thread/INFO] [STDOUT]: [com.layue13.clashweave.s1d.DamageExperiment:attackLowest:123]: CW3 S1D_THROW at=attack-LOWEST timer=0 last=0.0
[05:42:01] [Server thread/ERROR] [FML]: Exception caught during firing event net.minecraftforge.event.entity.living.LivingAttackEvent@76d61e8f:
com.layue13.clashweave.s1d.DamageExperiment$FixtureException
	at com.layue13.clashweave.s1d.DamageExperiment.attackLowest(DamageExperiment.java:124) ~[DamageExperiment.class:?]
	at cpw.mods.fml.common.eventhandler.ASMEventHandler_15_DamageExperiment_attackLowest_LivingAttackEvent.invoke(.dynamic) ~[?:?]
	at cpw.mods.fml.common.eventhandler.ASMEventHandler.invoke(ASMEventHandler.java:54) ~[ASMEventHandler.class:?]
	at cpw.mods.fml.common.eventhandler.EventBus.post(EventBus.java:140) [EventBus.class:?]
	at net.minecraftforge.common.ForgeHooks.onLivingAttack(ForgeHooks.java:294) [ForgeHooks.class:?]
	at net.minecraft.entity.player.EntityPlayer.attackEntityFrom(EntityPlayer.java:1105) [EntityPlayer.class:?]
	at net.minecraft.entity.player.EntityPlayerMP.attackEntityFrom(EntityPlayerMP.java:532) [EntityPlayerMP.class:?]
	at com.layue13.clashweave.s1d.EventGate.apply(EventGate.java:32) [EventGate.class:?]
	at com.layue13.clashweave.s1d.DamageExperiment.boundary(DamageExperiment.java:155) [DamageExperiment.class:?]
	at com.layue13.clashweave.s1d.DamageExperiment.started(DamageExperiment.java:41) [DamageExperiment.class:?]
	at sun.reflect.NativeMethodAccessorImpl.invoke0(Native Method) ~[?:1.8.0_504]
	at sun.reflect.NativeMethodAccessorImpl.invoke(NativeMethodAccessorImpl.java:62) ~[?:1.8.0_504]
	at sun.reflect.DelegatingMethodAccessorImpl.invoke(DelegatingMethodAccessorImpl.java:43) ~[?:1.8.0_504]
	at java.lang.reflect.Method.invoke(Method.java:498) ~[?:1.8.0_504]
	at cpw.mods.fml.common.FMLModContainer.handleModStateEvent(FMLModContainer.java:532) [FMLModContainer.class:?]
	at sun.reflect.GeneratedMethodAccessor6.invoke(Unknown Source) ~[?:?]
	at sun.reflect.DelegatingMethodAccessorImpl.invoke(DelegatingMethodAccessorImpl.java:43) ~[?:1.8.0_504]
	at java.lang.reflect.Method.invoke(Method.java:498) ~[?:1.8.0_504]
	at com.google.common.eventbus.EventSubscriber.handleEvent(EventSubscriber.java:74) [guava-17.0.jar:?]
	at com.google.common.eventbus.SynchronizedEventSubscriber.handleEvent(SynchronizedEventSubscriber.java:47) [guava-17.0.jar:?]
	at com.google.common.eventbus.EventBus.dispatch(EventBus.java:322) [guava-17.0.jar:?]
	at com.google.common.eventbus.EventBus.dispatchQueuedEvents(EventBus.java:304) [guava-17.0.jar:?]
	at com.google.common.eventbus.EventBus.post(EventBus.java:275) [guava-17.0.jar:?]
	at cpw.mods.fml.common.LoadController.sendEventToModContainer(LoadController.java:212) [LoadController.class:?]
	at cpw.mods.fml.common.LoadController.propogateStateMessage(LoadController.java:190) [LoadController.class:?]
	at sun.reflect.NativeMethodAccessorImpl.invoke0(Native Method) ~[?:1.8.0_504]
	at sun.reflect.NativeMethodAccessorImpl.invoke(NativeMethodAccessorImpl.java:62) ~[?:1.8.0_504]
	at sun.reflect.DelegatingMethodAccessorImpl.invoke(DelegatingMethodAccessorImpl.java:43) ~[?:1.8.0_504]
	at java.lang.reflect.Method.invoke(Method.java:498) ~[?:1.8.0_504]
	at com.google.common.eventbus.EventSubscriber.handleEvent(EventSubscriber.java:74) [guava-17.0.jar:?]
	at com.google.common.eventbus.SynchronizedEventSubscriber.handleEvent(SynchronizedEventSubscriber.java:47) [guava-17.0.jar:?]
	at com.google.common.eventbus.EventBus.dispatch(EventBus.java:322) [guava-17.0.jar:?]
	at com.google.common.eventbus.EventBus.dispatchQueuedEvents(EventBus.java:304) [guava-17.0.jar:?]
	at com.google.common.eventbus.EventBus.post(EventBus.java:275) [guava-17.0.jar:?]
	at cpw.mods.fml.common.LoadController.distributeStateMessage(LoadController.java:119) [LoadController.class:?]
	at cpw.mods.fml.common.Loader.serverStarted(Loader.java:802) [Loader.class:?]
	at cpw.mods.fml.common.FMLCommonHandler.handleServerStarted(FMLCommonHandler.java:283) [FMLCommonHandler.class:?]
	at net.minecraft.server.MinecraftServer.run(MinecraftServer.java:451) [MinecraftServer.class:?]
	at net.minecraft.server.MinecraftServer$2.run(MinecraftServer.java:756) [MinecraftServer$2.class:?]
[05:42:01] [Server thread/ERROR] [FML]: Index: 4 Listeners:
[05:42:01] [Server thread/ERROR] [FML]: 0: NORMAL
[05:42:01] [Server thread/ERROR] [FML]: 1: ASM: com.layue13.clashweave.s1d.DamageExperiment@798bb8bd attackNormal(Lnet/minecraftforge/event/entity/living/LivingAttackEvent;)V
[05:42:01] [Server thread/ERROR] [FML]: 2: LOWEST
[05:42:01] [Server thread/ERROR] [FML]: 3: ASM: com.layue13.clashweave.s1d.EventGate@f20e8ca attackMarker(Lnet/minecraftforge/event/entity/living/LivingAttackEvent;)V
[05:42:01] [Server thread/ERROR] [FML]: 4: ASM: com.layue13.clashweave.s1d.DamageExperiment@798bb8bd attackLowest(Lnet/minecraftforge/event/entity/living/LivingAttackEvent;)V
[05:42:01] [Server thread/INFO] [STDOUT]: [com.layue13.clashweave.s1d.DamageExperiment:boundary:159]: CW3 S1D_BOUNDARY scenario=throw-attack-after-clear player=true before=false history=false path=candidate state=false:true:0.0:100.0:0:0.0:8 lifecycleRestored=true
[05:42:01] [Server thread/INFO] [STDOUT]: [com.layue13.clashweave.s1d.DamageExperiment:boundary:162]: CW3 S1D_BOUNDARY_PAIR scenario=throw-attack-after-clear player=true before=false history=false equivalent=true
[05:42:01] [Server thread/INFO] [STDOUT]: [com.layue13.clashweave.s1d.DamageExperiment:attackLowest:123]: CW3 S1D_THROW at=attack-LOWEST timer=13 last=4.0
[05:42:01] [Server thread/ERROR] [FML]: Exception caught during firing event net.minecraftforge.event.entity.living.LivingAttackEvent@36ebb3ca:
com.layue13.clashweave.s1d.DamageExperiment$FixtureException
	at com.layue13.clashweave.s1d.DamageExperiment.attackLowest(DamageExperiment.java:124) ~[DamageExperiment.class:?]
	at cpw.mods.fml.common.eventhandler.ASMEventHandler_15_DamageExperiment_attackLowest_LivingAttackEvent.invoke(.dynamic) ~[?:?]
	at cpw.mods.fml.common.eventhandler.ASMEventHandler.invoke(ASMEventHandler.java:54) ~[ASMEventHandler.class:?]
	at cpw.mods.fml.common.eventhandler.EventBus.post(EventBus.java:140) [EventBus.class:?]
	at net.minecraftforge.common.ForgeHooks.onLivingAttack(ForgeHooks.java:294) [ForgeHooks.class:?]
	at net.minecraft.entity.player.EntityPlayer.attackEntityFrom(EntityPlayer.java:1105) [EntityPlayer.class:?]
	at net.minecraft.entity.player.EntityPlayerMP.attackEntityFrom(EntityPlayerMP.java:532) [EntityPlayerMP.class:?]
	at com.layue13.clashweave.s1d.DamageExperiment.boundary(DamageExperiment.java:155) [DamageExperiment.class:?]
	at com.layue13.clashweave.s1d.DamageExperiment.started(DamageExperiment.java:41) [DamageExperiment.class:?]
	at sun.reflect.NativeMethodAccessorImpl.invoke0(Native Method) ~[?:1.8.0_504]
	at sun.reflect.NativeMethodAccessorImpl.invoke(NativeMethodAccessorImpl.java:62) ~[?:1.8.0_504]
	at sun.reflect.DelegatingMethodAccessorImpl.invoke(DelegatingMethodAccessorImpl.java:43) ~[?:1.8.0_504]
	at java.lang.reflect.Method.invoke(Method.java:498) ~[?:1.8.0_504]
	at cpw.mods.fml.common.FMLModContainer.handleModStateEvent(FMLModContainer.java:532) [FMLModContainer.class:?]
	at sun.reflect.GeneratedMethodAccessor6.invoke(Unknown Source) ~[?:?]
	at sun.reflect.DelegatingMethodAccessorImpl.invoke(DelegatingMethodAccessorImpl.java:43) ~[?:1.8.0_504]
	at java.lang.reflect.Method.invoke(Method.java:498) ~[?:1.8.0_504]
	at com.google.common.eventbus.EventSubscriber.handleEvent(EventSubscriber.java:74) [guava-17.0.jar:?]
	at com.google.common.eventbus.SynchronizedEventSubscriber.handleEvent(SynchronizedEventSubscriber.java:47) [guava-17.0.jar:?]
	at com.google.common.eventbus.EventBus.dispatch(EventBus.java:322) [guava-17.0.jar:?]
	at com.google.common.eventbus.EventBus.dispatchQueuedEvents(EventBus.java:304) [guava-17.0.jar:?]
	at com.google.common.eventbus.EventBus.post(EventBus.java:275) [guava-17.0.jar:?]
	at cpw.mods.fml.common.LoadController.sendEventToModContainer(LoadController.java:212) [LoadController.class:?]
	at cpw.mods.fml.common.LoadController.propogateStateMessage(LoadController.java:190) [LoadController.class:?]
	at sun.reflect.NativeMethodAccessorImpl.invoke0(Native Method) ~[?:1.8.0_504]
	at sun.reflect.NativeMethodAccessorImpl.invoke(NativeMethodAccessorImpl.java:62) ~[?:1.8.0_504]
	at sun.reflect.DelegatingMethodAccessorImpl.invoke(DelegatingMethodAccessorImpl.java:43) ~[?:1.8.0_504]
	at java.lang.reflect.Method.invoke(Method.java:498) ~[?:1.8.0_504]
	at com.google.common.eventbus.EventSubscriber.handleEvent(EventSubscriber.java:74) [guava-17.0.jar:?]
	at com.google.common.eventbus.SynchronizedEventSubscriber.handleEvent(SynchronizedEventSubscriber.java:47) [guava-17.0.jar:?]
	at com.google.common.eventbus.EventBus.dispatch(EventBus.java:322) [guava-17.0.jar:?]
	at com.google.common.eventbus.EventBus.dispatchQueuedEvents(EventBus.java:304) [guava-17.0.jar:?]
	at com.google.common.eventbus.EventBus.post(EventBus.java:275) [guava-17.0.jar:?]
	at cpw.mods.fml.common.LoadController.distributeStateMessage(LoadController.java:119) [LoadController.class:?]
	at cpw.mods.fml.common.Loader.serverStarted(Loader.java:802) [Loader.class:?]
	at cpw.mods.fml.common.FMLCommonHandler.handleServerStarted(FMLCommonHandler.java:283) [FMLCommonHandler.class:?]
	at net.minecraft.server.MinecraftServer.run(MinecraftServer.java:451) [MinecraftServer.class:?]
	at net.minecraft.server.MinecraftServer$2.run(MinecraftServer.java:756) [MinecraftServer$2.class:?]
[05:42:01] [Server thread/ERROR] [FML]: Index: 4 Listeners:
[05:42:01] [Server thread/ERROR] [FML]: 0: NORMAL
[05:42:01] [Server thread/ERROR] [FML]: 1: ASM: com.layue13.clashweave.s1d.DamageExperiment@798bb8bd attackNormal(Lnet/minecraftforge/event/entity/living/LivingAttackEvent;)V
[05:42:01] [Server thread/ERROR] [FML]: 2: LOWEST
[05:42:01] [Server thread/ERROR] [FML]: 3: ASM: com.layue13.clashweave.s1d.EventGate@f20e8ca attackMarker(Lnet/minecraftforge/event/entity/living/LivingAttackEvent;)V
[05:42:01] [Server thread/ERROR] [FML]: 4: ASM: com.layue13.clashweave.s1d.DamageExperiment@798bb8bd attackLowest(Lnet/minecraftforge/event/entity/living/LivingAttackEvent;)V
[05:42:01] [Server thread/INFO] [STDOUT]: [com.layue13.clashweave.s1d.DamageExperiment:boundary:159]: CW3 S1D_BOUNDARY scenario=throw-attack-after-clear player=true before=false history=true path=control state=false:true:0.0:96.0:13:4.0:8 lifecycleRestored=true
[05:42:01] [Server thread/INFO] [STDOUT]: [com.layue13.clashweave.s1d.DamageExperiment:attackLowest:123]: CW3 S1D_THROW at=attack-LOWEST timer=13 last=4.0
[05:42:01] [Server thread/ERROR] [FML]: Exception caught during firing event net.minecraftforge.event.entity.living.LivingAttackEvent@7c9acab4:
com.layue13.clashweave.s1d.DamageExperiment$FixtureException
	at com.layue13.clashweave.s1d.DamageExperiment.attackLowest(DamageExperiment.java:124) ~[DamageExperiment.class:?]
	at cpw.mods.fml.common.eventhandler.ASMEventHandler_15_DamageExperiment_attackLowest_LivingAttackEvent.invoke(.dynamic) ~[?:?]
	at cpw.mods.fml.common.eventhandler.ASMEventHandler.invoke(ASMEventHandler.java:54) ~[ASMEventHandler.class:?]
	at cpw.mods.fml.common.eventhandler.EventBus.post(EventBus.java:140) [EventBus.class:?]
	at net.minecraftforge.common.ForgeHooks.onLivingAttack(ForgeHooks.java:294) [ForgeHooks.class:?]
	at net.minecraft.entity.player.EntityPlayer.attackEntityFrom(EntityPlayer.java:1105) [EntityPlayer.class:?]
	at net.minecraft.entity.player.EntityPlayerMP.attackEntityFrom(EntityPlayerMP.java:532) [EntityPlayerMP.class:?]
	at com.layue13.clashweave.s1d.EventGate.apply(EventGate.java:32) [EventGate.class:?]
	at com.layue13.clashweave.s1d.DamageExperiment.boundary(DamageExperiment.java:155) [DamageExperiment.class:?]
	at com.layue13.clashweave.s1d.DamageExperiment.started(DamageExperiment.java:41) [DamageExperiment.class:?]
	at sun.reflect.NativeMethodAccessorImpl.invoke0(Native Method) ~[?:1.8.0_504]
	at sun.reflect.NativeMethodAccessorImpl.invoke(NativeMethodAccessorImpl.java:62) ~[?:1.8.0_504]
	at sun.reflect.DelegatingMethodAccessorImpl.invoke(DelegatingMethodAccessorImpl.java:43) ~[?:1.8.0_504]
	at java.lang.reflect.Method.invoke(Method.java:498) ~[?:1.8.0_504]
	at cpw.mods.fml.common.FMLModContainer.handleModStateEvent(FMLModContainer.java:532) [FMLModContainer.class:?]
	at sun.reflect.GeneratedMethodAccessor6.invoke(Unknown Source) ~[?:?]
	at sun.reflect.DelegatingMethodAccessorImpl.invoke(DelegatingMethodAccessorImpl.java:43) ~[?:1.8.0_504]
	at java.lang.reflect.Method.invoke(Method.java:498) ~[?:1.8.0_504]
	at com.google.common.eventbus.EventSubscriber.handleEvent(EventSubscriber.java:74) [guava-17.0.jar:?]
	at com.google.common.eventbus.SynchronizedEventSubscriber.handleEvent(SynchronizedEventSubscriber.java:47) [guava-17.0.jar:?]
	at com.google.common.eventbus.EventBus.dispatch(EventBus.java:322) [guava-17.0.jar:?]
	at com.google.common.eventbus.EventBus.dispatchQueuedEvents(EventBus.java:304) [guava-17.0.jar:?]
	at com.google.common.eventbus.EventBus.post(EventBus.java:275) [guava-17.0.jar:?]
	at cpw.mods.fml.common.LoadController.sendEventToModContainer(LoadController.java:212) [LoadController.class:?]
	at cpw.mods.fml.common.LoadController.propogateStateMessage(LoadController.java:190) [LoadController.class:?]
	at sun.reflect.NativeMethodAccessorImpl.invoke0(Native Method) ~[?:1.8.0_504]
	at sun.reflect.NativeMethodAccessorImpl.invoke(NativeMethodAccessorImpl.java:62) ~[?:1.8.0_504]
	at sun.reflect.DelegatingMethodAccessorImpl.invoke(DelegatingMethodAccessorImpl.java:43) ~[?:1.8.0_504]
	at java.lang.reflect.Method.invoke(Method.java:498) ~[?:1.8.0_504]
	at com.google.common.eventbus.EventSubscriber.handleEvent(EventSubscriber.java:74) [guava-17.0.jar:?]
	at com.google.common.eventbus.SynchronizedEventSubscriber.handleEvent(SynchronizedEventSubscriber.java:47) [guava-17.0.jar:?]
	at com.google.common.eventbus.EventBus.dispatch(EventBus.java:322) [guava-17.0.jar:?]
	at com.google.common.eventbus.EventBus.dispatchQueuedEvents(EventBus.java:304) [guava-17.0.jar:?]
	at com.google.common.eventbus.EventBus.post(EventBus.java:275) [guava-17.0.jar:?]
	at cpw.mods.fml.common.LoadController.distributeStateMessage(LoadController.java:119) [LoadController.class:?]
	at cpw.mods.fml.common.Loader.serverStarted(Loader.java:802) [Loader.class:?]
	at cpw.mods.fml.common.FMLCommonHandler.handleServerStarted(FMLCommonHandler.java:283) [FMLCommonHandler.class:?]
	at net.minecraft.server.MinecraftServer.run(MinecraftServer.java:451) [MinecraftServer.class:?]
	at net.minecraft.server.MinecraftServer$2.run(MinecraftServer.java:756) [MinecraftServer$2.class:?]
[05:42:01] [Server thread/ERROR] [FML]: Index: 4 Listeners:
[05:42:01] [Server thread/ERROR] [FML]: 0: NORMAL
[05:42:01] [Server thread/ERROR] [FML]: 1: ASM: com.layue13.clashweave.s1d.DamageExperiment@798bb8bd attackNormal(Lnet/minecraftforge/event/entity/living/LivingAttackEvent;)V
[05:42:01] [Server thread/ERROR] [FML]: 2: LOWEST
[05:42:01] [Server thread/ERROR] [FML]: 3: ASM: com.layue13.clashweave.s1d.EventGate@f20e8ca attackMarker(Lnet/minecraftforge/event/entity/living/LivingAttackEvent;)V
[05:42:01] [Server thread/ERROR] [FML]: 4: ASM: com.layue13.clashweave.s1d.DamageExperiment@798bb8bd attackLowest(Lnet/minecraftforge/event/entity/living/LivingAttackEvent;)V
[05:42:01] [Server thread/INFO] [STDOUT]: [com.layue13.clashweave.s1d.DamageExperiment:boundary:159]: CW3 S1D_BOUNDARY scenario=throw-attack-after-clear player=true before=false history=true path=candidate state=false:true:0.0:96.0:13:4.0:8 lifecycleRestored=true
[05:42:01] [Server thread/INFO] [STDOUT]: [com.layue13.clashweave.s1d.DamageExperiment:boundary:162]: CW3 S1D_BOUNDARY_PAIR scenario=throw-attack-after-clear player=true before=false history=true equivalent=true
[05:42:01] [Server thread/INFO] [STDOUT]: [com.layue13.clashweave.s1d.DamageExperiment:hurtHighest:131]: CW3 S1D_THROW at=hurt-HIGHEST timer=8 last=2.0
[05:42:01] [Server thread/ERROR] [FML]: Exception caught during firing event net.minecraftforge.event.entity.living.LivingHurtEvent@50bf43d5:
com.layue13.clashweave.s1d.DamageExperiment$FixtureException
	at com.layue13.clashweave.s1d.DamageExperiment.hurtHighest(DamageExperiment.java:132) ~[DamageExperiment.class:?]
	at cpw.mods.fml.common.eventhandler.ASMEventHandler_16_DamageExperiment_hurtHighest_LivingHurtEvent.invoke(.dynamic) ~[?:?]
	at cpw.mods.fml.common.eventhandler.ASMEventHandler.invoke(ASMEventHandler.java:54) ~[ASMEventHandler.class:?]
	at cpw.mods.fml.common.eventhandler.EventBus.post(EventBus.java:140) [EventBus.class:?]
	at net.minecraftforge.common.ForgeHooks.onLivingHurt(ForgeHooks.java:300) [ForgeHooks.class:?]
	at net.minecraft.entity.player.EntityPlayer.damageEntity(EntityPlayer.java:1218) [EntityPlayer.class:?]
	at net.minecraft.entity.EntityLivingBase.attackEntityFrom(EntityLivingBase.java:870) [EntityLivingBase.class:?]
	at net.minecraft.entity.player.EntityPlayer.attackEntityFrom(EntityPlayer.java:1161) [EntityPlayer.class:?]
	at net.minecraft.entity.player.EntityPlayerMP.attackEntityFrom(EntityPlayerMP.java:532) [EntityPlayerMP.class:?]
	at com.layue13.clashweave.s1d.DamageExperiment.boundary(DamageExperiment.java:155) [DamageExperiment.class:?]
	at com.layue13.clashweave.s1d.DamageExperiment.started(DamageExperiment.java:41) [DamageExperiment.class:?]
	at sun.reflect.NativeMethodAccessorImpl.invoke0(Native Method) ~[?:1.8.0_504]
	at sun.reflect.NativeMethodAccessorImpl.invoke(NativeMethodAccessorImpl.java:62) ~[?:1.8.0_504]
	at sun.reflect.DelegatingMethodAccessorImpl.invoke(DelegatingMethodAccessorImpl.java:43) ~[?:1.8.0_504]
	at java.lang.reflect.Method.invoke(Method.java:498) ~[?:1.8.0_504]
	at cpw.mods.fml.common.FMLModContainer.handleModStateEvent(FMLModContainer.java:532) [FMLModContainer.class:?]
	at sun.reflect.GeneratedMethodAccessor6.invoke(Unknown Source) ~[?:?]
	at sun.reflect.DelegatingMethodAccessorImpl.invoke(DelegatingMethodAccessorImpl.java:43) ~[?:1.8.0_504]
	at java.lang.reflect.Method.invoke(Method.java:498) ~[?:1.8.0_504]
	at com.google.common.eventbus.EventSubscriber.handleEvent(EventSubscriber.java:74) [guava-17.0.jar:?]
	at com.google.common.eventbus.SynchronizedEventSubscriber.handleEvent(SynchronizedEventSubscriber.java:47) [guava-17.0.jar:?]
	at com.google.common.eventbus.EventBus.dispatch(EventBus.java:322) [guava-17.0.jar:?]
	at com.google.common.eventbus.EventBus.dispatchQueuedEvents(EventBus.java:304) [guava-17.0.jar:?]
	at com.google.common.eventbus.EventBus.post(EventBus.java:275) [guava-17.0.jar:?]
	at cpw.mods.fml.common.LoadController.sendEventToModContainer(LoadController.java:212) [LoadController.class:?]
	at cpw.mods.fml.common.LoadController.propogateStateMessage(LoadController.java:190) [LoadController.class:?]
	at sun.reflect.NativeMethodAccessorImpl.invoke0(Native Method) ~[?:1.8.0_504]
	at sun.reflect.NativeMethodAccessorImpl.invoke(NativeMethodAccessorImpl.java:62) ~[?:1.8.0_504]
	at sun.reflect.DelegatingMethodAccessorImpl.invoke(DelegatingMethodAccessorImpl.java:43) ~[?:1.8.0_504]
	at java.lang.reflect.Method.invoke(Method.java:498) ~[?:1.8.0_504]
	at com.google.common.eventbus.EventSubscriber.handleEvent(EventSubscriber.java:74) [guava-17.0.jar:?]
	at com.google.common.eventbus.SynchronizedEventSubscriber.handleEvent(SynchronizedEventSubscriber.java:47) [guava-17.0.jar:?]
	at com.google.common.eventbus.EventBus.dispatch(EventBus.java:322) [guava-17.0.jar:?]
	at com.google.common.eventbus.EventBus.dispatchQueuedEvents(EventBus.java:304) [guava-17.0.jar:?]
	at com.google.common.eventbus.EventBus.post(EventBus.java:275) [guava-17.0.jar:?]
	at cpw.mods.fml.common.LoadController.distributeStateMessage(LoadController.java:119) [LoadController.class:?]
	at cpw.mods.fml.common.Loader.serverStarted(Loader.java:802) [Loader.class:?]
	at cpw.mods.fml.common.FMLCommonHandler.handleServerStarted(FMLCommonHandler.java:283) [FMLCommonHandler.class:?]
	at net.minecraft.server.MinecraftServer.run(MinecraftServer.java:451) [MinecraftServer.class:?]
	at net.minecraft.server.MinecraftServer$2.run(MinecraftServer.java:756) [MinecraftServer$2.class:?]
[05:42:01] [Server thread/ERROR] [FML]: Index: 2 Listeners:
[05:42:01] [Server thread/ERROR] [FML]: 0: HIGHEST
[05:42:01] [Server thread/ERROR] [FML]: 1: ASM: com.layue13.clashweave.s1d.EventGate@f20e8ca hurtMarker(Lnet/minecraftforge/event/entity/living/LivingHurtEvent;)V
[05:42:01] [Server thread/ERROR] [FML]: 2: ASM: com.layue13.clashweave.s1d.DamageExperiment@798bb8bd hurtHighest(Lnet/minecraftforge/event/entity/living/LivingHurtEvent;)V
[05:42:01] [Server thread/ERROR] [FML]: 3: HIGH
[05:42:01] [Server thread/ERROR] [FML]: 4: ASM: com.layue13.clashweave.s1d.DamageExperiment@798bb8bd hurtHigh(Lnet/minecraftforge/event/entity/living/LivingHurtEvent;)V
[05:42:01] [Server thread/ERROR] [FML]: 5: LOW
[05:42:01] [Server thread/ERROR] [FML]: 6: ASM: com.layue13.clashweave.s1d.DamageExperiment@798bb8bd hurtLow(Lnet/minecraftforge/event/entity/living/LivingHurtEvent;)V
[05:42:01] [Server thread/INFO] [STDOUT]: [com.layue13.clashweave.s1d.DamageExperiment:boundary:159]: CW3 S1D_BOUNDARY scenario=throw-hurt-before-restore player=true before=false history=false path=control state=false:true:0.0:100.0:8:2.0:8 lifecycleRestored=true
[05:42:01] [Server thread/INFO] [STDOUT]: [com.layue13.clashweave.s1d.DamageExperiment:hurtHighest:131]: CW3 S1D_THROW at=hurt-HIGHEST timer=8 last=2.0
[05:42:01] [Server thread/ERROR] [FML]: Exception caught during firing event net.minecraftforge.event.entity.living.LivingHurtEvent@7ea23e7d:
com.layue13.clashweave.s1d.DamageExperiment$FixtureException
	at com.layue13.clashweave.s1d.DamageExperiment.hurtHighest(DamageExperiment.java:132) ~[DamageExperiment.class:?]
	at cpw.mods.fml.common.eventhandler.ASMEventHandler_16_DamageExperiment_hurtHighest_LivingHurtEvent.invoke(.dynamic) ~[?:?]
	at cpw.mods.fml.common.eventhandler.ASMEventHandler.invoke(ASMEventHandler.java:54) ~[ASMEventHandler.class:?]
	at cpw.mods.fml.common.eventhandler.EventBus.post(EventBus.java:140) [EventBus.class:?]
	at net.minecraftforge.common.ForgeHooks.onLivingHurt(ForgeHooks.java:300) [ForgeHooks.class:?]
	at net.minecraft.entity.player.EntityPlayer.damageEntity(EntityPlayer.java:1218) [EntityPlayer.class:?]
	at net.minecraft.entity.EntityLivingBase.attackEntityFrom(EntityLivingBase.java:870) [EntityLivingBase.class:?]
	at net.minecraft.entity.player.EntityPlayer.attackEntityFrom(EntityPlayer.java:1161) [EntityPlayer.class:?]
	at net.minecraft.entity.player.EntityPlayerMP.attackEntityFrom(EntityPlayerMP.java:532) [EntityPlayerMP.class:?]
	at com.layue13.clashweave.s1d.EventGate.apply(EventGate.java:32) [EventGate.class:?]
	at com.layue13.clashweave.s1d.DamageExperiment.boundary(DamageExperiment.java:155) [DamageExperiment.class:?]
	at com.layue13.clashweave.s1d.DamageExperiment.started(DamageExperiment.java:41) [DamageExperiment.class:?]
	at sun.reflect.NativeMethodAccessorImpl.invoke0(Native Method) ~[?:1.8.0_504]
	at sun.reflect.NativeMethodAccessorImpl.invoke(NativeMethodAccessorImpl.java:62) ~[?:1.8.0_504]
	at sun.reflect.DelegatingMethodAccessorImpl.invoke(DelegatingMethodAccessorImpl.java:43) ~[?:1.8.0_504]
	at java.lang.reflect.Method.invoke(Method.java:498) ~[?:1.8.0_504]
	at cpw.mods.fml.common.FMLModContainer.handleModStateEvent(FMLModContainer.java:532) [FMLModContainer.class:?]
	at sun.reflect.GeneratedMethodAccessor6.invoke(Unknown Source) ~[?:?]
	at sun.reflect.DelegatingMethodAccessorImpl.invoke(DelegatingMethodAccessorImpl.java:43) ~[?:1.8.0_504]
	at java.lang.reflect.Method.invoke(Method.java:498) ~[?:1.8.0_504]
	at com.google.common.eventbus.EventSubscriber.handleEvent(EventSubscriber.java:74) [guava-17.0.jar:?]
	at com.google.common.eventbus.SynchronizedEventSubscriber.handleEvent(SynchronizedEventSubscriber.java:47) [guava-17.0.jar:?]
	at com.google.common.eventbus.EventBus.dispatch(EventBus.java:322) [guava-17.0.jar:?]
	at com.google.common.eventbus.EventBus.dispatchQueuedEvents(EventBus.java:304) [guava-17.0.jar:?]
	at com.google.common.eventbus.EventBus.post(EventBus.java:275) [guava-17.0.jar:?]
	at cpw.mods.fml.common.LoadController.sendEventToModContainer(LoadController.java:212) [LoadController.class:?]
	at cpw.mods.fml.common.LoadController.propogateStateMessage(LoadController.java:190) [LoadController.class:?]
	at sun.reflect.NativeMethodAccessorImpl.invoke0(Native Method) ~[?:1.8.0_504]
	at sun.reflect.NativeMethodAccessorImpl.invoke(NativeMethodAccessorImpl.java:62) ~[?:1.8.0_504]
	at sun.reflect.DelegatingMethodAccessorImpl.invoke(DelegatingMethodAccessorImpl.java:43) ~[?:1.8.0_504]
	at java.lang.reflect.Method.invoke(Method.java:498) ~[?:1.8.0_504]
	at com.google.common.eventbus.EventSubscriber.handleEvent(EventSubscriber.java:74) [guava-17.0.jar:?]
	at com.google.common.eventbus.SynchronizedEventSubscriber.handleEvent(SynchronizedEventSubscriber.java:47) [guava-17.0.jar:?]
	at com.google.common.eventbus.EventBus.dispatch(EventBus.java:322) [guava-17.0.jar:?]
	at com.google.common.eventbus.EventBus.dispatchQueuedEvents(EventBus.java:304) [guava-17.0.jar:?]
	at com.google.common.eventbus.EventBus.post(EventBus.java:275) [guava-17.0.jar:?]
	at cpw.mods.fml.common.LoadController.distributeStateMessage(LoadController.java:119) [LoadController.class:?]
	at cpw.mods.fml.common.Loader.serverStarted(Loader.java:802) [Loader.class:?]
	at cpw.mods.fml.common.FMLCommonHandler.handleServerStarted(FMLCommonHandler.java:283) [FMLCommonHandler.class:?]
	at net.minecraft.server.MinecraftServer.run(MinecraftServer.java:451) [MinecraftServer.class:?]
	at net.minecraft.server.MinecraftServer$2.run(MinecraftServer.java:756) [MinecraftServer$2.class:?]
[05:42:01] [Server thread/ERROR] [FML]: Index: 2 Listeners:
[05:42:01] [Server thread/ERROR] [FML]: 0: HIGHEST
[05:42:01] [Server thread/ERROR] [FML]: 1: ASM: com.layue13.clashweave.s1d.EventGate@f20e8ca hurtMarker(Lnet/minecraftforge/event/entity/living/LivingHurtEvent;)V
[05:42:01] [Server thread/ERROR] [FML]: 2: ASM: com.layue13.clashweave.s1d.DamageExperiment@798bb8bd hurtHighest(Lnet/minecraftforge/event/entity/living/LivingHurtEvent;)V
[05:42:01] [Server thread/ERROR] [FML]: 3: HIGH
[05:42:01] [Server thread/ERROR] [FML]: 4: ASM: com.layue13.clashweave.s1d.DamageExperiment@798bb8bd hurtHigh(Lnet/minecraftforge/event/entity/living/LivingHurtEvent;)V
[05:42:01] [Server thread/ERROR] [FML]: 5: LOW
[05:42:01] [Server thread/ERROR] [FML]: 6: ASM: com.layue13.clashweave.s1d.DamageExperiment@798bb8bd hurtLow(Lnet/minecraftforge/event/entity/living/LivingHurtEvent;)V
[05:42:01] [Server thread/INFO] [STDOUT]: [com.layue13.clashweave.s1d.DamageExperiment:boundary:159]: CW3 S1D_BOUNDARY scenario=throw-hurt-before-restore player=true before=false history=false path=candidate state=false:true:0.0:100.0:8:2.0:8 lifecycleRestored=true
[05:42:01] [Server thread/INFO] [STDOUT]: [com.layue13.clashweave.s1d.DamageExperiment:boundary:162]: CW3 S1D_BOUNDARY_PAIR scenario=throw-hurt-before-restore player=true before=false history=false equivalent=true
[05:42:01] [Server thread/INFO] [STDOUT]: [com.layue13.clashweave.s1d.DamageExperiment:boundary:159]: CW3 S1D_BOUNDARY scenario=throw-hurt-before-restore player=true before=false history=true path=control state=false:false:0.0:96.0:13:4.0:8 lifecycleRestored=true
[05:42:01] [Server thread/INFO] [STDOUT]: [com.layue13.clashweave.s1d.DamageExperiment:boundary:159]: CW3 S1D_BOUNDARY scenario=throw-hurt-before-restore player=true before=false history=true path=candidate state=false:false:0.0:96.0:13:4.0:8 lifecycleRestored=true
[05:42:01] [Server thread/INFO] [STDOUT]: [com.layue13.clashweave.s1d.DamageExperiment:boundary:162]: CW3 S1D_BOUNDARY_PAIR scenario=throw-hurt-before-restore player=true before=false history=true equivalent=true
[05:42:01] [Server thread/INFO] [STDOUT]: [com.layue13.clashweave.s1d.DamageExperiment:nested:108]: CW3 S1D_NESTED scenario=attack-normal path=control at=attack-NORMAL timer=13 last=4.0 accepted=false loss=0.0
[05:42:01] [Server thread/INFO] [STDOUT]: [com.layue13.clashweave.s1d.DamageExperiment:nested:108]: CW3 S1D_NESTED scenario=attack-normal path=control at=attack-NORMAL timer=13 last=4.0 accepted=false loss=0.0
[05:42:01] [Server thread/INFO] [STDOUT]: [com.layue13.clashweave.s1d.DamageExperiment:run:99]: CW3 S1D_OUTER scenario=attack-normal path=control accepted=false hp=96.0 timer=13 last=4.0
[05:42:01] [Server thread/INFO] [STDOUT]: [com.layue13.clashweave.s1d.DamageExperiment:nested:108]: CW3 S1D_NESTED scenario=attack-normal path=candidate at=attack-NORMAL timer=13 last=4.0 accepted=false loss=0.0
[05:42:01] [Server thread/INFO] [STDOUT]: [com.layue13.clashweave.s1d.DamageExperiment:nested:108]: CW3 S1D_NESTED scenario=attack-normal path=candidate at=attack-NORMAL timer=13 last=4.0 accepted=false loss=0.0
[05:42:01] [Server thread/INFO] [STDOUT]: [com.layue13.clashweave.s1d.DamageExperiment:run:99]: CW3 S1D_OUTER scenario=attack-normal path=candidate accepted=false hp=96.0 timer=13 last=4.0
[05:42:01] [Server thread/INFO] [STDOUT]: [com.layue13.clashweave.s1d.DamageExperiment:pair:93]: CW3 S1D_PAIR scenario=attack-normal player=true listenerRegisteredBeforeGate=true controlNested=false candidateNested=false controlLoss=0.0 candidateLoss=0.0 callbacks=2,2 equivalent=true
[05:42:01] [Server thread/INFO] [STDOUT]: [com.layue13.clashweave.s1d.DamageExperiment:nested:108]: CW3 S1D_NESTED scenario=hurt-high path=control at=hurt-HIGH timer=13 last=4.0 accepted=false loss=0.0
[05:42:01] [Server thread/INFO] [STDOUT]: [com.layue13.clashweave.s1d.DamageExperiment:run:99]: CW3 S1D_OUTER scenario=hurt-high path=control accepted=true hp=94.0 timer=13 last=6.0
[05:42:01] [Server thread/INFO] [STDOUT]: [com.layue13.clashweave.s1d.DamageExperiment:nested:108]: CW3 S1D_NESTED scenario=hurt-high path=candidate at=hurt-HIGH timer=13 last=4.0 accepted=false loss=0.0
[05:42:01] [Server thread/INFO] [STDOUT]: [com.layue13.clashweave.s1d.DamageExperiment:run:99]: CW3 S1D_OUTER scenario=hurt-high path=candidate accepted=true hp=94.0 timer=13 last=6.0
[05:42:01] [Server thread/INFO] [STDOUT]: [com.layue13.clashweave.s1d.DamageExperiment:pair:93]: CW3 S1D_PAIR scenario=hurt-high player=true listenerRegisteredBeforeGate=true controlNested=false candidateNested=false controlLoss=0.0 candidateLoss=0.0 callbacks=1,1 equivalent=true
[05:42:01] [Server thread/INFO] [STDOUT]: [com.layue13.clashweave.s1d.DamageExperiment:nested:108]: CW3 S1D_NESTED scenario=hurt-low path=control at=hurt-LOW timer=13 last=4.0 accepted=false loss=0.0
[05:42:01] [Server thread/INFO] [STDOUT]: [com.layue13.clashweave.s1d.DamageExperiment:run:99]: CW3 S1D_OUTER scenario=hurt-low path=control accepted=true hp=94.0 timer=13 last=6.0
[05:42:01] [Server thread/INFO] [STDOUT]: [com.layue13.clashweave.s1d.DamageExperiment:nested:108]: CW3 S1D_NESTED scenario=hurt-low path=candidate at=hurt-LOW timer=13 last=4.0 accepted=false loss=0.0
[05:42:01] [Server thread/INFO] [STDOUT]: [com.layue13.clashweave.s1d.DamageExperiment:run:99]: CW3 S1D_OUTER scenario=hurt-low path=candidate accepted=true hp=94.0 timer=13 last=6.0
[05:42:01] [Server thread/INFO] [STDOUT]: [com.layue13.clashweave.s1d.DamageExperiment:pair:93]: CW3 S1D_PAIR scenario=hurt-low player=true listenerRegisteredBeforeGate=true controlNested=false candidateNested=false controlLoss=0.0 candidateLoss=0.0 callbacks=1,1 equivalent=true
[05:42:01] [Server thread/INFO] [STDOUT]: [com.layue13.clashweave.s1d.DamageExperiment:nested:108]: CW3 S1D_NESTED scenario=attack-lowest-before path=control at=attack-LOWEST timer=13 last=4.0 accepted=false loss=0.0
[05:42:01] [Server thread/INFO] [STDOUT]: [com.layue13.clashweave.s1d.DamageExperiment:nested:108]: CW3 S1D_NESTED scenario=attack-lowest-before path=control at=attack-LOWEST timer=13 last=4.0 accepted=false loss=0.0
[05:42:01] [Server thread/INFO] [STDOUT]: [com.layue13.clashweave.s1d.DamageExperiment:run:99]: CW3 S1D_OUTER scenario=attack-lowest-before path=control accepted=false hp=96.0 timer=13 last=4.0
[05:42:01] [Server thread/INFO] [STDOUT]: [com.layue13.clashweave.s1d.DamageExperiment:nested:108]: CW3 S1D_NESTED scenario=attack-lowest-before path=candidate at=attack-LOWEST timer=13 last=4.0 accepted=false loss=0.0
[05:42:01] [Server thread/INFO] [STDOUT]: [com.layue13.clashweave.s1d.DamageExperiment:nested:108]: CW3 S1D_NESTED scenario=attack-lowest-before path=candidate at=attack-LOWEST timer=13 last=4.0 accepted=false loss=0.0
[05:42:01] [Server thread/INFO] [STDOUT]: [com.layue13.clashweave.s1d.DamageExperiment:run:99]: CW3 S1D_OUTER scenario=attack-lowest-before path=candidate accepted=false hp=96.0 timer=13 last=4.0
[05:42:01] [Server thread/INFO] [STDOUT]: [com.layue13.clashweave.s1d.DamageExperiment:pair:93]: CW3 S1D_PAIR scenario=attack-lowest-before player=true listenerRegisteredBeforeGate=true controlNested=false candidateNested=false controlLoss=0.0 candidateLoss=0.0 callbacks=2,2 equivalent=true
[05:42:01] [Server thread/INFO] [STDOUT]: [com.layue13.clashweave.s1d.DamageExperiment:nested:108]: CW3 S1D_NESTED scenario=attack-lowest-after path=control at=attack-LOWEST timer=13 last=4.0 accepted=false loss=0.0
[05:42:01] [Server thread/INFO] [STDOUT]: [com.layue13.clashweave.s1d.DamageExperiment:nested:108]: CW3 S1D_NESTED scenario=attack-lowest-after path=control at=attack-LOWEST timer=13 last=4.0 accepted=false loss=0.0
[05:42:01] [Server thread/INFO] [STDOUT]: [com.layue13.clashweave.s1d.DamageExperiment:run:99]: CW3 S1D_OUTER scenario=attack-lowest-after path=control accepted=false hp=96.0 timer=13 last=4.0
[05:42:01] [Server thread/INFO] [STDOUT]: [com.layue13.clashweave.s1d.DamageExperiment:nested:108]: CW3 S1D_NESTED scenario=attack-lowest-after path=candidate at=attack-LOWEST timer=13 last=4.0 accepted=false loss=0.0
[05:42:01] [Server thread/INFO] [STDOUT]: [com.layue13.clashweave.s1d.DamageExperiment:nested:108]: CW3 S1D_NESTED scenario=attack-lowest-after path=candidate at=attack-LOWEST timer=13 last=4.0 accepted=false loss=0.0
[05:42:01] [Server thread/INFO] [STDOUT]: [com.layue13.clashweave.s1d.DamageExperiment:run:99]: CW3 S1D_OUTER scenario=attack-lowest-after path=candidate accepted=false hp=96.0 timer=13 last=4.0
[05:42:01] [Server thread/INFO] [STDOUT]: [com.layue13.clashweave.s1d.DamageExperiment:pair:93]: CW3 S1D_PAIR scenario=attack-lowest-after player=true listenerRegisteredBeforeGate=true controlNested=false candidateNested=false controlLoss=0.0 candidateLoss=0.0 callbacks=2,2 equivalent=true
[05:42:01] [Server thread/INFO] [STDOUT]: [com.layue13.clashweave.s1d.DamageExperiment:nested:108]: CW3 S1D_NESTED scenario=hurt-highest-before path=control at=hurt-HIGHEST timer=13 last=4.0 accepted=false loss=0.0
[05:42:01] [Server thread/INFO] [STDOUT]: [com.layue13.clashweave.s1d.DamageExperiment:run:99]: CW3 S1D_OUTER scenario=hurt-highest-before path=control accepted=true hp=94.0 timer=13 last=6.0
[05:42:01] [Server thread/INFO] [STDOUT]: [com.layue13.clashweave.s1d.DamageExperiment:nested:108]: CW3 S1D_NESTED scenario=hurt-highest-before path=candidate at=hurt-HIGHEST timer=13 last=4.0 accepted=false loss=0.0
[05:42:01] [Server thread/INFO] [STDOUT]: [com.layue13.clashweave.s1d.DamageExperiment:run:99]: CW3 S1D_OUTER scenario=hurt-highest-before path=candidate accepted=true hp=94.0 timer=13 last=6.0
[05:42:01] [Server thread/INFO] [STDOUT]: [com.layue13.clashweave.s1d.DamageExperiment:pair:93]: CW3 S1D_PAIR scenario=hurt-highest-before player=true listenerRegisteredBeforeGate=true controlNested=false candidateNested=false controlLoss=0.0 candidateLoss=0.0 callbacks=1,1 equivalent=true
[05:42:01] [Server thread/INFO] [STDOUT]: [com.layue13.clashweave.s1d.DamageExperiment:nested:108]: CW3 S1D_NESTED scenario=hurt-highest-after path=control at=hurt-HIGHEST timer=13 last=4.0 accepted=false loss=0.0
[05:42:01] [Server thread/INFO] [STDOUT]: [com.layue13.clashweave.s1d.DamageExperiment:run:99]: CW3 S1D_OUTER scenario=hurt-highest-after path=control accepted=true hp=94.0 timer=13 last=6.0
[05:42:01] [Server thread/INFO] [STDOUT]: [com.layue13.clashweave.s1d.DamageExperiment:nested:108]: CW3 S1D_NESTED scenario=hurt-highest-after path=candidate at=hurt-HIGHEST timer=13 last=4.0 accepted=false loss=0.0
[05:42:01] [Server thread/INFO] [STDOUT]: [com.layue13.clashweave.s1d.DamageExperiment:run:99]: CW3 S1D_OUTER scenario=hurt-highest-after path=candidate accepted=true hp=94.0 timer=13 last=6.0
[05:42:01] [Server thread/INFO] [STDOUT]: [com.layue13.clashweave.s1d.DamageExperiment:pair:93]: CW3 S1D_PAIR scenario=hurt-highest-after player=true listenerRegisteredBeforeGate=true controlNested=false candidateNested=false controlLoss=0.0 candidateLoss=0.0 callbacks=1,1 equivalent=true
[05:42:01] [Server thread/INFO] [STDOUT]: [com.layue13.clashweave.s1d.DamageExperiment:boundary:159]: CW3 S1D_BOUNDARY scenario=cancel-attack player=true before=true history=false path=control state=false:false:0.0:100.0:0:0.0:8 lifecycleRestored=true
[05:42:01] [Server thread/INFO] [STDOUT]: [com.layue13.clashweave.s1d.DamageExperiment:boundary:159]: CW3 S1D_BOUNDARY scenario=cancel-attack player=true before=true history=false path=candidate state=false:false:0.0:100.0:0:0.0:8 lifecycleRestored=true
[05:42:01] [Server thread/INFO] [STDOUT]: [com.layue13.clashweave.s1d.DamageExperiment:boundary:162]: CW3 S1D_BOUNDARY_PAIR scenario=cancel-attack player=true before=true history=false equivalent=true
[05:42:01] [Server thread/INFO] [STDOUT]: [com.layue13.clashweave.s1d.DamageExperiment:boundary:159]: CW3 S1D_BOUNDARY scenario=cancel-attack player=true before=true history=true path=control state=false:false:0.0:96.0:13:4.0:8 lifecycleRestored=true
[05:42:01] [Server thread/INFO] [STDOUT]: [com.layue13.clashweave.s1d.DamageExperiment:boundary:159]: CW3 S1D_BOUNDARY scenario=cancel-attack player=true before=true history=true path=candidate state=false:false:0.0:96.0:13:4.0:8 lifecycleRestored=true
[05:42:01] [Server thread/INFO] [STDOUT]: [com.layue13.clashweave.s1d.DamageExperiment:boundary:162]: CW3 S1D_BOUNDARY_PAIR scenario=cancel-attack player=true before=true history=true equivalent=true
[05:42:01] [Server thread/INFO] [STDOUT]: [com.layue13.clashweave.s1d.DamageExperiment:boundary:159]: CW3 S1D_BOUNDARY scenario=cancel-hurt player=true before=true history=false path=control state=true:false:0.0:100.0:8:2.0:8 lifecycleRestored=true
[05:42:01] [Server thread/INFO] [STDOUT]: [com.layue13.clashweave.s1d.DamageExperiment:boundary:159]: CW3 S1D_BOUNDARY scenario=cancel-hurt player=true before=true history=false path=candidate state=true:false:0.0:100.0:8:2.0:8 lifecycleRestored=true
[05:42:01] [Server thread/INFO] [STDOUT]: [com.layue13.clashweave.s1d.DamageExperiment:boundary:162]: CW3 S1D_BOUNDARY_PAIR scenario=cancel-hurt player=true before=true history=false equivalent=true
[05:42:01] [Server thread/INFO] [STDOUT]: [com.layue13.clashweave.s1d.DamageExperiment:boundary:159]: CW3 S1D_BOUNDARY scenario=cancel-hurt player=true before=true history=true path=control state=false:false:0.0:96.0:13:4.0:8 lifecycleRestored=true
[05:42:01] [Server thread/INFO] [STDOUT]: [com.layue13.clashweave.s1d.DamageExperiment:boundary:159]: CW3 S1D_BOUNDARY scenario=cancel-hurt player=true before=true history=true path=candidate state=false:false:0.0:96.0:13:4.0:8 lifecycleRestored=true
[05:42:01] [Server thread/INFO] [STDOUT]: [com.layue13.clashweave.s1d.DamageExperiment:boundary:162]: CW3 S1D_BOUNDARY_PAIR scenario=cancel-hurt player=true before=true history=true equivalent=true
[05:42:01] [Server thread/INFO] [STDOUT]: [com.layue13.clashweave.s1d.DamageExperiment:boundary:159]: CW3 S1D_BOUNDARY scenario=zero player=true before=true history=false path=control state=false:false:0.0:100.0:0:0.0:8 lifecycleRestored=true
[05:42:01] [Server thread/INFO] [STDOUT]: [com.layue13.clashweave.s1d.DamageExperiment:boundary:159]: CW3 S1D_BOUNDARY scenario=zero player=true before=true history=false path=candidate state=false:false:0.0:100.0:0:0.0:8 lifecycleRestored=true
[05:42:01] [Server thread/INFO] [STDOUT]: [com.layue13.clashweave.s1d.DamageExperiment:boundary:162]: CW3 S1D_BOUNDARY_PAIR scenario=zero player=true before=true history=false equivalent=true
[05:42:01] [Server thread/INFO] [STDOUT]: [com.layue13.clashweave.s1d.DamageExperiment:boundary:159]: CW3 S1D_BOUNDARY scenario=zero player=true before=true history=true path=control state=false:false:0.0:96.0:13:4.0:8 lifecycleRestored=true
[05:42:01] [Server thread/INFO] [STDOUT]: [com.layue13.clashweave.s1d.DamageExperiment:boundary:159]: CW3 S1D_BOUNDARY scenario=zero player=true before=true history=true path=candidate state=false:false:0.0:96.0:13:4.0:8 lifecycleRestored=true
[05:42:01] [Server thread/INFO] [STDOUT]: [com.layue13.clashweave.s1d.DamageExperiment:boundary:162]: CW3 S1D_BOUNDARY_PAIR scenario=zero player=true before=true history=true equivalent=true
[05:42:01] [Server thread/INFO] [STDOUT]: [com.layue13.clashweave.s1d.DamageExperiment:boundary:159]: CW3 S1D_BOUNDARY scenario=already-dead player=true before=true history=false path=control state=false:false:0.0:0.0:0:0.0:8 lifecycleRestored=true
[05:42:01] [Server thread/INFO] [STDOUT]: [com.layue13.clashweave.s1d.DamageExperiment:boundary:159]: CW3 S1D_BOUNDARY scenario=already-dead player=true before=true history=false path=candidate state=false:false:0.0:0.0:0:0.0:8 lifecycleRestored=true
[05:42:01] [Server thread/INFO] [STDOUT]: [com.layue13.clashweave.s1d.DamageExperiment:boundary:162]: CW3 S1D_BOUNDARY_PAIR scenario=already-dead player=true before=true history=false equivalent=true
[05:42:01] [Server thread/INFO] [STDOUT]: [com.layue13.clashweave.s1d.DamageExperiment:boundary:159]: CW3 S1D_BOUNDARY scenario=already-dead player=true before=true history=true path=control state=false:false:0.0:0.0:13:4.0:8 lifecycleRestored=true
[05:42:01] [Server thread/INFO] [STDOUT]: [com.layue13.clashweave.s1d.DamageExperiment:boundary:159]: CW3 S1D_BOUNDARY scenario=already-dead player=true before=true history=true path=candidate state=false:false:0.0:0.0:13:4.0:8 lifecycleRestored=true
[05:42:01] [Server thread/INFO] [STDOUT]: [com.layue13.clashweave.s1d.DamageExperiment:boundary:162]: CW3 S1D_BOUNDARY_PAIR scenario=already-dead player=true before=true history=true equivalent=true
[05:42:01] [Server thread/INFO]: death.attack.clashweave.s1d
[05:42:01] [Server thread/INFO] [STDOUT]: [com.layue13.clashweave.s1d.DamageExperiment:boundary:159]: CW3 S1D_BOUNDARY scenario=lethal player=true before=true history=false path=control state=true:false:1.0:0.0:8:2.0:20 lifecycleRestored=true
[05:42:01] [Server thread/INFO]: death.attack.clashweave.s1d
[05:42:01] [Server thread/INFO] [STDOUT]: [com.layue13.clashweave.s1d.DamageExperiment:boundary:159]: CW3 S1D_BOUNDARY scenario=lethal player=true before=true history=false path=candidate state=true:false:1.0:0.0:8:2.0:20 lifecycleRestored=true
[05:42:01] [Server thread/INFO] [STDOUT]: [com.layue13.clashweave.s1d.DamageExperiment:boundary:162]: CW3 S1D_BOUNDARY_PAIR scenario=lethal player=true before=true history=false equivalent=true
[05:42:01] [Server thread/INFO] [STDOUT]: [com.layue13.clashweave.s1d.DamageExperiment:boundary:159]: CW3 S1D_BOUNDARY scenario=lethal player=true before=true history=true path=control state=false:false:0.0:1.0:13:4.0:8 lifecycleRestored=true
[05:42:01] [Server thread/INFO] [STDOUT]: [com.layue13.clashweave.s1d.DamageExperiment:boundary:159]: CW3 S1D_BOUNDARY scenario=lethal player=true before=true history=true path=candidate state=false:false:0.0:1.0:13:4.0:8 lifecycleRestored=true
[05:42:01] [Server thread/INFO] [STDOUT]: [com.layue13.clashweave.s1d.DamageExperiment:boundary:162]: CW3 S1D_BOUNDARY_PAIR scenario=lethal player=true before=true history=true equivalent=true
[05:42:01] [Server thread/ERROR] [FML]: Exception caught during firing event net.minecraftforge.event.entity.living.LivingAttackEvent@525161b0:
com.layue13.clashweave.s1d.DamageExperiment$FixtureException
	at com.layue13.clashweave.s1d.DamageExperiment.attackNormal(DamageExperiment.java:116) ~[DamageExperiment.class:?]
	at cpw.mods.fml.common.eventhandler.ASMEventHandler_13_DamageExperiment_attackNormal_LivingAttackEvent.invoke(.dynamic) ~[?:?]
	at cpw.mods.fml.common.eventhandler.ASMEventHandler.invoke(ASMEventHandler.java:54) ~[ASMEventHandler.class:?]
	at cpw.mods.fml.common.eventhandler.EventBus.post(EventBus.java:140) [EventBus.class:?]
	at net.minecraftforge.common.ForgeHooks.onLivingAttack(ForgeHooks.java:294) [ForgeHooks.class:?]
	at net.minecraft.entity.player.EntityPlayer.attackEntityFrom(EntityPlayer.java:1105) [EntityPlayer.class:?]
	at net.minecraft.entity.player.EntityPlayerMP.attackEntityFrom(EntityPlayerMP.java:532) [EntityPlayerMP.class:?]
	at com.layue13.clashweave.s1d.DamageExperiment.boundary(DamageExperiment.java:155) [DamageExperiment.class:?]
	at com.layue13.clashweave.s1d.DamageExperiment.started(DamageExperiment.java:41) [DamageExperiment.class:?]
	at sun.reflect.NativeMethodAccessorImpl.invoke0(Native Method) ~[?:1.8.0_504]
	at sun.reflect.NativeMethodAccessorImpl.invoke(NativeMethodAccessorImpl.java:62) ~[?:1.8.0_504]
	at sun.reflect.DelegatingMethodAccessorImpl.invoke(DelegatingMethodAccessorImpl.java:43) ~[?:1.8.0_504]
	at java.lang.reflect.Method.invoke(Method.java:498) ~[?:1.8.0_504]
	at cpw.mods.fml.common.FMLModContainer.handleModStateEvent(FMLModContainer.java:532) [FMLModContainer.class:?]
	at sun.reflect.GeneratedMethodAccessor6.invoke(Unknown Source) ~[?:?]
	at sun.reflect.DelegatingMethodAccessorImpl.invoke(DelegatingMethodAccessorImpl.java:43) ~[?:1.8.0_504]
	at java.lang.reflect.Method.invoke(Method.java:498) ~[?:1.8.0_504]
	at com.google.common.eventbus.EventSubscriber.handleEvent(EventSubscriber.java:74) [guava-17.0.jar:?]
	at com.google.common.eventbus.SynchronizedEventSubscriber.handleEvent(SynchronizedEventSubscriber.java:47) [guava-17.0.jar:?]
	at com.google.common.eventbus.EventBus.dispatch(EventBus.java:322) [guava-17.0.jar:?]
	at com.google.common.eventbus.EventBus.dispatchQueuedEvents(EventBus.java:304) [guava-17.0.jar:?]
	at com.google.common.eventbus.EventBus.post(EventBus.java:275) [guava-17.0.jar:?]
	at cpw.mods.fml.common.LoadController.sendEventToModContainer(LoadController.java:212) [LoadController.class:?]
	at cpw.mods.fml.common.LoadController.propogateStateMessage(LoadController.java:190) [LoadController.class:?]
	at sun.reflect.NativeMethodAccessorImpl.invoke0(Native Method) ~[?:1.8.0_504]
	at sun.reflect.NativeMethodAccessorImpl.invoke(NativeMethodAccessorImpl.java:62) ~[?:1.8.0_504]
	at sun.reflect.DelegatingMethodAccessorImpl.invoke(DelegatingMethodAccessorImpl.java:43) ~[?:1.8.0_504]
	at java.lang.reflect.Method.invoke(Method.java:498) ~[?:1.8.0_504]
	at com.google.common.eventbus.EventSubscriber.handleEvent(EventSubscriber.java:74) [guava-17.0.jar:?]
	at com.google.common.eventbus.SynchronizedEventSubscriber.handleEvent(SynchronizedEventSubscriber.java:47) [guava-17.0.jar:?]
	at com.google.common.eventbus.EventBus.dispatch(EventBus.java:322) [guava-17.0.jar:?]
	at com.google.common.eventbus.EventBus.dispatchQueuedEvents(EventBus.java:304) [guava-17.0.jar:?]
	at com.google.common.eventbus.EventBus.post(EventBus.java:275) [guava-17.0.jar:?]
	at cpw.mods.fml.common.LoadController.distributeStateMessage(LoadController.java:119) [LoadController.class:?]
	at cpw.mods.fml.common.Loader.serverStarted(Loader.java:802) [Loader.class:?]
	at cpw.mods.fml.common.FMLCommonHandler.handleServerStarted(FMLCommonHandler.java:283) [FMLCommonHandler.class:?]
	at net.minecraft.server.MinecraftServer.run(MinecraftServer.java:451) [MinecraftServer.class:?]
	at net.minecraft.server.MinecraftServer$2.run(MinecraftServer.java:756) [MinecraftServer$2.class:?]
[05:42:01] [Server thread/ERROR] [FML]: Index: 1 Listeners:
[05:42:01] [Server thread/ERROR] [FML]: 0: NORMAL
[05:42:01] [Server thread/ERROR] [FML]: 1: ASM: com.layue13.clashweave.s1d.DamageExperiment@798bb8bd attackNormal(Lnet/minecraftforge/event/entity/living/LivingAttackEvent;)V
[05:42:01] [Server thread/ERROR] [FML]: 2: LOWEST
[05:42:01] [Server thread/ERROR] [FML]: 3: ASM: com.layue13.clashweave.s1d.DamageExperiment@798bb8bd attackLowest(Lnet/minecraftforge/event/entity/living/LivingAttackEvent;)V
[05:42:01] [Server thread/ERROR] [FML]: 4: ASM: com.layue13.clashweave.s1d.EventGate@f20e8ca attackMarker(Lnet/minecraftforge/event/entity/living/LivingAttackEvent;)V
[05:42:01] [Server thread/INFO] [STDOUT]: [com.layue13.clashweave.s1d.DamageExperiment:boundary:159]: CW3 S1D_BOUNDARY scenario=throw-attack player=true before=true history=false path=control state=false:true:0.0:100.0:0:0.0:8 lifecycleRestored=true
[05:42:01] [Server thread/ERROR] [FML]: Exception caught during firing event net.minecraftforge.event.entity.living.LivingAttackEvent@7a8de9d4:
com.layue13.clashweave.s1d.DamageExperiment$FixtureException
	at com.layue13.clashweave.s1d.DamageExperiment.attackNormal(DamageExperiment.java:116) ~[DamageExperiment.class:?]
	at cpw.mods.fml.common.eventhandler.ASMEventHandler_13_DamageExperiment_attackNormal_LivingAttackEvent.invoke(.dynamic) ~[?:?]
	at cpw.mods.fml.common.eventhandler.ASMEventHandler.invoke(ASMEventHandler.java:54) ~[ASMEventHandler.class:?]
	at cpw.mods.fml.common.eventhandler.EventBus.post(EventBus.java:140) [EventBus.class:?]
	at net.minecraftforge.common.ForgeHooks.onLivingAttack(ForgeHooks.java:294) [ForgeHooks.class:?]
	at net.minecraft.entity.player.EntityPlayer.attackEntityFrom(EntityPlayer.java:1105) [EntityPlayer.class:?]
	at net.minecraft.entity.player.EntityPlayerMP.attackEntityFrom(EntityPlayerMP.java:532) [EntityPlayerMP.class:?]
	at com.layue13.clashweave.s1d.EventGate.apply(EventGate.java:32) [EventGate.class:?]
	at com.layue13.clashweave.s1d.DamageExperiment.boundary(DamageExperiment.java:155) [DamageExperiment.class:?]
	at com.layue13.clashweave.s1d.DamageExperiment.started(DamageExperiment.java:41) [DamageExperiment.class:?]
	at sun.reflect.NativeMethodAccessorImpl.invoke0(Native Method) ~[?:1.8.0_504]
	at sun.reflect.NativeMethodAccessorImpl.invoke(NativeMethodAccessorImpl.java:62) ~[?:1.8.0_504]
	at sun.reflect.DelegatingMethodAccessorImpl.invoke(DelegatingMethodAccessorImpl.java:43) ~[?:1.8.0_504]
	at java.lang.reflect.Method.invoke(Method.java:498) ~[?:1.8.0_504]
	at cpw.mods.fml.common.FMLModContainer.handleModStateEvent(FMLModContainer.java:532) [FMLModContainer.class:?]
	at sun.reflect.GeneratedMethodAccessor6.invoke(Unknown Source) ~[?:?]
	at sun.reflect.DelegatingMethodAccessorImpl.invoke(DelegatingMethodAccessorImpl.java:43) ~[?:1.8.0_504]
	at java.lang.reflect.Method.invoke(Method.java:498) ~[?:1.8.0_504]
	at com.google.common.eventbus.EventSubscriber.handleEvent(EventSubscriber.java:74) [guava-17.0.jar:?]
	at com.google.common.eventbus.SynchronizedEventSubscriber.handleEvent(SynchronizedEventSubscriber.java:47) [guava-17.0.jar:?]
	at com.google.common.eventbus.EventBus.dispatch(EventBus.java:322) [guava-17.0.jar:?]
	at com.google.common.eventbus.EventBus.dispatchQueuedEvents(EventBus.java:304) [guava-17.0.jar:?]
	at com.google.common.eventbus.EventBus.post(EventBus.java:275) [guava-17.0.jar:?]
	at cpw.mods.fml.common.LoadController.sendEventToModContainer(LoadController.java:212) [LoadController.class:?]
	at cpw.mods.fml.common.LoadController.propogateStateMessage(LoadController.java:190) [LoadController.class:?]
	at sun.reflect.NativeMethodAccessorImpl.invoke0(Native Method) ~[?:1.8.0_504]
	at sun.reflect.NativeMethodAccessorImpl.invoke(NativeMethodAccessorImpl.java:62) ~[?:1.8.0_504]
	at sun.reflect.DelegatingMethodAccessorImpl.invoke(DelegatingMethodAccessorImpl.java:43) ~[?:1.8.0_504]
	at java.lang.reflect.Method.invoke(Method.java:498) ~[?:1.8.0_504]
	at com.google.common.eventbus.EventSubscriber.handleEvent(EventSubscriber.java:74) [guava-17.0.jar:?]
	at com.google.common.eventbus.SynchronizedEventSubscriber.handleEvent(SynchronizedEventSubscriber.java:47) [guava-17.0.jar:?]
	at com.google.common.eventbus.EventBus.dispatch(EventBus.java:322) [guava-17.0.jar:?]
	at com.google.common.eventbus.EventBus.dispatchQueuedEvents(EventBus.java:304) [guava-17.0.jar:?]
	at com.google.common.eventbus.EventBus.post(EventBus.java:275) [guava-17.0.jar:?]
	at cpw.mods.fml.common.LoadController.distributeStateMessage(LoadController.java:119) [LoadController.class:?]
	at cpw.mods.fml.common.Loader.serverStarted(Loader.java:802) [Loader.class:?]
	at cpw.mods.fml.common.FMLCommonHandler.handleServerStarted(FMLCommonHandler.java:283) [FMLCommonHandler.class:?]
	at net.minecraft.server.MinecraftServer.run(MinecraftServer.java:451) [MinecraftServer.class:?]
	at net.minecraft.server.MinecraftServer$2.run(MinecraftServer.java:756) [MinecraftServer$2.class:?]
[05:42:01] [Server thread/ERROR] [FML]: Index: 1 Listeners:
[05:42:01] [Server thread/ERROR] [FML]: 0: NORMAL
[05:42:01] [Server thread/ERROR] [FML]: 1: ASM: com.layue13.clashweave.s1d.DamageExperiment@798bb8bd attackNormal(Lnet/minecraftforge/event/entity/living/LivingAttackEvent;)V
[05:42:01] [Server thread/ERROR] [FML]: 2: LOWEST
[05:42:01] [Server thread/ERROR] [FML]: 3: ASM: com.layue13.clashweave.s1d.DamageExperiment@798bb8bd attackLowest(Lnet/minecraftforge/event/entity/living/LivingAttackEvent;)V
[05:42:01] [Server thread/ERROR] [FML]: 4: ASM: com.layue13.clashweave.s1d.EventGate@f20e8ca attackMarker(Lnet/minecraftforge/event/entity/living/LivingAttackEvent;)V
[05:42:01] [Server thread/INFO] [STDOUT]: [com.layue13.clashweave.s1d.DamageExperiment:boundary:159]: CW3 S1D_BOUNDARY scenario=throw-attack player=true before=true history=false path=candidate state=false:true:0.0:100.0:0:0.0:8 lifecycleRestored=true
[05:42:01] [Server thread/INFO] [STDOUT]: [com.layue13.clashweave.s1d.DamageExperiment:boundary:162]: CW3 S1D_BOUNDARY_PAIR scenario=throw-attack player=true before=true history=false equivalent=true
[05:42:01] [Server thread/ERROR] [FML]: Exception caught during firing event net.minecraftforge.event.entity.living.LivingAttackEvent@6ef5301c:
com.layue13.clashweave.s1d.DamageExperiment$FixtureException
	at com.layue13.clashweave.s1d.DamageExperiment.attackNormal(DamageExperiment.java:116) ~[DamageExperiment.class:?]
	at cpw.mods.fml.common.eventhandler.ASMEventHandler_13_DamageExperiment_attackNormal_LivingAttackEvent.invoke(.dynamic) ~[?:?]
	at cpw.mods.fml.common.eventhandler.ASMEventHandler.invoke(ASMEventHandler.java:54) ~[ASMEventHandler.class:?]
	at cpw.mods.fml.common.eventhandler.EventBus.post(EventBus.java:140) [EventBus.class:?]
	at net.minecraftforge.common.ForgeHooks.onLivingAttack(ForgeHooks.java:294) [ForgeHooks.class:?]
	at net.minecraft.entity.player.EntityPlayer.attackEntityFrom(EntityPlayer.java:1105) [EntityPlayer.class:?]
	at net.minecraft.entity.player.EntityPlayerMP.attackEntityFrom(EntityPlayerMP.java:532) [EntityPlayerMP.class:?]
	at com.layue13.clashweave.s1d.DamageExperiment.boundary(DamageExperiment.java:155) [DamageExperiment.class:?]
	at com.layue13.clashweave.s1d.DamageExperiment.started(DamageExperiment.java:41) [DamageExperiment.class:?]
	at sun.reflect.NativeMethodAccessorImpl.invoke0(Native Method) ~[?:1.8.0_504]
	at sun.reflect.NativeMethodAccessorImpl.invoke(NativeMethodAccessorImpl.java:62) ~[?:1.8.0_504]
	at sun.reflect.DelegatingMethodAccessorImpl.invoke(DelegatingMethodAccessorImpl.java:43) ~[?:1.8.0_504]
	at java.lang.reflect.Method.invoke(Method.java:498) ~[?:1.8.0_504]
	at cpw.mods.fml.common.FMLModContainer.handleModStateEvent(FMLModContainer.java:532) [FMLModContainer.class:?]
	at sun.reflect.GeneratedMethodAccessor6.invoke(Unknown Source) ~[?:?]
	at sun.reflect.DelegatingMethodAccessorImpl.invoke(DelegatingMethodAccessorImpl.java:43) ~[?:1.8.0_504]
	at java.lang.reflect.Method.invoke(Method.java:498) ~[?:1.8.0_504]
	at com.google.common.eventbus.EventSubscriber.handleEvent(EventSubscriber.java:74) [guava-17.0.jar:?]
	at com.google.common.eventbus.SynchronizedEventSubscriber.handleEvent(SynchronizedEventSubscriber.java:47) [guava-17.0.jar:?]
	at com.google.common.eventbus.EventBus.dispatch(EventBus.java:322) [guava-17.0.jar:?]
	at com.google.common.eventbus.EventBus.dispatchQueuedEvents(EventBus.java:304) [guava-17.0.jar:?]
	at com.google.common.eventbus.EventBus.post(EventBus.java:275) [guava-17.0.jar:?]
	at cpw.mods.fml.common.LoadController.sendEventToModContainer(LoadController.java:212) [LoadController.class:?]
	at cpw.mods.fml.common.LoadController.propogateStateMessage(LoadController.java:190) [LoadController.class:?]
	at sun.reflect.NativeMethodAccessorImpl.invoke0(Native Method) ~[?:1.8.0_504]
	at sun.reflect.NativeMethodAccessorImpl.invoke(NativeMethodAccessorImpl.java:62) ~[?:1.8.0_504]
	at sun.reflect.DelegatingMethodAccessorImpl.invoke(DelegatingMethodAccessorImpl.java:43) ~[?:1.8.0_504]
	at java.lang.reflect.Method.invoke(Method.java:498) ~[?:1.8.0_504]
	at com.google.common.eventbus.EventSubscriber.handleEvent(EventSubscriber.java:74) [guava-17.0.jar:?]
	at com.google.common.eventbus.SynchronizedEventSubscriber.handleEvent(SynchronizedEventSubscriber.java:47) [guava-17.0.jar:?]
	at com.google.common.eventbus.EventBus.dispatch(EventBus.java:322) [guava-17.0.jar:?]
	at com.google.common.eventbus.EventBus.dispatchQueuedEvents(EventBus.java:304) [guava-17.0.jar:?]
	at com.google.common.eventbus.EventBus.post(EventBus.java:275) [guava-17.0.jar:?]
	at cpw.mods.fml.common.LoadController.distributeStateMessage(LoadController.java:119) [LoadController.class:?]
	at cpw.mods.fml.common.Loader.serverStarted(Loader.java:802) [Loader.class:?]
	at cpw.mods.fml.common.FMLCommonHandler.handleServerStarted(FMLCommonHandler.java:283) [FMLCommonHandler.class:?]
	at net.minecraft.server.MinecraftServer.run(MinecraftServer.java:451) [MinecraftServer.class:?]
	at net.minecraft.server.MinecraftServer$2.run(MinecraftServer.java:756) [MinecraftServer$2.class:?]
[05:42:01] [Server thread/ERROR] [FML]: Index: 1 Listeners:
[05:42:01] [Server thread/ERROR] [FML]: 0: NORMAL
[05:42:01] [Server thread/ERROR] [FML]: 1: ASM: com.layue13.clashweave.s1d.DamageExperiment@798bb8bd attackNormal(Lnet/minecraftforge/event/entity/living/LivingAttackEvent;)V
[05:42:01] [Server thread/ERROR] [FML]: 2: LOWEST
[05:42:01] [Server thread/ERROR] [FML]: 3: ASM: com.layue13.clashweave.s1d.DamageExperiment@798bb8bd attackLowest(Lnet/minecraftforge/event/entity/living/LivingAttackEvent;)V
[05:42:01] [Server thread/ERROR] [FML]: 4: ASM: com.layue13.clashweave.s1d.EventGate@f20e8ca attackMarker(Lnet/minecraftforge/event/entity/living/LivingAttackEvent;)V
[05:42:01] [Server thread/INFO] [STDOUT]: [com.layue13.clashweave.s1d.DamageExperiment:boundary:159]: CW3 S1D_BOUNDARY scenario=throw-attack player=true before=true history=true path=control state=false:true:0.0:96.0:13:4.0:8 lifecycleRestored=true
[05:42:01] [Server thread/ERROR] [FML]: Exception caught during firing event net.minecraftforge.event.entity.living.LivingAttackEvent@54da500f:
com.layue13.clashweave.s1d.DamageExperiment$FixtureException
	at com.layue13.clashweave.s1d.DamageExperiment.attackNormal(DamageExperiment.java:116) ~[DamageExperiment.class:?]
	at cpw.mods.fml.common.eventhandler.ASMEventHandler_13_DamageExperiment_attackNormal_LivingAttackEvent.invoke(.dynamic) ~[?:?]
	at cpw.mods.fml.common.eventhandler.ASMEventHandler.invoke(ASMEventHandler.java:54) ~[ASMEventHandler.class:?]
	at cpw.mods.fml.common.eventhandler.EventBus.post(EventBus.java:140) [EventBus.class:?]
	at net.minecraftforge.common.ForgeHooks.onLivingAttack(ForgeHooks.java:294) [ForgeHooks.class:?]
	at net.minecraft.entity.player.EntityPlayer.attackEntityFrom(EntityPlayer.java:1105) [EntityPlayer.class:?]
	at net.minecraft.entity.player.EntityPlayerMP.attackEntityFrom(EntityPlayerMP.java:532) [EntityPlayerMP.class:?]
	at com.layue13.clashweave.s1d.EventGate.apply(EventGate.java:32) [EventGate.class:?]
	at com.layue13.clashweave.s1d.DamageExperiment.boundary(DamageExperiment.java:155) [DamageExperiment.class:?]
	at com.layue13.clashweave.s1d.DamageExperiment.started(DamageExperiment.java:41) [DamageExperiment.class:?]
	at sun.reflect.NativeMethodAccessorImpl.invoke0(Native Method) ~[?:1.8.0_504]
	at sun.reflect.NativeMethodAccessorImpl.invoke(NativeMethodAccessorImpl.java:62) ~[?:1.8.0_504]
	at sun.reflect.DelegatingMethodAccessorImpl.invoke(DelegatingMethodAccessorImpl.java:43) ~[?:1.8.0_504]
	at java.lang.reflect.Method.invoke(Method.java:498) ~[?:1.8.0_504]
	at cpw.mods.fml.common.FMLModContainer.handleModStateEvent(FMLModContainer.java:532) [FMLModContainer.class:?]
	at sun.reflect.GeneratedMethodAccessor6.invoke(Unknown Source) ~[?:?]
	at sun.reflect.DelegatingMethodAccessorImpl.invoke(DelegatingMethodAccessorImpl.java:43) ~[?:1.8.0_504]
	at java.lang.reflect.Method.invoke(Method.java:498) ~[?:1.8.0_504]
	at com.google.common.eventbus.EventSubscriber.handleEvent(EventSubscriber.java:74) [guava-17.0.jar:?]
	at com.google.common.eventbus.SynchronizedEventSubscriber.handleEvent(SynchronizedEventSubscriber.java:47) [guava-17.0.jar:?]
	at com.google.common.eventbus.EventBus.dispatch(EventBus.java:322) [guava-17.0.jar:?]
	at com.google.common.eventbus.EventBus.dispatchQueuedEvents(EventBus.java:304) [guava-17.0.jar:?]
	at com.google.common.eventbus.EventBus.post(EventBus.java:275) [guava-17.0.jar:?]
	at cpw.mods.fml.common.LoadController.sendEventToModContainer(LoadController.java:212) [LoadController.class:?]
	at cpw.mods.fml.common.LoadController.propogateStateMessage(LoadController.java:190) [LoadController.class:?]
	at sun.reflect.NativeMethodAccessorImpl.invoke0(Native Method) ~[?:1.8.0_504]
	at sun.reflect.NativeMethodAccessorImpl.invoke(NativeMethodAccessorImpl.java:62) ~[?:1.8.0_504]
	at sun.reflect.DelegatingMethodAccessorImpl.invoke(DelegatingMethodAccessorImpl.java:43) ~[?:1.8.0_504]
	at java.lang.reflect.Method.invoke(Method.java:498) ~[?:1.8.0_504]
	at com.google.common.eventbus.EventSubscriber.handleEvent(EventSubscriber.java:74) [guava-17.0.jar:?]
	at com.google.common.eventbus.SynchronizedEventSubscriber.handleEvent(SynchronizedEventSubscriber.java:47) [guava-17.0.jar:?]
	at com.google.common.eventbus.EventBus.dispatch(EventBus.java:322) [guava-17.0.jar:?]
	at com.google.common.eventbus.EventBus.dispatchQueuedEvents(EventBus.java:304) [guava-17.0.jar:?]
	at com.google.common.eventbus.EventBus.post(EventBus.java:275) [guava-17.0.jar:?]
	at cpw.mods.fml.common.LoadController.distributeStateMessage(LoadController.java:119) [LoadController.class:?]
	at cpw.mods.fml.common.Loader.serverStarted(Loader.java:802) [Loader.class:?]
	at cpw.mods.fml.common.FMLCommonHandler.handleServerStarted(FMLCommonHandler.java:283) [FMLCommonHandler.class:?]
	at net.minecraft.server.MinecraftServer.run(MinecraftServer.java:451) [MinecraftServer.class:?]
	at net.minecraft.server.MinecraftServer$2.run(MinecraftServer.java:756) [MinecraftServer$2.class:?]
[05:42:01] [Server thread/ERROR] [FML]: Index: 1 Listeners:
[05:42:01] [Server thread/ERROR] [FML]: 0: NORMAL
[05:42:01] [Server thread/ERROR] [FML]: 1: ASM: com.layue13.clashweave.s1d.DamageExperiment@798bb8bd attackNormal(Lnet/minecraftforge/event/entity/living/LivingAttackEvent;)V
[05:42:01] [Server thread/ERROR] [FML]: 2: LOWEST
[05:42:01] [Server thread/ERROR] [FML]: 3: ASM: com.layue13.clashweave.s1d.DamageExperiment@798bb8bd attackLowest(Lnet/minecraftforge/event/entity/living/LivingAttackEvent;)V
[05:42:01] [Server thread/ERROR] [FML]: 4: ASM: com.layue13.clashweave.s1d.EventGate@f20e8ca attackMarker(Lnet/minecraftforge/event/entity/living/LivingAttackEvent;)V
[05:42:01] [Server thread/INFO] [STDOUT]: [com.layue13.clashweave.s1d.DamageExperiment:boundary:159]: CW3 S1D_BOUNDARY scenario=throw-attack player=true before=true history=true path=candidate state=false:true:0.0:96.0:13:4.0:8 lifecycleRestored=true
[05:42:01] [Server thread/INFO] [STDOUT]: [com.layue13.clashweave.s1d.DamageExperiment:boundary:162]: CW3 S1D_BOUNDARY_PAIR scenario=throw-attack player=true before=true history=true equivalent=true
[05:42:01] [Server thread/ERROR] [FML]: Exception caught during firing event net.minecraftforge.event.entity.living.LivingHurtEvent@76cf2132:
com.layue13.clashweave.s1d.DamageExperiment$FixtureException
	at com.layue13.clashweave.s1d.DamageExperiment.hurtHigh(DamageExperiment.java:140) ~[DamageExperiment.class:?]
	at cpw.mods.fml.common.eventhandler.ASMEventHandler_12_DamageExperiment_hurtHigh_LivingHurtEvent.invoke(.dynamic) ~[?:?]
	at cpw.mods.fml.common.eventhandler.ASMEventHandler.invoke(ASMEventHandler.java:54) ~[ASMEventHandler.class:?]
	at cpw.mods.fml.common.eventhandler.EventBus.post(EventBus.java:140) [EventBus.class:?]
	at net.minecraftforge.common.ForgeHooks.onLivingHurt(ForgeHooks.java:300) [ForgeHooks.class:?]
	at net.minecraft.entity.player.EntityPlayer.damageEntity(EntityPlayer.java:1218) [EntityPlayer.class:?]
	at net.minecraft.entity.EntityLivingBase.attackEntityFrom(EntityLivingBase.java:870) [EntityLivingBase.class:?]
	at net.minecraft.entity.player.EntityPlayer.attackEntityFrom(EntityPlayer.java:1161) [EntityPlayer.class:?]
	at net.minecraft.entity.player.EntityPlayerMP.attackEntityFrom(EntityPlayerMP.java:532) [EntityPlayerMP.class:?]
	at com.layue13.clashweave.s1d.DamageExperiment.boundary(DamageExperiment.java:155) [DamageExperiment.class:?]
	at com.layue13.clashweave.s1d.DamageExperiment.started(DamageExperiment.java:41) [DamageExperiment.class:?]
	at sun.reflect.NativeMethodAccessorImpl.invoke0(Native Method) ~[?:1.8.0_504]
	at sun.reflect.NativeMethodAccessorImpl.invoke(NativeMethodAccessorImpl.java:62) ~[?:1.8.0_504]
	at sun.reflect.DelegatingMethodAccessorImpl.invoke(DelegatingMethodAccessorImpl.java:43) ~[?:1.8.0_504]
	at java.lang.reflect.Method.invoke(Method.java:498) ~[?:1.8.0_504]
	at cpw.mods.fml.common.FMLModContainer.handleModStateEvent(FMLModContainer.java:532) [FMLModContainer.class:?]
	at sun.reflect.GeneratedMethodAccessor6.invoke(Unknown Source) ~[?:?]
	at sun.reflect.DelegatingMethodAccessorImpl.invoke(DelegatingMethodAccessorImpl.java:43) ~[?:1.8.0_504]
	at java.lang.reflect.Method.invoke(Method.java:498) ~[?:1.8.0_504]
	at com.google.common.eventbus.EventSubscriber.handleEvent(EventSubscriber.java:74) [guava-17.0.jar:?]
	at com.google.common.eventbus.SynchronizedEventSubscriber.handleEvent(SynchronizedEventSubscriber.java:47) [guava-17.0.jar:?]
	at com.google.common.eventbus.EventBus.dispatch(EventBus.java:322) [guava-17.0.jar:?]
	at com.google.common.eventbus.EventBus.dispatchQueuedEvents(EventBus.java:304) [guava-17.0.jar:?]
	at com.google.common.eventbus.EventBus.post(EventBus.java:275) [guava-17.0.jar:?]
	at cpw.mods.fml.common.LoadController.sendEventToModContainer(LoadController.java:212) [LoadController.class:?]
	at cpw.mods.fml.common.LoadController.propogateStateMessage(LoadController.java:190) [LoadController.class:?]
	at sun.reflect.NativeMethodAccessorImpl.invoke0(Native Method) ~[?:1.8.0_504]
	at sun.reflect.NativeMethodAccessorImpl.invoke(NativeMethodAccessorImpl.java:62) ~[?:1.8.0_504]
	at sun.reflect.DelegatingMethodAccessorImpl.invoke(DelegatingMethodAccessorImpl.java:43) ~[?:1.8.0_504]
	at java.lang.reflect.Method.invoke(Method.java:498) ~[?:1.8.0_504]
	at com.google.common.eventbus.EventSubscriber.handleEvent(EventSubscriber.java:74) [guava-17.0.jar:?]
	at com.google.common.eventbus.SynchronizedEventSubscriber.handleEvent(SynchronizedEventSubscriber.java:47) [guava-17.0.jar:?]
	at com.google.common.eventbus.EventBus.dispatch(EventBus.java:322) [guava-17.0.jar:?]
	at com.google.common.eventbus.EventBus.dispatchQueuedEvents(EventBus.java:304) [guava-17.0.jar:?]
	at com.google.common.eventbus.EventBus.post(EventBus.java:275) [guava-17.0.jar:?]
	at cpw.mods.fml.common.LoadController.distributeStateMessage(LoadController.java:119) [LoadController.class:?]
	at cpw.mods.fml.common.Loader.serverStarted(Loader.java:802) [Loader.class:?]
	at cpw.mods.fml.common.FMLCommonHandler.handleServerStarted(FMLCommonHandler.java:283) [FMLCommonHandler.class:?]
	at net.minecraft.server.MinecraftServer.run(MinecraftServer.java:451) [MinecraftServer.class:?]
	at net.minecraft.server.MinecraftServer$2.run(MinecraftServer.java:756) [MinecraftServer$2.class:?]
[05:42:01] [Server thread/ERROR] [FML]: Index: 4 Listeners:
[05:42:01] [Server thread/ERROR] [FML]: 0: HIGHEST
[05:42:01] [Server thread/ERROR] [FML]: 1: ASM: com.layue13.clashweave.s1d.DamageExperiment@798bb8bd hurtHighest(Lnet/minecraftforge/event/entity/living/LivingHurtEvent;)V
[05:42:01] [Server thread/ERROR] [FML]: 2: ASM: com.layue13.clashweave.s1d.EventGate@f20e8ca hurtMarker(Lnet/minecraftforge/event/entity/living/LivingHurtEvent;)V
[05:42:01] [Server thread/ERROR] [FML]: 3: HIGH
[05:42:01] [Server thread/ERROR] [FML]: 4: ASM: com.layue13.clashweave.s1d.DamageExperiment@798bb8bd hurtHigh(Lnet/minecraftforge/event/entity/living/LivingHurtEvent;)V
[05:42:01] [Server thread/ERROR] [FML]: 5: LOW
[05:42:01] [Server thread/ERROR] [FML]: 6: ASM: com.layue13.clashweave.s1d.DamageExperiment@798bb8bd hurtLow(Lnet/minecraftforge/event/entity/living/LivingHurtEvent;)V
[05:42:01] [Server thread/INFO] [STDOUT]: [com.layue13.clashweave.s1d.DamageExperiment:boundary:159]: CW3 S1D_BOUNDARY scenario=throw-hurt player=true before=true history=false path=control state=false:true:0.0:100.0:8:2.0:8 lifecycleRestored=true
[05:42:01] [Server thread/ERROR] [FML]: Exception caught during firing event net.minecraftforge.event.entity.living.LivingHurtEvent@49e5b169:
com.layue13.clashweave.s1d.DamageExperiment$FixtureException
	at com.layue13.clashweave.s1d.DamageExperiment.hurtHigh(DamageExperiment.java:140) ~[DamageExperiment.class:?]
	at cpw.mods.fml.common.eventhandler.ASMEventHandler_12_DamageExperiment_hurtHigh_LivingHurtEvent.invoke(.dynamic) ~[?:?]
	at cpw.mods.fml.common.eventhandler.ASMEventHandler.invoke(ASMEventHandler.java:54) ~[ASMEventHandler.class:?]
	at cpw.mods.fml.common.eventhandler.EventBus.post(EventBus.java:140) [EventBus.class:?]
	at net.minecraftforge.common.ForgeHooks.onLivingHurt(ForgeHooks.java:300) [ForgeHooks.class:?]
	at net.minecraft.entity.player.EntityPlayer.damageEntity(EntityPlayer.java:1218) [EntityPlayer.class:?]
	at net.minecraft.entity.EntityLivingBase.attackEntityFrom(EntityLivingBase.java:870) [EntityLivingBase.class:?]
	at net.minecraft.entity.player.EntityPlayer.attackEntityFrom(EntityPlayer.java:1161) [EntityPlayer.class:?]
	at net.minecraft.entity.player.EntityPlayerMP.attackEntityFrom(EntityPlayerMP.java:532) [EntityPlayerMP.class:?]
	at com.layue13.clashweave.s1d.EventGate.apply(EventGate.java:32) [EventGate.class:?]
	at com.layue13.clashweave.s1d.DamageExperiment.boundary(DamageExperiment.java:155) [DamageExperiment.class:?]
	at com.layue13.clashweave.s1d.DamageExperiment.started(DamageExperiment.java:41) [DamageExperiment.class:?]
	at sun.reflect.NativeMethodAccessorImpl.invoke0(Native Method) ~[?:1.8.0_504]
	at sun.reflect.NativeMethodAccessorImpl.invoke(NativeMethodAccessorImpl.java:62) ~[?:1.8.0_504]
	at sun.reflect.DelegatingMethodAccessorImpl.invoke(DelegatingMethodAccessorImpl.java:43) ~[?:1.8.0_504]
	at java.lang.reflect.Method.invoke(Method.java:498) ~[?:1.8.0_504]
	at cpw.mods.fml.common.FMLModContainer.handleModStateEvent(FMLModContainer.java:532) [FMLModContainer.class:?]
	at sun.reflect.GeneratedMethodAccessor6.invoke(Unknown Source) ~[?:?]
	at sun.reflect.DelegatingMethodAccessorImpl.invoke(DelegatingMethodAccessorImpl.java:43) ~[?:1.8.0_504]
	at java.lang.reflect.Method.invoke(Method.java:498) ~[?:1.8.0_504]
	at com.google.common.eventbus.EventSubscriber.handleEvent(EventSubscriber.java:74) [guava-17.0.jar:?]
	at com.google.common.eventbus.SynchronizedEventSubscriber.handleEvent(SynchronizedEventSubscriber.java:47) [guava-17.0.jar:?]
	at com.google.common.eventbus.EventBus.dispatch(EventBus.java:322) [guava-17.0.jar:?]
	at com.google.common.eventbus.EventBus.dispatchQueuedEvents(EventBus.java:304) [guava-17.0.jar:?]
	at com.google.common.eventbus.EventBus.post(EventBus.java:275) [guava-17.0.jar:?]
	at cpw.mods.fml.common.LoadController.sendEventToModContainer(LoadController.java:212) [LoadController.class:?]
	at cpw.mods.fml.common.LoadController.propogateStateMessage(LoadController.java:190) [LoadController.class:?]
	at sun.reflect.NativeMethodAccessorImpl.invoke0(Native Method) ~[?:1.8.0_504]
	at sun.reflect.NativeMethodAccessorImpl.invoke(NativeMethodAccessorImpl.java:62) ~[?:1.8.0_504]
	at sun.reflect.DelegatingMethodAccessorImpl.invoke(DelegatingMethodAccessorImpl.java:43) ~[?:1.8.0_504]
	at java.lang.reflect.Method.invoke(Method.java:498) ~[?:1.8.0_504]
	at com.google.common.eventbus.EventSubscriber.handleEvent(EventSubscriber.java:74) [guava-17.0.jar:?]
	at com.google.common.eventbus.SynchronizedEventSubscriber.handleEvent(SynchronizedEventSubscriber.java:47) [guava-17.0.jar:?]
	at com.google.common.eventbus.EventBus.dispatch(EventBus.java:322) [guava-17.0.jar:?]
	at com.google.common.eventbus.EventBus.dispatchQueuedEvents(EventBus.java:304) [guava-17.0.jar:?]
	at com.google.common.eventbus.EventBus.post(EventBus.java:275) [guava-17.0.jar:?]
	at cpw.mods.fml.common.LoadController.distributeStateMessage(LoadController.java:119) [LoadController.class:?]
	at cpw.mods.fml.common.Loader.serverStarted(Loader.java:802) [Loader.class:?]
	at cpw.mods.fml.common.FMLCommonHandler.handleServerStarted(FMLCommonHandler.java:283) [FMLCommonHandler.class:?]
	at net.minecraft.server.MinecraftServer.run(MinecraftServer.java:451) [MinecraftServer.class:?]
	at net.minecraft.server.MinecraftServer$2.run(MinecraftServer.java:756) [MinecraftServer$2.class:?]
[05:42:01] [Server thread/ERROR] [FML]: Index: 4 Listeners:
[05:42:01] [Server thread/ERROR] [FML]: 0: HIGHEST
[05:42:01] [Server thread/ERROR] [FML]: 1: ASM: com.layue13.clashweave.s1d.DamageExperiment@798bb8bd hurtHighest(Lnet/minecraftforge/event/entity/living/LivingHurtEvent;)V
[05:42:01] [Server thread/ERROR] [FML]: 2: ASM: com.layue13.clashweave.s1d.EventGate@f20e8ca hurtMarker(Lnet/minecraftforge/event/entity/living/LivingHurtEvent;)V
[05:42:01] [Server thread/ERROR] [FML]: 3: HIGH
[05:42:01] [Server thread/ERROR] [FML]: 4: ASM: com.layue13.clashweave.s1d.DamageExperiment@798bb8bd hurtHigh(Lnet/minecraftforge/event/entity/living/LivingHurtEvent;)V
[05:42:01] [Server thread/ERROR] [FML]: 5: LOW
[05:42:01] [Server thread/ERROR] [FML]: 6: ASM: com.layue13.clashweave.s1d.DamageExperiment@798bb8bd hurtLow(Lnet/minecraftforge/event/entity/living/LivingHurtEvent;)V
[05:42:01] [Server thread/INFO] [STDOUT]: [com.layue13.clashweave.s1d.DamageExperiment:boundary:159]: CW3 S1D_BOUNDARY scenario=throw-hurt player=true before=true history=false path=candidate state=false:true:0.0:100.0:8:2.0:8 lifecycleRestored=true
[05:42:01] [Server thread/INFO] [STDOUT]: [com.layue13.clashweave.s1d.DamageExperiment:boundary:162]: CW3 S1D_BOUNDARY_PAIR scenario=throw-hurt player=true before=true history=false equivalent=true
[05:42:01] [Server thread/INFO] [STDOUT]: [com.layue13.clashweave.s1d.DamageExperiment:boundary:159]: CW3 S1D_BOUNDARY scenario=throw-hurt player=true before=true history=true path=control state=false:false:0.0:96.0:13:4.0:8 lifecycleRestored=true
[05:42:01] [Server thread/INFO] [STDOUT]: [com.layue13.clashweave.s1d.DamageExperiment:boundary:159]: CW3 S1D_BOUNDARY scenario=throw-hurt player=true before=true history=true path=candidate state=false:false:0.0:96.0:13:4.0:8 lifecycleRestored=true
[05:42:01] [Server thread/INFO] [STDOUT]: [com.layue13.clashweave.s1d.DamageExperiment:boundary:162]: CW3 S1D_BOUNDARY_PAIR scenario=throw-hurt player=true before=true history=true equivalent=true
[05:42:01] [Server thread/INFO] [STDOUT]: [com.layue13.clashweave.s1d.DamageExperiment:attackLowest:123]: CW3 S1D_THROW at=attack-LOWEST timer=0 last=0.0
[05:42:01] [Server thread/ERROR] [FML]: Exception caught during firing event net.minecraftforge.event.entity.living.LivingAttackEvent@7f39440a:
com.layue13.clashweave.s1d.DamageExperiment$FixtureException
	at com.layue13.clashweave.s1d.DamageExperiment.attackLowest(DamageExperiment.java:124) ~[DamageExperiment.class:?]
	at cpw.mods.fml.common.eventhandler.ASMEventHandler_15_DamageExperiment_attackLowest_LivingAttackEvent.invoke(.dynamic) ~[?:?]
	at cpw.mods.fml.common.eventhandler.ASMEventHandler.invoke(ASMEventHandler.java:54) ~[ASMEventHandler.class:?]
	at cpw.mods.fml.common.eventhandler.EventBus.post(EventBus.java:140) [EventBus.class:?]
	at net.minecraftforge.common.ForgeHooks.onLivingAttack(ForgeHooks.java:294) [ForgeHooks.class:?]
	at net.minecraft.entity.player.EntityPlayer.attackEntityFrom(EntityPlayer.java:1105) [EntityPlayer.class:?]
	at net.minecraft.entity.player.EntityPlayerMP.attackEntityFrom(EntityPlayerMP.java:532) [EntityPlayerMP.class:?]
	at com.layue13.clashweave.s1d.DamageExperiment.boundary(DamageExperiment.java:155) [DamageExperiment.class:?]
	at com.layue13.clashweave.s1d.DamageExperiment.started(DamageExperiment.java:41) [DamageExperiment.class:?]
	at sun.reflect.NativeMethodAccessorImpl.invoke0(Native Method) ~[?:1.8.0_504]
	at sun.reflect.NativeMethodAccessorImpl.invoke(NativeMethodAccessorImpl.java:62) ~[?:1.8.0_504]
	at sun.reflect.DelegatingMethodAccessorImpl.invoke(DelegatingMethodAccessorImpl.java:43) ~[?:1.8.0_504]
	at java.lang.reflect.Method.invoke(Method.java:498) ~[?:1.8.0_504]
	at cpw.mods.fml.common.FMLModContainer.handleModStateEvent(FMLModContainer.java:532) [FMLModContainer.class:?]
	at sun.reflect.GeneratedMethodAccessor6.invoke(Unknown Source) ~[?:?]
	at sun.reflect.DelegatingMethodAccessorImpl.invoke(DelegatingMethodAccessorImpl.java:43) ~[?:1.8.0_504]
	at java.lang.reflect.Method.invoke(Method.java:498) ~[?:1.8.0_504]
	at com.google.common.eventbus.EventSubscriber.handleEvent(EventSubscriber.java:74) [guava-17.0.jar:?]
	at com.google.common.eventbus.SynchronizedEventSubscriber.handleEvent(SynchronizedEventSubscriber.java:47) [guava-17.0.jar:?]
	at com.google.common.eventbus.EventBus.dispatch(EventBus.java:322) [guava-17.0.jar:?]
	at com.google.common.eventbus.EventBus.dispatchQueuedEvents(EventBus.java:304) [guava-17.0.jar:?]
	at com.google.common.eventbus.EventBus.post(EventBus.java:275) [guava-17.0.jar:?]
	at cpw.mods.fml.common.LoadController.sendEventToModContainer(LoadController.java:212) [LoadController.class:?]
	at cpw.mods.fml.common.LoadController.propogateStateMessage(LoadController.java:190) [LoadController.class:?]
	at sun.reflect.NativeMethodAccessorImpl.invoke0(Native Method) ~[?:1.8.0_504]
	at sun.reflect.NativeMethodAccessorImpl.invoke(NativeMethodAccessorImpl.java:62) ~[?:1.8.0_504]
	at sun.reflect.DelegatingMethodAccessorImpl.invoke(DelegatingMethodAccessorImpl.java:43) ~[?:1.8.0_504]
	at java.lang.reflect.Method.invoke(Method.java:498) ~[?:1.8.0_504]
	at com.google.common.eventbus.EventSubscriber.handleEvent(EventSubscriber.java:74) [guava-17.0.jar:?]
	at com.google.common.eventbus.SynchronizedEventSubscriber.handleEvent(SynchronizedEventSubscriber.java:47) [guava-17.0.jar:?]
	at com.google.common.eventbus.EventBus.dispatch(EventBus.java:322) [guava-17.0.jar:?]
	at com.google.common.eventbus.EventBus.dispatchQueuedEvents(EventBus.java:304) [guava-17.0.jar:?]
	at com.google.common.eventbus.EventBus.post(EventBus.java:275) [guava-17.0.jar:?]
	at cpw.mods.fml.common.LoadController.distributeStateMessage(LoadController.java:119) [LoadController.class:?]
	at cpw.mods.fml.common.Loader.serverStarted(Loader.java:802) [Loader.class:?]
	at cpw.mods.fml.common.FMLCommonHandler.handleServerStarted(FMLCommonHandler.java:283) [FMLCommonHandler.class:?]
	at net.minecraft.server.MinecraftServer.run(MinecraftServer.java:451) [MinecraftServer.class:?]
	at net.minecraft.server.MinecraftServer$2.run(MinecraftServer.java:756) [MinecraftServer$2.class:?]
[05:42:01] [Server thread/ERROR] [FML]: Index: 3 Listeners:
[05:42:01] [Server thread/ERROR] [FML]: 0: NORMAL
[05:42:01] [Server thread/ERROR] [FML]: 1: ASM: com.layue13.clashweave.s1d.DamageExperiment@798bb8bd attackNormal(Lnet/minecraftforge/event/entity/living/LivingAttackEvent;)V
[05:42:01] [Server thread/ERROR] [FML]: 2: LOWEST
[05:42:01] [Server thread/ERROR] [FML]: 3: ASM: com.layue13.clashweave.s1d.DamageExperiment@798bb8bd attackLowest(Lnet/minecraftforge/event/entity/living/LivingAttackEvent;)V
[05:42:01] [Server thread/ERROR] [FML]: 4: ASM: com.layue13.clashweave.s1d.EventGate@f20e8ca attackMarker(Lnet/minecraftforge/event/entity/living/LivingAttackEvent;)V
[05:42:01] [Server thread/INFO] [STDOUT]: [com.layue13.clashweave.s1d.DamageExperiment:boundary:159]: CW3 S1D_BOUNDARY scenario=throw-attack-after-clear player=true before=true history=false path=control state=false:true:0.0:100.0:0:0.0:8 lifecycleRestored=true
[05:42:01] [Server thread/INFO] [STDOUT]: [com.layue13.clashweave.s1d.DamageExperiment:attackLowest:123]: CW3 S1D_THROW at=attack-LOWEST timer=0 last=0.0
[05:42:01] [Server thread/ERROR] [FML]: Exception caught during firing event net.minecraftforge.event.entity.living.LivingAttackEvent@50ef095b:
com.layue13.clashweave.s1d.DamageExperiment$FixtureException
	at com.layue13.clashweave.s1d.DamageExperiment.attackLowest(DamageExperiment.java:124) ~[DamageExperiment.class:?]
	at cpw.mods.fml.common.eventhandler.ASMEventHandler_15_DamageExperiment_attackLowest_LivingAttackEvent.invoke(.dynamic) ~[?:?]
	at cpw.mods.fml.common.eventhandler.ASMEventHandler.invoke(ASMEventHandler.java:54) ~[ASMEventHandler.class:?]
	at cpw.mods.fml.common.eventhandler.EventBus.post(EventBus.java:140) [EventBus.class:?]
	at net.minecraftforge.common.ForgeHooks.onLivingAttack(ForgeHooks.java:294) [ForgeHooks.class:?]
	at net.minecraft.entity.player.EntityPlayer.attackEntityFrom(EntityPlayer.java:1105) [EntityPlayer.class:?]
	at net.minecraft.entity.player.EntityPlayerMP.attackEntityFrom(EntityPlayerMP.java:532) [EntityPlayerMP.class:?]
	at com.layue13.clashweave.s1d.EventGate.apply(EventGate.java:32) [EventGate.class:?]
	at com.layue13.clashweave.s1d.DamageExperiment.boundary(DamageExperiment.java:155) [DamageExperiment.class:?]
	at com.layue13.clashweave.s1d.DamageExperiment.started(DamageExperiment.java:41) [DamageExperiment.class:?]
	at sun.reflect.NativeMethodAccessorImpl.invoke0(Native Method) ~[?:1.8.0_504]
	at sun.reflect.NativeMethodAccessorImpl.invoke(NativeMethodAccessorImpl.java:62) ~[?:1.8.0_504]
	at sun.reflect.DelegatingMethodAccessorImpl.invoke(DelegatingMethodAccessorImpl.java:43) ~[?:1.8.0_504]
	at java.lang.reflect.Method.invoke(Method.java:498) ~[?:1.8.0_504]
	at cpw.mods.fml.common.FMLModContainer.handleModStateEvent(FMLModContainer.java:532) [FMLModContainer.class:?]
	at sun.reflect.GeneratedMethodAccessor6.invoke(Unknown Source) ~[?:?]
	at sun.reflect.DelegatingMethodAccessorImpl.invoke(DelegatingMethodAccessorImpl.java:43) ~[?:1.8.0_504]
	at java.lang.reflect.Method.invoke(Method.java:498) ~[?:1.8.0_504]
	at com.google.common.eventbus.EventSubscriber.handleEvent(EventSubscriber.java:74) [guava-17.0.jar:?]
	at com.google.common.eventbus.SynchronizedEventSubscriber.handleEvent(SynchronizedEventSubscriber.java:47) [guava-17.0.jar:?]
	at com.google.common.eventbus.EventBus.dispatch(EventBus.java:322) [guava-17.0.jar:?]
	at com.google.common.eventbus.EventBus.dispatchQueuedEvents(EventBus.java:304) [guava-17.0.jar:?]
	at com.google.common.eventbus.EventBus.post(EventBus.java:275) [guava-17.0.jar:?]
	at cpw.mods.fml.common.LoadController.sendEventToModContainer(LoadController.java:212) [LoadController.class:?]
	at cpw.mods.fml.common.LoadController.propogateStateMessage(LoadController.java:190) [LoadController.class:?]
	at sun.reflect.NativeMethodAccessorImpl.invoke0(Native Method) ~[?:1.8.0_504]
	at sun.reflect.NativeMethodAccessorImpl.invoke(NativeMethodAccessorImpl.java:62) ~[?:1.8.0_504]
	at sun.reflect.DelegatingMethodAccessorImpl.invoke(DelegatingMethodAccessorImpl.java:43) ~[?:1.8.0_504]
	at java.lang.reflect.Method.invoke(Method.java:498) ~[?:1.8.0_504]
	at com.google.common.eventbus.EventSubscriber.handleEvent(EventSubscriber.java:74) [guava-17.0.jar:?]
	at com.google.common.eventbus.SynchronizedEventSubscriber.handleEvent(SynchronizedEventSubscriber.java:47) [guava-17.0.jar:?]
	at com.google.common.eventbus.EventBus.dispatch(EventBus.java:322) [guava-17.0.jar:?]
	at com.google.common.eventbus.EventBus.dispatchQueuedEvents(EventBus.java:304) [guava-17.0.jar:?]
	at com.google.common.eventbus.EventBus.post(EventBus.java:275) [guava-17.0.jar:?]
	at cpw.mods.fml.common.LoadController.distributeStateMessage(LoadController.java:119) [LoadController.class:?]
	at cpw.mods.fml.common.Loader.serverStarted(Loader.java:802) [Loader.class:?]
	at cpw.mods.fml.common.FMLCommonHandler.handleServerStarted(FMLCommonHandler.java:283) [FMLCommonHandler.class:?]
	at net.minecraft.server.MinecraftServer.run(MinecraftServer.java:451) [MinecraftServer.class:?]
	at net.minecraft.server.MinecraftServer$2.run(MinecraftServer.java:756) [MinecraftServer$2.class:?]
[05:42:01] [Server thread/ERROR] [FML]: Index: 3 Listeners:
[05:42:01] [Server thread/ERROR] [FML]: 0: NORMAL
[05:42:01] [Server thread/ERROR] [FML]: 1: ASM: com.layue13.clashweave.s1d.DamageExperiment@798bb8bd attackNormal(Lnet/minecraftforge/event/entity/living/LivingAttackEvent;)V
[05:42:01] [Server thread/ERROR] [FML]: 2: LOWEST
[05:42:01] [Server thread/ERROR] [FML]: 3: ASM: com.layue13.clashweave.s1d.DamageExperiment@798bb8bd attackLowest(Lnet/minecraftforge/event/entity/living/LivingAttackEvent;)V
[05:42:01] [Server thread/ERROR] [FML]: 4: ASM: com.layue13.clashweave.s1d.EventGate@f20e8ca attackMarker(Lnet/minecraftforge/event/entity/living/LivingAttackEvent;)V
[05:42:01] [Server thread/INFO] [STDOUT]: [com.layue13.clashweave.s1d.DamageExperiment:boundary:159]: CW3 S1D_BOUNDARY scenario=throw-attack-after-clear player=true before=true history=false path=candidate state=false:true:0.0:100.0:0:0.0:8 lifecycleRestored=true
[05:42:01] [Server thread/INFO] [STDOUT]: [com.layue13.clashweave.s1d.DamageExperiment:boundary:162]: CW3 S1D_BOUNDARY_PAIR scenario=throw-attack-after-clear player=true before=true history=false equivalent=true
[05:42:01] [Server thread/INFO] [STDOUT]: [com.layue13.clashweave.s1d.DamageExperiment:attackLowest:123]: CW3 S1D_THROW at=attack-LOWEST timer=13 last=4.0
[05:42:01] [Server thread/ERROR] [FML]: Exception caught during firing event net.minecraftforge.event.entity.living.LivingAttackEvent@1fb4baa5:
com.layue13.clashweave.s1d.DamageExperiment$FixtureException
	at com.layue13.clashweave.s1d.DamageExperiment.attackLowest(DamageExperiment.java:124) ~[DamageExperiment.class:?]
	at cpw.mods.fml.common.eventhandler.ASMEventHandler_15_DamageExperiment_attackLowest_LivingAttackEvent.invoke(.dynamic) ~[?:?]
	at cpw.mods.fml.common.eventhandler.ASMEventHandler.invoke(ASMEventHandler.java:54) ~[ASMEventHandler.class:?]
	at cpw.mods.fml.common.eventhandler.EventBus.post(EventBus.java:140) [EventBus.class:?]
	at net.minecraftforge.common.ForgeHooks.onLivingAttack(ForgeHooks.java:294) [ForgeHooks.class:?]
	at net.minecraft.entity.player.EntityPlayer.attackEntityFrom(EntityPlayer.java:1105) [EntityPlayer.class:?]
	at net.minecraft.entity.player.EntityPlayerMP.attackEntityFrom(EntityPlayerMP.java:532) [EntityPlayerMP.class:?]
	at com.layue13.clashweave.s1d.DamageExperiment.boundary(DamageExperiment.java:155) [DamageExperiment.class:?]
	at com.layue13.clashweave.s1d.DamageExperiment.started(DamageExperiment.java:41) [DamageExperiment.class:?]
	at sun.reflect.NativeMethodAccessorImpl.invoke0(Native Method) ~[?:1.8.0_504]
	at sun.reflect.NativeMethodAccessorImpl.invoke(NativeMethodAccessorImpl.java:62) ~[?:1.8.0_504]
	at sun.reflect.DelegatingMethodAccessorImpl.invoke(DelegatingMethodAccessorImpl.java:43) ~[?:1.8.0_504]
	at java.lang.reflect.Method.invoke(Method.java:498) ~[?:1.8.0_504]
	at cpw.mods.fml.common.FMLModContainer.handleModStateEvent(FMLModContainer.java:532) [FMLModContainer.class:?]
	at sun.reflect.GeneratedMethodAccessor6.invoke(Unknown Source) ~[?:?]
	at sun.reflect.DelegatingMethodAccessorImpl.invoke(DelegatingMethodAccessorImpl.java:43) ~[?:1.8.0_504]
	at java.lang.reflect.Method.invoke(Method.java:498) ~[?:1.8.0_504]
	at com.google.common.eventbus.EventSubscriber.handleEvent(EventSubscriber.java:74) [guava-17.0.jar:?]
	at com.google.common.eventbus.SynchronizedEventSubscriber.handleEvent(SynchronizedEventSubscriber.java:47) [guava-17.0.jar:?]
	at com.google.common.eventbus.EventBus.dispatch(EventBus.java:322) [guava-17.0.jar:?]
	at com.google.common.eventbus.EventBus.dispatchQueuedEvents(EventBus.java:304) [guava-17.0.jar:?]
	at com.google.common.eventbus.EventBus.post(EventBus.java:275) [guava-17.0.jar:?]
	at cpw.mods.fml.common.LoadController.sendEventToModContainer(LoadController.java:212) [LoadController.class:?]
	at cpw.mods.fml.common.LoadController.propogateStateMessage(LoadController.java:190) [LoadController.class:?]
	at sun.reflect.NativeMethodAccessorImpl.invoke0(Native Method) ~[?:1.8.0_504]
	at sun.reflect.NativeMethodAccessorImpl.invoke(NativeMethodAccessorImpl.java:62) ~[?:1.8.0_504]
	at sun.reflect.DelegatingMethodAccessorImpl.invoke(DelegatingMethodAccessorImpl.java:43) ~[?:1.8.0_504]
	at java.lang.reflect.Method.invoke(Method.java:498) ~[?:1.8.0_504]
	at com.google.common.eventbus.EventSubscriber.handleEvent(EventSubscriber.java:74) [guava-17.0.jar:?]
	at com.google.common.eventbus.SynchronizedEventSubscriber.handleEvent(SynchronizedEventSubscriber.java:47) [guava-17.0.jar:?]
	at com.google.common.eventbus.EventBus.dispatch(EventBus.java:322) [guava-17.0.jar:?]
	at com.google.common.eventbus.EventBus.dispatchQueuedEvents(EventBus.java:304) [guava-17.0.jar:?]
	at com.google.common.eventbus.EventBus.post(EventBus.java:275) [guava-17.0.jar:?]
	at cpw.mods.fml.common.LoadController.distributeStateMessage(LoadController.java:119) [LoadController.class:?]
	at cpw.mods.fml.common.Loader.serverStarted(Loader.java:802) [Loader.class:?]
	at cpw.mods.fml.common.FMLCommonHandler.handleServerStarted(FMLCommonHandler.java:283) [FMLCommonHandler.class:?]
	at net.minecraft.server.MinecraftServer.run(MinecraftServer.java:451) [MinecraftServer.class:?]
	at net.minecraft.server.MinecraftServer$2.run(MinecraftServer.java:756) [MinecraftServer$2.class:?]
[05:42:01] [Server thread/ERROR] [FML]: Index: 3 Listeners:
[05:42:01] [Server thread/ERROR] [FML]: 0: NORMAL
[05:42:01] [Server thread/ERROR] [FML]: 1: ASM: com.layue13.clashweave.s1d.DamageExperiment@798bb8bd attackNormal(Lnet/minecraftforge/event/entity/living/LivingAttackEvent;)V
[05:42:01] [Server thread/ERROR] [FML]: 2: LOWEST
[05:42:01] [Server thread/ERROR] [FML]: 3: ASM: com.layue13.clashweave.s1d.DamageExperiment@798bb8bd attackLowest(Lnet/minecraftforge/event/entity/living/LivingAttackEvent;)V
[05:42:01] [Server thread/ERROR] [FML]: 4: ASM: com.layue13.clashweave.s1d.EventGate@f20e8ca attackMarker(Lnet/minecraftforge/event/entity/living/LivingAttackEvent;)V
[05:42:01] [Server thread/INFO] [STDOUT]: [com.layue13.clashweave.s1d.DamageExperiment:boundary:159]: CW3 S1D_BOUNDARY scenario=throw-attack-after-clear player=true before=true history=true path=control state=false:true:0.0:96.0:13:4.0:8 lifecycleRestored=true
[05:42:01] [Server thread/INFO] [STDOUT]: [com.layue13.clashweave.s1d.DamageExperiment:attackLowest:123]: CW3 S1D_THROW at=attack-LOWEST timer=13 last=4.0
[05:42:01] [Server thread/ERROR] [FML]: Exception caught during firing event net.minecraftforge.event.entity.living.LivingAttackEvent@6c54e2e3:
com.layue13.clashweave.s1d.DamageExperiment$FixtureException
	at com.layue13.clashweave.s1d.DamageExperiment.attackLowest(DamageExperiment.java:124) ~[DamageExperiment.class:?]
	at cpw.mods.fml.common.eventhandler.ASMEventHandler_15_DamageExperiment_attackLowest_LivingAttackEvent.invoke(.dynamic) ~[?:?]
	at cpw.mods.fml.common.eventhandler.ASMEventHandler.invoke(ASMEventHandler.java:54) ~[ASMEventHandler.class:?]
	at cpw.mods.fml.common.eventhandler.EventBus.post(EventBus.java:140) [EventBus.class:?]
	at net.minecraftforge.common.ForgeHooks.onLivingAttack(ForgeHooks.java:294) [ForgeHooks.class:?]
	at net.minecraft.entity.player.EntityPlayer.attackEntityFrom(EntityPlayer.java:1105) [EntityPlayer.class:?]
	at net.minecraft.entity.player.EntityPlayerMP.attackEntityFrom(EntityPlayerMP.java:532) [EntityPlayerMP.class:?]
	at com.layue13.clashweave.s1d.EventGate.apply(EventGate.java:32) [EventGate.class:?]
	at com.layue13.clashweave.s1d.DamageExperiment.boundary(DamageExperiment.java:155) [DamageExperiment.class:?]
	at com.layue13.clashweave.s1d.DamageExperiment.started(DamageExperiment.java:41) [DamageExperiment.class:?]
	at sun.reflect.NativeMethodAccessorImpl.invoke0(Native Method) ~[?:1.8.0_504]
	at sun.reflect.NativeMethodAccessorImpl.invoke(NativeMethodAccessorImpl.java:62) ~[?:1.8.0_504]
	at sun.reflect.DelegatingMethodAccessorImpl.invoke(DelegatingMethodAccessorImpl.java:43) ~[?:1.8.0_504]
	at java.lang.reflect.Method.invoke(Method.java:498) ~[?:1.8.0_504]
	at cpw.mods.fml.common.FMLModContainer.handleModStateEvent(FMLModContainer.java:532) [FMLModContainer.class:?]
	at sun.reflect.GeneratedMethodAccessor6.invoke(Unknown Source) ~[?:?]
	at sun.reflect.DelegatingMethodAccessorImpl.invoke(DelegatingMethodAccessorImpl.java:43) ~[?:1.8.0_504]
	at java.lang.reflect.Method.invoke(Method.java:498) ~[?:1.8.0_504]
	at com.google.common.eventbus.EventSubscriber.handleEvent(EventSubscriber.java:74) [guava-17.0.jar:?]
	at com.google.common.eventbus.SynchronizedEventSubscriber.handleEvent(SynchronizedEventSubscriber.java:47) [guava-17.0.jar:?]
	at com.google.common.eventbus.EventBus.dispatch(EventBus.java:322) [guava-17.0.jar:?]
	at com.google.common.eventbus.EventBus.dispatchQueuedEvents(EventBus.java:304) [guava-17.0.jar:?]
	at com.google.common.eventbus.EventBus.post(EventBus.java:275) [guava-17.0.jar:?]
	at cpw.mods.fml.common.LoadController.sendEventToModContainer(LoadController.java:212) [LoadController.class:?]
	at cpw.mods.fml.common.LoadController.propogateStateMessage(LoadController.java:190) [LoadController.class:?]
	at sun.reflect.NativeMethodAccessorImpl.invoke0(Native Method) ~[?:1.8.0_504]
	at sun.reflect.NativeMethodAccessorImpl.invoke(NativeMethodAccessorImpl.java:62) ~[?:1.8.0_504]
	at sun.reflect.DelegatingMethodAccessorImpl.invoke(DelegatingMethodAccessorImpl.java:43) ~[?:1.8.0_504]
	at java.lang.reflect.Method.invoke(Method.java:498) ~[?:1.8.0_504]
	at com.google.common.eventbus.EventSubscriber.handleEvent(EventSubscriber.java:74) [guava-17.0.jar:?]
	at com.google.common.eventbus.SynchronizedEventSubscriber.handleEvent(SynchronizedEventSubscriber.java:47) [guava-17.0.jar:?]
	at com.google.common.eventbus.EventBus.dispatch(EventBus.java:322) [guava-17.0.jar:?]
	at com.google.common.eventbus.EventBus.dispatchQueuedEvents(EventBus.java:304) [guava-17.0.jar:?]
	at com.google.common.eventbus.EventBus.post(EventBus.java:275) [guava-17.0.jar:?]
	at cpw.mods.fml.common.LoadController.distributeStateMessage(LoadController.java:119) [LoadController.class:?]
	at cpw.mods.fml.common.Loader.serverStarted(Loader.java:802) [Loader.class:?]
	at cpw.mods.fml.common.FMLCommonHandler.handleServerStarted(FMLCommonHandler.java:283) [FMLCommonHandler.class:?]
	at net.minecraft.server.MinecraftServer.run(MinecraftServer.java:451) [MinecraftServer.class:?]
	at net.minecraft.server.MinecraftServer$2.run(MinecraftServer.java:756) [MinecraftServer$2.class:?]
[05:42:01] [Server thread/ERROR] [FML]: Index: 3 Listeners:
[05:42:01] [Server thread/ERROR] [FML]: 0: NORMAL
[05:42:01] [Server thread/ERROR] [FML]: 1: ASM: com.layue13.clashweave.s1d.DamageExperiment@798bb8bd attackNormal(Lnet/minecraftforge/event/entity/living/LivingAttackEvent;)V
[05:42:01] [Server thread/ERROR] [FML]: 2: LOWEST
[05:42:01] [Server thread/ERROR] [FML]: 3: ASM: com.layue13.clashweave.s1d.DamageExperiment@798bb8bd attackLowest(Lnet/minecraftforge/event/entity/living/LivingAttackEvent;)V
[05:42:01] [Server thread/ERROR] [FML]: 4: ASM: com.layue13.clashweave.s1d.EventGate@f20e8ca attackMarker(Lnet/minecraftforge/event/entity/living/LivingAttackEvent;)V
[05:42:01] [Server thread/INFO] [STDOUT]: [com.layue13.clashweave.s1d.DamageExperiment:boundary:159]: CW3 S1D_BOUNDARY scenario=throw-attack-after-clear player=true before=true history=true path=candidate state=false:true:0.0:96.0:13:4.0:8 lifecycleRestored=true
[05:42:01] [Server thread/INFO] [STDOUT]: [com.layue13.clashweave.s1d.DamageExperiment:boundary:162]: CW3 S1D_BOUNDARY_PAIR scenario=throw-attack-after-clear player=true before=true history=true equivalent=true
[05:42:01] [Server thread/INFO] [STDOUT]: [com.layue13.clashweave.s1d.DamageExperiment:hurtHighest:131]: CW3 S1D_THROW at=hurt-HIGHEST timer=8 last=2.0
[05:42:01] [Server thread/ERROR] [FML]: Exception caught during firing event net.minecraftforge.event.entity.living.LivingHurtEvent@5f1a5404:
com.layue13.clashweave.s1d.DamageExperiment$FixtureException
	at com.layue13.clashweave.s1d.DamageExperiment.hurtHighest(DamageExperiment.java:132) ~[DamageExperiment.class:?]
	at cpw.mods.fml.common.eventhandler.ASMEventHandler_16_DamageExperiment_hurtHighest_LivingHurtEvent.invoke(.dynamic) ~[?:?]
	at cpw.mods.fml.common.eventhandler.ASMEventHandler.invoke(ASMEventHandler.java:54) ~[ASMEventHandler.class:?]
	at cpw.mods.fml.common.eventhandler.EventBus.post(EventBus.java:140) [EventBus.class:?]
	at net.minecraftforge.common.ForgeHooks.onLivingHurt(ForgeHooks.java:300) [ForgeHooks.class:?]
	at net.minecraft.entity.player.EntityPlayer.damageEntity(EntityPlayer.java:1218) [EntityPlayer.class:?]
	at net.minecraft.entity.EntityLivingBase.attackEntityFrom(EntityLivingBase.java:870) [EntityLivingBase.class:?]
	at net.minecraft.entity.player.EntityPlayer.attackEntityFrom(EntityPlayer.java:1161) [EntityPlayer.class:?]
	at net.minecraft.entity.player.EntityPlayerMP.attackEntityFrom(EntityPlayerMP.java:532) [EntityPlayerMP.class:?]
	at com.layue13.clashweave.s1d.DamageExperiment.boundary(DamageExperiment.java:155) [DamageExperiment.class:?]
	at com.layue13.clashweave.s1d.DamageExperiment.started(DamageExperiment.java:41) [DamageExperiment.class:?]
	at sun.reflect.NativeMethodAccessorImpl.invoke0(Native Method) ~[?:1.8.0_504]
	at sun.reflect.NativeMethodAccessorImpl.invoke(NativeMethodAccessorImpl.java:62) ~[?:1.8.0_504]
	at sun.reflect.DelegatingMethodAccessorImpl.invoke(DelegatingMethodAccessorImpl.java:43) ~[?:1.8.0_504]
	at java.lang.reflect.Method.invoke(Method.java:498) ~[?:1.8.0_504]
	at cpw.mods.fml.common.FMLModContainer.handleModStateEvent(FMLModContainer.java:532) [FMLModContainer.class:?]
	at sun.reflect.GeneratedMethodAccessor6.invoke(Unknown Source) ~[?:?]
	at sun.reflect.DelegatingMethodAccessorImpl.invoke(DelegatingMethodAccessorImpl.java:43) ~[?:1.8.0_504]
	at java.lang.reflect.Method.invoke(Method.java:498) ~[?:1.8.0_504]
	at com.google.common.eventbus.EventSubscriber.handleEvent(EventSubscriber.java:74) [guava-17.0.jar:?]
	at com.google.common.eventbus.SynchronizedEventSubscriber.handleEvent(SynchronizedEventSubscriber.java:47) [guava-17.0.jar:?]
	at com.google.common.eventbus.EventBus.dispatch(EventBus.java:322) [guava-17.0.jar:?]
	at com.google.common.eventbus.EventBus.dispatchQueuedEvents(EventBus.java:304) [guava-17.0.jar:?]
	at com.google.common.eventbus.EventBus.post(EventBus.java:275) [guava-17.0.jar:?]
	at cpw.mods.fml.common.LoadController.sendEventToModContainer(LoadController.java:212) [LoadController.class:?]
	at cpw.mods.fml.common.LoadController.propogateStateMessage(LoadController.java:190) [LoadController.class:?]
	at sun.reflect.NativeMethodAccessorImpl.invoke0(Native Method) ~[?:1.8.0_504]
	at sun.reflect.NativeMethodAccessorImpl.invoke(NativeMethodAccessorImpl.java:62) ~[?:1.8.0_504]
	at sun.reflect.DelegatingMethodAccessorImpl.invoke(DelegatingMethodAccessorImpl.java:43) ~[?:1.8.0_504]
	at java.lang.reflect.Method.invoke(Method.java:498) ~[?:1.8.0_504]
	at com.google.common.eventbus.EventSubscriber.handleEvent(EventSubscriber.java:74) [guava-17.0.jar:?]
	at com.google.common.eventbus.SynchronizedEventSubscriber.handleEvent(SynchronizedEventSubscriber.java:47) [guava-17.0.jar:?]
	at com.google.common.eventbus.EventBus.dispatch(EventBus.java:322) [guava-17.0.jar:?]
	at com.google.common.eventbus.EventBus.dispatchQueuedEvents(EventBus.java:304) [guava-17.0.jar:?]
	at com.google.common.eventbus.EventBus.post(EventBus.java:275) [guava-17.0.jar:?]
	at cpw.mods.fml.common.LoadController.distributeStateMessage(LoadController.java:119) [LoadController.class:?]
	at cpw.mods.fml.common.Loader.serverStarted(Loader.java:802) [Loader.class:?]
	at cpw.mods.fml.common.FMLCommonHandler.handleServerStarted(FMLCommonHandler.java:283) [FMLCommonHandler.class:?]
	at net.minecraft.server.MinecraftServer.run(MinecraftServer.java:451) [MinecraftServer.class:?]
	at net.minecraft.server.MinecraftServer$2.run(MinecraftServer.java:756) [MinecraftServer$2.class:?]
[05:42:01] [Server thread/ERROR] [FML]: Index: 1 Listeners:
[05:42:01] [Server thread/ERROR] [FML]: 0: HIGHEST
[05:42:01] [Server thread/ERROR] [FML]: 1: ASM: com.layue13.clashweave.s1d.DamageExperiment@798bb8bd hurtHighest(Lnet/minecraftforge/event/entity/living/LivingHurtEvent;)V
[05:42:01] [Server thread/ERROR] [FML]: 2: ASM: com.layue13.clashweave.s1d.EventGate@f20e8ca hurtMarker(Lnet/minecraftforge/event/entity/living/LivingHurtEvent;)V
[05:42:01] [Server thread/ERROR] [FML]: 3: HIGH
[05:42:01] [Server thread/ERROR] [FML]: 4: ASM: com.layue13.clashweave.s1d.DamageExperiment@798bb8bd hurtHigh(Lnet/minecraftforge/event/entity/living/LivingHurtEvent;)V
[05:42:01] [Server thread/ERROR] [FML]: 5: LOW
[05:42:01] [Server thread/ERROR] [FML]: 6: ASM: com.layue13.clashweave.s1d.DamageExperiment@798bb8bd hurtLow(Lnet/minecraftforge/event/entity/living/LivingHurtEvent;)V
[05:42:01] [Server thread/INFO] [STDOUT]: [com.layue13.clashweave.s1d.DamageExperiment:boundary:159]: CW3 S1D_BOUNDARY scenario=throw-hurt-before-restore player=true before=true history=false path=control state=false:true:0.0:100.0:8:2.0:8 lifecycleRestored=true
[05:42:01] [Server thread/INFO] [STDOUT]: [com.layue13.clashweave.s1d.DamageExperiment:hurtHighest:131]: CW3 S1D_THROW at=hurt-HIGHEST timer=8 last=2.0
[05:42:01] [Server thread/ERROR] [FML]: Exception caught during firing event net.minecraftforge.event.entity.living.LivingHurtEvent@1115d4c4:
com.layue13.clashweave.s1d.DamageExperiment$FixtureException
	at com.layue13.clashweave.s1d.DamageExperiment.hurtHighest(DamageExperiment.java:132) ~[DamageExperiment.class:?]
	at cpw.mods.fml.common.eventhandler.ASMEventHandler_16_DamageExperiment_hurtHighest_LivingHurtEvent.invoke(.dynamic) ~[?:?]
	at cpw.mods.fml.common.eventhandler.ASMEventHandler.invoke(ASMEventHandler.java:54) ~[ASMEventHandler.class:?]
	at cpw.mods.fml.common.eventhandler.EventBus.post(EventBus.java:140) [EventBus.class:?]
	at net.minecraftforge.common.ForgeHooks.onLivingHurt(ForgeHooks.java:300) [ForgeHooks.class:?]
	at net.minecraft.entity.player.EntityPlayer.damageEntity(EntityPlayer.java:1218) [EntityPlayer.class:?]
	at net.minecraft.entity.EntityLivingBase.attackEntityFrom(EntityLivingBase.java:870) [EntityLivingBase.class:?]
	at net.minecraft.entity.player.EntityPlayer.attackEntityFrom(EntityPlayer.java:1161) [EntityPlayer.class:?]
	at net.minecraft.entity.player.EntityPlayerMP.attackEntityFrom(EntityPlayerMP.java:532) [EntityPlayerMP.class:?]
	at com.layue13.clashweave.s1d.EventGate.apply(EventGate.java:32) [EventGate.class:?]
	at com.layue13.clashweave.s1d.DamageExperiment.boundary(DamageExperiment.java:155) [DamageExperiment.class:?]
	at com.layue13.clashweave.s1d.DamageExperiment.started(DamageExperiment.java:41) [DamageExperiment.class:?]
	at sun.reflect.NativeMethodAccessorImpl.invoke0(Native Method) ~[?:1.8.0_504]
	at sun.reflect.NativeMethodAccessorImpl.invoke(NativeMethodAccessorImpl.java:62) ~[?:1.8.0_504]
	at sun.reflect.DelegatingMethodAccessorImpl.invoke(DelegatingMethodAccessorImpl.java:43) ~[?:1.8.0_504]
	at java.lang.reflect.Method.invoke(Method.java:498) ~[?:1.8.0_504]
	at cpw.mods.fml.common.FMLModContainer.handleModStateEvent(FMLModContainer.java:532) [FMLModContainer.class:?]
	at sun.reflect.GeneratedMethodAccessor6.invoke(Unknown Source) ~[?:?]
	at sun.reflect.DelegatingMethodAccessorImpl.invoke(DelegatingMethodAccessorImpl.java:43) ~[?:1.8.0_504]
	at java.lang.reflect.Method.invoke(Method.java:498) ~[?:1.8.0_504]
	at com.google.common.eventbus.EventSubscriber.handleEvent(EventSubscriber.java:74) [guava-17.0.jar:?]
	at com.google.common.eventbus.SynchronizedEventSubscriber.handleEvent(SynchronizedEventSubscriber.java:47) [guava-17.0.jar:?]
	at com.google.common.eventbus.EventBus.dispatch(EventBus.java:322) [guava-17.0.jar:?]
	at com.google.common.eventbus.EventBus.dispatchQueuedEvents(EventBus.java:304) [guava-17.0.jar:?]
	at com.google.common.eventbus.EventBus.post(EventBus.java:275) [guava-17.0.jar:?]
	at cpw.mods.fml.common.LoadController.sendEventToModContainer(LoadController.java:212) [LoadController.class:?]
	at cpw.mods.fml.common.LoadController.propogateStateMessage(LoadController.java:190) [LoadController.class:?]
	at sun.reflect.NativeMethodAccessorImpl.invoke0(Native Method) ~[?:1.8.0_504]
	at sun.reflect.NativeMethodAccessorImpl.invoke(NativeMethodAccessorImpl.java:62) ~[?:1.8.0_504]
	at sun.reflect.DelegatingMethodAccessorImpl.invoke(DelegatingMethodAccessorImpl.java:43) ~[?:1.8.0_504]
	at java.lang.reflect.Method.invoke(Method.java:498) ~[?:1.8.0_504]
	at com.google.common.eventbus.EventSubscriber.handleEvent(EventSubscriber.java:74) [guava-17.0.jar:?]
	at com.google.common.eventbus.SynchronizedEventSubscriber.handleEvent(SynchronizedEventSubscriber.java:47) [guava-17.0.jar:?]
	at com.google.common.eventbus.EventBus.dispatch(EventBus.java:322) [guava-17.0.jar:?]
	at com.google.common.eventbus.EventBus.dispatchQueuedEvents(EventBus.java:304) [guava-17.0.jar:?]
	at com.google.common.eventbus.EventBus.post(EventBus.java:275) [guava-17.0.jar:?]
	at cpw.mods.fml.common.LoadController.distributeStateMessage(LoadController.java:119) [LoadController.class:?]
	at cpw.mods.fml.common.Loader.serverStarted(Loader.java:802) [Loader.class:?]
	at cpw.mods.fml.common.FMLCommonHandler.handleServerStarted(FMLCommonHandler.java:283) [FMLCommonHandler.class:?]
	at net.minecraft.server.MinecraftServer.run(MinecraftServer.java:451) [MinecraftServer.class:?]
	at net.minecraft.server.MinecraftServer$2.run(MinecraftServer.java:756) [MinecraftServer$2.class:?]
[05:42:01] [Server thread/ERROR] [FML]: Index: 1 Listeners:
[05:42:01] [Server thread/ERROR] [FML]: 0: HIGHEST
[05:42:01] [Server thread/ERROR] [FML]: 1: ASM: com.layue13.clashweave.s1d.DamageExperiment@798bb8bd hurtHighest(Lnet/minecraftforge/event/entity/living/LivingHurtEvent;)V
[05:42:01] [Server thread/ERROR] [FML]: 2: ASM: com.layue13.clashweave.s1d.EventGate@f20e8ca hurtMarker(Lnet/minecraftforge/event/entity/living/LivingHurtEvent;)V
[05:42:01] [Server thread/ERROR] [FML]: 3: HIGH
[05:42:01] [Server thread/ERROR] [FML]: 4: ASM: com.layue13.clashweave.s1d.DamageExperiment@798bb8bd hurtHigh(Lnet/minecraftforge/event/entity/living/LivingHurtEvent;)V
[05:42:01] [Server thread/ERROR] [FML]: 5: LOW
[05:42:01] [Server thread/ERROR] [FML]: 6: ASM: com.layue13.clashweave.s1d.DamageExperiment@798bb8bd hurtLow(Lnet/minecraftforge/event/entity/living/LivingHurtEvent;)V
[05:42:01] [Server thread/INFO] [STDOUT]: [com.layue13.clashweave.s1d.DamageExperiment:boundary:159]: CW3 S1D_BOUNDARY scenario=throw-hurt-before-restore player=true before=true history=false path=candidate state=false:true:0.0:100.0:8:2.0:8 lifecycleRestored=true
[05:42:01] [Server thread/INFO] [STDOUT]: [com.layue13.clashweave.s1d.DamageExperiment:boundary:162]: CW3 S1D_BOUNDARY_PAIR scenario=throw-hurt-before-restore player=true before=true history=false equivalent=true
[05:42:01] [Server thread/INFO] [STDOUT]: [com.layue13.clashweave.s1d.DamageExperiment:boundary:159]: CW3 S1D_BOUNDARY scenario=throw-hurt-before-restore player=true before=true history=true path=control state=false:false:0.0:96.0:13:4.0:8 lifecycleRestored=true
[05:42:01] [Server thread/INFO] [STDOUT]: [com.layue13.clashweave.s1d.DamageExperiment:boundary:159]: CW3 S1D_BOUNDARY scenario=throw-hurt-before-restore player=true before=true history=true path=candidate state=false:false:0.0:96.0:13:4.0:8 lifecycleRestored=true
[05:42:01] [Server thread/INFO] [STDOUT]: [com.layue13.clashweave.s1d.DamageExperiment:boundary:162]: CW3 S1D_BOUNDARY_PAIR scenario=throw-hurt-before-restore player=true before=true history=true equivalent=true
[05:42:01] [Server thread/INFO] [STDOUT]: [com.layue13.clashweave.s1d.DamageExperiment:ledger:174]: CW3 S1D_LEDGER first=true duplicate=false second=true beforeEnd=2 afterEnd=0
[05:42:01] [Server thread/INFO] [STDOUT]: [com.layue13.clashweave.s1d.DamageExperiment:lifecycle:188]: CW3 S1D_LIFECYCLE reason=leave max=20 owned=0 valid=true
[05:42:01] [Server thread/INFO] [STDOUT]: [com.layue13.clashweave.s1d.DamageExperiment:lifecycle:188]: CW3 S1D_LIFECYCLE reason=dead max=20 owned=0 valid=true
[05:42:01] [Server thread/INFO] [STDOUT]: [com.layue13.clashweave.s1d.DamageExperiment:lifecycle:188]: CW3 S1D_LIFECYCLE reason=dimension max=20 owned=0 valid=true
[05:42:01] [Server thread/INFO] [STDOUT]: [com.layue13.clashweave.s1d.DamageExperiment:lifecycle:188]: CW3 S1D_LIFECYCLE reason=logout max=20 owned=0 valid=true
[05:42:01] [Server thread/INFO] [STDOUT]: [com.layue13.clashweave.s1d.DamageExperiment:lifecycle:188]: CW3 S1D_LIFECYCLE reason=foreign max=12 owned=0 valid=true
[05:42:01] [Server thread/INFO] [STDOUT]: [com.layue13.clashweave.s1d.DamageExperiment:lifecycle:188]: CW3 S1D_LIFECYCLE reason=nondefault max=30 owned=0 valid=true
[05:42:01] [Server thread/INFO] [STDOUT]: [com.layue13.clashweave.s1d.DamageExperiment:lifecycle:188]: CW3 S1D_LIFECYCLE reason=entity-dimension max=20 owned=0 valid=true
[05:42:01] [Server thread/INFO] [STDOUT]: [com.layue13.clashweave.s1d.DamageExperiment:intervals:180]: CW3 S1D_INTERVAL player=false gap=4 successes=3 loss=6.0 restored=20
[05:42:01] [Server thread/INFO] [STDOUT]: [com.layue13.clashweave.s1d.DamageExperiment:intervals:180]: CW3 S1D_INTERVAL player=false gap=7 successes=3 loss=6.0 restored=20
[05:42:01] [Server thread/INFO] [STDOUT]: [com.layue13.clashweave.s1d.DamageExperiment:intervals:180]: CW3 S1D_INTERVAL player=true gap=4 successes=3 loss=6.0 restored=20
[05:42:01] [Server thread/INFO] [STDOUT]: [com.layue13.clashweave.s1d.DamageExperiment:intervals:180]: CW3 S1D_INTERVAL player=true gap=7 successes=3 loss=6.0 restored=20
[05:42:01] [Server thread/INFO] [STDOUT]: [com.layue13.clashweave.s1d.DamageExperiment:otherSources:201]: CW3 S1D_OTHER player=false max=20 source=onFire gap=1 accepted=false loss=0.0
[05:42:01] [Server thread/INFO] [STDOUT]: [com.layue13.clashweave.s1d.DamageExperiment:otherSources:201]: CW3 S1D_OTHER player=false max=20 source=onFire gap=2 accepted=false loss=0.0
[05:42:01] [Server thread/INFO] [STDOUT]: [com.layue13.clashweave.s1d.DamageExperiment:otherSources:201]: CW3 S1D_OTHER player=false max=20 source=onFire gap=3 accepted=false loss=0.0
[05:42:01] [Server thread/INFO] [STDOUT]: [com.layue13.clashweave.s1d.DamageExperiment:otherSources:201]: CW3 S1D_OTHER player=false max=20 source=onFire gap=4 accepted=false loss=0.0
[05:42:01] [Server thread/INFO] [STDOUT]: [com.layue13.clashweave.s1d.DamageExperiment:otherSources:201]: CW3 S1D_OTHER player=false max=20 source=onFire gap=5 accepted=false loss=0.0
[05:42:01] [Server thread/INFO] [STDOUT]: [com.layue13.clashweave.s1d.DamageExperiment:otherSources:201]: CW3 S1D_OTHER player=false max=20 source=onFire gap=6 accepted=false loss=0.0
[05:42:01] [Server thread/INFO] [STDOUT]: [com.layue13.clashweave.s1d.DamageExperiment:otherSources:201]: CW3 S1D_OTHER player=false max=20 source=onFire gap=7 accepted=false loss=0.0
[05:42:01] [Server thread/INFO] [STDOUT]: [com.layue13.clashweave.s1d.DamageExperiment:otherSources:201]: CW3 S1D_OTHER player=false max=20 source=onFire gap=8 accepted=false loss=0.0
[05:42:01] [Server thread/INFO] [STDOUT]: [com.layue13.clashweave.s1d.DamageExperiment:otherSources:201]: CW3 S1D_OTHER player=false max=20 source=onFire gap=9 accepted=false loss=0.0
[05:42:01] [Server thread/INFO] [STDOUT]: [com.layue13.clashweave.s1d.DamageExperiment:otherSources:201]: CW3 S1D_OTHER player=false max=20 source=onFire gap=10 accepted=true loss=2.0
[05:42:01] [Server thread/INFO] [STDOUT]: [com.layue13.clashweave.s1d.DamageExperiment:otherSources:204]: CW3 S1D_OTHER_THRESHOLD player=false max=20 source=onFire firstFullDamageGap=10
[05:42:01] [Server thread/INFO] [STDOUT]: [com.layue13.clashweave.s1d.DamageExperiment:otherSources:201]: CW3 S1D_OTHER player=false max=20 source=secondAttacker gap=1 accepted=false loss=0.0
[05:42:01] [Server thread/INFO] [STDOUT]: [com.layue13.clashweave.s1d.DamageExperiment:otherSources:201]: CW3 S1D_OTHER player=false max=20 source=secondAttacker gap=2 accepted=false loss=0.0
[05:42:01] [Server thread/INFO] [STDOUT]: [com.layue13.clashweave.s1d.DamageExperiment:otherSources:201]: CW3 S1D_OTHER player=false max=20 source=secondAttacker gap=3 accepted=false loss=0.0
[05:42:01] [Server thread/INFO] [STDOUT]: [com.layue13.clashweave.s1d.DamageExperiment:otherSources:201]: CW3 S1D_OTHER player=false max=20 source=secondAttacker gap=4 accepted=false loss=0.0
[05:42:01] [Server thread/INFO] [STDOUT]: [com.layue13.clashweave.s1d.DamageExperiment:otherSources:201]: CW3 S1D_OTHER player=false max=20 source=secondAttacker gap=5 accepted=false loss=0.0
[05:42:01] [Server thread/INFO] [STDOUT]: [com.layue13.clashweave.s1d.DamageExperiment:otherSources:201]: CW3 S1D_OTHER player=false max=20 source=secondAttacker gap=6 accepted=false loss=0.0
[05:42:01] [Server thread/INFO] [STDOUT]: [com.layue13.clashweave.s1d.DamageExperiment:otherSources:201]: CW3 S1D_OTHER player=false max=20 source=secondAttacker gap=7 accepted=false loss=0.0
[05:42:01] [Server thread/INFO] [STDOUT]: [com.layue13.clashweave.s1d.DamageExperiment:otherSources:201]: CW3 S1D_OTHER player=false max=20 source=secondAttacker gap=8 accepted=false loss=0.0
[05:42:01] [Server thread/INFO] [STDOUT]: [com.layue13.clashweave.s1d.DamageExperiment:otherSources:201]: CW3 S1D_OTHER player=false max=20 source=secondAttacker gap=9 accepted=false loss=0.0
[05:42:01] [Server thread/INFO] [STDOUT]: [com.layue13.clashweave.s1d.DamageExperiment:otherSources:201]: CW3 S1D_OTHER player=false max=20 source=secondAttacker gap=10 accepted=true loss=2.0
[05:42:01] [Server thread/INFO] [STDOUT]: [com.layue13.clashweave.s1d.DamageExperiment:otherSources:204]: CW3 S1D_OTHER_THRESHOLD player=false max=20 source=secondAttacker firstFullDamageGap=10
[05:42:01] [Server thread/INFO] [STDOUT]: [com.layue13.clashweave.s1d.DamageExperiment:otherSources:201]: CW3 S1D_OTHER player=false max=8 source=onFire gap=1 accepted=false loss=0.0
[05:42:01] [Server thread/INFO] [STDOUT]: [com.layue13.clashweave.s1d.DamageExperiment:otherSources:201]: CW3 S1D_OTHER player=false max=8 source=onFire gap=2 accepted=false loss=0.0
[05:42:01] [Server thread/INFO] [STDOUT]: [com.layue13.clashweave.s1d.DamageExperiment:otherSources:201]: CW3 S1D_OTHER player=false max=8 source=onFire gap=3 accepted=false loss=0.0
[05:42:01] [Server thread/INFO] [STDOUT]: [com.layue13.clashweave.s1d.DamageExperiment:otherSources:201]: CW3 S1D_OTHER player=false max=8 source=onFire gap=4 accepted=true loss=2.0
[05:42:01] [Server thread/INFO] [STDOUT]: [com.layue13.clashweave.s1d.DamageExperiment:otherSources:201]: CW3 S1D_OTHER player=false max=8 source=onFire gap=5 accepted=true loss=2.0
[05:42:01] [Server thread/INFO] [STDOUT]: [com.layue13.clashweave.s1d.DamageExperiment:otherSources:201]: CW3 S1D_OTHER player=false max=8 source=onFire gap=6 accepted=true loss=2.0
[05:42:01] [Server thread/INFO] [STDOUT]: [com.layue13.clashweave.s1d.DamageExperiment:otherSources:201]: CW3 S1D_OTHER player=false max=8 source=onFire gap=7 accepted=true loss=2.0
[05:42:01] [Server thread/INFO] [STDOUT]: [com.layue13.clashweave.s1d.DamageExperiment:otherSources:201]: CW3 S1D_OTHER player=false max=8 source=onFire gap=8 accepted=true loss=2.0
[05:42:01] [Server thread/INFO] [STDOUT]: [com.layue13.clashweave.s1d.DamageExperiment:otherSources:201]: CW3 S1D_OTHER player=false max=8 source=onFire gap=9 accepted=true loss=2.0
[05:42:01] [Server thread/INFO] [STDOUT]: [com.layue13.clashweave.s1d.DamageExperiment:otherSources:201]: CW3 S1D_OTHER player=false max=8 source=onFire gap=10 accepted=true loss=2.0
[05:42:01] [Server thread/INFO] [STDOUT]: [com.layue13.clashweave.s1d.DamageExperiment:otherSources:204]: CW3 S1D_OTHER_THRESHOLD player=false max=8 source=onFire firstFullDamageGap=4
[05:42:01] [Server thread/INFO] [STDOUT]: [com.layue13.clashweave.s1d.DamageExperiment:otherSources:201]: CW3 S1D_OTHER player=false max=8 source=secondAttacker gap=1 accepted=false loss=0.0
[05:42:01] [Server thread/INFO] [STDOUT]: [com.layue13.clashweave.s1d.DamageExperiment:otherSources:201]: CW3 S1D_OTHER player=false max=8 source=secondAttacker gap=2 accepted=false loss=0.0
[05:42:01] [Server thread/INFO] [STDOUT]: [com.layue13.clashweave.s1d.DamageExperiment:otherSources:201]: CW3 S1D_OTHER player=false max=8 source=secondAttacker gap=3 accepted=false loss=0.0
[05:42:01] [Server thread/INFO] [STDOUT]: [com.layue13.clashweave.s1d.DamageExperiment:otherSources:201]: CW3 S1D_OTHER player=false max=8 source=secondAttacker gap=4 accepted=true loss=2.0
[05:42:01] [Server thread/INFO] [STDOUT]: [com.layue13.clashweave.s1d.DamageExperiment:otherSources:201]: CW3 S1D_OTHER player=false max=8 source=secondAttacker gap=5 accepted=true loss=2.0
[05:42:01] [Server thread/INFO] [STDOUT]: [com.layue13.clashweave.s1d.DamageExperiment:otherSources:201]: CW3 S1D_OTHER player=false max=8 source=secondAttacker gap=6 accepted=true loss=2.0
[05:42:01] [Server thread/INFO] [STDOUT]: [com.layue13.clashweave.s1d.DamageExperiment:otherSources:201]: CW3 S1D_OTHER player=false max=8 source=secondAttacker gap=7 accepted=true loss=2.0
[05:42:01] [Server thread/INFO] [STDOUT]: [com.layue13.clashweave.s1d.DamageExperiment:otherSources:201]: CW3 S1D_OTHER player=false max=8 source=secondAttacker gap=8 accepted=true loss=2.0
[05:42:01] [Server thread/INFO] [STDOUT]: [com.layue13.clashweave.s1d.DamageExperiment:otherSources:201]: CW3 S1D_OTHER player=false max=8 source=secondAttacker gap=9 accepted=true loss=2.0
[05:42:01] [Server thread/INFO] [STDOUT]: [com.layue13.clashweave.s1d.DamageExperiment:otherSources:201]: CW3 S1D_OTHER player=false max=8 source=secondAttacker gap=10 accepted=true loss=2.0
[05:42:01] [Server thread/INFO] [STDOUT]: [com.layue13.clashweave.s1d.DamageExperiment:otherSources:204]: CW3 S1D_OTHER_THRESHOLD player=false max=8 source=secondAttacker firstFullDamageGap=4
[05:42:01] [Server thread/INFO] [STDOUT]: [com.layue13.clashweave.s1d.DamageExperiment:otherSources:201]: CW3 S1D_OTHER player=true max=20 source=onFire gap=1 accepted=false loss=0.0
[05:42:01] [Server thread/INFO] [STDOUT]: [com.layue13.clashweave.s1d.DamageExperiment:otherSources:201]: CW3 S1D_OTHER player=true max=20 source=onFire gap=2 accepted=false loss=0.0
[05:42:01] [Server thread/INFO] [STDOUT]: [com.layue13.clashweave.s1d.DamageExperiment:otherSources:201]: CW3 S1D_OTHER player=true max=20 source=onFire gap=3 accepted=false loss=0.0
[05:42:01] [Server thread/INFO] [STDOUT]: [com.layue13.clashweave.s1d.DamageExperiment:otherSources:201]: CW3 S1D_OTHER player=true max=20 source=onFire gap=4 accepted=false loss=0.0
[05:42:01] [Server thread/INFO] [STDOUT]: [com.layue13.clashweave.s1d.DamageExperiment:otherSources:201]: CW3 S1D_OTHER player=true max=20 source=onFire gap=5 accepted=false loss=0.0
[05:42:01] [Server thread/INFO] [STDOUT]: [com.layue13.clashweave.s1d.DamageExperiment:otherSources:201]: CW3 S1D_OTHER player=true max=20 source=onFire gap=6 accepted=false loss=0.0
[05:42:01] [Server thread/INFO] [STDOUT]: [com.layue13.clashweave.s1d.DamageExperiment:otherSources:201]: CW3 S1D_OTHER player=true max=20 source=onFire gap=7 accepted=false loss=0.0
[05:42:01] [Server thread/INFO] [STDOUT]: [com.layue13.clashweave.s1d.DamageExperiment:otherSources:201]: CW3 S1D_OTHER player=true max=20 source=onFire gap=8 accepted=false loss=0.0
[05:42:01] [Server thread/INFO] [STDOUT]: [com.layue13.clashweave.s1d.DamageExperiment:otherSources:201]: CW3 S1D_OTHER player=true max=20 source=onFire gap=9 accepted=false loss=0.0
[05:42:01] [Server thread/INFO] [STDOUT]: [com.layue13.clashweave.s1d.DamageExperiment:otherSources:201]: CW3 S1D_OTHER player=true max=20 source=onFire gap=10 accepted=true loss=2.0
[05:42:01] [Server thread/INFO] [STDOUT]: [com.layue13.clashweave.s1d.DamageExperiment:otherSources:204]: CW3 S1D_OTHER_THRESHOLD player=true max=20 source=onFire firstFullDamageGap=10
[05:42:01] [Server thread/INFO] [STDOUT]: [com.layue13.clashweave.s1d.DamageExperiment:otherSources:201]: CW3 S1D_OTHER player=true max=20 source=secondAttacker gap=1 accepted=false loss=0.0
[05:42:01] [Server thread/INFO] [STDOUT]: [com.layue13.clashweave.s1d.DamageExperiment:otherSources:201]: CW3 S1D_OTHER player=true max=20 source=secondAttacker gap=2 accepted=false loss=0.0
[05:42:01] [Server thread/INFO] [STDOUT]: [com.layue13.clashweave.s1d.DamageExperiment:otherSources:201]: CW3 S1D_OTHER player=true max=20 source=secondAttacker gap=3 accepted=false loss=0.0
[05:42:01] [Server thread/INFO] [STDOUT]: [com.layue13.clashweave.s1d.DamageExperiment:otherSources:201]: CW3 S1D_OTHER player=true max=20 source=secondAttacker gap=4 accepted=false loss=0.0
[05:42:01] [Server thread/INFO] [STDOUT]: [com.layue13.clashweave.s1d.DamageExperiment:otherSources:201]: CW3 S1D_OTHER player=true max=20 source=secondAttacker gap=5 accepted=false loss=0.0
[05:42:01] [Server thread/INFO] [STDOUT]: [com.layue13.clashweave.s1d.DamageExperiment:otherSources:201]: CW3 S1D_OTHER player=true max=20 source=secondAttacker gap=6 accepted=false loss=0.0
[05:42:01] [Server thread/INFO] [STDOUT]: [com.layue13.clashweave.s1d.DamageExperiment:otherSources:201]: CW3 S1D_OTHER player=true max=20 source=secondAttacker gap=7 accepted=false loss=0.0
[05:42:01] [Server thread/INFO] [STDOUT]: [com.layue13.clashweave.s1d.DamageExperiment:otherSources:201]: CW3 S1D_OTHER player=true max=20 source=secondAttacker gap=8 accepted=false loss=0.0
[05:42:01] [Server thread/INFO] [STDOUT]: [com.layue13.clashweave.s1d.DamageExperiment:otherSources:201]: CW3 S1D_OTHER player=true max=20 source=secondAttacker gap=9 accepted=false loss=0.0
[05:42:01] [Server thread/INFO] [STDOUT]: [com.layue13.clashweave.s1d.DamageExperiment:otherSources:201]: CW3 S1D_OTHER player=true max=20 source=secondAttacker gap=10 accepted=true loss=2.0
[05:42:01] [Server thread/INFO] [STDOUT]: [com.layue13.clashweave.s1d.DamageExperiment:otherSources:204]: CW3 S1D_OTHER_THRESHOLD player=true max=20 source=secondAttacker firstFullDamageGap=10
[05:42:01] [Server thread/INFO] [STDOUT]: [com.layue13.clashweave.s1d.DamageExperiment:otherSources:201]: CW3 S1D_OTHER player=true max=8 source=onFire gap=1 accepted=false loss=0.0
[05:42:01] [Server thread/INFO] [STDOUT]: [com.layue13.clashweave.s1d.DamageExperiment:otherSources:201]: CW3 S1D_OTHER player=true max=8 source=onFire gap=2 accepted=false loss=0.0
[05:42:01] [Server thread/INFO] [STDOUT]: [com.layue13.clashweave.s1d.DamageExperiment:otherSources:201]: CW3 S1D_OTHER player=true max=8 source=onFire gap=3 accepted=false loss=0.0
[05:42:01] [Server thread/INFO] [STDOUT]: [com.layue13.clashweave.s1d.DamageExperiment:otherSources:201]: CW3 S1D_OTHER player=true max=8 source=onFire gap=4 accepted=true loss=2.0
[05:42:01] [Server thread/INFO] [STDOUT]: [com.layue13.clashweave.s1d.DamageExperiment:otherSources:201]: CW3 S1D_OTHER player=true max=8 source=onFire gap=5 accepted=true loss=2.0
[05:42:01] [Server thread/INFO] [STDOUT]: [com.layue13.clashweave.s1d.DamageExperiment:otherSources:201]: CW3 S1D_OTHER player=true max=8 source=onFire gap=6 accepted=true loss=2.0
[05:42:01] [Server thread/INFO] [STDOUT]: [com.layue13.clashweave.s1d.DamageExperiment:otherSources:201]: CW3 S1D_OTHER player=true max=8 source=onFire gap=7 accepted=true loss=2.0
[05:42:01] [Server thread/INFO] [STDOUT]: [com.layue13.clashweave.s1d.DamageExperiment:otherSources:201]: CW3 S1D_OTHER player=true max=8 source=onFire gap=8 accepted=true loss=2.0
[05:42:01] [Server thread/INFO] [STDOUT]: [com.layue13.clashweave.s1d.DamageExperiment:otherSources:201]: CW3 S1D_OTHER player=true max=8 source=onFire gap=9 accepted=true loss=2.0
[05:42:01] [Server thread/INFO] [STDOUT]: [com.layue13.clashweave.s1d.DamageExperiment:otherSources:201]: CW3 S1D_OTHER player=true max=8 source=onFire gap=10 accepted=true loss=2.0
[05:42:01] [Server thread/INFO] [STDOUT]: [com.layue13.clashweave.s1d.DamageExperiment:otherSources:204]: CW3 S1D_OTHER_THRESHOLD player=true max=8 source=onFire firstFullDamageGap=4
[05:42:01] [Server thread/INFO] [STDOUT]: [com.layue13.clashweave.s1d.DamageExperiment:otherSources:201]: CW3 S1D_OTHER player=true max=8 source=secondAttacker gap=1 accepted=false loss=0.0
[05:42:01] [Server thread/INFO] [STDOUT]: [com.layue13.clashweave.s1d.DamageExperiment:otherSources:201]: CW3 S1D_OTHER player=true max=8 source=secondAttacker gap=2 accepted=false loss=0.0
[05:42:01] [Server thread/INFO] [STDOUT]: [com.layue13.clashweave.s1d.DamageExperiment:otherSources:201]: CW3 S1D_OTHER player=true max=8 source=secondAttacker gap=3 accepted=false loss=0.0
[05:42:01] [Server thread/INFO] [STDOUT]: [com.layue13.clashweave.s1d.DamageExperiment:otherSources:201]: CW3 S1D_OTHER player=true max=8 source=secondAttacker gap=4 accepted=true loss=2.0
[05:42:01] [Server thread/INFO] [STDOUT]: [com.layue13.clashweave.s1d.DamageExperiment:otherSources:201]: CW3 S1D_OTHER player=true max=8 source=secondAttacker gap=5 accepted=true loss=2.0
[05:42:01] [Server thread/INFO] [STDOUT]: [com.layue13.clashweave.s1d.DamageExperiment:otherSources:201]: CW3 S1D_OTHER player=true max=8 source=secondAttacker gap=6 accepted=true loss=2.0
[05:42:01] [Server thread/INFO] [STDOUT]: [com.layue13.clashweave.s1d.DamageExperiment:otherSources:201]: CW3 S1D_OTHER player=true max=8 source=secondAttacker gap=7 accepted=true loss=2.0
[05:42:01] [Server thread/INFO] [STDOUT]: [com.layue13.clashweave.s1d.DamageExperiment:otherSources:201]: CW3 S1D_OTHER player=true max=8 source=secondAttacker gap=8 accepted=true loss=2.0
[05:42:01] [Server thread/INFO] [STDOUT]: [com.layue13.clashweave.s1d.DamageExperiment:otherSources:201]: CW3 S1D_OTHER player=true max=8 source=secondAttacker gap=9 accepted=true loss=2.0
[05:42:01] [Server thread/INFO] [STDOUT]: [com.layue13.clashweave.s1d.DamageExperiment:otherSources:201]: CW3 S1D_OTHER player=true max=8 source=secondAttacker gap=10 accepted=true loss=2.0
[05:42:01] [Server thread/INFO] [STDOUT]: [com.layue13.clashweave.s1d.DamageExperiment:otherSources:204]: CW3 S1D_OTHER_THRESHOLD player=true max=8 source=secondAttacker firstFullDamageGap=4
[05:42:01] [Server thread/INFO] [STDOUT]: [com.layue13.clashweave.s1d.DamageExperiment:transition:192]: CW3 S1D_TRANSITION oldTimerOnEnter=13 firstFullDamageAfterEnter=9
[05:42:01] [Server thread/INFO] [STDOUT]: [com.layue13.clashweave.s1d.DamageExperiment:started:44]: CW3 S1D_RESULT pairs=28 mismatches=0 owned=0 ledger=0 verdict=PASS
[05:42:01] [Server thread/INFO]: Stopping server
[05:42:01] [Server thread/INFO]: Saving players
[05:42:01] [Server thread/INFO]: Saving worlds
[05:42:01] [Server thread/INFO]: Saving chunks for level 'world'/Overworld
[05:42:01] [Server thread/INFO]: Saving chunks for level 'world'/Nether
[05:42:01] [Server thread/INFO]: Saving chunks for level 'world'/The End
[05:42:02] [Server thread/INFO] [FML]: Unloading dimension 0
[05:42:02] [Server thread/INFO] [FML]: Unloading dimension -1
[05:42:02] [Server thread/INFO] [FML]: Unloading dimension 1
[05:42:02] [Server thread/INFO] [FML]: Applying holder lookups
[05:42:02] [Server thread/INFO] [FML]: Holder lookups applied
