# Log excerpt; complete raw log retained locally under build/p0/runs.
# Original lines: 1820
# Marker counts: {'ERROR': 3, 'CW_RENDER': 1, 'Exception': 2, 'P0_AUDIO': 64, 'CW_VIEW': 7, 'CW_ENGAGEMENT': 2, 'P0_APPEARANCE': 2, 'P0_VIEW_SEQUENCE': 40, 'P0_LOCAL_AUDIO': 20, 'CW_LOCAL_SWING': 20, 'P0_REQUEST': 61, 'CW_ALIGN': 20, 'CW_PRESENT': 188, 'P0_VIEW_START': 61, 'CW_FEEDBACK': 63, 'CW_FRAME': 63, 'P0_VIEW': 1086}
[06:44:22] [main/ERROR] [FML]: The binary patch set is missing. Either you are in a development environment, or things are not going to work!
[06:44:22] [main/ERROR] [FML]: FML appears to be missing any signature data. This is not a good thing
This is just a prompt for computer specs to be printed. THIS IS NOT A ERROR
[06:44:26] [Client thread/INFO] [STDOUT]: [com.layue13.clashweave.client.KatanaRendering:load:35]: CW_RENDER models loaded units=block blade=+Y sheath=downwardBipedY angle=45.0
[06:44:26] [Forge Version Check/INFO] [STDERR]: [java.lang.Throwable$WrappedPrintStream:println:749]: com.google.gson.JsonSyntaxException: java.lang.IllegalStateException: Expected BEGIN_OBJECT but was STRING at line 1 column 1
[06:44:26] [Forge Version Check/INFO] [STDERR]: [java.lang.Throwable$WrappedPrintStream:println:749]: Caused by: java.lang.IllegalStateException: Expected BEGIN_OBJECT but was STRING at line 1 column 1
[06:44:26] [Client thread/INFO] [STDOUT]: [com.layue13.clashweave.validation.ClientReplay:<init>:69]: P0_AUDIO initial loader settled
[06:44:33] [Client thread/INFO] [STDOUT]: [com.layue13.clashweave.client.ViewPreservingCorrections$Preserved:processPacket:140]: CW_VIEW packet=1 marker=0 protected=false yawDelta=180.0 pitchDelta=0.0 requestedYawDelta=180.0 requestedPitchDelta=0.0 nano=85889316426700
[06:44:33] [Client thread/INFO] [STDOUT]: [com.layue13.clashweave.client.ViewPreservingCorrections$Preserved:processPacket:140]: CW_VIEW packet=1 marker=0 protected=false yawDelta=0.0 pitchDelta=0.0 requestedYawDelta=0.0 requestedPitchDelta=0.0 nano=85889392394900
[06:44:33] [Client thread/INFO] [STDOUT]: [com.layue13.clashweave.client.ViewPreservingCorrections$Preserved:processPacket:140]: CW_VIEW packet=1 marker=0 protected=false yawDelta=0.0 pitchDelta=0.0 requestedYawDelta=0.0 requestedPitchDelta=0.0 nano=85889392686300
[06:44:33] [Client thread/INFO] [STDOUT]: [com.layue13.clashweave.client.ViewPreservingCorrections$Preserved:processPacket:140]: CW_VIEW packet=1 marker=0 protected=false yawDelta=0.0 pitchDelta=0.0 requestedYawDelta=0.0 requestedPitchDelta=0.0 nano=85889392905200
[06:44:33] [Client thread/INFO] [STDOUT]: [com.layue13.clashweave.client.ViewPreservingCorrections$Preserved:processPacket:140]: CW_VIEW packet=1 marker=0 protected=false yawDelta=0.0 pitchDelta=0.0 requestedYawDelta=0.0 requestedPitchDelta=0.0 nano=85889393088300
[06:44:33] [Client thread/INFO] [STDOUT]: [com.layue13.clashweave.client.ViewPreservingCorrections$Preserved:processPacket:140]: CW_VIEW packet=1 marker=0 protected=false yawDelta=0.0 pitchDelta=0.0 requestedYawDelta=0.0 requestedPitchDelta=0.0 nano=85889393298700
[06:44:34] [Client thread/INFO] [STDOUT]: [com.layue13.clashweave.client.ViewPreservingCorrections$Preserved:processPacket:140]: CW_VIEW packet=1 marker=0 protected=false yawDelta=0.0 pitchDelta=0.0 requestedYawDelta=0.0 requestedPitchDelta=0.0 nano=85889708924700
[06:44:34] [Client thread/INFO] [STDOUT]: [com.layue13.clashweave.client.ClientProxy:apply:246]: CW_ENGAGEMENT player=P0A engaged=false revision=1 tick=238 receive=85889722626500
[06:44:34] [Client thread/INFO] [STDOUT]: [com.layue13.clashweave.validation.ClientReplay:tick:96]: P0_APPEARANCE entity=0 skin=clashweave:katana effects=clashweave:default animations=clashweave:katana style=katana
[06:44:45] [Client thread/INFO] [STDOUT]: [com.layue13.clashweave.client.ClientProxy:apply:246]: CW_ENGAGEMENT player=P0A engaged=true revision=3 tick=466 receive=85900636111000
[06:44:45] [Client thread/INFO] [STDOUT]: [com.layue13.clashweave.validation.ClientReplay:tick:96]: P0_APPEARANCE entity=73393 skin=clashweave:katana effects=clashweave:default animations=clashweave:katana style=katana
[06:44:50] [Client thread/INFO] [STDOUT]: [com.layue13.clashweave.validation.ClientReplay:viewReplay:304]: P0_VIEW_SEQUENCE begin=1 nano=85905903095000
[06:44:50] [Client thread/INFO] [STDOUT]: [com.layue13.clashweave.validation.ClientReplay:audio:417]: P0_LOCAL_AUDIO nano=85905904350800
[06:44:50] [Client thread/INFO] [STDOUT]: [com.layue13.clashweave.client.ClientProxy:send:163]: CW_LOCAL_SWING seq=6 press=85905904091900 feedback=85905906526700
[06:44:50] [Client thread/INFO] [STDOUT]: [com.layue13.clashweave.validation.ClientReplay:request:319]: P0_REQUEST intent=LIGHT yaw=8.77489 pitch=-2.778738 nano=85905906760100
[06:44:50] [Client thread/INFO] [STDOUT]: [com.layue13.clashweave.client.ClientProxy:apply:260]: CW_ALIGN player=P0A seq=6 predicted=0 authoritative=0 sameAction=true
[06:44:50] [Client thread/INFO] [STDOUT]: [com.layue13.clashweave.client.ClientProxy:tick:190]: CW_PRESENT id=1 kind=DRAW actor=0 owner=0
[06:44:50] [Client thread/INFO] [STDOUT]: [com.layue13.clashweave.client.ClientProxy:tick:190]: CW_PRESENT id=2 kind=SWING actor=0 owner=0
[06:44:50] [Client thread/INFO] [STDOUT]: [com.layue13.clashweave.validation.ClientReplay:viewReplay:283]: P0_VIEW_START sequence=1 instance=1 yawDelta=0.0 pitchDelta=0.0 yaw=8.77489 pitch=-2.778738 nano=85905954893500
[06:44:50] [Client thread/INFO] [STDOUT]: [com.layue13.clashweave.client.ClientProxy:apply:305]: CW_FEEDBACK player=P0A result=HIT frozen=85906190560400 receive=85906203872600 corrections=0
[06:44:50] [Client thread/INFO] [STDOUT]: [com.layue13.clashweave.validation.ClientReplay:audio:418]: P0_AUDIO source=random.successful_hit frozen=85906190560400 nano=85906204299600
[06:44:50] [Client thread/INFO] [STDOUT]: [com.layue13.clashweave.client.ClientProxy:tick:190]: CW_PRESENT id=3 kind=HIT actor=0 owner=0
[06:44:50] [Client thread/INFO] [STDOUT]: [com.layue13.clashweave.client.ClientProxy:tick:190]: CW_PRESENT id=4 kind=HURT actor=74522 owner=0
[06:44:50] [Client thread/INFO] [STDOUT]: [com.layue13.clashweave.client.ClientProxy:hud:368]: CW_FRAME frozen=85906190560400 frame=85906207159600
[06:44:50] [Client thread/INFO] [STDOUT]: [com.layue13.clashweave.validation.ClientReplay:request:319]: P0_REQUEST intent=LIGHT yaw=8.391788 pitch=-3.1855826 nano=85906253018700
[06:44:50] [Client thread/INFO] [STDOUT]: [com.layue13.clashweave.client.ClientProxy:apply:305]: CW_FEEDBACK player=P0A result=HIT frozen=85906190912100 receive=85906355354000 corrections=0
[06:44:50] [Client thread/INFO] [STDOUT]: [com.layue13.clashweave.client.ClientProxy:tick:190]: CW_PRESENT id=5 kind=SWING actor=0 owner=0
[06:44:50] [Client thread/INFO] [STDOUT]: [com.layue13.clashweave.validation.ClientReplay:audio:418]: P0_AUDIO source=random.successful_hit frozen=85906190912100 nano=85906355857000
[06:44:50] [Client thread/INFO] [STDOUT]: [com.layue13.clashweave.client.ClientProxy:tick:190]: CW_PRESENT id=6 kind=HIT actor=0 owner=0
[06:44:50] [Client thread/INFO] [STDOUT]: [com.layue13.clashweave.client.ClientProxy:tick:190]: CW_PRESENT id=7 kind=HURT actor=73393 owner=0
[06:44:50] [Client thread/INFO] [STDOUT]: [com.layue13.clashweave.validation.ClientReplay:viewReplay:283]: P0_VIEW_START sequence=1 instance=2 yawDelta=0.0 pitchDelta=0.0 yaw=8.315477 pitch=-3.2420266 nano=85906356399900
[06:44:50] [Client thread/INFO] [STDOUT]: [com.layue13.clashweave.client.ClientProxy:hud:368]: CW_FRAME frozen=85906190912100 frame=85906356856500
[06:44:50] [Client thread/INFO] [STDOUT]: [com.layue13.clashweave.client.ClientProxy:apply:305]: CW_FEEDBACK player=P0A result=HIT frozen=85906540377900 receive=85906553842400 corrections=0
[06:44:50] [Client thread/INFO] [STDOUT]: [com.layue13.clashweave.validation.ClientReplay:audio:418]: P0_AUDIO source=random.successful_hit frozen=85906540377900 nano=85906554185000
[06:44:50] [Client thread/INFO] [STDOUT]: [com.layue13.clashweave.client.ClientProxy:tick:190]: CW_PRESENT id=8 kind=HIT actor=0 owner=0
[06:44:50] [Client thread/INFO] [STDOUT]: [com.layue13.clashweave.client.ClientProxy:tick:190]: CW_PRESENT id=9 kind=HURT actor=74522 owner=0
[06:44:50] [Client thread/INFO] [STDOUT]: [com.layue13.clashweave.client.ClientProxy:hud:368]: CW_FRAME frozen=85906540377900 frame=85906555044300
[06:44:50] [Client thread/INFO] [STDOUT]: [com.layue13.clashweave.validation.ClientReplay:request:319]: P0_REQUEST intent=LIGHT yaw=7.7489047 pitch=-3.5684266 nano=85906603006100
[06:44:51] [Client thread/INFO] [STDOUT]: [com.layue13.clashweave.client.ClientProxy:apply:305]: CW_FEEDBACK player=P0A result=HIT frozen=85906541367400 receive=85906710130400 corrections=0
[06:44:51] [Client thread/INFO] [STDOUT]: [com.layue13.clashweave.client.ClientProxy:tick:190]: CW_PRESENT id=10 kind=SWING actor=0 owner=0
[06:44:51] [Client thread/INFO] [STDOUT]: [com.layue13.clashweave.validation.ClientReplay:audio:418]: P0_AUDIO source=random.successful_hit frozen=85906541367400 nano=85906710610900
[06:44:51] [Client thread/INFO] [STDOUT]: [com.layue13.clashweave.client.ClientProxy:tick:190]: CW_PRESENT id=11 kind=HIT actor=0 owner=0
[06:44:51] [Client thread/INFO] [STDOUT]: [com.layue13.clashweave.client.ClientProxy:tick:190]: CW_PRESENT id=12 kind=HURT actor=73393 owner=0
[06:44:51] [Client thread/INFO] [STDOUT]: [com.layue13.clashweave.validation.ClientReplay:viewReplay:283]: P0_VIEW_START sequence=1 instance=3 yawDelta=0.0 pitchDelta=0.0 yaw=7.636908 pitch=-3.6204653 nano=85906711170500
[06:44:51] [Client thread/INFO] [STDOUT]: [com.layue13.clashweave.client.ClientProxy:hud:368]: CW_FRAME frozen=85906541367400 frame=85906711688800
[06:44:51] [Client thread/INFO] [STDOUT]: [com.layue13.clashweave.client.ClientProxy:apply:305]: CW_FEEDBACK player=P0A result=HIT frozen=85906846530600 receive=85906853383200 corrections=0
[06:44:51] [Client thread/INFO] [STDOUT]: [com.layue13.clashweave.validation.ClientReplay:audio:418]: P0_AUDIO source=random.successful_hit frozen=85906846530600 nano=85906853699200
[06:44:51] [Client thread/INFO] [STDOUT]: [com.layue13.clashweave.client.ClientProxy:hud:368]: CW_FRAME frozen=85906846530600 frame=85906854456200
[06:44:51] [Client thread/INFO] [STDOUT]: [com.layue13.clashweave.validation.ClientReplay:request:319]: P0_REQUEST intent=LIGHT yaw=7.0057817 pitch=-3.8685834 nano=85906903083700
[06:44:51] [Client thread/INFO] [STDOUT]: [com.layue13.clashweave.validation.ClientReplay:viewReplay:283]: P0_VIEW_START sequence=1 instance=4 yawDelta=0.0 pitchDelta=0.0 yaw=6.8658805 pitch=-3.9155748 nano=85907003369000
[06:44:51] [Client thread/INFO] [STDOUT]: [com.layue13.clashweave.client.ClientProxy:apply:305]: CW_FEEDBACK player=P0A result=HIT frozen=85907199066700 receive=85907204728400 corrections=0
[06:44:51] [Client thread/INFO] [STDOUT]: [com.layue13.clashweave.validation.ClientReplay:audio:418]: P0_AUDIO source=random.successful_hit frozen=85907199066700 nano=85907205065200
[06:44:51] [Client thread/INFO] [STDOUT]: [com.layue13.clashweave.client.ClientProxy:hud:368]: CW_FRAME frozen=85907199066700 frame=85907206214000
[06:44:52] [Client thread/INFO] [STDOUT]: [com.layue13.clashweave.validation.ClientReplay:viewReplay:296]: P0_VIEW_SEQUENCE completed=1 nano=85907702848100
[06:44:52] [Client thread/INFO] [STDOUT]: [com.layue13.clashweave.validation.ClientReplay:viewReplay:304]: P0_VIEW_SEQUENCE begin=2 nano=85907904638200
[06:44:52] [Client thread/INFO] [STDOUT]: [com.layue13.clashweave.validation.ClientReplay:audio:417]: P0_LOCAL_AUDIO nano=85907905777800
[06:44:52] [Client thread/INFO] [STDOUT]: [com.layue13.clashweave.client.ClientProxy:send:163]: CW_LOCAL_SWING seq=14 press=85907905626700 feedback=85907906077200
[06:44:52] [Client thread/INFO] [STDOUT]: [com.layue13.clashweave.validation.ClientReplay:request:319]: P0_REQUEST intent=LIGHT yaw=3.4938688 pitch=-4.598839 nano=85907906270900
[06:44:52] [Client thread/INFO] [STDOUT]: [com.layue13.clashweave.client.ClientProxy:apply:260]: CW_ALIGN player=P0A seq=14 predicted=0 authoritative=0 sameAction=true
[06:44:52] [Client thread/INFO] [STDOUT]: [com.layue13.clashweave.validation.ClientReplay:viewReplay:283]: P0_VIEW_START sequence=2 instance=5 yawDelta=0.0 pitchDelta=0.0 yaw=3.4938688 pitch=-4.598839 nano=85907953614400
[06:44:52] [Client thread/INFO] [STDOUT]: [com.layue13.clashweave.client.ClientProxy:apply:305]: CW_FEEDBACK player=P0A result=HIT frozen=85908137636300 receive=85908153702300 corrections=0
[06:44:52] [Client thread/INFO] [STDOUT]: [com.layue13.clashweave.validation.ClientReplay:audio:418]: P0_AUDIO source=random.successful_hit frozen=85908137636300 nano=85908154073200
[06:44:52] [Client thread/INFO] [STDOUT]: [com.layue13.clashweave.client.ClientProxy:hud:368]: CW_FRAME frozen=85908137636300 frame=85908154967700
[06:44:52] [Client thread/INFO] [STDOUT]: [com.layue13.clashweave.validation.ClientReplay:request:319]: P0_REQUEST intent=LIGHT yaw=2.22109 pitch=-4.717861 nano=85908203726100
[06:44:52] [Client thread/INFO] [STDOUT]: [com.layue13.clashweave.validation.ClientReplay:viewReplay:283]: P0_VIEW_START sequence=2 instance=6 yawDelta=0.0 pitchDelta=0.0 yaw=2.0030725 pitch=-4.7326927 nano=85908303445200
[06:44:52] [Client thread/INFO] [STDOUT]: [com.layue13.clashweave.client.ClientProxy:apply:305]: CW_FEEDBACK player=P0A result=HIT frozen=85908447981000 receive=85908453149000 corrections=0
[06:44:52] [Client thread/INFO] [STDOUT]: [com.layue13.clashweave.validation.ClientReplay:audio:418]: P0_AUDIO source=random.successful_hit frozen=85908447981000 nano=85908453427500
[06:44:52] [Client thread/INFO] [STDOUT]: [com.layue13.clashweave.client.ClientProxy:hud:368]: CW_FRAME frozen=85908447981000 frame=85908454282600
[06:44:52] [Client thread/INFO] [STDOUT]: [com.layue13.clashweave.validation.ClientReplay:request:319]: P0_REQUEST intent=LIGHT yaw=0.8959039 pitch=-4.7848268 nano=85908502967500
[06:44:52] [Client thread/INFO] [STDOUT]: [com.layue13.clashweave.validation.ClientReplay:viewReplay:283]: P0_VIEW_START sequence=2 instance=7 yawDelta=0.0 pitchDelta=0.0 yaw=0.672023 pitch=-4.7908034 nano=85908603293300
[06:44:53] [Client thread/INFO] [STDOUT]: [com.layue13.clashweave.client.ClientProxy:apply:305]: CW_FEEDBACK player=P0A result=HIT frozen=85908786417600 receive=85908802859900 corrections=0
[06:44:53] [Client thread/INFO] [STDOUT]: [com.layue13.clashweave.validation.ClientReplay:audio:418]: P0_AUDIO source=random.successful_hit frozen=85908786417600 nano=85908803155500
[06:44:53] [Client thread/INFO] [STDOUT]: [com.layue13.clashweave.client.ClientProxy:hud:368]: CW_FRAME frozen=85908786417600 frame=85908803957800
[06:44:53] [Client thread/INFO] [STDOUT]: [com.layue13.clashweave.validation.ClientReplay:viewReplay:296]: P0_VIEW_SEQUENCE completed=2 nano=85909303823100
[06:44:53] [Client thread/INFO] [STDOUT]: [com.layue13.clashweave.validation.ClientReplay:viewReplay:304]: P0_VIEW_SEQUENCE begin=3 nano=85909403050500
[06:44:53] [Client thread/INFO] [STDOUT]: [com.layue13.clashweave.validation.ClientReplay:audio:417]: P0_LOCAL_AUDIO nano=85909403471000
[06:44:53] [Client thread/INFO] [STDOUT]: [com.layue13.clashweave.client.ClientProxy:send:163]: CW_LOCAL_SWING seq=20 press=85909403336500 feedback=85909403670500
[06:44:53] [Client thread/INFO] [STDOUT]: [com.layue13.clashweave.validation.ClientReplay:request:319]: P0_REQUEST intent=LIGHT yaw=-3.0946279 pitch=-4.6643634 nano=85909403847200
[06:44:53] [Client thread/INFO] [STDOUT]: [com.layue13.clashweave.client.ClientProxy:apply:260]: CW_ALIGN player=P0A seq=20 predicted=0 authoritative=0 sameAction=true
[06:44:53] [Client thread/INFO] [STDOUT]: [com.layue13.clashweave.validation.ClientReplay:viewReplay:283]: P0_VIEW_START sequence=3 instance=8 yawDelta=0.0 pitchDelta=0.0 yaw=-3.0946279 pitch=-4.6643634 nano=85909453561400
[06:44:54] [Client thread/INFO] [STDOUT]: [com.layue13.clashweave.client.ClientProxy:apply:305]: CW_FEEDBACK player=P0A result=HIT frozen=85909635850500 receive=85909653359900 corrections=0
[06:44:54] [Client thread/INFO] [STDOUT]: [com.layue13.clashweave.validation.ClientReplay:audio:418]: P0_AUDIO source=random.successful_hit frozen=85909635850500 nano=85909653704100
[06:44:54] [Client thread/INFO] [STDOUT]: [com.layue13.clashweave.client.ClientProxy:hud:368]: CW_FRAME frozen=85909635850500 frame=85909654583200
[06:44:54] [Client thread/INFO] [STDOUT]: [com.layue13.clashweave.validation.ClientReplay:request:319]: P0_REQUEST intent=LIGHT yaw=-4.330145 pitch=-4.5200977 nano=85909703394200
[06:44:54] [Client thread/INFO] [STDOUT]: [com.layue13.clashweave.validation.ClientReplay:viewReplay:283]: P0_VIEW_START sequence=3 instance=9 yawDelta=0.0 pitchDelta=0.0 yaw=-4.527577 pitch=-4.4913206 nano=85909803079200
[06:44:54] [Client thread/INFO] [STDOUT]: [com.layue13.clashweave.client.ClientProxy:apply:305]: CW_FEEDBACK player=P0A result=HIT frozen=85909943539200 receive=85909953499300 corrections=0
[06:44:54] [Client thread/INFO] [STDOUT]: [com.layue13.clashweave.validation.ClientReplay:audio:418]: P0_AUDIO source=random.successful_hit frozen=85909943539200 nano=85909953786500
[06:44:54] [Client thread/INFO] [STDOUT]: [com.layue13.clashweave.client.ClientProxy:hud:368]: CW_FRAME frozen=85909943539200 frame=85909954648600
[06:44:54] [Client thread/INFO] [STDOUT]: [com.layue13.clashweave.validation.ClientReplay:request:319]: P0_REQUEST intent=LIGHT yaw=-5.470943 pitch=-4.328216 nano=85910003122500
[06:44:54] [Client thread/INFO] [STDOUT]: [com.layue13.clashweave.validation.ClientReplay:viewReplay:283]: P0_VIEW_START sequence=3 instance=10 yawDelta=0.0 pitchDelta=0.0 yaw=-5.6500316 pitch=-4.2918944 nano=85910103720000
[06:44:54] [Client thread/INFO] [STDOUT]: [com.layue13.clashweave.client.ClientProxy:apply:305]: CW_FEEDBACK player=P0A result=HIT frozen=85910298138500 receive=85910303100000 corrections=0
[06:44:54] [Client thread/INFO] [STDOUT]: [com.layue13.clashweave.client.ClientProxy:hud:368]: CW_FRAME frozen=85910298138500 frame=85910304411200
[06:44:55] [Client thread/INFO] [STDOUT]: [com.layue13.clashweave.validation.ClientReplay:viewReplay:296]: P0_VIEW_SEQUENCE completed=3 nano=85910802737000
[06:44:55] [Client thread/INFO] [STDOUT]: [com.layue13.clashweave.validation.ClientReplay:viewReplay:304]: P0_VIEW_SEQUENCE begin=4 nano=85910903075700
[06:44:55] [Client thread/INFO] [STDOUT]: [com.layue13.clashweave.validation.ClientReplay:audio:417]: P0_LOCAL_AUDIO nano=85910903518700
[06:44:55] [Client thread/INFO] [STDOUT]: [com.layue13.clashweave.client.ClientProxy:send:163]: CW_LOCAL_SWING seq=26 press=85910903369900 feedback=85910903764200
[06:44:55] [Client thread/INFO] [STDOUT]: [com.layue13.clashweave.validation.ClientReplay:request:319]: P0_REQUEST intent=LIGHT yaw=-8.0828495 pitch=-3.5147147 nano=85910903951600
[06:44:55] [Client thread/INFO] [STDOUT]: [com.layue13.clashweave.client.ClientProxy:apply:260]: CW_ALIGN player=P0A seq=26 predicted=0 authoritative=0 sameAction=true
[06:44:55] [Client thread/INFO] [STDOUT]: [com.layue13.clashweave.validation.ClientReplay:viewReplay:283]: P0_VIEW_START sequence=4 instance=11 yawDelta=0.0 pitchDelta=0.0 yaw=-8.0828495 pitch=-3.5147147 nano=85910953651800
[06:44:55] [Client thread/INFO] [STDOUT]: [com.layue13.clashweave.validation.ClientReplay:request:319]: P0_REQUEST intent=LIGHT yaw=-8.618098 pitch=-3.1845767 nano=85911202907600
[06:44:55] [Client thread/INFO] [STDOUT]: [com.layue13.clashweave.validation.ClientReplay:viewReplay:283]: P0_VIEW_START sequence=4 instance=12 yawDelta=0.0 pitchDelta=0.0 yaw=-8.688998 pitch=-3.1276336 nano=85911303672000
[06:44:56] [Client thread/INFO] [STDOUT]: [com.layue13.clashweave.validation.ClientReplay:viewReplay:296]: P0_VIEW_SEQUENCE completed=4 nano=85912303159400
[06:44:56] [Client thread/INFO] [STDOUT]: [com.layue13.clashweave.validation.ClientReplay:viewReplay:304]: P0_VIEW_SEQUENCE begin=5 nano=85912403041100
[06:44:56] [Client thread/INFO] [STDOUT]: [com.layue13.clashweave.validation.ClientReplay:audio:417]: P0_LOCAL_AUDIO nano=85912403548800
[06:44:56] [Client thread/INFO] [STDOUT]: [com.layue13.clashweave.client.ClientProxy:send:163]: CW_LOCAL_SWING seq=32 press=85912403381100 feedback=85912403797900
[06:44:56] [Client thread/INFO] [STDOUT]: [com.layue13.clashweave.client.ClientProxy:apply:260]: CW_ALIGN player=P0A seq=32 predicted=0 authoritative=0 sameAction=true
[06:44:58] [Client thread/INFO] [STDOUT]: [com.layue13.clashweave.validation.ClientReplay:viewReplay:296]: P0_VIEW_SEQUENCE completed=5 nano=85913803403200
[06:44:58] [Client thread/INFO] [STDOUT]: [com.layue13.clashweave.validation.ClientReplay:viewReplay:304]: P0_VIEW_SEQUENCE begin=6 nano=85913903074600
[06:44:58] [Client thread/INFO] [STDOUT]: [com.layue13.clashweave.validation.ClientReplay:audio:417]: P0_LOCAL_AUDIO nano=85913903500600
[06:44:58] [Client thread/INFO] [STDOUT]: [com.layue13.clashweave.client.ClientProxy:send:163]: CW_LOCAL_SWING seq=38 press=85913903368700 feedback=85913903708000
[06:44:58] [Client thread/INFO] [STDOUT]: [com.layue13.clashweave.client.ClientProxy:apply:260]: CW_ALIGN player=P0A seq=38 predicted=0 authoritative=0 sameAction=true
[06:44:59] [Client thread/INFO] [STDOUT]: [com.layue13.clashweave.validation.ClientReplay:viewReplay:296]: P0_VIEW_SEQUENCE completed=6 nano=85915303293100
[06:44:59] [Client thread/INFO] [STDOUT]: [com.layue13.clashweave.validation.ClientReplay:audio:417]: P0_LOCAL_AUDIO nano=85915403892500
[06:44:59] [Client thread/INFO] [STDOUT]: [com.layue13.clashweave.client.ClientProxy:send:163]: CW_LOCAL_SWING seq=44 press=85915403755500 feedback=85915404120100
[06:44:59] [Client thread/INFO] [STDOUT]: [com.layue13.clashweave.client.ClientProxy:apply:260]: CW_ALIGN player=P0A seq=44 predicted=0 authoritative=0 sameAction=true
[06:45:01] [Client thread/INFO] [STDOUT]: [com.layue13.clashweave.validation.ClientReplay:audio:417]: P0_LOCAL_AUDIO nano=85916904191500
[06:45:01] [Client thread/INFO] [STDOUT]: [com.layue13.clashweave.client.ClientProxy:send:163]: CW_LOCAL_SWING seq=50 press=85916904042200 feedback=85916904408100
[06:45:01] [Client thread/INFO] [STDOUT]: [com.layue13.clashweave.client.ClientProxy:apply:260]: CW_ALIGN player=P0A seq=50 predicted=0 authoritative=0 sameAction=true
[06:45:02] [Client thread/INFO] [STDOUT]: [com.layue13.clashweave.validation.ClientReplay:audio:417]: P0_LOCAL_AUDIO nano=85918403897600
[06:45:02] [Client thread/INFO] [STDOUT]: [com.layue13.clashweave.client.ClientProxy:send:163]: CW_LOCAL_SWING seq=56 press=85918403771700 feedback=85918404154000
[06:45:02] [Client thread/INFO] [STDOUT]: [com.layue13.clashweave.client.ClientProxy:apply:260]: CW_ALIGN player=P0A seq=56 predicted=0 authoritative=0 sameAction=true
[06:45:04] [Client thread/INFO] [STDOUT]: [com.layue13.clashweave.validation.ClientReplay:audio:417]: P0_LOCAL_AUDIO nano=85919903780400
[06:45:04] [Client thread/INFO] [STDOUT]: [com.layue13.clashweave.client.ClientProxy:send:163]: CW_LOCAL_SWING seq=62 press=85919903473100 feedback=85919904017900
[06:45:04] [Client thread/INFO] [STDOUT]: [com.layue13.clashweave.client.ClientProxy:apply:260]: CW_ALIGN player=P0A seq=62 predicted=0 authoritative=0 sameAction=true
[06:45:05] [Client thread/INFO] [STDOUT]: [com.layue13.clashweave.validation.ClientReplay:audio:417]: P0_LOCAL_AUDIO nano=85921403488900
[06:45:05] [Client thread/INFO] [STDOUT]: [com.layue13.clashweave.client.ClientProxy:send:163]: CW_LOCAL_SWING seq=68 press=85921403345600 feedback=85921403695500
[06:45:05] [Client thread/INFO] [STDOUT]: [com.layue13.clashweave.client.ClientProxy:apply:260]: CW_ALIGN player=P0A seq=68 predicted=0 authoritative=0 sameAction=true
[06:45:07] [Client thread/INFO] [STDOUT]: [com.layue13.clashweave.validation.ClientReplay:audio:417]: P0_LOCAL_AUDIO nano=85922903647800
[06:45:07] [Client thread/INFO] [STDOUT]: [com.layue13.clashweave.client.ClientProxy:send:163]: CW_LOCAL_SWING seq=74 press=85922903511100 feedback=85922903858600
[06:45:07] [Client thread/INFO] [STDOUT]: [com.layue13.clashweave.client.ClientProxy:apply:260]: CW_ALIGN player=P0A seq=74 predicted=0 authoritative=0 sameAction=true
[06:45:20] [Client thread/INFO] [STDOUT]: [com.layue13.clashweave.validation.ClientReplay:viewReplay:313]: P0_VIEW COMPLETE nano=85936303303600
[06:45:20] [Client thread/INFO] [STDOUT]: [com.layue13.clashweave.validation.ClientReplay:viewReplay:313]: P0_VIEW COMPLETE nano=85936353036100
[06:45:20] [Client thread/INFO] [STDOUT]: [com.layue13.clashweave.validation.ClientReplay:viewReplay:313]: P0_VIEW COMPLETE nano=85936402938300
[06:45:20] [Client thread/INFO] [STDOUT]: [com.layue13.clashweave.validation.ClientReplay:viewReplay:313]: P0_VIEW COMPLETE nano=85936453063800
[06:45:20] [Client thread/INFO] [STDOUT]: [com.layue13.clashweave.validation.ClientReplay:viewReplay:313]: P0_VIEW COMPLETE nano=85936503056400
[06:45:20] [Client thread/INFO] [STDOUT]: [com.layue13.clashweave.validation.ClientReplay:viewReplay:313]: P0_VIEW COMPLETE nano=85936553668400
[06:45:20] [Client thread/INFO] [STDOUT]: [com.layue13.clashweave.validation.ClientReplay:viewReplay:313]: P0_VIEW COMPLETE nano=85936603553600
[06:45:21] [Client thread/INFO] [STDOUT]: [com.layue13.clashweave.validation.ClientReplay:viewReplay:313]: P0_VIEW COMPLETE nano=85936653482200
[06:45:21] [Client thread/INFO] [STDOUT]: [com.layue13.clashweave.validation.ClientReplay:viewReplay:313]: P0_VIEW COMPLETE nano=85936703374900
[06:45:21] [Client thread/INFO] [STDOUT]: [com.layue13.clashweave.validation.ClientReplay:viewReplay:313]: P0_VIEW COMPLETE nano=85936753659700
[06:45:21] [Client thread/INFO] [STDOUT]: [com.layue13.clashweave.validation.ClientReplay:viewReplay:313]: P0_VIEW COMPLETE nano=85936803123400
[06:45:21] [Client thread/INFO] [STDOUT]: [com.layue13.clashweave.validation.ClientReplay:viewReplay:313]: P0_VIEW COMPLETE nano=85936852823400
[06:45:21] [Client thread/INFO] [STDOUT]: [com.layue13.clashweave.validation.ClientReplay:viewReplay:313]: P0_VIEW COMPLETE nano=85936902909500
[06:45:21] [Client thread/INFO] [STDOUT]: [com.layue13.clashweave.validation.ClientReplay:viewReplay:313]: P0_VIEW COMPLETE nano=85936954242100
[06:45:21] [Client thread/INFO] [STDOUT]: [com.layue13.clashweave.validation.ClientReplay:viewReplay:313]: P0_VIEW COMPLETE nano=85937002906000
[06:45:21] [Client thread/INFO] [STDOUT]: [com.layue13.clashweave.validation.ClientReplay:viewReplay:313]: P0_VIEW COMPLETE nano=85937053910600
[06:45:21] [Client thread/INFO] [STDOUT]: [com.layue13.clashweave.validation.ClientReplay:viewReplay:313]: P0_VIEW COMPLETE nano=85937102758600
[06:45:21] [Client thread/INFO] [STDOUT]: [com.layue13.clashweave.validation.ClientReplay:viewReplay:313]: P0_VIEW COMPLETE nano=85937152980900
[06:45:21] [Client thread/INFO] [STDOUT]: [com.layue13.clashweave.validation.ClientReplay:viewReplay:313]: P0_VIEW COMPLETE nano=85937202981300
[06:45:21] [Client thread/INFO] [STDOUT]: [com.layue13.clashweave.validation.ClientReplay:viewReplay:313]: P0_VIEW COMPLETE nano=85937253157100
[06:45:21] [Client thread/INFO] [STDOUT]: [com.layue13.clashweave.validation.ClientReplay:viewReplay:313]: P0_VIEW COMPLETE nano=85937302723400
[06:45:21] [Client thread/INFO] [STDOUT]: [com.layue13.clashweave.validation.ClientReplay:viewReplay:313]: P0_VIEW COMPLETE nano=85937352860900
[06:45:21] [Client thread/INFO] [STDOUT]: [com.layue13.clashweave.validation.ClientReplay:viewReplay:313]: P0_VIEW COMPLETE nano=85937402879800
[06:45:21] [Client thread/INFO] [STDOUT]: [com.layue13.clashweave.validation.ClientReplay:viewReplay:313]: P0_VIEW COMPLETE nano=85937453685600
[06:45:21] [Client thread/INFO] [STDOUT]: [com.layue13.clashweave.validation.ClientReplay:viewReplay:313]: P0_VIEW COMPLETE nano=85937503883700
[06:45:21] [Client thread/INFO] [STDOUT]: [com.layue13.clashweave.validation.ClientReplay:viewReplay:313]: P0_VIEW COMPLETE nano=85937553270000
[06:45:21] [Client thread/INFO] [STDOUT]: [com.layue13.clashweave.validation.ClientReplay:viewReplay:313]: P0_VIEW COMPLETE nano=85937602863500
[06:45:22] [Client thread/INFO] [STDOUT]: [com.layue13.clashweave.validation.ClientReplay:viewReplay:313]: P0_VIEW COMPLETE nano=85937653013200
[06:45:22] [Client thread/INFO] [STDOUT]: [com.layue13.clashweave.validation.ClientReplay:viewReplay:313]: P0_VIEW COMPLETE nano=85937702761700
[06:45:22] [Client thread/INFO] [STDOUT]: [com.layue13.clashweave.validation.ClientReplay:viewReplay:313]: P0_VIEW COMPLETE nano=85937752780300
[06:45:22] [Client thread/INFO] [STDOUT]: [com.layue13.clashweave.validation.ClientReplay:viewReplay:313]: P0_VIEW COMPLETE nano=85937803874600
[06:45:22] [Client thread/INFO] [STDOUT]: [com.layue13.clashweave.validation.ClientReplay:viewReplay:313]: P0_VIEW COMPLETE nano=85937855588600
[06:45:22] [Client thread/INFO] [STDOUT]: [com.layue13.clashweave.validation.ClientReplay:viewReplay:313]: P0_VIEW COMPLETE nano=85937903373100
[06:45:22] [Client thread/INFO] [STDOUT]: [com.layue13.clashweave.validation.ClientReplay:viewReplay:313]: P0_VIEW COMPLETE nano=85937952944800
[06:45:22] [Client thread/INFO] [STDOUT]: [com.layue13.clashweave.validation.ClientReplay:viewReplay:313]: P0_VIEW COMPLETE nano=85938002874800
[06:45:22] [Client thread/INFO] [STDOUT]: [com.layue13.clashweave.validation.ClientReplay:viewReplay:313]: P0_VIEW COMPLETE nano=85938052818600
[06:45:22] [Client thread/INFO] [STDOUT]: [com.layue13.clashweave.validation.ClientReplay:viewReplay:313]: P0_VIEW COMPLETE nano=85938103489000
[06:45:22] [Client thread/INFO] [STDOUT]: [com.layue13.clashweave.validation.ClientReplay:viewReplay:313]: P0_VIEW COMPLETE nano=85938153367600
[06:45:22] [Client thread/INFO] [STDOUT]: [com.layue13.clashweave.validation.ClientReplay:viewReplay:313]: P0_VIEW COMPLETE nano=85938203487200
[06:45:22] [Client thread/INFO] [STDOUT]: [com.layue13.clashweave.validation.ClientReplay:viewReplay:313]: P0_VIEW COMPLETE nano=85938253057000
[06:45:22] [Client thread/INFO] [STDOUT]: [com.layue13.clashweave.validation.ClientReplay:viewReplay:313]: P0_VIEW COMPLETE nano=85938302819100
[06:45:22] [Client thread/INFO] [STDOUT]: [com.layue13.clashweave.validation.ClientReplay:viewReplay:313]: P0_VIEW COMPLETE nano=85938353145400
[06:45:22] [Client thread/INFO] [STDOUT]: [com.layue13.clashweave.validation.ClientReplay:viewReplay:313]: P0_VIEW COMPLETE nano=85938403011000
[06:45:22] [Client thread/INFO] [STDOUT]: [com.layue13.clashweave.validation.ClientReplay:viewReplay:313]: P0_VIEW COMPLETE nano=85938453184000
[06:45:22] [Client thread/INFO] [STDOUT]: [com.layue13.clashweave.validation.ClientReplay:viewReplay:313]: P0_VIEW COMPLETE nano=85938502779200
[06:45:22] [Client thread/INFO] [STDOUT]: [com.layue13.clashweave.validation.ClientReplay:viewReplay:313]: P0_VIEW COMPLETE nano=85938552916700
[06:45:22] [Client thread/INFO] [STDOUT]: [com.layue13.clashweave.validation.ClientReplay:viewReplay:313]: P0_VIEW COMPLETE nano=85938603366000
[06:45:23] [Client thread/INFO] [STDOUT]: [com.layue13.clashweave.validation.ClientReplay:viewReplay:313]: P0_VIEW COMPLETE nano=85938652724400
[06:45:23] [Client thread/INFO] [STDOUT]: [com.layue13.clashweave.validation.ClientReplay:viewReplay:313]: P0_VIEW COMPLETE nano=85938702820000
[06:45:23] [Client thread/INFO] [STDOUT]: [com.layue13.clashweave.validation.ClientReplay:viewReplay:313]: P0_VIEW COMPLETE nano=85938752775000
[06:45:23] [Client thread/INFO] [STDOUT]: [com.layue13.clashweave.validation.ClientReplay:viewReplay:313]: P0_VIEW COMPLETE nano=85938802741600
[06:45:23] [Client thread/INFO] [STDOUT]: [com.layue13.clashweave.validation.ClientReplay:viewReplay:313]: P0_VIEW COMPLETE nano=85938853140900
[06:45:23] [Client thread/INFO] [STDOUT]: [com.layue13.clashweave.validation.ClientReplay:viewReplay:313]: P0_VIEW COMPLETE nano=85938902928900
[06:45:23] [Client thread/INFO] [STDOUT]: [com.layue13.clashweave.validation.ClientReplay:viewReplay:313]: P0_VIEW COMPLETE nano=85938952833000
[06:45:23] [Client thread/INFO] [STDOUT]: [com.layue13.clashweave.validation.ClientReplay:viewReplay:313]: P0_VIEW COMPLETE nano=85939004342500
[06:45:23] [Client thread/INFO] [STDOUT]: [com.layue13.clashweave.validation.ClientReplay:viewReplay:313]: P0_VIEW COMPLETE nano=85939053588200
[06:45:23] [Client thread/INFO] [STDOUT]: [com.layue13.clashweave.validation.ClientReplay:viewReplay:313]: P0_VIEW COMPLETE nano=85939102822300
[06:45:23] [Client thread/INFO] [STDOUT]: [com.layue13.clashweave.validation.ClientReplay:viewReplay:313]: P0_VIEW COMPLETE nano=85939152942800
[06:45:23] [Client thread/INFO] [STDOUT]: [com.layue13.clashweave.validation.ClientReplay:viewReplay:313]: P0_VIEW COMPLETE nano=85939202693800
[06:45:23] [Client thread/INFO] [STDOUT]: [com.layue13.clashweave.validation.ClientReplay:viewReplay:313]: P0_VIEW COMPLETE nano=85939253646400
[06:45:23] [Client thread/INFO] [STDOUT]: [com.layue13.clashweave.validation.ClientReplay:viewReplay:313]: P0_VIEW COMPLETE nano=85939303677300
[06:45:23] [Client thread/INFO] [STDOUT]: [com.layue13.clashweave.validation.ClientReplay:viewReplay:313]: P0_VIEW COMPLETE nano=85939352747600
[06:45:23] [Client thread/INFO] [STDOUT]: [com.layue13.clashweave.validation.ClientReplay:viewReplay:313]: P0_VIEW COMPLETE nano=85939402924000
[06:45:23] [Client thread/INFO] [STDOUT]: [com.layue13.clashweave.validation.ClientReplay:viewReplay:313]: P0_VIEW COMPLETE nano=85939453344200
[06:45:23] [Client thread/INFO] [STDOUT]: [com.layue13.clashweave.validation.ClientReplay:viewReplay:313]: P0_VIEW COMPLETE nano=85939502998700
[06:45:23] [Client thread/INFO] [STDOUT]: [com.layue13.clashweave.validation.ClientReplay:viewReplay:313]: P0_VIEW COMPLETE nano=85939553890600
[06:45:23] [Client thread/INFO] [STDOUT]: [com.layue13.clashweave.validation.ClientReplay:viewReplay:313]: P0_VIEW COMPLETE nano=85939603662700
[06:45:24] [Client thread/INFO] [STDOUT]: [com.layue13.clashweave.validation.ClientReplay:viewReplay:313]: P0_VIEW COMPLETE nano=85939652729400
[06:45:24] [Client thread/INFO] [STDOUT]: [com.layue13.clashweave.validation.ClientReplay:viewReplay:313]: P0_VIEW COMPLETE nano=85939702713300
[06:45:24] [Client thread/INFO] [STDOUT]: [com.layue13.clashweave.validation.ClientReplay:viewReplay:313]: P0_VIEW COMPLETE nano=85939752873300
[06:45:24] [Client thread/INFO] [STDOUT]: [com.layue13.clashweave.validation.ClientReplay:viewReplay:313]: P0_VIEW COMPLETE nano=85939802857300
[06:45:24] [Client thread/INFO] [STDOUT]: [com.layue13.clashweave.validation.ClientReplay:viewReplay:313]: P0_VIEW COMPLETE nano=85939853183600
[06:45:24] [Client thread/INFO] [STDOUT]: [com.layue13.clashweave.validation.ClientReplay:viewReplay:313]: P0_VIEW COMPLETE nano=85939903925500
[06:45:24] [Client thread/INFO] [STDOUT]: [com.layue13.clashweave.validation.ClientReplay:viewReplay:313]: P0_VIEW COMPLETE nano=85939953604900
[06:45:24] [Client thread/INFO] [STDOUT]: [com.layue13.clashweave.validation.ClientReplay:viewReplay:313]: P0_VIEW COMPLETE nano=85940003002400
[06:45:24] [Client thread/INFO] [STDOUT]: [com.layue13.clashweave.validation.ClientReplay:viewReplay:313]: P0_VIEW COMPLETE nano=85940053091300
[06:45:24] [Client thread/INFO] [STDOUT]: [com.layue13.clashweave.validation.ClientReplay:viewReplay:313]: P0_VIEW COMPLETE nano=85940102920400
[06:45:24] [Client thread/INFO] [STDOUT]: [com.layue13.clashweave.validation.ClientReplay:viewReplay:313]: P0_VIEW COMPLETE nano=85940153659200
[06:45:24] [Client thread/INFO] [STDOUT]: [com.layue13.clashweave.validation.ClientReplay:viewReplay:313]: P0_VIEW COMPLETE nano=85940202826600
[06:45:24] [Client thread/INFO] [STDOUT]: [com.layue13.clashweave.validation.ClientReplay:viewReplay:313]: P0_VIEW COMPLETE nano=85940252944000
[06:45:24] [Client thread/INFO] [STDOUT]: [com.layue13.clashweave.validation.ClientReplay:viewReplay:313]: P0_VIEW COMPLETE nano=85940303279900
[06:45:24] [Client thread/INFO] [STDOUT]: [com.layue13.clashweave.validation.ClientReplay:viewReplay:313]: P0_VIEW COMPLETE nano=85940353043200
[06:45:24] [Client thread/INFO] [STDOUT]: [com.layue13.clashweave.validation.ClientReplay:viewReplay:313]: P0_VIEW COMPLETE nano=85940403048600
[06:45:24] [Client thread/INFO] [STDOUT]: [com.layue13.clashweave.validation.ClientReplay:viewReplay:313]: P0_VIEW COMPLETE nano=85940453471400
[06:45:24] [Client thread/INFO] [STDOUT]: [com.layue13.clashweave.validation.ClientReplay:viewReplay:313]: P0_VIEW COMPLETE nano=85940503000500
[06:45:24] [Client thread/INFO] [STDOUT]: [com.layue13.clashweave.validation.ClientReplay:viewReplay:313]: P0_VIEW COMPLETE nano=85940552721500
[06:45:24] [Client thread/INFO] [STDOUT]: [com.layue13.clashweave.validation.ClientReplay:viewReplay:313]: P0_VIEW COMPLETE nano=85940602733400
[06:45:25] [Client thread/INFO] [STDOUT]: [com.layue13.clashweave.validation.ClientReplay:viewReplay:313]: P0_VIEW COMPLETE nano=85940653347900
[06:45:25] [Client thread/INFO] [STDOUT]: [com.layue13.clashweave.validation.ClientReplay:viewReplay:313]: P0_VIEW COMPLETE nano=85940703318300
[06:45:25] [Client thread/INFO] [STDOUT]: [com.layue13.clashweave.validation.ClientReplay:viewReplay:313]: P0_VIEW COMPLETE nano=85940753375800
[06:45:25] [Client thread/INFO] [STDOUT]: [com.layue13.clashweave.validation.ClientReplay:viewReplay:313]: P0_VIEW COMPLETE nano=85940803102800
[06:45:25] [Client thread/INFO] [STDOUT]: [com.layue13.clashweave.validation.ClientReplay:viewReplay:313]: P0_VIEW COMPLETE nano=85940853016900
[06:45:25] [Client thread/INFO] [STDOUT]: [com.layue13.clashweave.validation.ClientReplay:viewReplay:313]: P0_VIEW COMPLETE nano=85940902753400
[06:45:25] [Client thread/INFO] [STDOUT]: [com.layue13.clashweave.validation.ClientReplay:viewReplay:313]: P0_VIEW COMPLETE nano=85940953166600
[06:45:25] [Client thread/INFO] [STDOUT]: [com.layue13.clashweave.validation.ClientReplay:viewReplay:313]: P0_VIEW COMPLETE nano=85941002629900
[06:45:25] [Client thread/INFO] [STDOUT]: [com.layue13.clashweave.validation.ClientReplay:viewReplay:313]: P0_VIEW COMPLETE nano=85941052650500
[06:45:25] [Client thread/INFO] [STDOUT]: [com.layue13.clashweave.validation.ClientReplay:viewReplay:313]: P0_VIEW COMPLETE nano=85941103226400
[06:45:25] [Client thread/INFO] [STDOUT]: [com.layue13.clashweave.validation.ClientReplay:viewReplay:313]: P0_VIEW COMPLETE nano=85941153488300
[06:45:25] [Client thread/INFO] [STDOUT]: [com.layue13.clashweave.validation.ClientReplay:viewReplay:313]: P0_VIEW COMPLETE nano=85941202826700
[06:45:25] [Client thread/INFO] [STDOUT]: [com.layue13.clashweave.validation.ClientReplay:viewReplay:313]: P0_VIEW COMPLETE nano=85941363030400
[06:45:25] [Client thread/INFO] [STDOUT]: [com.layue13.clashweave.validation.ClientReplay:viewReplay:313]: P0_VIEW COMPLETE nano=85941393657800
[06:45:25] [Client thread/INFO] [STDOUT]: [com.layue13.clashweave.validation.ClientReplay:viewReplay:313]: P0_VIEW COMPLETE nano=85941394139000
[06:45:25] [Client thread/INFO] [STDOUT]: [com.layue13.clashweave.validation.ClientReplay:viewReplay:313]: P0_VIEW COMPLETE nano=85941412073200
[06:45:25] [Client thread/INFO] [STDOUT]: [com.layue13.clashweave.validation.ClientReplay:viewReplay:313]: P0_VIEW COMPLETE nano=85941461801000
[06:45:25] [Client thread/INFO] [STDOUT]: [com.layue13.clashweave.validation.ClientReplay:viewReplay:313]: P0_VIEW COMPLETE nano=85941511776100
[06:45:25] [Client thread/INFO] [STDOUT]: [com.layue13.clashweave.validation.ClientReplay:viewReplay:313]: P0_VIEW COMPLETE nano=85941561956200
[06:45:25] [Client thread/INFO] [STDOUT]: [com.layue13.clashweave.validation.ClientReplay:viewReplay:313]: P0_VIEW COMPLETE nano=85941612702600
[06:45:26] [Client thread/INFO] [STDOUT]: [com.layue13.clashweave.validation.ClientReplay:viewReplay:313]: P0_VIEW COMPLETE nano=85941662488200
[06:45:26] [Client thread/INFO] [STDOUT]: [com.layue13.clashweave.validation.ClientReplay:viewReplay:313]: P0_VIEW COMPLETE nano=85941712010400
[06:45:26] [Client thread/INFO] [STDOUT]: [com.layue13.clashweave.validation.ClientReplay:viewReplay:313]: P0_VIEW COMPLETE nano=85941762368800
[06:45:26] [Client thread/INFO] [STDOUT]: [com.layue13.clashweave.validation.ClientReplay:viewReplay:313]: P0_VIEW COMPLETE nano=85941811666000
[06:45:26] [Client thread/INFO] [STDOUT]: [com.layue13.clashweave.validation.ClientReplay:viewReplay:313]: P0_VIEW COMPLETE nano=85941862282800
[06:45:26] [Client thread/INFO] [STDOUT]: [com.layue13.clashweave.validation.ClientReplay:viewReplay:313]: P0_VIEW COMPLETE nano=85941912658000
[06:45:26] [Client thread/INFO] [STDOUT]: [com.layue13.clashweave.validation.ClientReplay:viewReplay:313]: P0_VIEW COMPLETE nano=85941961887000
[06:45:26] [Client thread/INFO] [STDOUT]: [com.layue13.clashweave.validation.ClientReplay:viewReplay:313]: P0_VIEW COMPLETE nano=85942012597400
[06:45:26] [Client thread/INFO] [STDOUT]: [com.layue13.clashweave.validation.ClientReplay:viewReplay:313]: P0_VIEW COMPLETE nano=85942062323200
[06:45:26] [Client thread/INFO] [STDOUT]: [com.layue13.clashweave.validation.ClientReplay:viewReplay:313]: P0_VIEW COMPLETE nano=85942112491400
[06:45:26] [Client thread/INFO] [STDOUT]: [com.layue13.clashweave.validation.ClientReplay:viewReplay:313]: P0_VIEW COMPLETE nano=85942162537900
[06:45:26] [Client thread/INFO] [STDOUT]: [com.layue13.clashweave.validation.ClientReplay:viewReplay:313]: P0_VIEW COMPLETE nano=85942212400500
[06:45:26] [Client thread/INFO] [STDOUT]: [com.layue13.clashweave.validation.ClientReplay:viewReplay:313]: P0_VIEW COMPLETE nano=85942261823400
[06:45:26] [Client thread/INFO] [STDOUT]: [com.layue13.clashweave.validation.ClientReplay:viewReplay:313]: P0_VIEW COMPLETE nano=85942312303100
[06:45:26] [Client thread/INFO] [STDOUT]: [com.layue13.clashweave.validation.ClientReplay:viewReplay:313]: P0_VIEW COMPLETE nano=85942362543500
[06:45:26] [Client thread/INFO] [STDOUT]: [com.layue13.clashweave.validation.ClientReplay:viewReplay:313]: P0_VIEW COMPLETE nano=85942412597100
[06:45:26] [Client thread/INFO] [STDOUT]: [com.layue13.clashweave.validation.ClientReplay:viewReplay:313]: P0_VIEW COMPLETE nano=85942461975200
[06:45:26] [Client thread/INFO] [STDOUT]: [com.layue13.clashweave.validation.ClientReplay:viewReplay:313]: P0_VIEW COMPLETE nano=85942512025700
[06:45:26] [Client thread/INFO] [STDOUT]: [com.layue13.clashweave.validation.ClientReplay:viewReplay:313]: P0_VIEW COMPLETE nano=85942562077100
[06:45:26] [Client thread/INFO] [STDOUT]: [com.layue13.clashweave.validation.ClientReplay:viewReplay:313]: P0_VIEW COMPLETE nano=85942612224300
[06:45:27] [Client thread/INFO] [STDOUT]: [com.layue13.clashweave.validation.ClientReplay:viewReplay:313]: P0_VIEW COMPLETE nano=85942662348300
[06:45:27] [Client thread/INFO] [STDOUT]: [com.layue13.clashweave.validation.ClientReplay:viewReplay:313]: P0_VIEW COMPLETE nano=85942711985300
[06:45:27] [Client thread/INFO] [STDOUT]: [com.layue13.clashweave.validation.ClientReplay:viewReplay:313]: P0_VIEW COMPLETE nano=85942761993000
[06:45:27] [Client thread/INFO] [STDOUT]: [com.layue13.clashweave.validation.ClientReplay:viewReplay:313]: P0_VIEW COMPLETE nano=85942811779600
[06:45:27] [Client thread/INFO] [STDOUT]: [com.layue13.clashweave.validation.ClientReplay:viewReplay:313]: P0_VIEW COMPLETE nano=85942862500200
[06:45:27] [Client thread/INFO] [STDOUT]: [com.layue13.clashweave.validation.ClientReplay:viewReplay:313]: P0_VIEW COMPLETE nano=85942911707800
[06:45:27] [Client thread/INFO] [STDOUT]: [com.layue13.clashweave.validation.ClientReplay:viewReplay:313]: P0_VIEW COMPLETE nano=85942961919600
[06:45:27] [Client thread/INFO] [STDOUT]: [com.layue13.clashweave.validation.ClientReplay:viewReplay:313]: P0_VIEW COMPLETE nano=85943011902600
[06:45:27] [Client thread/INFO] [STDOUT]: [com.layue13.clashweave.validation.ClientReplay:viewReplay:313]: P0_VIEW COMPLETE nano=85943061612300
[06:45:27] [Client thread/INFO] [STDOUT]: [com.layue13.clashweave.validation.ClientReplay:viewReplay:313]: P0_VIEW COMPLETE nano=85943112254000
[06:45:27] [Client thread/INFO] [STDOUT]: [com.layue13.clashweave.validation.ClientReplay:viewReplay:313]: P0_VIEW COMPLETE nano=85943162086100
[06:45:27] [Client thread/INFO] [STDOUT]: [com.layue13.clashweave.validation.ClientReplay:viewReplay:313]: P0_VIEW COMPLETE nano=85943211675700
[06:45:27] [Client thread/INFO] [STDOUT]: [com.layue13.clashweave.validation.ClientReplay:viewReplay:313]: P0_VIEW COMPLETE nano=85943261703800
[06:45:27] [Client thread/INFO] [STDOUT]: [com.layue13.clashweave.validation.ClientReplay:viewReplay:313]: P0_VIEW COMPLETE nano=85943312322900
[06:45:27] [Client thread/INFO] [STDOUT]: [com.layue13.clashweave.validation.ClientReplay:viewReplay:313]: P0_VIEW COMPLETE nano=85943362554600
[06:45:27] [Client thread/INFO] [STDOUT]: [com.layue13.clashweave.validation.ClientReplay:viewReplay:313]: P0_VIEW COMPLETE nano=85943412027100
[06:45:27] [Client thread/INFO] [STDOUT]: [com.layue13.clashweave.validation.ClientReplay:viewReplay:313]: P0_VIEW COMPLETE nano=85943462013300
[06:45:27] [Client thread/INFO] [STDOUT]: [com.layue13.clashweave.validation.ClientReplay:viewReplay:313]: P0_VIEW COMPLETE nano=85943512035200
[06:45:27] [Client thread/INFO] [STDOUT]: [com.layue13.clashweave.validation.ClientReplay:viewReplay:313]: P0_VIEW COMPLETE nano=85943561999100
[06:45:27] [Client thread/INFO] [STDOUT]: [com.layue13.clashweave.validation.ClientReplay:viewReplay:313]: P0_VIEW COMPLETE nano=85943612083400
[06:45:28] [Client thread/INFO] [STDOUT]: [com.layue13.clashweave.validation.ClientReplay:viewReplay:313]: P0_VIEW COMPLETE nano=85943662000300
[06:45:28] [Client thread/INFO] [STDOUT]: [com.layue13.clashweave.validation.ClientReplay:viewReplay:313]: P0_VIEW COMPLETE nano=85943712497200
[06:45:28] [Client thread/INFO] [STDOUT]: [com.layue13.clashweave.validation.ClientReplay:viewReplay:313]: P0_VIEW COMPLETE nano=85943762040200
[06:45:28] [Client thread/INFO] [STDOUT]: [com.layue13.clashweave.validation.ClientReplay:viewReplay:313]: P0_VIEW COMPLETE nano=85943812379000
[06:45:28] [Client thread/INFO] [STDOUT]: [com.layue13.clashweave.validation.ClientReplay:viewReplay:313]: P0_VIEW COMPLETE nano=85943861850100
[06:45:28] [Client thread/INFO] [STDOUT]: [com.layue13.clashweave.validation.ClientReplay:viewReplay:313]: P0_VIEW COMPLETE nano=85943912739700
[06:45:28] [Client thread/INFO] [STDOUT]: [com.layue13.clashweave.validation.ClientReplay:viewReplay:313]: P0_VIEW COMPLETE nano=85943962365800
[06:45:28] [Client thread/INFO] [STDOUT]: [com.layue13.clashweave.validation.ClientReplay:viewReplay:313]: P0_VIEW COMPLETE nano=85944011714600
[06:45:28] [Client thread/INFO] [STDOUT]: [com.layue13.clashweave.validation.ClientReplay:viewReplay:313]: P0_VIEW COMPLETE nano=85944061714100
[06:45:28] [Client thread/INFO] [STDOUT]: [com.layue13.clashweave.validation.ClientReplay:viewReplay:313]: P0_VIEW COMPLETE nano=85944112799300
[06:45:28] [Client thread/INFO] [STDOUT]: [com.layue13.clashweave.validation.ClientReplay:viewReplay:313]: P0_VIEW COMPLETE nano=85944161995700
[06:45:28] [Client thread/INFO] [STDOUT]: [com.layue13.clashweave.validation.ClientReplay:viewReplay:313]: P0_VIEW COMPLETE nano=85944211638600
[06:45:28] [Client thread/INFO] [STDOUT]: [com.layue13.clashweave.validation.ClientReplay:viewReplay:313]: P0_VIEW COMPLETE nano=85944261934300
[06:45:28] [Client thread/INFO] [STDOUT]: [com.layue13.clashweave.validation.ClientReplay:viewReplay:313]: P0_VIEW COMPLETE nano=85944312754700
[06:45:28] [Client thread/INFO] [STDOUT]: [com.layue13.clashweave.validation.ClientReplay:viewReplay:313]: P0_VIEW COMPLETE nano=85944361758400
[06:45:28] [Client thread/INFO] [STDOUT]: [com.layue13.clashweave.validation.ClientReplay:viewReplay:313]: P0_VIEW COMPLETE nano=85944412505400
[06:45:28] [Client thread/INFO] [STDOUT]: [com.layue13.clashweave.validation.ClientReplay:viewReplay:313]: P0_VIEW COMPLETE nano=85944461640800
[06:45:28] [Client thread/INFO] [STDOUT]: [com.layue13.clashweave.validation.ClientReplay:viewReplay:313]: P0_VIEW COMPLETE nano=85944512195500
[06:45:28] [Client thread/INFO] [STDOUT]: [com.layue13.clashweave.validation.ClientReplay:viewReplay:313]: P0_VIEW COMPLETE nano=85944561997300
[06:45:28] [Client thread/INFO] [STDOUT]: [com.layue13.clashweave.validation.ClientReplay:viewReplay:313]: P0_VIEW COMPLETE nano=85944612557700
[06:45:29] [Client thread/INFO] [STDOUT]: [com.layue13.clashweave.validation.ClientReplay:viewReplay:313]: P0_VIEW COMPLETE nano=85944661713400
[06:45:29] [Client thread/INFO] [STDOUT]: [com.layue13.clashweave.validation.ClientReplay:viewReplay:313]: P0_VIEW COMPLETE nano=85944711664800
[06:45:29] [Client thread/INFO] [STDOUT]: [com.layue13.clashweave.validation.ClientReplay:viewReplay:313]: P0_VIEW COMPLETE nano=85944762327500
[06:45:29] [Client thread/INFO] [STDOUT]: [com.layue13.clashweave.validation.ClientReplay:viewReplay:313]: P0_VIEW COMPLETE nano=85944811644000
[06:45:29] [Client thread/INFO] [STDOUT]: [com.layue13.clashweave.validation.ClientReplay:viewReplay:313]: P0_VIEW COMPLETE nano=85944862543800
[06:45:29] [Client thread/INFO] [STDOUT]: [com.layue13.clashweave.validation.ClientReplay:viewReplay:313]: P0_VIEW COMPLETE nano=85944912335800
[06:45:29] [Client thread/INFO] [STDOUT]: [com.layue13.clashweave.validation.ClientReplay:viewReplay:313]: P0_VIEW COMPLETE nano=85944962660800
[06:45:29] [Client thread/INFO] [STDOUT]: [com.layue13.clashweave.validation.ClientReplay:viewReplay:313]: P0_VIEW COMPLETE nano=85945012495200
[06:45:29] [Client thread/INFO] [STDOUT]: [com.layue13.clashweave.validation.ClientReplay:viewReplay:313]: P0_VIEW COMPLETE nano=85945061712800
[06:45:29] [Client thread/INFO] [STDOUT]: [com.layue13.clashweave.validation.ClientReplay:viewReplay:313]: P0_VIEW COMPLETE nano=85945111758600
[06:45:29] [Client thread/INFO] [STDOUT]: [com.layue13.clashweave.validation.ClientReplay:viewReplay:313]: P0_VIEW COMPLETE nano=85945162278100
[06:45:29] [Client thread/INFO] [STDOUT]: [com.layue13.clashweave.validation.ClientReplay:viewReplay:313]: P0_VIEW COMPLETE nano=85945211680700
[06:45:29] [Client thread/INFO] [STDOUT]: [com.layue13.clashweave.validation.ClientReplay:viewReplay:313]: P0_VIEW COMPLETE nano=85945262104500
[06:45:29] [Client thread/INFO] [STDOUT]: [com.layue13.clashweave.validation.ClientReplay:viewReplay:313]: P0_VIEW COMPLETE nano=85945311681200
[06:45:29] [Client thread/INFO] [STDOUT]: [com.layue13.clashweave.validation.ClientReplay:viewReplay:313]: P0_VIEW COMPLETE nano=85945362108000
[06:45:29] [Client thread/INFO] [STDOUT]: [com.layue13.clashweave.validation.ClientReplay:viewReplay:313]: P0_VIEW COMPLETE nano=85945412575400
[06:45:29] [Client thread/INFO] [STDOUT]: [com.layue13.clashweave.validation.ClientReplay:viewReplay:313]: P0_VIEW COMPLETE nano=85945462665000
[06:45:29] [Client thread/INFO] [STDOUT]: [com.layue13.clashweave.validation.ClientReplay:viewReplay:313]: P0_VIEW COMPLETE nano=85945511755900
[06:45:29] [Client thread/INFO] [STDOUT]: [com.layue13.clashweave.validation.ClientReplay:viewReplay:313]: P0_VIEW COMPLETE nano=85945562057500
[06:45:29] [Client thread/INFO] [STDOUT]: [com.layue13.clashweave.validation.ClientReplay:viewReplay:313]: P0_VIEW COMPLETE nano=85945612351400
[06:45:30] [Client thread/INFO] [STDOUT]: [com.layue13.clashweave.validation.ClientReplay:viewReplay:313]: P0_VIEW COMPLETE nano=85945661695000
[06:45:30] [Client thread/INFO] [STDOUT]: [com.layue13.clashweave.validation.ClientReplay:viewReplay:313]: P0_VIEW COMPLETE nano=85945711714000
[06:45:30] [Client thread/INFO] [STDOUT]: [com.layue13.clashweave.validation.ClientReplay:viewReplay:313]: P0_VIEW COMPLETE nano=85945761969200
[06:45:30] [Client thread/INFO] [STDOUT]: [com.layue13.clashweave.validation.ClientReplay:viewReplay:313]: P0_VIEW COMPLETE nano=85945812486600
[06:45:30] [Client thread/INFO] [STDOUT]: [com.layue13.clashweave.validation.ClientReplay:viewReplay:313]: P0_VIEW COMPLETE nano=85945863090300
[06:45:30] [Client thread/INFO] [STDOUT]: [com.layue13.clashweave.validation.ClientReplay:viewReplay:313]: P0_VIEW COMPLETE nano=85945912687900
[06:45:30] [Client thread/INFO] [STDOUT]: [com.layue13.clashweave.validation.ClientReplay:viewReplay:313]: P0_VIEW COMPLETE nano=85945962393400
[06:45:30] [Client thread/INFO] [STDOUT]: [com.layue13.clashweave.validation.ClientReplay:viewReplay:313]: P0_VIEW COMPLETE nano=85946011637900
[06:45:30] [Client thread/INFO] [STDOUT]: [com.layue13.clashweave.validation.ClientReplay:viewReplay:313]: P0_VIEW COMPLETE nano=85946061904100
[06:45:30] [Client thread/INFO] [STDOUT]: [com.layue13.clashweave.validation.ClientReplay:viewReplay:313]: P0_VIEW COMPLETE nano=85946111852400
[06:45:30] [Client thread/INFO] [STDOUT]: [com.layue13.clashweave.validation.ClientReplay:viewReplay:313]: P0_VIEW COMPLETE nano=85946162894200
[06:45:30] [Client thread/INFO] [STDOUT]: [com.layue13.clashweave.validation.ClientReplay:viewReplay:313]: P0_VIEW COMPLETE nano=85946212075500
[06:45:30] [Client thread/INFO] [STDOUT]: [com.layue13.clashweave.validation.ClientReplay:viewReplay:313]: P0_VIEW COMPLETE nano=85946261936300
[06:45:30] [Client thread/INFO] [STDOUT]: [com.layue13.clashweave.validation.ClientReplay:viewReplay:313]: P0_VIEW COMPLETE nano=85946312520100
[06:45:30] [Client thread/INFO] [STDOUT]: [com.layue13.clashweave.validation.ClientReplay:viewReplay:313]: P0_VIEW COMPLETE nano=85946361785700
[06:45:30] [Client thread/INFO] [STDOUT]: [com.layue13.clashweave.validation.ClientReplay:viewReplay:313]: P0_VIEW COMPLETE nano=85946412379500
[06:45:30] [Client thread/INFO] [STDOUT]: [com.layue13.clashweave.validation.ClientReplay:viewReplay:313]: P0_VIEW COMPLETE nano=85946461857300
[06:45:30] [Client thread/INFO] [STDOUT]: [com.layue13.clashweave.validation.ClientReplay:viewReplay:313]: P0_VIEW COMPLETE nano=85946512579100
[06:45:30] [Client thread/INFO] [STDOUT]: [com.layue13.clashweave.validation.ClientReplay:viewReplay:313]: P0_VIEW COMPLETE nano=85946561738800
[06:45:30] [Client thread/INFO] [STDOUT]: [com.layue13.clashweave.validation.ClientReplay:viewReplay:313]: P0_VIEW COMPLETE nano=85946612131200
[06:45:31] [Client thread/INFO] [STDOUT]: [com.layue13.clashweave.validation.ClientReplay:viewReplay:313]: P0_VIEW COMPLETE nano=85946661833200
[06:45:31] [Client thread/INFO] [STDOUT]: [com.layue13.clashweave.validation.ClientReplay:viewReplay:313]: P0_VIEW COMPLETE nano=85946711768800
[06:45:31] [Client thread/INFO] [STDOUT]: [com.layue13.clashweave.validation.ClientReplay:viewReplay:313]: P0_VIEW COMPLETE nano=85946761673700
[06:45:31] [Client thread/INFO] [STDOUT]: [com.layue13.clashweave.validation.ClientReplay:viewReplay:313]: P0_VIEW COMPLETE nano=85946812459100
[06:45:31] [Client thread/INFO] [STDOUT]: [com.layue13.clashweave.validation.ClientReplay:viewReplay:313]: P0_VIEW COMPLETE nano=85946862535500
[06:45:31] [Client thread/INFO] [STDOUT]: [com.layue13.clashweave.validation.ClientReplay:viewReplay:313]: P0_VIEW COMPLETE nano=85946911649200
[06:45:31] [Client thread/INFO] [STDOUT]: [com.layue13.clashweave.validation.ClientReplay:viewReplay:313]: P0_VIEW COMPLETE nano=85946961745700
[06:45:31] [Client thread/INFO] [STDOUT]: [com.layue13.clashweave.validation.ClientReplay:viewReplay:313]: P0_VIEW COMPLETE nano=85947012473800
[06:45:31] [Client thread/INFO] [STDOUT]: [com.layue13.clashweave.validation.ClientReplay:viewReplay:313]: P0_VIEW COMPLETE nano=85947061740800
[06:45:31] [Client thread/INFO] [STDOUT]: [com.layue13.clashweave.validation.ClientReplay:viewReplay:313]: P0_VIEW COMPLETE nano=85947112598800
[06:45:31] [Client thread/INFO] [STDOUT]: [com.layue13.clashweave.validation.ClientReplay:viewReplay:313]: P0_VIEW COMPLETE nano=85947161616700
[06:45:31] [Client thread/INFO] [STDOUT]: [com.layue13.clashweave.validation.ClientReplay:viewReplay:313]: P0_VIEW COMPLETE nano=85947212439700
[06:45:31] [Client thread/INFO] [STDOUT]: [com.layue13.clashweave.validation.ClientReplay:viewReplay:313]: P0_VIEW COMPLETE nano=85947261997000
[06:45:31] [Client thread/INFO] [STDOUT]: [com.layue13.clashweave.validation.ClientReplay:viewReplay:313]: P0_VIEW COMPLETE nano=85947311914400
[06:45:31] [Client thread/INFO] [STDOUT]: [com.layue13.clashweave.validation.ClientReplay:viewReplay:313]: P0_VIEW COMPLETE nano=85947361807900
[06:45:31] [Client thread/INFO] [STDOUT]: [com.layue13.clashweave.validation.ClientReplay:viewReplay:313]: P0_VIEW COMPLETE nano=85947411658200
[06:45:31] [Client thread/INFO] [STDOUT]: [com.layue13.clashweave.validation.ClientReplay:viewReplay:313]: P0_VIEW COMPLETE nano=85947461697300
[06:45:31] [Client thread/INFO] [STDOUT]: [com.layue13.clashweave.validation.ClientReplay:viewReplay:313]: P0_VIEW COMPLETE nano=85947511641000
[06:45:31] [Client thread/INFO] [STDOUT]: [com.layue13.clashweave.validation.ClientReplay:viewReplay:313]: P0_VIEW COMPLETE nano=85947561908200
[06:45:31] [Client thread/INFO] [STDOUT]: [com.layue13.clashweave.validation.ClientReplay:viewReplay:313]: P0_VIEW COMPLETE nano=85947612428000
[06:45:32] [Client thread/INFO] [STDOUT]: [com.layue13.clashweave.validation.ClientReplay:viewReplay:313]: P0_VIEW COMPLETE nano=85947661632500
[06:45:32] [Client thread/INFO] [STDOUT]: [com.layue13.clashweave.validation.ClientReplay:viewReplay:313]: P0_VIEW COMPLETE nano=85947712618100
[06:45:32] [Client thread/INFO] [STDOUT]: [com.layue13.clashweave.validation.ClientReplay:viewReplay:313]: P0_VIEW COMPLETE nano=85947761603300
[06:45:32] [Client thread/INFO] [STDOUT]: [com.layue13.clashweave.validation.ClientReplay:viewReplay:313]: P0_VIEW COMPLETE nano=85947812575300
[06:45:32] [Client thread/INFO] [STDOUT]: [com.layue13.clashweave.validation.ClientReplay:viewReplay:313]: P0_VIEW COMPLETE nano=85947861781900
[06:45:32] [Client thread/INFO] [STDOUT]: [com.layue13.clashweave.validation.ClientReplay:viewReplay:313]: P0_VIEW COMPLETE nano=85947912351700
[06:45:32] [Client thread/INFO] [STDOUT]: [com.layue13.clashweave.validation.ClientReplay:viewReplay:313]: P0_VIEW COMPLETE nano=85947961660400
[06:45:32] [Client thread/INFO] [STDOUT]: [com.layue13.clashweave.validation.ClientReplay:viewReplay:313]: P0_VIEW COMPLETE nano=85948011778700
[06:45:32] [Client thread/INFO] [STDOUT]: [com.layue13.clashweave.validation.ClientReplay:viewReplay:313]: P0_VIEW COMPLETE nano=85948062641400
[06:45:32] [Client thread/INFO] [STDOUT]: [com.layue13.clashweave.validation.ClientReplay:viewReplay:313]: P0_VIEW COMPLETE nano=85948111640800
[06:45:32] [Client thread/INFO] [STDOUT]: [com.layue13.clashweave.validation.ClientReplay:viewReplay:313]: P0_VIEW COMPLETE nano=85948162740400
[06:45:32] [Client thread/INFO] [STDOUT]: [com.layue13.clashweave.validation.ClientReplay:viewReplay:313]: P0_VIEW COMPLETE nano=85948212858900
[06:45:32] [Client thread/INFO] [STDOUT]: [com.layue13.clashweave.validation.ClientReplay:viewReplay:313]: P0_VIEW COMPLETE nano=85948262662200
[06:45:32] [Client thread/INFO] [STDOUT]: [com.layue13.clashweave.validation.ClientReplay:viewReplay:313]: P0_VIEW COMPLETE nano=85948312578600
[06:45:32] [Client thread/INFO] [STDOUT]: [com.layue13.clashweave.validation.ClientReplay:viewReplay:313]: P0_VIEW COMPLETE nano=85948362032300
[06:45:32] [Client thread/INFO] [STDOUT]: [com.layue13.clashweave.validation.ClientReplay:viewReplay:313]: P0_VIEW COMPLETE nano=85948411603200
[06:45:32] [Client thread/INFO] [STDOUT]: [com.layue13.clashweave.validation.ClientReplay:viewReplay:313]: P0_VIEW COMPLETE nano=85948461892400
[06:45:32] [Client thread/INFO] [STDOUT]: [com.layue13.clashweave.validation.ClientReplay:viewReplay:313]: P0_VIEW COMPLETE nano=85948511867500
[06:45:32] [Client thread/INFO] [STDOUT]: [com.layue13.clashweave.validation.ClientReplay:viewReplay:313]: P0_VIEW COMPLETE nano=85948562873800
[06:45:32] [Client thread/INFO] [STDOUT]: [com.layue13.clashweave.validation.ClientReplay:viewReplay:313]: P0_VIEW COMPLETE nano=85948611837700
[06:45:33] [Client thread/INFO] [STDOUT]: [com.layue13.clashweave.validation.ClientReplay:viewReplay:313]: P0_VIEW COMPLETE nano=85948662012200
[06:45:33] [Client thread/INFO] [STDOUT]: [com.layue13.clashweave.validation.ClientReplay:viewReplay:313]: P0_VIEW COMPLETE nano=85948712144300
[06:45:33] [Client thread/INFO] [STDOUT]: [com.layue13.clashweave.validation.ClientReplay:viewReplay:313]: P0_VIEW COMPLETE nano=85948762030900
[06:45:33] [Client thread/INFO] [STDOUT]: [com.layue13.clashweave.validation.ClientReplay:viewReplay:313]: P0_VIEW COMPLETE nano=85948811641000
[06:45:33] [Client thread/INFO] [STDOUT]: [com.layue13.clashweave.validation.ClientReplay:viewReplay:313]: P0_VIEW COMPLETE nano=85948862728100
[06:45:33] [Client thread/INFO] [STDOUT]: [com.layue13.clashweave.validation.ClientReplay:viewReplay:313]: P0_VIEW COMPLETE nano=85948912636400
[06:45:33] [Client thread/INFO] [STDOUT]: [com.layue13.clashweave.validation.ClientReplay:viewReplay:313]: P0_VIEW COMPLETE nano=85948962509600
[06:45:33] [Client thread/INFO] [STDOUT]: [com.layue13.clashweave.validation.ClientReplay:viewReplay:313]: P0_VIEW COMPLETE nano=85949012022700
[06:45:33] [Client thread/INFO] [STDOUT]: [com.layue13.clashweave.validation.ClientReplay:viewReplay:313]: P0_VIEW COMPLETE nano=85949061905400
[06:45:33] [Client thread/INFO] [STDOUT]: [com.layue13.clashweave.validation.ClientReplay:viewReplay:313]: P0_VIEW COMPLETE nano=85949111857900
[06:45:33] [Client thread/INFO] [STDOUT]: [com.layue13.clashweave.validation.ClientReplay:viewReplay:313]: P0_VIEW COMPLETE nano=85949162604500
[06:45:33] [Client thread/INFO] [STDOUT]: [com.layue13.clashweave.validation.ClientReplay:viewReplay:313]: P0_VIEW COMPLETE nano=85949211999600
[06:45:33] [Client thread/INFO] [STDOUT]: [com.layue13.clashweave.validation.ClientReplay:viewReplay:313]: P0_VIEW COMPLETE nano=85949262337800
[06:45:33] [Client thread/INFO] [STDOUT]: [com.layue13.clashweave.validation.ClientReplay:viewReplay:313]: P0_VIEW COMPLETE nano=85949311890200
[06:45:33] [Client thread/INFO] [STDOUT]: [com.layue13.clashweave.validation.ClientReplay:viewReplay:313]: P0_VIEW COMPLETE nano=85949361837400
[06:45:33] [Client thread/INFO] [STDOUT]: [com.layue13.clashweave.validation.ClientReplay:viewReplay:313]: P0_VIEW COMPLETE nano=85949412386400
[06:45:33] [Client thread/INFO] [STDOUT]: [com.layue13.clashweave.validation.ClientReplay:viewReplay:313]: P0_VIEW COMPLETE nano=85949461638700
[06:45:33] [Client thread/INFO] [STDOUT]: [com.layue13.clashweave.validation.ClientReplay:viewReplay:313]: P0_VIEW COMPLETE nano=85949512081800
[06:45:33] [Client thread/INFO] [STDOUT]: [com.layue13.clashweave.validation.ClientReplay:viewReplay:313]: P0_VIEW COMPLETE nano=85949562486200
[06:45:33] [Client thread/INFO] [STDOUT]: [com.layue13.clashweave.validation.ClientReplay:viewReplay:313]: P0_VIEW COMPLETE nano=85949612209200
[06:45:34] [Client thread/INFO] [STDOUT]: [com.layue13.clashweave.validation.ClientReplay:viewReplay:313]: P0_VIEW COMPLETE nano=85949662266000
[06:45:34] [Client thread/INFO] [STDOUT]: [com.layue13.clashweave.validation.ClientReplay:viewReplay:313]: P0_VIEW COMPLETE nano=85949712274000
[06:45:34] [Client thread/INFO] [STDOUT]: [com.layue13.clashweave.validation.ClientReplay:viewReplay:313]: P0_VIEW COMPLETE nano=85949761823600
[06:45:34] [Client thread/INFO] [STDOUT]: [com.layue13.clashweave.validation.ClientReplay:viewReplay:313]: P0_VIEW COMPLETE nano=85949812093000
[06:45:34] [Client thread/INFO] [STDOUT]: [com.layue13.clashweave.validation.ClientReplay:viewReplay:313]: P0_VIEW COMPLETE nano=85949862869900
[06:45:34] [Client thread/INFO] [STDOUT]: [com.layue13.clashweave.validation.ClientReplay:viewReplay:313]: P0_VIEW COMPLETE nano=85949912082200
[06:45:34] [Client thread/INFO] [STDOUT]: [com.layue13.clashweave.validation.ClientReplay:viewReplay:313]: P0_VIEW COMPLETE nano=85949962660800
[06:45:34] [Client thread/INFO] [STDOUT]: [com.layue13.clashweave.validation.ClientReplay:viewReplay:313]: P0_VIEW COMPLETE nano=85950011800300
[06:45:34] [Client thread/INFO] [STDOUT]: [com.layue13.clashweave.validation.ClientReplay:viewReplay:313]: P0_VIEW COMPLETE nano=85950062451300
[06:45:34] [Client thread/INFO] [STDOUT]: [com.layue13.clashweave.validation.ClientReplay:viewReplay:313]: P0_VIEW COMPLETE nano=85950111876200
[06:45:34] [Client thread/INFO] [STDOUT]: [com.layue13.clashweave.validation.ClientReplay:viewReplay:313]: P0_VIEW COMPLETE nano=85950162657900
[06:45:34] [Client thread/INFO] [STDOUT]: [com.layue13.clashweave.validation.ClientReplay:viewReplay:313]: P0_VIEW COMPLETE nano=85950212826800
[06:45:34] [Client thread/INFO] [STDOUT]: [com.layue13.clashweave.validation.ClientReplay:viewReplay:313]: P0_VIEW COMPLETE nano=85950262798900
[06:45:34] [Client thread/INFO] [STDOUT]: [com.layue13.clashweave.validation.ClientReplay:viewReplay:313]: P0_VIEW COMPLETE nano=85950312842800
[06:45:34] [Client thread/INFO] [STDOUT]: [com.layue13.clashweave.validation.ClientReplay:viewReplay:313]: P0_VIEW COMPLETE nano=85950362773300
[06:45:34] [Client thread/INFO] [STDOUT]: [com.layue13.clashweave.validation.ClientReplay:viewReplay:313]: P0_VIEW COMPLETE nano=85950412492300
[06:45:34] [Client thread/INFO] [STDOUT]: [com.layue13.clashweave.validation.ClientReplay:viewReplay:313]: P0_VIEW COMPLETE nano=85950461925700
[06:45:34] [Client thread/INFO] [STDOUT]: [com.layue13.clashweave.validation.ClientReplay:viewReplay:313]: P0_VIEW COMPLETE nano=85950511974900
[06:45:34] [Client thread/INFO] [STDOUT]: [com.layue13.clashweave.validation.ClientReplay:viewReplay:313]: P0_VIEW COMPLETE nano=85950562762300
[06:45:34] [Client thread/INFO] [STDOUT]: [com.layue13.clashweave.validation.ClientReplay:viewReplay:313]: P0_VIEW COMPLETE nano=85950611731500
[06:45:35] [Client thread/INFO] [STDOUT]: [com.layue13.clashweave.validation.ClientReplay:viewReplay:313]: P0_VIEW COMPLETE nano=85950661745000
[06:45:35] [Client thread/INFO] [STDOUT]: [com.layue13.clashweave.validation.ClientReplay:viewReplay:313]: P0_VIEW COMPLETE nano=85950712532800
[06:45:35] [Client thread/INFO] [STDOUT]: [com.layue13.clashweave.validation.ClientReplay:viewReplay:313]: P0_VIEW COMPLETE nano=85950762665000
[06:45:35] [Client thread/INFO] [STDOUT]: [com.layue13.clashweave.validation.ClientReplay:viewReplay:313]: P0_VIEW COMPLETE nano=85950812492200
[06:45:35] [Client thread/INFO] [STDOUT]: [com.layue13.clashweave.validation.ClientReplay:viewReplay:313]: P0_VIEW COMPLETE nano=85950861946800
[06:45:35] [Client thread/INFO] [STDOUT]: [com.layue13.clashweave.validation.ClientReplay:viewReplay:313]: P0_VIEW COMPLETE nano=85950911979600
[06:45:35] [Client thread/INFO] [STDOUT]: [com.layue13.clashweave.validation.ClientReplay:viewReplay:313]: P0_VIEW COMPLETE nano=85950961916100
[06:45:35] [Client thread/INFO] [STDOUT]: [com.layue13.clashweave.validation.ClientReplay:viewReplay:313]: P0_VIEW COMPLETE nano=85951011846900
[06:45:35] [Client thread/INFO] [STDOUT]: [com.layue13.clashweave.validation.ClientReplay:viewReplay:313]: P0_VIEW COMPLETE nano=85951061918600
[06:45:35] [Client thread/INFO] [STDOUT]: [com.layue13.clashweave.validation.ClientReplay:viewReplay:313]: P0_VIEW COMPLETE nano=85951111850600
[06:45:35] [Client thread/INFO] [STDOUT]: [com.layue13.clashweave.validation.ClientReplay:viewReplay:313]: P0_VIEW COMPLETE nano=85951162642000
[06:45:35] [Client thread/INFO] [STDOUT]: [com.layue13.clashweave.validation.ClientReplay:viewReplay:313]: P0_VIEW COMPLETE nano=85951211658600
[06:45:35] [Client thread/INFO] [STDOUT]: [com.layue13.clashweave.validation.ClientReplay:viewReplay:313]: P0_VIEW COMPLETE nano=85951262649000
[06:45:35] [Client thread/INFO] [STDOUT]: [com.layue13.clashweave.validation.ClientReplay:viewReplay:313]: P0_VIEW COMPLETE nano=85951312652000
[06:45:35] [Client thread/INFO] [STDOUT]: [com.layue13.clashweave.validation.ClientReplay:viewReplay:313]: P0_VIEW COMPLETE nano=85951362641600
[06:45:35] [Client thread/INFO] [STDOUT]: [com.layue13.clashweave.validation.ClientReplay:viewReplay:313]: P0_VIEW COMPLETE nano=85951411863800
[06:45:35] [Client thread/INFO] [STDOUT]: [com.layue13.clashweave.validation.ClientReplay:viewReplay:313]: P0_VIEW COMPLETE nano=85951461775300
[06:45:35] [Client thread/INFO] [STDOUT]: [com.layue13.clashweave.validation.ClientReplay:viewReplay:313]: P0_VIEW COMPLETE nano=85951511770900
[06:45:35] [Client thread/INFO] [STDOUT]: [com.layue13.clashweave.validation.ClientReplay:viewReplay:313]: P0_VIEW COMPLETE nano=85951561885900
[06:45:35] [Client thread/INFO] [STDOUT]: [com.layue13.clashweave.validation.ClientReplay:viewReplay:313]: P0_VIEW COMPLETE nano=85951612490400
[06:45:36] [Client thread/INFO] [STDOUT]: [com.layue13.clashweave.validation.ClientReplay:viewReplay:313]: P0_VIEW COMPLETE nano=85951661847200
[06:45:36] [Client thread/INFO] [STDOUT]: [com.layue13.clashweave.validation.ClientReplay:viewReplay:313]: P0_VIEW COMPLETE nano=85951711772300
[06:45:36] [Client thread/INFO] [STDOUT]: [com.layue13.clashweave.validation.ClientReplay:viewReplay:313]: P0_VIEW COMPLETE nano=85951762115300
[06:45:36] [Client thread/INFO] [STDOUT]: [com.layue13.clashweave.validation.ClientReplay:viewReplay:313]: P0_VIEW COMPLETE nano=85951812912700
[06:45:36] [Client thread/INFO] [STDOUT]: [com.layue13.clashweave.validation.ClientReplay:viewReplay:313]: P0_VIEW COMPLETE nano=85951862816400
[06:45:36] [Client thread/INFO] [STDOUT]: [com.layue13.clashweave.validation.ClientReplay:viewReplay:313]: P0_VIEW COMPLETE nano=85951912703700
[06:45:36] [Client thread/INFO] [STDOUT]: [com.layue13.clashweave.validation.ClientReplay:viewReplay:313]: P0_VIEW COMPLETE nano=85951962836400
[06:45:36] [Client thread/INFO] [STDOUT]: [com.layue13.clashweave.validation.ClientReplay:viewReplay:313]: P0_VIEW COMPLETE nano=85952011622100
[06:45:36] [Client thread/INFO] [STDOUT]: [com.layue13.clashweave.validation.ClientReplay:viewReplay:313]: P0_VIEW COMPLETE nano=85952062196500
[06:45:36] [Client thread/INFO] [STDOUT]: [com.layue13.clashweave.validation.ClientReplay:viewReplay:313]: P0_VIEW COMPLETE nano=85952111830400
[06:45:36] [Client thread/INFO] [STDOUT]: [com.layue13.clashweave.validation.ClientReplay:viewReplay:313]: P0_VIEW COMPLETE nano=85952161767600
[06:45:36] [Client thread/INFO] [STDOUT]: [com.layue13.clashweave.validation.ClientReplay:viewReplay:313]: P0_VIEW COMPLETE nano=85952212824200
[06:45:36] [Client thread/INFO] [STDOUT]: [com.layue13.clashweave.validation.ClientReplay:viewReplay:313]: P0_VIEW COMPLETE nano=85952261694800
[06:45:36] [Client thread/INFO] [STDOUT]: [com.layue13.clashweave.validation.ClientReplay:viewReplay:313]: P0_VIEW COMPLETE nano=85952312158800
[06:45:36] [Client thread/INFO] [STDOUT]: [com.layue13.clashweave.validation.ClientReplay:viewReplay:313]: P0_VIEW COMPLETE nano=85952362446700
[06:45:36] [Client thread/INFO] [STDOUT]: [com.layue13.clashweave.validation.ClientReplay:viewReplay:313]: P0_VIEW COMPLETE nano=85952412913600
[06:45:36] [Client thread/INFO] [STDOUT]: [com.layue13.clashweave.validation.ClientReplay:viewReplay:313]: P0_VIEW COMPLETE nano=85952462569700
[06:45:36] [Client thread/INFO] [STDOUT]: [com.layue13.clashweave.validation.ClientReplay:viewReplay:313]: P0_VIEW COMPLETE nano=85952512082500
[06:45:36] [Client thread/INFO] [STDOUT]: [com.layue13.clashweave.validation.ClientReplay:viewReplay:313]: P0_VIEW COMPLETE nano=85952562033100
[06:45:36] [Client thread/INFO] [STDOUT]: [com.layue13.clashweave.validation.ClientReplay:viewReplay:313]: P0_VIEW COMPLETE nano=85952612550500
[06:45:37] [Client thread/INFO] [STDOUT]: [com.layue13.clashweave.validation.ClientReplay:viewReplay:313]: P0_VIEW COMPLETE nano=85952662593000
[06:45:37] [Client thread/INFO] [STDOUT]: [com.layue13.clashweave.validation.ClientReplay:viewReplay:313]: P0_VIEW COMPLETE nano=85952712549000
[06:45:37] [Client thread/INFO] [STDOUT]: [com.layue13.clashweave.validation.ClientReplay:viewReplay:313]: P0_VIEW COMPLETE nano=85952762621700
[06:45:37] [Client thread/INFO] [STDOUT]: [com.layue13.clashweave.validation.ClientReplay:viewReplay:313]: P0_VIEW COMPLETE nano=85952811916900
[06:45:37] [Client thread/INFO] [STDOUT]: [com.layue13.clashweave.validation.ClientReplay:viewReplay:313]: P0_VIEW COMPLETE nano=85952861967600
[06:45:37] [Client thread/INFO] [STDOUT]: [com.layue13.clashweave.validation.ClientReplay:viewReplay:313]: P0_VIEW COMPLETE nano=85952911641500
[06:45:37] [Client thread/INFO] [STDOUT]: [com.layue13.clashweave.validation.ClientReplay:viewReplay:313]: P0_VIEW COMPLETE nano=85952962272600
[06:45:37] [Client thread/INFO] [STDOUT]: [com.layue13.clashweave.validation.ClientReplay:viewReplay:313]: P0_VIEW COMPLETE nano=85953012097100
[06:45:37] [Client thread/INFO] [STDOUT]: [com.layue13.clashweave.validation.ClientReplay:viewReplay:313]: P0_VIEW COMPLETE nano=85953061855800
[06:45:37] [Client thread/INFO] [STDOUT]: [com.layue13.clashweave.validation.ClientReplay:viewReplay:313]: P0_VIEW COMPLETE nano=85953111732700
[06:45:37] [Client thread/INFO] [STDOUT]: [com.layue13.clashweave.validation.ClientReplay:viewReplay:313]: P0_VIEW COMPLETE nano=85953162018000
[06:45:37] [Client thread/INFO] [STDOUT]: [com.layue13.clashweave.validation.ClientReplay:viewReplay:313]: P0_VIEW COMPLETE nano=85953211608000
[06:45:37] [Client thread/INFO] [STDOUT]: [com.layue13.clashweave.validation.ClientReplay:viewReplay:313]: P0_VIEW COMPLETE nano=85953261937700
[06:45:37] [Client thread/INFO] [STDOUT]: [com.layue13.clashweave.validation.ClientReplay:viewReplay:313]: P0_VIEW COMPLETE nano=85953311759500
[06:45:37] [Client thread/INFO] [STDOUT]: [com.layue13.clashweave.validation.ClientReplay:viewReplay:313]: P0_VIEW COMPLETE nano=85953362981400
[06:45:37] [Client thread/INFO] [STDOUT]: [com.layue13.clashweave.validation.ClientReplay:viewReplay:313]: P0_VIEW COMPLETE nano=85953411793800
[06:45:37] [Client thread/INFO] [STDOUT]: [com.layue13.clashweave.validation.ClientReplay:viewReplay:313]: P0_VIEW COMPLETE nano=85953462218800
[06:45:37] [Client thread/INFO] [STDOUT]: [com.layue13.clashweave.validation.ClientReplay:viewReplay:313]: P0_VIEW COMPLETE nano=85953512133400
[06:45:37] [Client thread/INFO] [STDOUT]: [com.layue13.clashweave.validation.ClientReplay:viewReplay:313]: P0_VIEW COMPLETE nano=85953561855100
[06:45:37] [Client thread/INFO] [STDOUT]: [com.layue13.clashweave.validation.ClientReplay:viewReplay:313]: P0_VIEW COMPLETE nano=85953611888600
[06:45:38] [Client thread/INFO] [STDOUT]: [com.layue13.clashweave.validation.ClientReplay:viewReplay:313]: P0_VIEW COMPLETE nano=85953661872600
[06:45:38] [Client thread/INFO] [STDOUT]: [com.layue13.clashweave.validation.ClientReplay:viewReplay:313]: P0_VIEW COMPLETE nano=85953711801800
[06:45:38] [Client thread/INFO] [STDOUT]: [com.layue13.clashweave.validation.ClientReplay:viewReplay:313]: P0_VIEW COMPLETE nano=85953762558400
[06:45:38] [Client thread/INFO] [STDOUT]: [com.layue13.clashweave.validation.ClientReplay:viewReplay:313]: P0_VIEW COMPLETE nano=85953811842200
[06:45:38] [Client thread/INFO] [STDOUT]: [com.layue13.clashweave.validation.ClientReplay:viewReplay:313]: P0_VIEW COMPLETE nano=85953861772200
[06:45:38] [Client thread/INFO] [STDOUT]: [com.layue13.clashweave.validation.ClientReplay:viewReplay:313]: P0_VIEW COMPLETE nano=85953911693200
[06:45:38] [Client thread/INFO] [STDOUT]: [com.layue13.clashweave.validation.ClientReplay:viewReplay:313]: P0_VIEW COMPLETE nano=85953962838200
[06:45:38] [Client thread/INFO] [STDOUT]: [com.layue13.clashweave.validation.ClientReplay:viewReplay:313]: P0_VIEW COMPLETE nano=85954012124700
[06:45:38] [Client thread/INFO] [STDOUT]: [com.layue13.clashweave.validation.ClientReplay:viewReplay:313]: P0_VIEW COMPLETE nano=85954061882300
[06:45:38] [Client thread/INFO] [STDOUT]: [com.layue13.clashweave.validation.ClientReplay:viewReplay:313]: P0_VIEW COMPLETE nano=85954111873900
[06:45:38] [Client thread/INFO] [STDOUT]: [com.layue13.clashweave.validation.ClientReplay:viewReplay:313]: P0_VIEW COMPLETE nano=85954162824700
[06:45:38] [Client thread/INFO] [STDOUT]: [com.layue13.clashweave.validation.ClientReplay:viewReplay:313]: P0_VIEW COMPLETE nano=85954211997700
[06:45:38] [Client thread/INFO] [STDOUT]: [com.layue13.clashweave.validation.ClientReplay:viewReplay:313]: P0_VIEW COMPLETE nano=85954261852700
[06:45:38] [Client thread/INFO] [STDOUT]: [com.layue13.clashweave.validation.ClientReplay:viewReplay:313]: P0_VIEW COMPLETE nano=85954311879800
[06:45:38] [Client thread/INFO] [STDOUT]: [com.layue13.clashweave.validation.ClientReplay:viewReplay:313]: P0_VIEW COMPLETE nano=85954362542400
[06:45:38] [Client thread/INFO] [STDOUT]: [com.layue13.clashweave.validation.ClientReplay:viewReplay:313]: P0_VIEW COMPLETE nano=85954412774900
[06:45:38] [Client thread/INFO] [STDOUT]: [com.layue13.clashweave.validation.ClientReplay:viewReplay:313]: P0_VIEW COMPLETE nano=85954462738500
[06:45:38] [Client thread/INFO] [STDOUT]: [com.layue13.clashweave.validation.ClientReplay:viewReplay:313]: P0_VIEW COMPLETE nano=85954511970600
[06:45:38] [Client thread/INFO] [STDOUT]: [com.layue13.clashweave.validation.ClientReplay:viewReplay:313]: P0_VIEW COMPLETE nano=85954562101300
[06:45:38] [Client thread/INFO] [STDOUT]: [com.layue13.clashweave.validation.ClientReplay:viewReplay:313]: P0_VIEW COMPLETE nano=85954611888400
[06:45:39] [Client thread/INFO] [STDOUT]: [com.layue13.clashweave.validation.ClientReplay:viewReplay:313]: P0_VIEW COMPLETE nano=85954661918200
[06:45:39] [Client thread/INFO] [STDOUT]: [com.layue13.clashweave.validation.ClientReplay:viewReplay:313]: P0_VIEW COMPLETE nano=85954711734600
[06:45:39] [Client thread/INFO] [STDOUT]: [com.layue13.clashweave.validation.ClientReplay:viewReplay:313]: P0_VIEW COMPLETE nano=85954761830800
[06:45:39] [Client thread/INFO] [STDOUT]: [com.layue13.clashweave.validation.ClientReplay:viewReplay:313]: P0_VIEW COMPLETE nano=85954812744400
[06:45:39] [Client thread/INFO] [STDOUT]: [com.layue13.clashweave.validation.ClientReplay:viewReplay:313]: P0_VIEW COMPLETE nano=85954861848200
[06:45:39] [Client thread/INFO] [STDOUT]: [com.layue13.clashweave.validation.ClientReplay:viewReplay:313]: P0_VIEW COMPLETE nano=85954911712000
[06:45:39] [Client thread/INFO] [STDOUT]: [com.layue13.clashweave.validation.ClientReplay:viewReplay:313]: P0_VIEW COMPLETE nano=85954962057500
[06:45:39] [Client thread/INFO] [STDOUT]: [com.layue13.clashweave.validation.ClientReplay:viewReplay:313]: P0_VIEW COMPLETE nano=85955011828600
[06:45:39] [Client thread/INFO] [STDOUT]: [com.layue13.clashweave.validation.ClientReplay:viewReplay:313]: P0_VIEW COMPLETE nano=85955061777800
[06:45:39] [Client thread/INFO] [STDOUT]: [com.layue13.clashweave.validation.ClientReplay:viewReplay:313]: P0_VIEW COMPLETE nano=85955112848300
[06:45:39] [Client thread/INFO] [STDOUT]: [com.layue13.clashweave.validation.ClientReplay:viewReplay:313]: P0_VIEW COMPLETE nano=85955162663500
[06:45:39] [Client thread/INFO] [STDOUT]: [com.layue13.clashweave.validation.ClientReplay:viewReplay:313]: P0_VIEW COMPLETE nano=85955212020000
[06:45:39] [Client thread/INFO] [STDOUT]: [com.layue13.clashweave.validation.ClientReplay:viewReplay:313]: P0_VIEW COMPLETE nano=85955262033400
[06:45:39] [Client thread/INFO] [STDOUT]: [com.layue13.clashweave.validation.ClientReplay:viewReplay:313]: P0_VIEW COMPLETE nano=85955312938600
[06:45:39] [Client thread/INFO] [STDOUT]: [com.layue13.clashweave.validation.ClientReplay:viewReplay:313]: P0_VIEW COMPLETE nano=85955361690800
[06:45:39] [Client thread/INFO] [STDOUT]: [com.layue13.clashweave.validation.ClientReplay:viewReplay:313]: P0_VIEW COMPLETE nano=85955411925800
[06:45:39] [Client thread/INFO] [STDOUT]: [com.layue13.clashweave.validation.ClientReplay:viewReplay:313]: P0_VIEW COMPLETE nano=85955462122900
[06:45:39] [Client thread/INFO] [STDOUT]: [com.layue13.clashweave.validation.ClientReplay:viewReplay:313]: P0_VIEW COMPLETE nano=85955511684500
[06:45:39] [Client thread/INFO] [STDOUT]: [com.layue13.clashweave.validation.ClientReplay:viewReplay:313]: P0_VIEW COMPLETE nano=85955561900200
[06:45:39] [Client thread/INFO] [STDOUT]: [com.layue13.clashweave.validation.ClientReplay:viewReplay:313]: P0_VIEW COMPLETE nano=85955611620300
[06:45:40] [Client thread/INFO] [STDOUT]: [com.layue13.clashweave.validation.ClientReplay:viewReplay:313]: P0_VIEW COMPLETE nano=85955662680900
[06:45:40] [Client thread/INFO] [STDOUT]: [com.layue13.clashweave.validation.ClientReplay:viewReplay:313]: P0_VIEW COMPLETE nano=85955712875200
[06:45:40] [Client thread/INFO] [STDOUT]: [com.layue13.clashweave.validation.ClientReplay:viewReplay:313]: P0_VIEW COMPLETE nano=85955761838000
[06:45:40] [Client thread/INFO] [STDOUT]: [com.layue13.clashweave.validation.ClientReplay:viewReplay:313]: P0_VIEW COMPLETE nano=85955811798900
[06:45:40] [Client thread/INFO] [STDOUT]: [com.layue13.clashweave.validation.ClientReplay:viewReplay:313]: P0_VIEW COMPLETE nano=85955861693700
[06:45:40] [Client thread/INFO] [STDOUT]: [com.layue13.clashweave.validation.ClientReplay:viewReplay:313]: P0_VIEW COMPLETE nano=85955912976700
[06:45:40] [Client thread/INFO] [STDOUT]: [com.layue13.clashweave.validation.ClientReplay:viewReplay:313]: P0_VIEW COMPLETE nano=85955962986200
[06:45:40] [Client thread/INFO] [STDOUT]: [com.layue13.clashweave.validation.ClientReplay:viewReplay:313]: P0_VIEW COMPLETE nano=85956011721800
[06:45:40] [Client thread/INFO] [STDOUT]: [com.layue13.clashweave.validation.ClientReplay:viewReplay:313]: P0_VIEW COMPLETE nano=85956062459000
[06:45:40] [Client thread/INFO] [STDOUT]: [com.layue13.clashweave.validation.ClientReplay:viewReplay:313]: P0_VIEW COMPLETE nano=85956111869900
[06:45:40] [Client thread/INFO] [STDOUT]: [com.layue13.clashweave.validation.ClientReplay:viewReplay:313]: P0_VIEW COMPLETE nano=85956161776500
[06:45:40] [Client thread/INFO] [STDOUT]: [com.layue13.clashweave.validation.ClientReplay:viewReplay:313]: P0_VIEW COMPLETE nano=85956212082500
[06:45:40] [Client thread/INFO] [STDOUT]: [com.layue13.clashweave.validation.ClientReplay:viewReplay:313]: P0_VIEW COMPLETE nano=85956261724000
[06:45:40] [Client thread/INFO] [STDOUT]: [com.layue13.clashweave.validation.ClientReplay:viewReplay:313]: P0_VIEW COMPLETE nano=85956311664900
[06:45:40] [Client thread/INFO] [STDOUT]: [com.layue13.clashweave.validation.ClientReplay:viewReplay:313]: P0_VIEW COMPLETE nano=85956361965800
[06:45:40] [Client thread/INFO] [STDOUT]: [com.layue13.clashweave.validation.ClientReplay:viewReplay:313]: P0_VIEW COMPLETE nano=85956412076700
[06:45:40] [Client thread/INFO] [STDOUT]: [com.layue13.clashweave.validation.ClientReplay:viewReplay:313]: P0_VIEW COMPLETE nano=85956461915100
[06:45:40] [Client thread/INFO] [STDOUT]: [com.layue13.clashweave.validation.ClientReplay:viewReplay:313]: P0_VIEW COMPLETE nano=85956511849700
[06:45:40] [Client thread/INFO] [STDOUT]: [com.layue13.clashweave.validation.ClientReplay:viewReplay:313]: P0_VIEW COMPLETE nano=85956561935700
[06:45:40] [Client thread/INFO] [STDOUT]: [com.layue13.clashweave.validation.ClientReplay:viewReplay:313]: P0_VIEW COMPLETE nano=85956611811800
[06:45:41] [Client thread/INFO] [STDOUT]: [com.layue13.clashweave.validation.ClientReplay:viewReplay:313]: P0_VIEW COMPLETE nano=85956666186400
[06:45:41] [Client thread/INFO] [STDOUT]: [com.layue13.clashweave.validation.ClientReplay:viewReplay:313]: P0_VIEW COMPLETE nano=85956712014300
[06:45:41] [Client thread/INFO] [STDOUT]: [com.layue13.clashweave.validation.ClientReplay:viewReplay:313]: P0_VIEW COMPLETE nano=85956762703900
[06:45:41] [Client thread/INFO] [STDOUT]: [com.layue13.clashweave.validation.ClientReplay:viewReplay:313]: P0_VIEW COMPLETE nano=85956811810100
[06:45:41] [Client thread/INFO] [STDOUT]: [com.layue13.clashweave.validation.ClientReplay:viewReplay:313]: P0_VIEW COMPLETE nano=85956863060200
[06:45:41] [Client thread/INFO] [STDOUT]: [com.layue13.clashweave.validation.ClientReplay:viewReplay:313]: P0_VIEW COMPLETE nano=85956911785600
[06:45:41] [Client thread/INFO] [STDOUT]: [com.layue13.clashweave.validation.ClientReplay:viewReplay:313]: P0_VIEW COMPLETE nano=85956961769600
[06:45:41] [Client thread/INFO] [STDOUT]: [com.layue13.clashweave.validation.ClientReplay:viewReplay:313]: P0_VIEW COMPLETE nano=85957011901800
[06:45:41] [Client thread/INFO] [STDOUT]: [com.layue13.clashweave.validation.ClientReplay:viewReplay:313]: P0_VIEW COMPLETE nano=85957061678100
[06:45:41] [Client thread/INFO] [STDOUT]: [com.layue13.clashweave.validation.ClientReplay:viewReplay:313]: P0_VIEW COMPLETE nano=85957112677700
[06:45:41] [Client thread/INFO] [STDOUT]: [com.layue13.clashweave.validation.ClientReplay:viewReplay:313]: P0_VIEW COMPLETE nano=85957162618400
[06:45:41] [Client thread/INFO] [STDOUT]: [com.layue13.clashweave.validation.ClientReplay:viewReplay:313]: P0_VIEW COMPLETE nano=85957211804400
[06:45:41] [Client thread/INFO] [STDOUT]: [com.layue13.clashweave.validation.ClientReplay:viewReplay:313]: P0_VIEW COMPLETE nano=85957262772800
[06:45:41] [Client thread/INFO] [STDOUT]: [com.layue13.clashweave.validation.ClientReplay:viewReplay:313]: P0_VIEW COMPLETE nano=85957311624800
[06:45:41] [Client thread/INFO] [STDOUT]: [com.layue13.clashweave.validation.ClientReplay:viewReplay:313]: P0_VIEW COMPLETE nano=85957361906400
[06:45:41] [Client thread/INFO] [STDOUT]: [com.layue13.clashweave.validation.ClientReplay:viewReplay:313]: P0_VIEW COMPLETE nano=85957411666100
[06:45:41] [Client thread/INFO] [STDOUT]: [com.layue13.clashweave.validation.ClientReplay:viewReplay:313]: P0_VIEW COMPLETE nano=85957462729700
[06:45:41] [Client thread/INFO] [STDOUT]: [com.layue13.clashweave.validation.ClientReplay:viewReplay:313]: P0_VIEW COMPLETE nano=85957511722800
[06:45:41] [Client thread/INFO] [STDOUT]: [com.layue13.clashweave.validation.ClientReplay:viewReplay:313]: P0_VIEW COMPLETE nano=85957561708300
[06:45:41] [Client thread/INFO] [STDOUT]: [com.layue13.clashweave.validation.ClientReplay:viewReplay:313]: P0_VIEW COMPLETE nano=85957611589200
[06:45:42] [Client thread/INFO] [STDOUT]: [com.layue13.clashweave.validation.ClientReplay:viewReplay:313]: P0_VIEW COMPLETE nano=85957662492600
[06:45:42] [Client thread/INFO] [STDOUT]: [com.layue13.clashweave.validation.ClientReplay:viewReplay:313]: P0_VIEW COMPLETE nano=85957712855300
[06:45:42] [Client thread/INFO] [STDOUT]: [com.layue13.clashweave.validation.ClientReplay:viewReplay:313]: P0_VIEW COMPLETE nano=85957762130100
[06:45:42] [Client thread/INFO] [STDOUT]: [com.layue13.clashweave.validation.ClientReplay:viewReplay:313]: P0_VIEW COMPLETE nano=85957811956800
[06:45:42] [Client thread/INFO] [STDOUT]: [com.layue13.clashweave.validation.ClientReplay:viewReplay:313]: P0_VIEW COMPLETE nano=85957861725300
[06:45:42] [Client thread/INFO] [STDOUT]: [com.layue13.clashweave.validation.ClientReplay:viewReplay:313]: P0_VIEW COMPLETE nano=85957913007600
[06:45:42] [Client thread/INFO] [STDOUT]: [com.layue13.clashweave.validation.ClientReplay:viewReplay:313]: P0_VIEW COMPLETE nano=85957961917000
[06:45:42] [Client thread/INFO] [STDOUT]: [com.layue13.clashweave.validation.ClientReplay:viewReplay:313]: P0_VIEW COMPLETE nano=85958012001600
[06:45:42] [Client thread/INFO] [STDOUT]: [com.layue13.clashweave.validation.ClientReplay:viewReplay:313]: P0_VIEW COMPLETE nano=85958061678500
[06:45:42] [Client thread/INFO] [STDOUT]: [com.layue13.clashweave.validation.ClientReplay:viewReplay:313]: P0_VIEW COMPLETE nano=85958111935800
[06:45:42] [Client thread/INFO] [STDOUT]: [com.layue13.clashweave.validation.ClientReplay:viewReplay:313]: P0_VIEW COMPLETE nano=85958162061900
[06:45:42] [Client thread/INFO] [STDOUT]: [com.layue13.clashweave.validation.ClientReplay:viewReplay:313]: P0_VIEW COMPLETE nano=85958211933100
[06:45:42] [Client thread/INFO] [STDOUT]: [com.layue13.clashweave.validation.ClientReplay:viewReplay:313]: P0_VIEW COMPLETE nano=85958263020000
[06:45:42] [Client thread/INFO] [STDOUT]: [com.layue13.clashweave.validation.ClientReplay:viewReplay:313]: P0_VIEW COMPLETE nano=85958311955500
[06:45:42] [Client thread/INFO] [STDOUT]: [com.layue13.clashweave.validation.ClientReplay:viewReplay:313]: P0_VIEW COMPLETE nano=85958362267700
[06:45:42] [Client thread/INFO] [STDOUT]: [com.layue13.clashweave.validation.ClientReplay:viewReplay:313]: P0_VIEW COMPLETE nano=85958412590500
[06:45:42] [Client thread/INFO] [STDOUT]: [com.layue13.clashweave.validation.ClientReplay:viewReplay:313]: P0_VIEW COMPLETE nano=85958461667800
[06:45:42] [Client thread/INFO] [STDOUT]: [com.layue13.clashweave.validation.ClientReplay:viewReplay:313]: P0_VIEW COMPLETE nano=85958512600600
[06:45:42] [Client thread/INFO] [STDOUT]: [com.layue13.clashweave.validation.ClientReplay:viewReplay:313]: P0_VIEW COMPLETE nano=85958562735100
[06:45:42] [Client thread/INFO] [STDOUT]: [com.layue13.clashweave.validation.ClientReplay:viewReplay:313]: P0_VIEW COMPLETE nano=85958612816900
[06:45:43] [Client thread/INFO] [STDOUT]: [com.layue13.clashweave.validation.ClientReplay:viewReplay:313]: P0_VIEW COMPLETE nano=85958662259500
[06:45:43] [Client thread/INFO] [STDOUT]: [com.layue13.clashweave.validation.ClientReplay:viewReplay:313]: P0_VIEW COMPLETE nano=85958711887000
[06:45:43] [Client thread/INFO] [STDOUT]: [com.layue13.clashweave.validation.ClientReplay:viewReplay:313]: P0_VIEW COMPLETE nano=85958762072100
[06:45:43] [Client thread/INFO] [STDOUT]: [com.layue13.clashweave.validation.ClientReplay:viewReplay:313]: P0_VIEW COMPLETE nano=85958811960600
[06:45:43] [Client thread/INFO] [STDOUT]: [com.layue13.clashweave.validation.ClientReplay:viewReplay:313]: P0_VIEW COMPLETE nano=85958861964100
[06:45:43] [Client thread/INFO] [STDOUT]: [com.layue13.clashweave.validation.ClientReplay:viewReplay:313]: P0_VIEW COMPLETE nano=85958911868700
[06:45:43] [Client thread/INFO] [STDOUT]: [com.layue13.clashweave.validation.ClientReplay:viewReplay:313]: P0_VIEW COMPLETE nano=85958962971200
[06:45:43] [Client thread/INFO] [STDOUT]: [com.layue13.clashweave.validation.ClientReplay:viewReplay:313]: P0_VIEW COMPLETE nano=85959011714700
[06:45:43] [Client thread/INFO] [STDOUT]: [com.layue13.clashweave.validation.ClientReplay:viewReplay:313]: P0_VIEW COMPLETE nano=85959061626900
[06:45:43] [Client thread/INFO] [STDOUT]: [com.layue13.clashweave.validation.ClientReplay:viewReplay:313]: P0_VIEW COMPLETE nano=85959112043400
[06:45:43] [Client thread/INFO] [STDOUT]: [com.layue13.clashweave.validation.ClientReplay:viewReplay:313]: P0_VIEW COMPLETE nano=85959161651300
[06:45:43] [Client thread/INFO] [STDOUT]: [com.layue13.clashweave.validation.ClientReplay:viewReplay:313]: P0_VIEW COMPLETE nano=85959211973000
[06:45:43] [Client thread/INFO] [STDOUT]: [com.layue13.clashweave.validation.ClientReplay:viewReplay:313]: P0_VIEW COMPLETE nano=85959261698900
[06:45:43] [Client thread/INFO] [STDOUT]: [com.layue13.clashweave.validation.ClientReplay:viewReplay:313]: P0_VIEW COMPLETE nano=85959312094500
[06:45:43] [Client thread/INFO] [STDOUT]: [com.layue13.clashweave.validation.ClientReplay:viewReplay:313]: P0_VIEW COMPLETE nano=85959361937300
[06:45:43] [Client thread/INFO] [STDOUT]: [com.layue13.clashweave.validation.ClientReplay:viewReplay:313]: P0_VIEW COMPLETE nano=85959412089300
[06:45:43] [Client thread/INFO] [STDOUT]: [com.layue13.clashweave.validation.ClientReplay:viewReplay:313]: P0_VIEW COMPLETE nano=85959461818200
[06:45:43] [Client thread/INFO] [STDOUT]: [com.layue13.clashweave.validation.ClientReplay:viewReplay:313]: P0_VIEW COMPLETE nano=85959512738600
[06:45:43] [Client thread/INFO] [STDOUT]: [com.layue13.clashweave.validation.ClientReplay:viewReplay:313]: P0_VIEW COMPLETE nano=85959562025900
[06:45:43] [Client thread/INFO] [STDOUT]: [com.layue13.clashweave.validation.ClientReplay:viewReplay:313]: P0_VIEW COMPLETE nano=85959611769400
[06:45:44] [Client thread/INFO] [STDOUT]: [com.layue13.clashweave.validation.ClientReplay:viewReplay:313]: P0_VIEW COMPLETE nano=85959662185800
[06:45:44] [Client thread/INFO] [STDOUT]: [com.layue13.clashweave.validation.ClientReplay:viewReplay:313]: P0_VIEW COMPLETE nano=85959711823900
[06:45:44] [Client thread/INFO] [STDOUT]: [com.layue13.clashweave.validation.ClientReplay:viewReplay:313]: P0_VIEW COMPLETE nano=85959762129900
[06:45:44] [Client thread/INFO] [STDOUT]: [com.layue13.clashweave.validation.ClientReplay:viewReplay:313]: P0_VIEW COMPLETE nano=85959812123600
[06:45:44] [Client thread/INFO] [STDOUT]: [com.layue13.clashweave.validation.ClientReplay:viewReplay:313]: P0_VIEW COMPLETE nano=85959863038300
[06:45:44] [Client thread/INFO] [STDOUT]: [com.layue13.clashweave.validation.ClientReplay:viewReplay:313]: P0_VIEW COMPLETE nano=85959912005500
[06:45:44] [Client thread/INFO] [STDOUT]: [com.layue13.clashweave.validation.ClientReplay:viewReplay:313]: P0_VIEW COMPLETE nano=85959963033700
[06:45:44] [Client thread/INFO] [STDOUT]: [com.layue13.clashweave.validation.ClientReplay:viewReplay:313]: P0_VIEW COMPLETE nano=85960013013500
[06:45:44] [Client thread/INFO] [STDOUT]: [com.layue13.clashweave.validation.ClientReplay:viewReplay:313]: P0_VIEW COMPLETE nano=85960061986000
[06:45:44] [Client thread/INFO] [STDOUT]: [com.layue13.clashweave.validation.ClientReplay:viewReplay:313]: P0_VIEW COMPLETE nano=85960111806300
[06:45:44] [Client thread/INFO] [STDOUT]: [com.layue13.clashweave.validation.ClientReplay:viewReplay:313]: P0_VIEW COMPLETE nano=85960161958200
[06:45:44] [Client thread/INFO] [STDOUT]: [com.layue13.clashweave.validation.ClientReplay:viewReplay:313]: P0_VIEW COMPLETE nano=85960211635500
[06:45:44] [Client thread/INFO] [STDOUT]: [com.layue13.clashweave.validation.ClientReplay:viewReplay:313]: P0_VIEW COMPLETE nano=85960261785700
[06:45:44] [Client thread/INFO] [STDOUT]: [com.layue13.clashweave.validation.ClientReplay:viewReplay:313]: P0_VIEW COMPLETE nano=85960312730100
[06:45:44] [Client thread/INFO] [STDOUT]: [com.layue13.clashweave.validation.ClientReplay:viewReplay:313]: P0_VIEW COMPLETE nano=85960362949700
[06:45:44] [Client thread/INFO] [STDOUT]: [com.layue13.clashweave.validation.ClientReplay:viewReplay:313]: P0_VIEW COMPLETE nano=85960411688800
[06:45:44] [Client thread/INFO] [STDOUT]: [com.layue13.clashweave.validation.ClientReplay:viewReplay:313]: P0_VIEW COMPLETE nano=85960463038200
[06:45:44] [Client thread/INFO] [STDOUT]: [com.layue13.clashweave.validation.ClientReplay:viewReplay:313]: P0_VIEW COMPLETE nano=85960512558400
[06:45:44] [Client thread/INFO] [STDOUT]: [com.layue13.clashweave.validation.ClientReplay:viewReplay:313]: P0_VIEW COMPLETE nano=85960563032300
[06:45:44] [Client thread/INFO] [STDOUT]: [com.layue13.clashweave.validation.ClientReplay:viewReplay:313]: P0_VIEW COMPLETE nano=85960612779700
[06:45:45] [Client thread/INFO] [STDOUT]: [com.layue13.clashweave.validation.ClientReplay:viewReplay:313]: P0_VIEW COMPLETE nano=85960662724000
[06:45:45] [Client thread/INFO] [STDOUT]: [com.layue13.clashweave.validation.ClientReplay:viewReplay:313]: P0_VIEW COMPLETE nano=85960711881300
[06:45:45] [Client thread/INFO] [STDOUT]: [com.layue13.clashweave.validation.ClientReplay:viewReplay:313]: P0_VIEW COMPLETE nano=85960761881500
[06:45:45] [Client thread/INFO] [STDOUT]: [com.layue13.clashweave.validation.ClientReplay:viewReplay:313]: P0_VIEW COMPLETE nano=85960812192100
[06:45:45] [Client thread/INFO] [STDOUT]: [com.layue13.clashweave.validation.ClientReplay:viewReplay:313]: P0_VIEW COMPLETE nano=85960862264100
[06:45:45] [Client thread/INFO] [STDOUT]: [com.layue13.clashweave.validation.ClientReplay:viewReplay:313]: P0_VIEW COMPLETE nano=85960913162300
[06:45:45] [Client thread/INFO] [STDOUT]: [com.layue13.clashweave.validation.ClientReplay:viewReplay:313]: P0_VIEW COMPLETE nano=85960962114300
[06:45:45] [Client thread/INFO] [STDOUT]: [com.layue13.clashweave.validation.ClientReplay:viewReplay:313]: P0_VIEW COMPLETE nano=85961012213600
[06:45:45] [Client thread/INFO] [STDOUT]: [com.layue13.clashweave.validation.ClientReplay:viewReplay:313]: P0_VIEW COMPLETE nano=85961061957300
[06:45:45] [Client thread/INFO] [STDOUT]: [com.layue13.clashweave.validation.ClientReplay:viewReplay:313]: P0_VIEW COMPLETE nano=85961112173100
[06:45:45] [Client thread/INFO] [STDOUT]: [com.layue13.clashweave.validation.ClientReplay:viewReplay:313]: P0_VIEW COMPLETE nano=85961161921700
[06:45:45] [Client thread/INFO] [STDOUT]: [com.layue13.clashweave.validation.ClientReplay:viewReplay:313]: P0_VIEW COMPLETE nano=85961211883600
[06:45:45] [Client thread/INFO] [STDOUT]: [com.layue13.clashweave.validation.ClientReplay:viewReplay:313]: P0_VIEW COMPLETE nano=85961261657800
[06:45:45] [Client thread/INFO] [STDOUT]: [com.layue13.clashweave.validation.ClientReplay:viewReplay:313]: P0_VIEW COMPLETE nano=85961312275200
[06:45:45] [Client thread/INFO] [STDOUT]: [com.layue13.clashweave.validation.ClientReplay:viewReplay:313]: P0_VIEW COMPLETE nano=85961363184800
[06:45:45] [Client thread/INFO] [STDOUT]: [com.layue13.clashweave.validation.ClientReplay:viewReplay:313]: P0_VIEW COMPLETE nano=85961413123000
[06:45:45] [Client thread/INFO] [STDOUT]: [com.layue13.clashweave.validation.ClientReplay:viewReplay:313]: P0_VIEW COMPLETE nano=85961462219700
[06:45:45] [Client thread/INFO] [STDOUT]: [com.layue13.clashweave.validation.ClientReplay:viewReplay:313]: P0_VIEW COMPLETE nano=85961512016600
[06:45:45] [Client thread/INFO] [STDOUT]: [com.layue13.clashweave.validation.ClientReplay:viewReplay:313]: P0_VIEW COMPLETE nano=85961561735400
[06:45:45] [Client thread/INFO] [STDOUT]: [com.layue13.clashweave.validation.ClientReplay:viewReplay:313]: P0_VIEW COMPLETE nano=85961611924000
[06:45:46] [Client thread/INFO] [STDOUT]: [com.layue13.clashweave.validation.ClientReplay:viewReplay:313]: P0_VIEW COMPLETE nano=85961662798500
[06:45:46] [Client thread/INFO] [STDOUT]: [com.layue13.clashweave.validation.ClientReplay:viewReplay:313]: P0_VIEW COMPLETE nano=85961711733000
[06:45:46] [Client thread/INFO] [STDOUT]: [com.layue13.clashweave.validation.ClientReplay:viewReplay:313]: P0_VIEW COMPLETE nano=85961762539200
[06:45:46] [Client thread/INFO] [STDOUT]: [com.layue13.clashweave.validation.ClientReplay:viewReplay:313]: P0_VIEW COMPLETE nano=85961812694000
[06:45:46] [Client thread/INFO] [STDOUT]: [com.layue13.clashweave.validation.ClientReplay:viewReplay:313]: P0_VIEW COMPLETE nano=85961861869300
[06:45:46] [Client thread/INFO] [STDOUT]: [com.layue13.clashweave.validation.ClientReplay:viewReplay:313]: P0_VIEW COMPLETE nano=85961912289400
[06:45:46] [Client thread/INFO] [STDOUT]: [com.layue13.clashweave.validation.ClientReplay:viewReplay:313]: P0_VIEW COMPLETE nano=85961961736700
[06:45:46] [Client thread/INFO] [STDOUT]: [com.layue13.clashweave.validation.ClientReplay:viewReplay:313]: P0_VIEW COMPLETE nano=85962012348800
[06:45:46] [Client thread/INFO] [STDOUT]: [com.layue13.clashweave.validation.ClientReplay:viewReplay:313]: P0_VIEW COMPLETE nano=85962061876100
[06:45:46] [Client thread/INFO] [STDOUT]: [com.layue13.clashweave.validation.ClientReplay:viewReplay:313]: P0_VIEW COMPLETE nano=85962112049300
[06:45:46] [Client thread/INFO] [STDOUT]: [com.layue13.clashweave.validation.ClientReplay:viewReplay:313]: P0_VIEW COMPLETE nano=85962161676900
[06:45:46] [Client thread/INFO] [STDOUT]: [com.layue13.clashweave.validation.ClientReplay:viewReplay:313]: P0_VIEW COMPLETE nano=85962211922700
[06:45:46] [Client thread/INFO] [STDOUT]: [com.layue13.clashweave.validation.ClientReplay:viewReplay:313]: P0_VIEW COMPLETE nano=85962261696300
[06:45:46] [Client thread/INFO] [STDOUT]: [com.layue13.clashweave.validation.ClientReplay:viewReplay:313]: P0_VIEW COMPLETE nano=85962311969500
[06:45:46] [Client thread/INFO] [STDOUT]: [com.layue13.clashweave.validation.ClientReplay:viewReplay:313]: P0_VIEW COMPLETE nano=85962362203600
[06:45:46] [Client thread/INFO] [STDOUT]: [com.layue13.clashweave.validation.ClientReplay:viewReplay:313]: P0_VIEW COMPLETE nano=85962413132800
[06:45:46] [Client thread/INFO] [STDOUT]: [com.layue13.clashweave.validation.ClientReplay:viewReplay:313]: P0_VIEW COMPLETE nano=85962461671200
[06:45:46] [Client thread/INFO] [STDOUT]: [com.layue13.clashweave.validation.ClientReplay:viewReplay:313]: P0_VIEW COMPLETE nano=85962512946500
[06:45:46] [Client thread/INFO] [STDOUT]: [com.layue13.clashweave.validation.ClientReplay:viewReplay:313]: P0_VIEW COMPLETE nano=85962561725600
[06:45:46] [Client thread/INFO] [STDOUT]: [com.layue13.clashweave.validation.ClientReplay:viewReplay:313]: P0_VIEW COMPLETE nano=85962613033100
[06:45:47] [Client thread/INFO] [STDOUT]: [com.layue13.clashweave.validation.ClientReplay:viewReplay:313]: P0_VIEW COMPLETE nano=85962662126000
[06:45:47] [Client thread/INFO] [STDOUT]: [com.layue13.clashweave.validation.ClientReplay:viewReplay:313]: P0_VIEW COMPLETE nano=85962711835800
[06:45:47] [Client thread/INFO] [STDOUT]: [com.layue13.clashweave.validation.ClientReplay:viewReplay:313]: P0_VIEW COMPLETE nano=85962763057200
[06:45:47] [Client thread/INFO] [STDOUT]: [com.layue13.clashweave.validation.ClientReplay:viewReplay:313]: P0_VIEW COMPLETE nano=85962812178400
[06:45:47] [Client thread/INFO] [STDOUT]: [com.layue13.clashweave.validation.ClientReplay:viewReplay:313]: P0_VIEW COMPLETE nano=85962861717500
[06:45:47] [Client thread/INFO] [STDOUT]: [com.layue13.clashweave.validation.ClientReplay:viewReplay:313]: P0_VIEW COMPLETE nano=85962911826900
[06:45:47] [Client thread/INFO] [STDOUT]: [com.layue13.clashweave.validation.ClientReplay:viewReplay:313]: P0_VIEW COMPLETE nano=85962962101900
[06:45:47] [Client thread/INFO] [STDOUT]: [com.layue13.clashweave.validation.ClientReplay:viewReplay:313]: P0_VIEW COMPLETE nano=85963013188100
[06:45:47] [Client thread/INFO] [STDOUT]: [com.layue13.clashweave.validation.ClientReplay:viewReplay:313]: P0_VIEW COMPLETE nano=85963062278100
[06:45:47] [Client thread/INFO] [STDOUT]: [com.layue13.clashweave.validation.ClientReplay:viewReplay:313]: P0_VIEW COMPLETE nano=85963112006000
[06:45:47] [Client thread/INFO] [STDOUT]: [com.layue13.clashweave.validation.ClientReplay:viewReplay:313]: P0_VIEW COMPLETE nano=85963161852000
[06:45:47] [Client thread/INFO] [STDOUT]: [com.layue13.clashweave.validation.ClientReplay:viewReplay:313]: P0_VIEW COMPLETE nano=85963212135400
[06:45:47] [Client thread/INFO] [STDOUT]: [com.layue13.clashweave.validation.ClientReplay:viewReplay:313]: P0_VIEW COMPLETE nano=85963263053900
[06:45:47] [Client thread/INFO] [STDOUT]: [com.layue13.clashweave.validation.ClientReplay:viewReplay:313]: P0_VIEW COMPLETE nano=85963313001100
[06:45:47] [Client thread/INFO] [STDOUT]: [com.layue13.clashweave.validation.ClientReplay:viewReplay:313]: P0_VIEW COMPLETE nano=85963363000300
[06:45:47] [Client thread/INFO] [STDOUT]: [com.layue13.clashweave.validation.ClientReplay:viewReplay:313]: P0_VIEW COMPLETE nano=85963411975300
[06:45:47] [Client thread/INFO] [STDOUT]: [com.layue13.clashweave.validation.ClientReplay:viewReplay:313]: P0_VIEW COMPLETE nano=85963462059300
[06:45:47] [Client thread/INFO] [STDOUT]: [com.layue13.clashweave.validation.ClientReplay:viewReplay:313]: P0_VIEW COMPLETE nano=85963511702600
[06:45:47] [Client thread/INFO] [STDOUT]: [com.layue13.clashweave.validation.ClientReplay:viewReplay:313]: P0_VIEW COMPLETE nano=85963562187300
[06:45:47] [Client thread/INFO] [STDOUT]: [com.layue13.clashweave.validation.ClientReplay:viewReplay:313]: P0_VIEW COMPLETE nano=85963611978300
[06:45:48] [Client thread/INFO] [STDOUT]: [com.layue13.clashweave.validation.ClientReplay:viewReplay:313]: P0_VIEW COMPLETE nano=85963662481200
[06:45:48] [Client thread/INFO] [STDOUT]: [com.layue13.clashweave.validation.ClientReplay:viewReplay:313]: P0_VIEW COMPLETE nano=85963711809200
[06:45:48] [Client thread/INFO] [STDOUT]: [com.layue13.clashweave.validation.ClientReplay:viewReplay:313]: P0_VIEW COMPLETE nano=85963762013900
[06:45:48] [Client thread/INFO] [STDOUT]: [com.layue13.clashweave.validation.ClientReplay:viewReplay:313]: P0_VIEW COMPLETE nano=85963811803500
[06:45:48] [Client thread/INFO] [STDOUT]: [com.layue13.clashweave.validation.ClientReplay:viewReplay:313]: P0_VIEW COMPLETE nano=85963862122500
[06:45:48] [Client thread/INFO] [STDOUT]: [com.layue13.clashweave.validation.ClientReplay:viewReplay:313]: P0_VIEW COMPLETE nano=85963911727600
[06:45:48] [Client thread/INFO] [STDOUT]: [com.layue13.clashweave.validation.ClientReplay:viewReplay:313]: P0_VIEW COMPLETE nano=85963961817200
[06:45:48] [Client thread/INFO] [STDOUT]: [com.layue13.clashweave.validation.ClientReplay:viewReplay:313]: P0_VIEW COMPLETE nano=85964011997500
[06:45:48] [Client thread/INFO] [STDOUT]: [com.layue13.clashweave.validation.ClientReplay:viewReplay:313]: P0_VIEW COMPLETE nano=85964061747500
[06:45:48] [Client thread/INFO] [STDOUT]: [com.layue13.clashweave.validation.ClientReplay:viewReplay:313]: P0_VIEW COMPLETE nano=85964111873900
[06:45:48] [Client thread/INFO] [STDOUT]: [com.layue13.clashweave.validation.ClientReplay:viewReplay:313]: P0_VIEW COMPLETE nano=85964161786600
[06:45:48] [Client thread/INFO] [STDOUT]: [com.layue13.clashweave.validation.ClientReplay:viewReplay:313]: P0_VIEW COMPLETE nano=85964212838500
[06:45:48] [Client thread/INFO] [STDOUT]: [com.layue13.clashweave.validation.ClientReplay:viewReplay:313]: P0_VIEW COMPLETE nano=85964261960000
[06:45:48] [Client thread/INFO] [STDOUT]: [com.layue13.clashweave.validation.ClientReplay:viewReplay:313]: P0_VIEW COMPLETE nano=85964312516000
[06:45:48] [Client thread/INFO] [STDOUT]: [com.layue13.clashweave.validation.ClientReplay:viewReplay:313]: P0_VIEW COMPLETE nano=85964363082200
[06:45:48] [Client thread/INFO] [STDOUT]: [com.layue13.clashweave.validation.ClientReplay:viewReplay:313]: P0_VIEW COMPLETE nano=85964411677100
[06:45:48] [Client thread/INFO] [STDOUT]: [com.layue13.clashweave.validation.ClientReplay:viewReplay:313]: P0_VIEW COMPLETE nano=85964461857100
[06:45:48] [Client thread/INFO] [STDOUT]: [com.layue13.clashweave.validation.ClientReplay:viewReplay:313]: P0_VIEW COMPLETE nano=85964512320500
[06:45:48] [Client thread/INFO] [STDOUT]: [com.layue13.clashweave.validation.ClientReplay:viewReplay:313]: P0_VIEW COMPLETE nano=85964562118000
[06:45:48] [Client thread/INFO] [STDOUT]: [com.layue13.clashweave.validation.ClientReplay:viewReplay:313]: P0_VIEW COMPLETE nano=85964612317300
[06:45:49] [Client thread/INFO] [STDOUT]: [com.layue13.clashweave.validation.ClientReplay:viewReplay:313]: P0_VIEW COMPLETE nano=85964663206400
[06:45:49] [Client thread/INFO] [STDOUT]: [com.layue13.clashweave.validation.ClientReplay:viewReplay:313]: P0_VIEW COMPLETE nano=85964711654300
[06:45:49] [Client thread/INFO] [STDOUT]: [com.layue13.clashweave.validation.ClientReplay:viewReplay:313]: P0_VIEW COMPLETE nano=85964761850800
[06:45:49] [Client thread/INFO] [STDOUT]: [com.layue13.clashweave.validation.ClientReplay:viewReplay:313]: P0_VIEW COMPLETE nano=85964812567800
[06:45:49] [Client thread/INFO] [STDOUT]: [com.layue13.clashweave.validation.ClientReplay:viewReplay:313]: P0_VIEW COMPLETE nano=85964861680800
[06:45:49] [Client thread/INFO] [STDOUT]: [com.layue13.clashweave.validation.ClientReplay:viewReplay:313]: P0_VIEW COMPLETE nano=85964912092800
[06:45:49] [Client thread/INFO] [STDOUT]: [com.layue13.clashweave.validation.ClientReplay:viewReplay:313]: P0_VIEW COMPLETE nano=85964961685000
[06:45:49] [Client thread/INFO] [STDOUT]: [com.layue13.clashweave.validation.ClientReplay:viewReplay:313]: P0_VIEW COMPLETE nano=85965011658900
[06:45:49] [Client thread/INFO] [STDOUT]: [com.layue13.clashweave.validation.ClientReplay:viewReplay:313]: P0_VIEW COMPLETE nano=85965061964100
[06:45:49] [Client thread/INFO] [STDOUT]: [com.layue13.clashweave.validation.ClientReplay:viewReplay:313]: P0_VIEW COMPLETE nano=85965113182900
[06:45:49] [Client thread/INFO] [STDOUT]: [com.layue13.clashweave.validation.ClientReplay:viewReplay:313]: P0_VIEW COMPLETE nano=85965162080400
[06:45:49] [Client thread/INFO] [STDOUT]: [com.layue13.clashweave.validation.ClientReplay:viewReplay:313]: P0_VIEW COMPLETE nano=85965212124300
[06:45:49] [Client thread/INFO] [STDOUT]: [com.layue13.clashweave.validation.ClientReplay:viewReplay:313]: P0_VIEW COMPLETE nano=85965262067200
[06:45:49] [Client thread/INFO] [STDOUT]: [com.layue13.clashweave.validation.ClientReplay:viewReplay:313]: P0_VIEW COMPLETE nano=85965311846900
[06:45:49] [Client thread/INFO] [STDOUT]: [com.layue13.clashweave.validation.ClientReplay:viewReplay:313]: P0_VIEW COMPLETE nano=85965361785800
[06:45:49] [Client thread/INFO] [STDOUT]: [com.layue13.clashweave.validation.ClientReplay:viewReplay:313]: P0_VIEW COMPLETE nano=85965411854600
[06:45:49] [Client thread/INFO] [STDOUT]: [com.layue13.clashweave.validation.ClientReplay:viewReplay:313]: P0_VIEW COMPLETE nano=85965461681600
[06:45:49] [Client thread/INFO] [STDOUT]: [com.layue13.clashweave.validation.ClientReplay:viewReplay:313]: P0_VIEW COMPLETE nano=85965512012000
[06:45:49] [Client thread/INFO] [STDOUT]: [com.layue13.clashweave.validation.ClientReplay:viewReplay:313]: P0_VIEW COMPLETE nano=85965561799500
[06:45:49] [Client thread/INFO] [STDOUT]: [com.layue13.clashweave.validation.ClientReplay:viewReplay:313]: P0_VIEW COMPLETE nano=85965613177200
[06:45:50] [Client thread/INFO] [STDOUT]: [com.layue13.clashweave.validation.ClientReplay:viewReplay:313]: P0_VIEW COMPLETE nano=85965661977900
[06:45:50] [Client thread/INFO] [STDOUT]: [com.layue13.clashweave.validation.ClientReplay:viewReplay:313]: P0_VIEW COMPLETE nano=85965713052900
[06:45:50] [Client thread/INFO] [STDOUT]: [com.layue13.clashweave.validation.ClientReplay:viewReplay:313]: P0_VIEW COMPLETE nano=85965761682700
[06:45:50] [Client thread/INFO] [STDOUT]: [com.layue13.clashweave.validation.ClientReplay:viewReplay:313]: P0_VIEW COMPLETE nano=85965812082300
[06:45:50] [Client thread/INFO] [STDOUT]: [com.layue13.clashweave.validation.ClientReplay:viewReplay:313]: P0_VIEW COMPLETE nano=85965862958500
[06:45:50] [Client thread/INFO] [STDOUT]: [com.layue13.clashweave.validation.ClientReplay:viewReplay:313]: P0_VIEW COMPLETE nano=85965911859000
[06:45:50] [Client thread/INFO] [STDOUT]: [com.layue13.clashweave.validation.ClientReplay:viewReplay:313]: P0_VIEW COMPLETE nano=85965962268000
[06:45:50] [Client thread/INFO] [STDOUT]: [com.layue13.clashweave.validation.ClientReplay:viewReplay:313]: P0_VIEW COMPLETE nano=85966011931000
[06:45:50] [Client thread/INFO] [STDOUT]: [com.layue13.clashweave.validation.ClientReplay:viewReplay:313]: P0_VIEW COMPLETE nano=85966061884100
[06:45:50] [Client thread/INFO] [STDOUT]: [com.layue13.clashweave.validation.ClientReplay:viewReplay:313]: P0_VIEW COMPLETE nano=85966112041500
[06:45:50] [Client thread/INFO] [STDOUT]: [com.layue13.clashweave.validation.ClientReplay:viewReplay:313]: P0_VIEW COMPLETE nano=85966163122300
[06:45:50] [Client thread/INFO] [STDOUT]: [com.layue13.clashweave.validation.ClientReplay:viewReplay:313]: P0_VIEW COMPLETE nano=85966212239400
[06:45:50] [Client thread/INFO] [STDOUT]: [com.layue13.clashweave.validation.ClientReplay:viewReplay:313]: P0_VIEW COMPLETE nano=85966262311700
[06:45:50] [Client thread/INFO] [STDOUT]: [com.layue13.clashweave.validation.ClientReplay:viewReplay:313]: P0_VIEW COMPLETE nano=85966311805500
[06:45:50] [Client thread/INFO] [STDOUT]: [com.layue13.clashweave.validation.ClientReplay:viewReplay:313]: P0_VIEW COMPLETE nano=85966363086800
[06:45:50] [Client thread/INFO] [STDOUT]: [com.layue13.clashweave.validation.ClientReplay:viewReplay:313]: P0_VIEW COMPLETE nano=85966412412300
[06:45:50] [Client thread/INFO] [STDOUT]: [com.layue13.clashweave.validation.ClientReplay:viewReplay:313]: P0_VIEW COMPLETE nano=85966462683400
[06:45:50] [Client thread/INFO] [STDOUT]: [com.layue13.clashweave.validation.ClientReplay:viewReplay:313]: P0_VIEW COMPLETE nano=85966511686100
[06:45:50] [Client thread/INFO] [STDOUT]: [com.layue13.clashweave.validation.ClientReplay:viewReplay:313]: P0_VIEW COMPLETE nano=85966561828800
[06:45:50] [Client thread/INFO] [STDOUT]: [com.layue13.clashweave.validation.ClientReplay:viewReplay:313]: P0_VIEW COMPLETE nano=85966612020200
[06:45:51] [Client thread/INFO] [STDOUT]: [com.layue13.clashweave.validation.ClientReplay:viewReplay:313]: P0_VIEW COMPLETE nano=85966663219500
[06:45:51] [Client thread/INFO] [STDOUT]: [com.layue13.clashweave.validation.ClientReplay:viewReplay:313]: P0_VIEW COMPLETE nano=85966711983800
[06:45:51] [Client thread/INFO] [STDOUT]: [com.layue13.clashweave.validation.ClientReplay:viewReplay:313]: P0_VIEW COMPLETE nano=85966762251600
[06:45:51] [Client thread/INFO] [STDOUT]: [com.layue13.clashweave.validation.ClientReplay:viewReplay:313]: P0_VIEW COMPLETE nano=85966812188600
[06:45:51] [Client thread/INFO] [STDOUT]: [com.layue13.clashweave.validation.ClientReplay:viewReplay:313]: P0_VIEW COMPLETE nano=85966862182800
[06:45:51] [Client thread/INFO] [STDOUT]: [com.layue13.clashweave.validation.ClientReplay:viewReplay:313]: P0_VIEW COMPLETE nano=85966912328000
[06:45:51] [Client thread/INFO] [STDOUT]: [com.layue13.clashweave.validation.ClientReplay:viewReplay:313]: P0_VIEW COMPLETE nano=85966962050100
[06:45:51] [Client thread/INFO] [STDOUT]: [com.layue13.clashweave.validation.ClientReplay:viewReplay:313]: P0_VIEW COMPLETE nano=85967011654100
[06:45:51] [Client thread/INFO] [STDOUT]: [com.layue13.clashweave.validation.ClientReplay:viewReplay:313]: P0_VIEW COMPLETE nano=85967062269300
[06:45:51] [Client thread/INFO] [STDOUT]: [com.layue13.clashweave.validation.ClientReplay:viewReplay:313]: P0_VIEW COMPLETE nano=85967112326400
[06:45:51] [Client thread/INFO] [STDOUT]: [com.layue13.clashweave.validation.ClientReplay:viewReplay:313]: P0_VIEW COMPLETE nano=85967162044600
[06:45:51] [Client thread/INFO] [STDOUT]: [com.layue13.clashweave.validation.ClientReplay:viewReplay:313]: P0_VIEW COMPLETE nano=85967212426200
[06:45:51] [Client thread/INFO] [STDOUT]: [com.layue13.clashweave.validation.ClientReplay:viewReplay:313]: P0_VIEW COMPLETE nano=85967261771200
[06:45:51] [Client thread/INFO] [STDOUT]: [com.layue13.clashweave.validation.ClientReplay:viewReplay:313]: P0_VIEW COMPLETE nano=85967311949400
[06:45:51] [Client thread/INFO] [STDOUT]: [com.layue13.clashweave.validation.ClientReplay:viewReplay:313]: P0_VIEW COMPLETE nano=85967362833600
[06:45:51] [Client thread/INFO] [STDOUT]: [com.layue13.clashweave.validation.ClientReplay:viewReplay:313]: P0_VIEW COMPLETE nano=85967412619000
[06:45:51] [Client thread/INFO] [STDOUT]: [com.layue13.clashweave.validation.ClientReplay:viewReplay:313]: P0_VIEW COMPLETE nano=85967462186300
[06:45:51] [Client thread/INFO] [STDOUT]: [com.layue13.clashweave.validation.ClientReplay:viewReplay:313]: P0_VIEW COMPLETE nano=85967512073700
[06:45:51] [Client thread/INFO] [STDOUT]: [com.layue13.clashweave.validation.ClientReplay:viewReplay:313]: P0_VIEW COMPLETE nano=85967561957100
[06:45:51] [Client thread/INFO] [STDOUT]: [com.layue13.clashweave.validation.ClientReplay:viewReplay:313]: P0_VIEW COMPLETE nano=85967612368300
[06:45:52] [Client thread/INFO] [STDOUT]: [com.layue13.clashweave.validation.ClientReplay:viewReplay:313]: P0_VIEW COMPLETE nano=85967662223200
[06:45:52] [Client thread/INFO] [STDOUT]: [com.layue13.clashweave.validation.ClientReplay:viewReplay:313]: P0_VIEW COMPLETE nano=85967711766100
[06:45:52] [Client thread/INFO] [STDOUT]: [com.layue13.clashweave.validation.ClientReplay:viewReplay:313]: P0_VIEW COMPLETE nano=85967763008600
[06:45:52] [Client thread/INFO] [STDOUT]: [com.layue13.clashweave.validation.ClientReplay:viewReplay:313]: P0_VIEW COMPLETE nano=85967811936100
[06:45:52] [Client thread/INFO] [STDOUT]: [com.layue13.clashweave.validation.ClientReplay:viewReplay:313]: P0_VIEW COMPLETE nano=85967861991800
[06:45:52] [Client thread/INFO] [STDOUT]: [com.layue13.clashweave.validation.ClientReplay:viewReplay:313]: P0_VIEW COMPLETE nano=85967912444900
[06:45:52] [Client thread/INFO] [STDOUT]: [com.layue13.clashweave.validation.ClientReplay:viewReplay:313]: P0_VIEW COMPLETE nano=85967962177300
[06:45:52] [Client thread/INFO] [STDOUT]: [com.layue13.clashweave.validation.ClientReplay:viewReplay:313]: P0_VIEW COMPLETE nano=85968012305900
[06:45:52] [Client thread/INFO] [STDOUT]: [com.layue13.clashweave.validation.ClientReplay:viewReplay:313]: P0_VIEW COMPLETE nano=85968062257500
[06:45:52] [Client thread/INFO] [STDOUT]: [com.layue13.clashweave.validation.ClientReplay:viewReplay:313]: P0_VIEW COMPLETE nano=85968111899200
[06:45:52] [Client thread/INFO] [STDOUT]: [com.layue13.clashweave.validation.ClientReplay:viewReplay:313]: P0_VIEW COMPLETE nano=85968163146500
[06:45:52] [Client thread/INFO] [STDOUT]: [com.layue13.clashweave.validation.ClientReplay:viewReplay:313]: P0_VIEW COMPLETE nano=85968212167500
[06:45:52] [Client thread/INFO] [STDOUT]: [com.layue13.clashweave.validation.ClientReplay:viewReplay:313]: P0_VIEW COMPLETE nano=85968261923100
[06:45:52] [Client thread/INFO] [STDOUT]: [com.layue13.clashweave.validation.ClientReplay:viewReplay:313]: P0_VIEW COMPLETE nano=85968312121800
[06:45:52] [Client thread/INFO] [STDOUT]: [com.layue13.clashweave.validation.ClientReplay:viewReplay:313]: P0_VIEW COMPLETE nano=85968362060400
[06:45:52] [Client thread/INFO] [STDOUT]: [com.layue13.clashweave.validation.ClientReplay:viewReplay:313]: P0_VIEW COMPLETE nano=85968412474900
[06:45:52] [Client thread/INFO] [STDOUT]: [com.layue13.clashweave.validation.ClientReplay:viewReplay:313]: P0_VIEW COMPLETE nano=85968461868700
[06:45:52] [Client thread/INFO] [STDOUT]: [com.layue13.clashweave.validation.ClientReplay:viewReplay:313]: P0_VIEW COMPLETE nano=85968512578400
[06:45:52] [Client thread/INFO] [STDOUT]: [com.layue13.clashweave.validation.ClientReplay:viewReplay:313]: P0_VIEW COMPLETE nano=85968561903900
[06:45:52] [Client thread/INFO] [STDOUT]: [com.layue13.clashweave.validation.ClientReplay:viewReplay:313]: P0_VIEW COMPLETE nano=85968612196200
[06:45:53] [Client thread/INFO] [STDOUT]: [com.layue13.clashweave.validation.ClientReplay:viewReplay:313]: P0_VIEW COMPLETE nano=85968662095900
[06:45:53] [Client thread/INFO] [STDOUT]: [com.layue13.clashweave.validation.ClientReplay:viewReplay:313]: P0_VIEW COMPLETE nano=85968711874900
[06:45:53] [Client thread/INFO] [STDOUT]: [com.layue13.clashweave.validation.ClientReplay:viewReplay:313]: P0_VIEW COMPLETE nano=85968761945700
[06:45:53] [Client thread/INFO] [STDOUT]: [com.layue13.clashweave.validation.ClientReplay:viewReplay:313]: P0_VIEW COMPLETE nano=85968812667000
[06:45:53] [Client thread/INFO] [STDOUT]: [com.layue13.clashweave.validation.ClientReplay:viewReplay:313]: P0_VIEW COMPLETE nano=85968862932100
[06:45:53] [Client thread/INFO] [STDOUT]: [com.layue13.clashweave.validation.ClientReplay:viewReplay:313]: P0_VIEW COMPLETE nano=85968912087100
[06:45:53] [Client thread/INFO] [STDOUT]: [com.layue13.clashweave.validation.ClientReplay:viewReplay:313]: P0_VIEW COMPLETE nano=85968962016600
[06:45:53] [Client thread/INFO] [STDOUT]: [com.layue13.clashweave.validation.ClientReplay:viewReplay:313]: P0_VIEW COMPLETE nano=85969011813100
[06:45:53] [Client thread/INFO] [STDOUT]: [com.layue13.clashweave.validation.ClientReplay:viewReplay:313]: P0_VIEW COMPLETE nano=85969061960400
[06:45:53] [Client thread/INFO] [STDOUT]: [com.layue13.clashweave.validation.ClientReplay:viewReplay:313]: P0_VIEW COMPLETE nano=85969112563900
[06:45:53] [Client thread/INFO] [STDOUT]: [com.layue13.clashweave.validation.ClientReplay:viewReplay:313]: P0_VIEW COMPLETE nano=85969161768200
[06:45:53] [Client thread/INFO] [STDOUT]: [com.layue13.clashweave.validation.ClientReplay:viewReplay:313]: P0_VIEW COMPLETE nano=85969212100300
[06:45:53] [Client thread/INFO] [STDOUT]: [com.layue13.clashweave.validation.ClientReplay:viewReplay:313]: P0_VIEW COMPLETE nano=85969261965600
[06:45:53] [Client thread/INFO] [STDOUT]: [com.layue13.clashweave.validation.ClientReplay:viewReplay:313]: P0_VIEW COMPLETE nano=85969312110500
[06:45:53] [Client thread/INFO] [STDOUT]: [com.layue13.clashweave.validation.ClientReplay:viewReplay:313]: P0_VIEW COMPLETE nano=85969362268000
[06:45:53] [Client thread/INFO] [STDOUT]: [com.layue13.clashweave.validation.ClientReplay:viewReplay:313]: P0_VIEW COMPLETE nano=85969411933600
[06:45:53] [Client thread/INFO] [STDOUT]: [com.layue13.clashweave.validation.ClientReplay:viewReplay:313]: P0_VIEW COMPLETE nano=85969463053300
[06:45:53] [Client thread/INFO] [STDOUT]: [com.layue13.clashweave.validation.ClientReplay:viewReplay:313]: P0_VIEW COMPLETE nano=85969512833800
[06:45:53] [Client thread/INFO] [STDOUT]: [com.layue13.clashweave.validation.ClientReplay:viewReplay:313]: P0_VIEW COMPLETE nano=85969562033900
[06:45:53] [Client thread/INFO] [STDOUT]: [com.layue13.clashweave.validation.ClientReplay:viewReplay:313]: P0_VIEW COMPLETE nano=85969611966200
[06:45:54] [Client thread/INFO] [STDOUT]: [com.layue13.clashweave.validation.ClientReplay:viewReplay:313]: P0_VIEW COMPLETE nano=85969662196800
[06:45:54] [Client thread/INFO] [STDOUT]: [com.layue13.clashweave.validation.ClientReplay:viewReplay:313]: P0_VIEW COMPLETE nano=85969712118000
[06:45:54] [Client thread/INFO] [STDOUT]: [com.layue13.clashweave.validation.ClientReplay:viewReplay:313]: P0_VIEW COMPLETE nano=85969761959900
[06:45:54] [Client thread/INFO] [STDOUT]: [com.layue13.clashweave.validation.ClientReplay:viewReplay:313]: P0_VIEW COMPLETE nano=85969812329100
[06:45:54] [Client thread/INFO] [STDOUT]: [com.layue13.clashweave.validation.ClientReplay:viewReplay:313]: P0_VIEW COMPLETE nano=85969862380700
[06:45:54] [Client thread/INFO] [STDOUT]: [com.layue13.clashweave.validation.ClientReplay:viewReplay:313]: P0_VIEW COMPLETE nano=85969912178500
[06:45:54] [Client thread/INFO] [STDOUT]: [com.layue13.clashweave.validation.ClientReplay:viewReplay:313]: P0_VIEW COMPLETE nano=85969961867300
[06:45:54] [Client thread/INFO] [STDOUT]: [com.layue13.clashweave.validation.ClientReplay:viewReplay:313]: P0_VIEW COMPLETE nano=85970011942800
[06:45:54] [Client thread/INFO] [STDOUT]: [com.layue13.clashweave.validation.ClientReplay:viewReplay:313]: P0_VIEW COMPLETE nano=85970062379400
[06:45:54] [Client thread/INFO] [STDOUT]: [com.layue13.clashweave.validation.ClientReplay:viewReplay:313]: P0_VIEW COMPLETE nano=85970111940900
[06:45:54] [Client thread/INFO] [STDOUT]: [com.layue13.clashweave.validation.ClientReplay:viewReplay:313]: P0_VIEW COMPLETE nano=85970162057200
[06:45:54] [Client thread/INFO] [STDOUT]: [com.layue13.clashweave.validation.ClientReplay:viewReplay:313]: P0_VIEW COMPLETE nano=85970212110500
[06:45:54] [Client thread/INFO] [STDOUT]: [com.layue13.clashweave.validation.ClientReplay:viewReplay:313]: P0_VIEW COMPLETE nano=85970263123600
[06:45:54] [Client thread/INFO] [STDOUT]: [com.layue13.clashweave.validation.ClientReplay:viewReplay:313]: P0_VIEW COMPLETE nano=85970311960300
[06:45:54] [Client thread/INFO] [STDOUT]: [com.layue13.clashweave.validation.ClientReplay:viewReplay:313]: P0_VIEW COMPLETE nano=85970363086000
[06:45:54] [Client thread/INFO] [STDOUT]: [com.layue13.clashweave.validation.ClientReplay:viewReplay:313]: P0_VIEW COMPLETE nano=85970412122500
[06:45:54] [Client thread/INFO] [STDOUT]: [com.layue13.clashweave.validation.ClientReplay:viewReplay:313]: P0_VIEW COMPLETE nano=85970461950600
[06:45:54] [Client thread/INFO] [STDOUT]: [com.layue13.clashweave.validation.ClientReplay:viewReplay:313]: P0_VIEW COMPLETE nano=85970512958000
[06:45:54] [Client thread/INFO] [STDOUT]: [com.layue13.clashweave.validation.ClientReplay:viewReplay:313]: P0_VIEW COMPLETE nano=85970561936800
[06:45:54] [Client thread/INFO] [STDOUT]: [com.layue13.clashweave.validation.ClientReplay:viewReplay:313]: P0_VIEW COMPLETE nano=85970612276100
[06:45:55] [Client thread/INFO] [STDOUT]: [com.layue13.clashweave.validation.ClientReplay:viewReplay:313]: P0_VIEW COMPLETE nano=85970661810800
[06:45:55] [Client thread/INFO] [STDOUT]: [com.layue13.clashweave.validation.ClientReplay:viewReplay:313]: P0_VIEW COMPLETE nano=85970711680400
[06:45:55] [Client thread/INFO] [STDOUT]: [com.layue13.clashweave.validation.ClientReplay:viewReplay:313]: P0_VIEW COMPLETE nano=85970761842500
[06:45:55] [Client thread/INFO] [STDOUT]: [com.layue13.clashweave.validation.ClientReplay:viewReplay:313]: P0_VIEW COMPLETE nano=85970812410500
[06:45:55] [Client thread/INFO] [STDOUT]: [com.layue13.clashweave.validation.ClientReplay:viewReplay:313]: P0_VIEW COMPLETE nano=85970862106000
[06:45:55] [Client thread/INFO] [STDOUT]: [com.layue13.clashweave.validation.ClientReplay:viewReplay:313]: P0_VIEW COMPLETE nano=85970911699100
[06:45:55] [Client thread/INFO] [STDOUT]: [com.layue13.clashweave.validation.ClientReplay:viewReplay:313]: P0_VIEW COMPLETE nano=85970962039800
[06:45:55] [Client thread/INFO] [STDOUT]: [com.layue13.clashweave.validation.ClientReplay:viewReplay:313]: P0_VIEW COMPLETE nano=85971013145700
[06:45:55] [Client thread/INFO] [STDOUT]: [com.layue13.clashweave.validation.ClientReplay:viewReplay:313]: P0_VIEW COMPLETE nano=85971062274800
[06:45:55] [Client thread/INFO] [STDOUT]: [com.layue13.clashweave.validation.ClientReplay:viewReplay:313]: P0_VIEW COMPLETE nano=85971111890900
[06:45:55] [Client thread/INFO] [STDOUT]: [com.layue13.clashweave.validation.ClientReplay:viewReplay:313]: P0_VIEW COMPLETE nano=85971162166400
[06:45:55] [Client thread/INFO] [STDOUT]: [com.layue13.clashweave.validation.ClientReplay:viewReplay:313]: P0_VIEW COMPLETE nano=85971212154400
[06:45:55] [Client thread/INFO] [STDOUT]: [com.layue13.clashweave.validation.ClientReplay:viewReplay:313]: P0_VIEW COMPLETE nano=85971263037500
[06:45:55] [Client thread/INFO] [STDOUT]: [com.layue13.clashweave.validation.ClientReplay:viewReplay:313]: P0_VIEW COMPLETE nano=85971312267500
[06:45:55] [Client thread/INFO] [STDOUT]: [com.layue13.clashweave.validation.ClientReplay:viewReplay:313]: P0_VIEW COMPLETE nano=85971362312700
[06:45:55] [Client thread/INFO] [STDOUT]: [com.layue13.clashweave.validation.ClientReplay:viewReplay:313]: P0_VIEW COMPLETE nano=85971412178300
[06:45:55] [Client thread/INFO] [STDOUT]: [com.layue13.clashweave.validation.ClientReplay:viewReplay:313]: P0_VIEW COMPLETE nano=85971461897800
[06:45:55] [Client thread/INFO] [STDOUT]: [com.layue13.clashweave.validation.ClientReplay:viewReplay:313]: P0_VIEW COMPLETE nano=85971512073500
[06:45:55] [Client thread/INFO] [STDOUT]: [com.layue13.clashweave.validation.ClientReplay:viewReplay:313]: P0_VIEW COMPLETE nano=85971562032400
[06:45:55] [Client thread/INFO] [STDOUT]: [com.layue13.clashweave.validation.ClientReplay:viewReplay:313]: P0_VIEW COMPLETE nano=85971612072300
[06:45:56] [Client thread/INFO] [STDOUT]: [com.layue13.clashweave.validation.ClientReplay:viewReplay:313]: P0_VIEW COMPLETE nano=85971661821800
[06:45:56] [Client thread/INFO] [STDOUT]: [com.layue13.clashweave.validation.ClientReplay:viewReplay:313]: P0_VIEW COMPLETE nano=85971792114100
[06:45:56] [Client thread/INFO] [STDOUT]: [com.layue13.clashweave.validation.ClientReplay:viewReplay:313]: P0_VIEW COMPLETE nano=85971792537200
[06:45:56] [Client thread/INFO] [STDOUT]: [com.layue13.clashweave.validation.ClientReplay:viewReplay:313]: P0_VIEW COMPLETE nano=85971807851400
[06:45:56] [Client thread/INFO] [STDOUT]: [com.layue13.clashweave.validation.ClientReplay:viewReplay:313]: P0_VIEW COMPLETE nano=85971857823600
[06:45:56] [Client thread/INFO] [STDOUT]: [com.layue13.clashweave.validation.ClientReplay:viewReplay:313]: P0_VIEW COMPLETE nano=85971908138900
[06:45:56] [Client thread/INFO] [STDOUT]: [com.layue13.clashweave.validation.ClientReplay:viewReplay:313]: P0_VIEW COMPLETE nano=85971958557400
[06:45:56] [Client thread/INFO] [STDOUT]: [com.layue13.clashweave.validation.ClientReplay:viewReplay:313]: P0_VIEW COMPLETE nano=85972008022300
[06:45:56] [Client thread/INFO] [STDOUT]: [com.layue13.clashweave.validation.ClientReplay:viewReplay:313]: P0_VIEW COMPLETE nano=85972057913100
[06:45:56] [Client thread/INFO] [STDOUT]: [com.layue13.clashweave.validation.ClientReplay:viewReplay:313]: P0_VIEW COMPLETE nano=85972107799100
[06:45:56] [Client thread/INFO] [STDOUT]: [com.layue13.clashweave.validation.ClientReplay:viewReplay:313]: P0_VIEW COMPLETE nano=85972158110600
[06:45:56] [Client thread/INFO] [STDOUT]: [com.layue13.clashweave.validation.ClientReplay:viewReplay:313]: P0_VIEW COMPLETE nano=85972207743400
[06:45:56] [Client thread/INFO] [STDOUT]: [com.layue13.clashweave.validation.ClientReplay:viewReplay:313]: P0_VIEW COMPLETE nano=85972258135700
[06:45:56] [Client thread/INFO] [STDOUT]: [com.layue13.clashweave.validation.ClientReplay:viewReplay:313]: P0_VIEW COMPLETE nano=85972307831200
[06:45:56] [Client thread/INFO] [STDOUT]: [com.layue13.clashweave.validation.ClientReplay:viewReplay:313]: P0_VIEW COMPLETE nano=85972358164200
[06:45:56] [Client thread/INFO] [STDOUT]: [com.layue13.clashweave.validation.ClientReplay:viewReplay:313]: P0_VIEW COMPLETE nano=85972408424200
[06:45:56] [Client thread/INFO] [STDOUT]: [com.layue13.clashweave.validation.ClientReplay:viewReplay:313]: P0_VIEW COMPLETE nano=85972458008600
[06:45:56] [Client thread/INFO] [STDOUT]: [com.layue13.clashweave.validation.ClientReplay:viewReplay:313]: P0_VIEW COMPLETE nano=85972508141100
[06:45:56] [Client thread/INFO] [STDOUT]: [com.layue13.clashweave.validation.ClientReplay:viewReplay:313]: P0_VIEW COMPLETE nano=85972558299900
[06:45:56] [Client thread/INFO] [STDOUT]: [com.layue13.clashweave.validation.ClientReplay:viewReplay:313]: P0_VIEW COMPLETE nano=85972609207000
[06:45:57] [Client thread/INFO] [STDOUT]: [com.layue13.clashweave.validation.ClientReplay:viewReplay:313]: P0_VIEW COMPLETE nano=85972658448400
[06:45:57] [Client thread/INFO] [STDOUT]: [com.layue13.clashweave.validation.ClientReplay:viewReplay:313]: P0_VIEW COMPLETE nano=85972707823300
[06:45:57] [Client thread/INFO] [STDOUT]: [com.layue13.clashweave.validation.ClientReplay:viewReplay:313]: P0_VIEW COMPLETE nano=85972757987500
[06:45:57] [Client thread/INFO] [STDOUT]: [com.layue13.clashweave.validation.ClientReplay:viewReplay:313]: P0_VIEW COMPLETE nano=85972808028100
[06:45:57] [Client thread/INFO] [STDOUT]: [com.layue13.clashweave.validation.ClientReplay:viewReplay:313]: P0_VIEW COMPLETE nano=85972858441100
[06:45:57] [Client thread/INFO] [STDOUT]: [com.layue13.clashweave.validation.ClientReplay:viewReplay:313]: P0_VIEW COMPLETE nano=85972907924000
[06:45:57] [Client thread/INFO] [STDOUT]: [com.layue13.clashweave.validation.ClientReplay:viewReplay:313]: P0_VIEW COMPLETE nano=85972958244500
[06:45:57] [Client thread/INFO] [STDOUT]: [com.layue13.clashweave.validation.ClientReplay:viewReplay:313]: P0_VIEW COMPLETE nano=85973008067900
[06:45:57] [Client thread/INFO] [STDOUT]: [com.layue13.clashweave.validation.ClientReplay:viewReplay:313]: P0_VIEW COMPLETE nano=85973058062100
[06:45:57] [Client thread/INFO] [STDOUT]: [com.layue13.clashweave.validation.ClientReplay:viewReplay:313]: P0_VIEW COMPLETE nano=85973108741900
[06:45:57] [Client thread/INFO] [STDOUT]: [com.layue13.clashweave.validation.ClientReplay:viewReplay:313]: P0_VIEW COMPLETE nano=85973157840400
[06:45:57] [Client thread/INFO] [STDOUT]: [com.layue13.clashweave.validation.ClientReplay:viewReplay:313]: P0_VIEW COMPLETE nano=85973207779900
[06:45:57] [Client thread/INFO] [STDOUT]: [com.layue13.clashweave.validation.ClientReplay:viewReplay:313]: P0_VIEW COMPLETE nano=85973257838300
[06:45:57] [Client thread/INFO] [STDOUT]: [com.layue13.clashweave.validation.ClientReplay:viewReplay:313]: P0_VIEW COMPLETE nano=85973308073200
[06:45:57] [Client thread/INFO] [STDOUT]: [com.layue13.clashweave.validation.ClientReplay:viewReplay:313]: P0_VIEW COMPLETE nano=85973357992400
[06:45:57] [Client thread/INFO] [STDOUT]: [com.layue13.clashweave.validation.ClientReplay:viewReplay:313]: P0_VIEW COMPLETE nano=85973408101800
[06:45:57] [Client thread/INFO] [STDOUT]: [com.layue13.clashweave.validation.ClientReplay:viewReplay:313]: P0_VIEW COMPLETE nano=85973458477700
[06:45:57] [Client thread/INFO] [STDOUT]: [com.layue13.clashweave.validation.ClientReplay:viewReplay:313]: P0_VIEW COMPLETE nano=85973508524000
[06:45:57] [Client thread/INFO] [STDOUT]: [com.layue13.clashweave.validation.ClientReplay:viewReplay:313]: P0_VIEW COMPLETE nano=85973557855900
[06:45:57] [Client thread/INFO] [STDOUT]: [com.layue13.clashweave.validation.ClientReplay:viewReplay:313]: P0_VIEW COMPLETE nano=85973607853400
[06:45:58] [Client thread/INFO] [STDOUT]: [com.layue13.clashweave.validation.ClientReplay:viewReplay:313]: P0_VIEW COMPLETE nano=85973658425800
[06:45:58] [Client thread/INFO] [STDOUT]: [com.layue13.clashweave.validation.ClientReplay:viewReplay:313]: P0_VIEW COMPLETE nano=85973708443700
[06:45:58] [Client thread/INFO] [STDOUT]: [com.layue13.clashweave.validation.ClientReplay:viewReplay:313]: P0_VIEW COMPLETE nano=85973758295800
[06:45:58] [Client thread/INFO] [STDOUT]: [com.layue13.clashweave.validation.ClientReplay:viewReplay:313]: P0_VIEW COMPLETE nano=85973808683200
[06:45:58] [Client thread/INFO] [STDOUT]: [com.layue13.clashweave.validation.ClientReplay:viewReplay:313]: P0_VIEW COMPLETE nano=85973858554100
[06:45:58] [Client thread/INFO] [STDOUT]: [com.layue13.clashweave.validation.ClientReplay:viewReplay:313]: P0_VIEW COMPLETE nano=85973908488500
[06:45:58] [Client thread/INFO] [STDOUT]: [com.layue13.clashweave.validation.ClientReplay:viewReplay:313]: P0_VIEW COMPLETE nano=85973957976500
[06:45:58] [Client thread/INFO] [STDOUT]: [com.layue13.clashweave.validation.ClientReplay:viewReplay:313]: P0_VIEW COMPLETE nano=85974008064800
[06:45:58] [Client thread/INFO] [STDOUT]: [com.layue13.clashweave.validation.ClientReplay:viewReplay:313]: P0_VIEW COMPLETE nano=85974058169800
[06:45:58] [Client thread/INFO] [STDOUT]: [com.layue13.clashweave.validation.ClientReplay:viewReplay:313]: P0_VIEW COMPLETE nano=85974108033100
[06:45:58] [Client thread/INFO] [STDOUT]: [com.layue13.clashweave.validation.ClientReplay:viewReplay:313]: P0_VIEW COMPLETE nano=85974158819500
[06:45:58] [Client thread/INFO] [STDOUT]: [com.layue13.clashweave.validation.ClientReplay:viewReplay:313]: P0_VIEW COMPLETE nano=85974207930300
[06:45:58] [Client thread/INFO] [STDOUT]: [com.layue13.clashweave.validation.ClientReplay:viewReplay:313]: P0_VIEW COMPLETE nano=85974258145200
[06:45:58] [Client thread/INFO] [STDOUT]: [com.layue13.clashweave.validation.ClientReplay:viewReplay:313]: P0_VIEW COMPLETE nano=85974308261800
[06:45:58] [Client thread/INFO] [STDOUT]: [com.layue13.clashweave.validation.ClientReplay:viewReplay:313]: P0_VIEW COMPLETE nano=85974358547700
[06:45:58] [Client thread/INFO] [STDOUT]: [com.layue13.clashweave.validation.ClientReplay:viewReplay:313]: P0_VIEW COMPLETE nano=85974407896500
[06:45:58] [Client thread/INFO] [STDOUT]: [com.layue13.clashweave.validation.ClientReplay:viewReplay:313]: P0_VIEW COMPLETE nano=85974458565200
[06:45:58] [Client thread/INFO] [STDOUT]: [com.layue13.clashweave.validation.ClientReplay:viewReplay:313]: P0_VIEW COMPLETE nano=85974509098400
[06:45:58] [Client thread/INFO] [STDOUT]: [com.layue13.clashweave.validation.ClientReplay:viewReplay:313]: P0_VIEW COMPLETE nano=85974557932800
[06:45:58] [Client thread/INFO] [STDOUT]: [com.layue13.clashweave.validation.ClientReplay:viewReplay:313]: P0_VIEW COMPLETE nano=85974608035500
[06:45:59] [Client thread/INFO] [STDOUT]: [com.layue13.clashweave.validation.ClientReplay:viewReplay:313]: P0_VIEW COMPLETE nano=85974658121700
[06:45:59] [Client thread/INFO] [STDOUT]: [com.layue13.clashweave.validation.ClientReplay:viewReplay:313]: P0_VIEW COMPLETE nano=85974708036100
[06:45:59] [Client thread/INFO] [STDOUT]: [com.layue13.clashweave.validation.ClientReplay:viewReplay:313]: P0_VIEW COMPLETE nano=85974758441000
[06:45:59] [Client thread/INFO] [STDOUT]: [com.layue13.clashweave.validation.ClientReplay:viewReplay:313]: P0_VIEW COMPLETE nano=85974808903100
[06:45:59] [Client thread/INFO] [STDOUT]: [com.layue13.clashweave.validation.ClientReplay:viewReplay:313]: P0_VIEW COMPLETE nano=85974858479100
[06:45:59] [Client thread/INFO] [STDOUT]: [com.layue13.clashweave.validation.ClientReplay:viewReplay:313]: P0_VIEW COMPLETE nano=85974908167800
[06:45:59] [Client thread/INFO] [STDOUT]: [com.layue13.clashweave.validation.ClientReplay:viewReplay:313]: P0_VIEW COMPLETE nano=85974957817100
[06:45:59] [Client thread/INFO] [STDOUT]: [com.layue13.clashweave.validation.ClientReplay:viewReplay:313]: P0_VIEW COMPLETE nano=85975008864300
[06:45:59] [Client thread/INFO] [STDOUT]: [com.layue13.clashweave.validation.ClientReplay:viewReplay:313]: P0_VIEW COMPLETE nano=85975058078200
[06:45:59] [Client thread/INFO] [STDOUT]: [com.layue13.clashweave.validation.ClientReplay:viewReplay:313]: P0_VIEW COMPLETE nano=85975108546600
[06:45:59] [Client thread/INFO] [STDOUT]: [com.layue13.clashweave.validation.ClientReplay:viewReplay:313]: P0_VIEW COMPLETE nano=85975157974500
[06:45:59] [Client thread/INFO] [STDOUT]: [com.layue13.clashweave.validation.ClientReplay:viewReplay:313]: P0_VIEW COMPLETE nano=85975208281300
[06:45:59] [Client thread/INFO] [STDOUT]: [com.layue13.clashweave.validation.ClientReplay:viewReplay:313]: P0_VIEW COMPLETE nano=85975257991000
[06:45:59] [Client thread/INFO] [STDOUT]: [com.layue13.clashweave.validation.ClientReplay:viewReplay:313]: P0_VIEW COMPLETE nano=85975307916600
[06:45:59] [Client thread/INFO] [STDOUT]: [com.layue13.clashweave.validation.ClientReplay:viewReplay:313]: P0_VIEW COMPLETE nano=85975358032200
[06:45:59] [Client thread/INFO] [STDOUT]: [com.layue13.clashweave.validation.ClientReplay:viewReplay:313]: P0_VIEW COMPLETE nano=85975407940400
[06:45:59] [Client thread/INFO] [STDOUT]: [com.layue13.clashweave.validation.ClientReplay:viewReplay:313]: P0_VIEW COMPLETE nano=85975458350500
[06:45:59] [Client thread/INFO] [STDOUT]: [com.layue13.clashweave.validation.ClientReplay:viewReplay:313]: P0_VIEW COMPLETE nano=85975508125900
[06:45:59] [Client thread/INFO] [STDOUT]: [com.layue13.clashweave.validation.ClientReplay:viewReplay:313]: P0_VIEW COMPLETE nano=85975557758600
[06:45:59] [Client thread/INFO] [STDOUT]: [com.layue13.clashweave.validation.ClientReplay:viewReplay:313]: P0_VIEW COMPLETE nano=85975607776800
[06:46:00] [Client thread/INFO] [STDOUT]: [com.layue13.clashweave.validation.ClientReplay:viewReplay:313]: P0_VIEW COMPLETE nano=85975658051600
[06:46:00] [Client thread/INFO] [STDOUT]: [com.layue13.clashweave.validation.ClientReplay:viewReplay:313]: P0_VIEW COMPLETE nano=85975708637500
[06:46:00] [Client thread/INFO] [STDOUT]: [com.layue13.clashweave.validation.ClientReplay:viewReplay:313]: P0_VIEW COMPLETE nano=85975758578000
[06:46:00] [Client thread/INFO] [STDOUT]: [com.layue13.clashweave.validation.ClientReplay:viewReplay:313]: P0_VIEW COMPLETE nano=85975807915500
[06:46:00] [Client thread/INFO] [STDOUT]: [com.layue13.clashweave.validation.ClientReplay:viewReplay:313]: P0_VIEW COMPLETE nano=85975858231700
[06:46:00] [Client thread/INFO] [STDOUT]: [com.layue13.clashweave.validation.ClientReplay:viewReplay:313]: P0_VIEW COMPLETE nano=85975908614400
[06:46:00] [Client thread/INFO] [STDOUT]: [com.layue13.clashweave.validation.ClientReplay:viewReplay:313]: P0_VIEW COMPLETE nano=85975957998100
[06:46:00] [Client thread/INFO] [STDOUT]: [com.layue13.clashweave.validation.ClientReplay:viewReplay:313]: P0_VIEW COMPLETE nano=85976007708100
[06:46:00] [Client thread/INFO] [STDOUT]: [com.layue13.clashweave.validation.ClientReplay:viewReplay:313]: P0_VIEW COMPLETE nano=85976058370500
[06:46:00] [Client thread/INFO] [STDOUT]: [com.layue13.clashweave.validation.ClientReplay:viewReplay:313]: P0_VIEW COMPLETE nano=85976107851400
[06:46:00] [Client thread/INFO] [STDOUT]: [com.layue13.clashweave.validation.ClientReplay:viewReplay:313]: P0_VIEW COMPLETE nano=85976157910100
[06:46:00] [Client thread/INFO] [STDOUT]: [com.layue13.clashweave.validation.ClientReplay:viewReplay:313]: P0_VIEW COMPLETE nano=85976208693900
[06:46:00] [Client thread/INFO] [STDOUT]: [com.layue13.clashweave.validation.ClientReplay:viewReplay:313]: P0_VIEW COMPLETE nano=85976258020900
[06:46:00] [Client thread/INFO] [STDOUT]: [com.layue13.clashweave.validation.ClientReplay:viewReplay:313]: P0_VIEW COMPLETE nano=85976308179800
[06:46:00] [Client thread/INFO] [STDOUT]: [com.layue13.clashweave.validation.ClientReplay:viewReplay:313]: P0_VIEW COMPLETE nano=85976358249400
[06:46:00] [Client thread/INFO] [STDOUT]: [com.layue13.clashweave.validation.ClientReplay:viewReplay:313]: P0_VIEW COMPLETE nano=85976408272100
[06:46:00] [Client thread/INFO] [STDOUT]: [com.layue13.clashweave.validation.ClientReplay:viewReplay:313]: P0_VIEW COMPLETE nano=85976458200200
[06:46:00] [Client thread/INFO] [STDOUT]: [com.layue13.clashweave.validation.ClientReplay:viewReplay:313]: P0_VIEW COMPLETE nano=85976508093900
[06:46:00] [Client thread/INFO] [STDOUT]: [com.layue13.clashweave.validation.ClientReplay:viewReplay:313]: P0_VIEW COMPLETE nano=85976557875000
[06:46:00] [Client thread/INFO] [STDOUT]: [com.layue13.clashweave.validation.ClientReplay:viewReplay:313]: P0_VIEW COMPLETE nano=85976607824300
[06:46:01] [Client thread/INFO] [STDOUT]: [com.layue13.clashweave.validation.ClientReplay:viewReplay:313]: P0_VIEW COMPLETE nano=85976657804300
[06:46:01] [Client thread/INFO] [STDOUT]: [com.layue13.clashweave.validation.ClientReplay:viewReplay:313]: P0_VIEW COMPLETE nano=85976708874500
[06:46:01] [Client thread/INFO] [STDOUT]: [com.layue13.clashweave.validation.ClientReplay:viewReplay:313]: P0_VIEW COMPLETE nano=85976758198100
[06:46:01] [Client thread/INFO] [STDOUT]: [com.layue13.clashweave.validation.ClientReplay:viewReplay:313]: P0_VIEW COMPLETE nano=85976807792700
[06:46:01] [Client thread/INFO] [STDOUT]: [com.layue13.clashweave.validation.ClientReplay:viewReplay:313]: P0_VIEW COMPLETE nano=85976857970600
[06:46:01] [Client thread/INFO] [STDOUT]: [com.layue13.clashweave.validation.ClientReplay:viewReplay:313]: P0_VIEW COMPLETE nano=85976907812500
[06:46:01] [Client thread/INFO] [STDOUT]: [com.layue13.clashweave.validation.ClientReplay:viewReplay:313]: P0_VIEW COMPLETE nano=85976957941100
[06:46:01] [Client thread/INFO] [STDOUT]: [com.layue13.clashweave.validation.ClientReplay:viewReplay:313]: P0_VIEW COMPLETE nano=85977007805000
[06:46:01] [Client thread/INFO] [STDOUT]: [com.layue13.clashweave.validation.ClientReplay:viewReplay:313]: P0_VIEW COMPLETE nano=85977058016500
[06:46:01] [Client thread/INFO] [STDOUT]: [com.layue13.clashweave.validation.ClientReplay:viewReplay:313]: P0_VIEW COMPLETE nano=85977107869300
[06:46:01] [Client thread/INFO] [STDOUT]: [com.layue13.clashweave.validation.ClientReplay:viewReplay:313]: P0_VIEW COMPLETE nano=85977158523500
[06:46:01] [Client thread/INFO] [STDOUT]: [com.layue13.clashweave.validation.ClientReplay:viewReplay:313]: P0_VIEW COMPLETE nano=85977207845600
[06:46:01] [Client thread/INFO] [STDOUT]: [com.layue13.clashweave.validation.ClientReplay:viewReplay:313]: P0_VIEW COMPLETE nano=85977257892700
[06:46:01] [Client thread/INFO] [STDOUT]: [com.layue13.clashweave.validation.ClientReplay:viewReplay:313]: P0_VIEW COMPLETE nano=85977307778800
[06:46:01] [Client thread/INFO] [STDOUT]: [com.layue13.clashweave.validation.ClientReplay:viewReplay:313]: P0_VIEW COMPLETE nano=85977358244100
[06:46:01] [Client thread/INFO] [STDOUT]: [com.layue13.clashweave.validation.ClientReplay:viewReplay:313]: P0_VIEW COMPLETE nano=85977408045800
[06:46:01] [Client thread/INFO] [STDOUT]: [com.layue13.clashweave.validation.ClientReplay:viewReplay:313]: P0_VIEW COMPLETE nano=85977457641000
[06:46:01] [Client thread/INFO] [STDOUT]: [com.layue13.clashweave.validation.ClientReplay:viewReplay:313]: P0_VIEW COMPLETE nano=85977507884700
[06:46:01] [Client thread/INFO] [STDOUT]: [com.layue13.clashweave.validation.ClientReplay:viewReplay:313]: P0_VIEW COMPLETE nano=85977558498900
[06:46:01] [Client thread/INFO] [STDOUT]: [com.layue13.clashweave.validation.ClientReplay:viewReplay:313]: P0_VIEW COMPLETE nano=85977607631200
[06:46:02] [Client thread/INFO] [STDOUT]: [com.layue13.clashweave.validation.ClientReplay:viewReplay:313]: P0_VIEW COMPLETE nano=85977657950800
[06:46:02] [Client thread/INFO] [STDOUT]: [com.layue13.clashweave.validation.ClientReplay:viewReplay:313]: P0_VIEW COMPLETE nano=85977708524800
[06:46:02] [Client thread/INFO] [STDOUT]: [com.layue13.clashweave.validation.ClientReplay:viewReplay:313]: P0_VIEW COMPLETE nano=85977758490200
[06:46:02] [Client thread/INFO] [STDOUT]: [com.layue13.clashweave.validation.ClientReplay:viewReplay:313]: P0_VIEW COMPLETE nano=85977808090300
[06:46:02] [Client thread/INFO] [STDOUT]: [com.layue13.clashweave.validation.ClientReplay:viewReplay:313]: P0_VIEW COMPLETE nano=85977857932300
[06:46:02] [Client thread/INFO] [STDOUT]: [com.layue13.clashweave.validation.ClientReplay:viewReplay:313]: P0_VIEW COMPLETE nano=85977907957100
[06:46:02] [Client thread/INFO] [STDOUT]: [com.layue13.clashweave.validation.ClientReplay:viewReplay:313]: P0_VIEW COMPLETE nano=85977958365800
[06:46:02] [Client thread/INFO] [STDOUT]: [com.layue13.clashweave.validation.ClientReplay:viewReplay:313]: P0_VIEW COMPLETE nano=85978008015500
[06:46:02] [Client thread/INFO] [STDOUT]: [com.layue13.clashweave.validation.ClientReplay:viewReplay:313]: P0_VIEW COMPLETE nano=85978058578000
[06:46:02] [Client thread/INFO] [STDOUT]: [com.layue13.clashweave.validation.ClientReplay:viewReplay:313]: P0_VIEW COMPLETE nano=85978107703100
[06:46:02] [Client thread/INFO] [STDOUT]: [com.layue13.clashweave.validation.ClientReplay:viewReplay:313]: P0_VIEW COMPLETE nano=85978158140600
[06:46:02] [Client thread/INFO] [STDOUT]: [com.layue13.clashweave.validation.ClientReplay:viewReplay:313]: P0_VIEW COMPLETE nano=85978208135100
[06:46:02] [Client thread/INFO] [STDOUT]: [com.layue13.clashweave.validation.ClientReplay:viewReplay:313]: P0_VIEW COMPLETE nano=85978257957800
[06:46:02] [Client thread/INFO] [STDOUT]: [com.layue13.clashweave.validation.ClientReplay:viewReplay:313]: P0_VIEW COMPLETE nano=85978308391900
[06:46:02] [Client thread/INFO] [STDOUT]: [com.layue13.clashweave.validation.ClientReplay:viewReplay:313]: P0_VIEW COMPLETE nano=85978357634100
[06:46:02] [Client thread/INFO] [STDOUT]: [com.layue13.clashweave.validation.ClientReplay:viewReplay:313]: P0_VIEW COMPLETE nano=85978408424100
[06:46:02] [Client thread/INFO] [STDOUT]: [com.layue13.clashweave.validation.ClientReplay:viewReplay:313]: P0_VIEW COMPLETE nano=85978458033500
[06:46:02] [Client thread/INFO] [STDOUT]: [com.layue13.clashweave.validation.ClientReplay:viewReplay:313]: P0_VIEW COMPLETE nano=85978508546400
[06:46:02] [Client thread/INFO] [STDOUT]: [com.layue13.clashweave.validation.ClientReplay:viewReplay:313]: P0_VIEW COMPLETE nano=85978557960900
[06:46:02] [Client thread/INFO] [STDOUT]: [com.layue13.clashweave.validation.ClientReplay:viewReplay:313]: P0_VIEW COMPLETE nano=85978608170300
[06:46:03] [Client thread/INFO] [STDOUT]: [com.layue13.clashweave.validation.ClientReplay:viewReplay:313]: P0_VIEW COMPLETE nano=85978658414800
[06:46:03] [Client thread/INFO] [STDOUT]: [com.layue13.clashweave.validation.ClientReplay:viewReplay:313]: P0_VIEW COMPLETE nano=85978707884600
[06:46:03] [Client thread/INFO] [STDOUT]: [com.layue13.clashweave.validation.ClientReplay:viewReplay:313]: P0_VIEW COMPLETE nano=85978758133100
[06:46:03] [Client thread/INFO] [STDOUT]: [com.layue13.clashweave.validation.ClientReplay:viewReplay:313]: P0_VIEW COMPLETE nano=85978808061900
[06:46:03] [Client thread/INFO] [STDOUT]: [com.layue13.clashweave.validation.ClientReplay:viewReplay:313]: P0_VIEW COMPLETE nano=85978858372400
[06:46:03] [Client thread/INFO] [STDOUT]: [com.layue13.clashweave.validation.ClientReplay:viewReplay:313]: P0_VIEW COMPLETE nano=85978907779300
[06:46:03] [Client thread/INFO] [STDOUT]: [com.layue13.clashweave.validation.ClientReplay:viewReplay:313]: P0_VIEW COMPLETE nano=85978957871200
[06:46:03] [Client thread/INFO] [STDOUT]: [com.layue13.clashweave.validation.ClientReplay:viewReplay:313]: P0_VIEW COMPLETE nano=85979008810300
[06:46:03] [Client thread/INFO] [STDOUT]: [com.layue13.clashweave.validation.ClientReplay:viewReplay:313]: P0_VIEW COMPLETE nano=85979057663600
[06:46:03] [Client thread/INFO] [STDOUT]: [com.layue13.clashweave.validation.ClientReplay:viewReplay:313]: P0_VIEW COMPLETE nano=85979107817800
[06:46:03] [Client thread/INFO] [STDOUT]: [com.layue13.clashweave.validation.ClientReplay:viewReplay:313]: P0_VIEW COMPLETE nano=85979157916100
[06:46:03] [Client thread/INFO] [STDOUT]: [com.layue13.clashweave.validation.ClientReplay:viewReplay:313]: P0_VIEW COMPLETE nano=85979213717700
[06:46:03] [Client thread/INFO] [STDOUT]: [com.layue13.clashweave.validation.ClientReplay:viewReplay:313]: P0_VIEW COMPLETE nano=85979257744400
[06:46:03] [Client thread/INFO] [STDOUT]: [com.layue13.clashweave.validation.ClientReplay:viewReplay:313]: P0_VIEW COMPLETE nano=85979308299100
[06:46:03] [Client thread/INFO] [STDOUT]: [com.layue13.clashweave.validation.ClientReplay:viewReplay:313]: P0_VIEW COMPLETE nano=85979357640200
[06:46:03] [Client thread/INFO] [STDOUT]: [com.layue13.clashweave.validation.ClientReplay:viewReplay:313]: P0_VIEW COMPLETE nano=85979408016300
[06:46:03] [Client thread/INFO] [STDOUT]: [com.layue13.clashweave.validation.ClientReplay:viewReplay:313]: P0_VIEW COMPLETE nano=85979457978000
[06:46:03] [Client thread/INFO] [STDOUT]: [com.layue13.clashweave.validation.ClientReplay:viewReplay:313]: P0_VIEW COMPLETE nano=85979508211800
[06:46:03] [Client thread/INFO] [STDOUT]: [com.layue13.clashweave.validation.ClientReplay:viewReplay:313]: P0_VIEW COMPLETE nano=85979558184700
[06:46:03] [Client thread/INFO] [STDOUT]: [com.layue13.clashweave.validation.ClientReplay:viewReplay:313]: P0_VIEW COMPLETE nano=85979607762500
[06:46:04] [Client thread/INFO] [STDOUT]: [com.layue13.clashweave.validation.ClientReplay:viewReplay:313]: P0_VIEW COMPLETE nano=85979658594700
[06:46:04] [Client thread/INFO] [STDOUT]: [com.layue13.clashweave.validation.ClientReplay:viewReplay:313]: P0_VIEW COMPLETE nano=85979708108700
[06:46:04] [Client thread/INFO] [STDOUT]: [com.layue13.clashweave.validation.ClientReplay:viewReplay:313]: P0_VIEW COMPLETE nano=85979758518100
[06:46:04] [Client thread/INFO] [STDOUT]: [com.layue13.clashweave.validation.ClientReplay:viewReplay:313]: P0_VIEW COMPLETE nano=85979807864600
[06:46:04] [Client thread/INFO] [STDOUT]: [com.layue13.clashweave.validation.ClientReplay:viewReplay:313]: P0_VIEW COMPLETE nano=85979857837800
[06:46:04] [Client thread/INFO] [STDOUT]: [com.layue13.clashweave.validation.ClientReplay:viewReplay:313]: P0_VIEW COMPLETE nano=85979907776900
[06:46:04] [Client thread/INFO] [STDOUT]: [com.layue13.clashweave.validation.ClientReplay:viewReplay:313]: P0_VIEW COMPLETE nano=85979958438800
[06:46:04] [Client thread/INFO] [STDOUT]: [com.layue13.clashweave.validation.ClientReplay:viewReplay:313]: P0_VIEW COMPLETE nano=85980008028700
[06:46:04] [Client thread/INFO] [STDOUT]: [com.layue13.clashweave.validation.ClientReplay:viewReplay:313]: P0_VIEW COMPLETE nano=85980057815200
[06:46:04] [Client thread/INFO] [STDOUT]: [com.layue13.clashweave.validation.ClientReplay:viewReplay:313]: P0_VIEW COMPLETE nano=85980107918200
[06:46:04] [Client thread/INFO] [STDOUT]: [com.layue13.clashweave.validation.ClientReplay:viewReplay:313]: P0_VIEW COMPLETE nano=85980157683700
[06:46:04] [Client thread/INFO] [STDOUT]: [com.layue13.clashweave.validation.ClientReplay:viewReplay:313]: P0_VIEW COMPLETE nano=85980207881200
[06:46:04] [Client thread/INFO] [STDOUT]: [com.layue13.clashweave.validation.ClientReplay:viewReplay:313]: P0_VIEW COMPLETE nano=85980257643000
[06:46:04] [Client thread/INFO] [STDOUT]: [com.layue13.clashweave.validation.ClientReplay:viewReplay:313]: P0_VIEW COMPLETE nano=85980307809200
[06:46:04] [Client thread/INFO] [STDOUT]: [com.layue13.clashweave.validation.ClientReplay:viewReplay:313]: P0_VIEW COMPLETE nano=85980357745800
[06:46:04] [Client thread/INFO] [STDOUT]: [com.layue13.clashweave.validation.ClientReplay:viewReplay:313]: P0_VIEW COMPLETE nano=85980408161700
[06:46:04] [Client thread/INFO] [STDOUT]: [com.layue13.clashweave.validation.ClientReplay:viewReplay:313]: P0_VIEW COMPLETE nano=85980458101800
[06:46:04] [Client thread/INFO] [STDOUT]: [com.layue13.clashweave.validation.ClientReplay:viewReplay:313]: P0_VIEW COMPLETE nano=85980508094600
[06:46:04] [Client thread/INFO] [STDOUT]: [com.layue13.clashweave.validation.ClientReplay:viewReplay:313]: P0_VIEW COMPLETE nano=85980558536000
[06:46:04] [Client thread/INFO] [STDOUT]: [com.layue13.clashweave.validation.ClientReplay:viewReplay:313]: P0_VIEW COMPLETE nano=85980608523300
[06:46:05] [Client thread/INFO] [STDOUT]: [com.layue13.clashweave.validation.ClientReplay:viewReplay:313]: P0_VIEW COMPLETE nano=85980658518400
[06:46:05] [Client thread/INFO] [STDOUT]: [com.layue13.clashweave.validation.ClientReplay:viewReplay:313]: P0_VIEW COMPLETE nano=85980707780500
[06:46:05] [Client thread/INFO] [STDOUT]: [com.layue13.clashweave.validation.ClientReplay:viewReplay:313]: P0_VIEW COMPLETE nano=85980757792600
[06:46:05] [Client thread/INFO] [STDOUT]: [com.layue13.clashweave.validation.ClientReplay:viewReplay:313]: P0_VIEW COMPLETE nano=85980807724700
[06:46:05] [Client thread/INFO] [STDOUT]: [com.layue13.clashweave.validation.ClientReplay:viewReplay:313]: P0_VIEW COMPLETE nano=85980857726700
[06:46:05] [Client thread/INFO] [STDOUT]: [com.layue13.clashweave.validation.ClientReplay:viewReplay:313]: P0_VIEW COMPLETE nano=85980908027000
[06:46:05] [Client thread/INFO] [STDOUT]: [com.layue13.clashweave.validation.ClientReplay:viewReplay:313]: P0_VIEW COMPLETE nano=85980958443500
[06:46:05] [Client thread/INFO] [STDOUT]: [com.layue13.clashweave.validation.ClientReplay:viewReplay:313]: P0_VIEW COMPLETE nano=85981007894600
[06:46:05] [Client thread/INFO] [STDOUT]: [com.layue13.clashweave.validation.ClientReplay:viewReplay:313]: P0_VIEW COMPLETE nano=85981057776300
[06:46:05] [Client thread/INFO] [STDOUT]: [com.layue13.clashweave.validation.ClientReplay:viewReplay:313]: P0_VIEW COMPLETE nano=85981108540000
[06:46:05] [Client thread/INFO] [STDOUT]: [com.layue13.clashweave.validation.ClientReplay:viewReplay:313]: P0_VIEW COMPLETE nano=85981158370800
[06:46:05] [Client thread/INFO] [STDOUT]: [com.layue13.clashweave.validation.ClientReplay:viewReplay:313]: P0_VIEW COMPLETE nano=85981208785500
[06:46:05] [Client thread/INFO] [STDOUT]: [com.layue13.clashweave.validation.ClientReplay:viewReplay:313]: P0_VIEW COMPLETE nano=85981257874500
[06:46:05] [Client thread/INFO] [STDOUT]: [com.layue13.clashweave.validation.ClientReplay:viewReplay:313]: P0_VIEW COMPLETE nano=85981308412500
[06:46:05] [Client thread/INFO] [STDOUT]: [com.layue13.clashweave.validation.ClientReplay:viewReplay:313]: P0_VIEW COMPLETE nano=85981357892700
[06:46:05] [Client thread/INFO] [STDOUT]: [com.layue13.clashweave.validation.ClientReplay:viewReplay:313]: P0_VIEW COMPLETE nano=85981407772200
[06:46:05] [Client thread/INFO] [STDOUT]: [com.layue13.clashweave.validation.ClientReplay:viewReplay:313]: P0_VIEW COMPLETE nano=85981457703100
[06:46:05] [Client thread/INFO] [STDOUT]: [com.layue13.clashweave.validation.ClientReplay:viewReplay:313]: P0_VIEW COMPLETE nano=85981508013100
[06:46:05] [Client thread/INFO] [STDOUT]: [com.layue13.clashweave.validation.ClientReplay:viewReplay:313]: P0_VIEW COMPLETE nano=85981558536100
[06:46:05] [Client thread/INFO] [STDOUT]: [com.layue13.clashweave.validation.ClientReplay:viewReplay:313]: P0_VIEW COMPLETE nano=85981608066800
[06:46:06] [Client thread/INFO] [STDOUT]: [com.layue13.clashweave.validation.ClientReplay:viewReplay:313]: P0_VIEW COMPLETE nano=85981657949400
[06:46:06] [Client thread/INFO] [STDOUT]: [com.layue13.clashweave.validation.ClientReplay:viewReplay:313]: P0_VIEW COMPLETE nano=85981708272400
[06:46:06] [Client thread/INFO] [STDOUT]: [com.layue13.clashweave.validation.ClientReplay:viewReplay:313]: P0_VIEW COMPLETE nano=85981758434400
[06:46:06] [Client thread/INFO] [STDOUT]: [com.layue13.clashweave.validation.ClientReplay:viewReplay:313]: P0_VIEW COMPLETE nano=85981808602500
[06:46:06] [Client thread/INFO] [STDOUT]: [com.layue13.clashweave.validation.ClientReplay:viewReplay:313]: P0_VIEW COMPLETE nano=85981858134300
[06:46:06] [Client thread/INFO] [STDOUT]: [com.layue13.clashweave.validation.ClientReplay:viewReplay:313]: P0_VIEW COMPLETE nano=85981908049200
[06:46:06] [Client thread/INFO] [STDOUT]: [com.layue13.clashweave.validation.ClientReplay:viewReplay:313]: P0_VIEW COMPLETE nano=85981958605800
[06:46:06] [Client thread/INFO] [STDOUT]: [com.layue13.clashweave.validation.ClientReplay:viewReplay:313]: P0_VIEW COMPLETE nano=85982009142800
[06:46:06] [Client thread/INFO] [STDOUT]: [com.layue13.clashweave.validation.ClientReplay:viewReplay:313]: P0_VIEW COMPLETE nano=85982058116400
[06:46:06] [Client thread/INFO] [STDOUT]: [com.layue13.clashweave.validation.ClientReplay:viewReplay:313]: P0_VIEW COMPLETE nano=85982108030000
[06:46:06] [Client thread/INFO] [STDOUT]: [com.layue13.clashweave.validation.ClientReplay:viewReplay:313]: P0_VIEW COMPLETE nano=85982157685900
[06:46:06] [Client thread/INFO] [STDOUT]: [com.layue13.clashweave.validation.ClientReplay:viewReplay:313]: P0_VIEW COMPLETE nano=85982208026700
[06:46:06] [Client thread/INFO] [STDOUT]: [com.layue13.clashweave.validation.ClientReplay:viewReplay:313]: P0_VIEW COMPLETE nano=85982257761000
[06:46:06] [Client thread/INFO] [STDOUT]: [com.layue13.clashweave.validation.ClientReplay:viewReplay:313]: P0_VIEW COMPLETE nano=85982307791400
[06:46:06] [Client thread/INFO] [STDOUT]: [com.layue13.clashweave.validation.ClientReplay:viewReplay:313]: P0_VIEW COMPLETE nano=85982358212200
[06:46:06] [Client thread/INFO] [STDOUT]: [com.layue13.clashweave.validation.ClientReplay:viewReplay:313]: P0_VIEW COMPLETE nano=85982407641700
[06:46:06] [Client thread/INFO] [STDOUT]: [com.layue13.clashweave.validation.ClientReplay:viewReplay:313]: P0_VIEW COMPLETE nano=85982457775800
[06:46:06] [Client thread/INFO] [STDOUT]: [com.layue13.clashweave.validation.ClientReplay:viewReplay:313]: P0_VIEW COMPLETE nano=85982507941300
[06:46:06] [Client thread/INFO] [STDOUT]: [com.layue13.clashweave.validation.ClientReplay:viewReplay:313]: P0_VIEW COMPLETE nano=85982558282800
[06:46:06] [Client thread/INFO] [STDOUT]: [com.layue13.clashweave.validation.ClientReplay:viewReplay:313]: P0_VIEW COMPLETE nano=85982608537200
[06:46:07] [Client thread/INFO] [STDOUT]: [com.layue13.clashweave.validation.ClientReplay:viewReplay:313]: P0_VIEW COMPLETE nano=85982658368100
[06:46:07] [Client thread/INFO] [STDOUT]: [com.layue13.clashweave.validation.ClientReplay:viewReplay:313]: P0_VIEW COMPLETE nano=85982708338900
[06:46:07] [Client thread/INFO] [STDOUT]: [com.layue13.clashweave.validation.ClientReplay:viewReplay:313]: P0_VIEW COMPLETE nano=85982757742100
[06:46:07] [Client thread/INFO] [STDOUT]: [com.layue13.clashweave.validation.ClientReplay:viewReplay:313]: P0_VIEW COMPLETE nano=85982808360200
[06:46:07] [Client thread/INFO] [STDOUT]: [com.layue13.clashweave.validation.ClientReplay:viewReplay:313]: P0_VIEW COMPLETE nano=85982858553600
[06:46:07] [Client thread/INFO] [STDOUT]: [com.layue13.clashweave.validation.ClientReplay:viewReplay:313]: P0_VIEW COMPLETE nano=85982908111700
[06:46:07] [Client thread/INFO] [STDOUT]: [com.layue13.clashweave.validation.ClientReplay:viewReplay:313]: P0_VIEW COMPLETE nano=85982958337900
[06:46:07] [Client thread/INFO] [STDOUT]: [com.layue13.clashweave.validation.ClientReplay:viewReplay:313]: P0_VIEW COMPLETE nano=85983007712100
[06:46:07] [Client thread/INFO] [STDOUT]: [com.layue13.clashweave.validation.ClientReplay:viewReplay:313]: P0_VIEW COMPLETE nano=85983057726200
[06:46:07] [Client thread/INFO] [STDOUT]: [com.layue13.clashweave.validation.ClientReplay:viewReplay:313]: P0_VIEW COMPLETE nano=85983107845400
[06:46:07] [Client thread/INFO] [STDOUT]: [com.layue13.clashweave.validation.ClientReplay:viewReplay:313]: P0_VIEW COMPLETE nano=85983157676700
[06:46:07] [Client thread/INFO] [STDOUT]: [com.layue13.clashweave.validation.ClientReplay:viewReplay:313]: P0_VIEW COMPLETE nano=85983207781900
[06:46:07] [Client thread/INFO] [STDOUT]: [com.layue13.clashweave.validation.ClientReplay:viewReplay:313]: P0_VIEW COMPLETE nano=85983258562800
[06:46:07] [Client thread/INFO] [STDOUT]: [com.layue13.clashweave.validation.ClientReplay:viewReplay:313]: P0_VIEW COMPLETE nano=85983307779800
[06:46:07] [Client thread/INFO] [STDOUT]: [com.layue13.clashweave.validation.ClientReplay:viewReplay:313]: P0_VIEW COMPLETE nano=85983357697900
[06:46:07] [Client thread/INFO] [STDOUT]: [com.layue13.clashweave.validation.ClientReplay:viewReplay:313]: P0_VIEW COMPLETE nano=85983407984900
[06:46:07] [Client thread/INFO] [STDOUT]: [com.layue13.clashweave.validation.ClientReplay:viewReplay:313]: P0_VIEW COMPLETE nano=85983457973800
[06:46:07] [Client thread/INFO] [STDOUT]: [com.layue13.clashweave.validation.ClientReplay:viewReplay:313]: P0_VIEW COMPLETE nano=85983508101900
[06:46:07] [Client thread/INFO] [STDOUT]: [com.layue13.clashweave.validation.ClientReplay:viewReplay:313]: P0_VIEW COMPLETE nano=85983558458100
[06:46:07] [Client thread/INFO] [STDOUT]: [com.layue13.clashweave.validation.ClientReplay:viewReplay:313]: P0_VIEW COMPLETE nano=85983607724200
[06:46:08] [Client thread/INFO] [STDOUT]: [com.layue13.clashweave.validation.ClientReplay:viewReplay:313]: P0_VIEW COMPLETE nano=85983658058400
[06:46:08] [Client thread/INFO] [STDOUT]: [com.layue13.clashweave.validation.ClientReplay:viewReplay:313]: P0_VIEW COMPLETE nano=85983707702400
[06:46:08] [Client thread/INFO] [STDOUT]: [com.layue13.clashweave.validation.ClientReplay:viewReplay:313]: P0_VIEW COMPLETE nano=85983757959500
[06:46:08] [Client thread/INFO] [STDOUT]: [com.layue13.clashweave.validation.ClientReplay:viewReplay:313]: P0_VIEW COMPLETE nano=85983807693500
[06:46:08] [Client thread/INFO] [STDOUT]: [com.layue13.clashweave.validation.ClientReplay:viewReplay:313]: P0_VIEW COMPLETE nano=85983858199400
[06:46:08] [Client thread/INFO] [STDOUT]: [com.layue13.clashweave.validation.ClientReplay:viewReplay:313]: P0_VIEW COMPLETE nano=85983908011200
[06:46:08] [Client thread/INFO] [STDOUT]: [com.layue13.clashweave.validation.ClientReplay:viewReplay:313]: P0_VIEW COMPLETE nano=85983957747700
[06:46:08] [Client thread/INFO] [STDOUT]: [com.layue13.clashweave.validation.ClientReplay:viewReplay:313]: P0_VIEW COMPLETE nano=85984008459500
[06:46:08] [Client thread/INFO] [STDOUT]: [com.layue13.clashweave.validation.ClientReplay:viewReplay:313]: P0_VIEW COMPLETE nano=85984057884000
[06:46:08] [Client thread/INFO] [STDOUT]: [com.layue13.clashweave.validation.ClientReplay:viewReplay:313]: P0_VIEW COMPLETE nano=85984107767400
[06:46:08] [Client thread/INFO] [STDOUT]: [com.layue13.clashweave.validation.ClientReplay:viewReplay:313]: P0_VIEW COMPLETE nano=85984157865300
[06:46:08] [Client thread/INFO] [STDOUT]: [com.layue13.clashweave.validation.ClientReplay:viewReplay:313]: P0_VIEW COMPLETE nano=85984207999400
[06:46:08] [Client thread/INFO] [STDOUT]: [com.layue13.clashweave.validation.ClientReplay:viewReplay:313]: P0_VIEW COMPLETE nano=85984257906600
[06:46:08] [Client thread/INFO] [STDOUT]: [com.layue13.clashweave.validation.ClientReplay:viewReplay:313]: P0_VIEW COMPLETE nano=85984307831400
[06:46:08] [Client thread/INFO] [STDOUT]: [com.layue13.clashweave.validation.ClientReplay:viewReplay:313]: P0_VIEW COMPLETE nano=85984358318700
[06:46:08] [Client thread/INFO] [STDOUT]: [com.layue13.clashweave.validation.ClientReplay:viewReplay:313]: P0_VIEW COMPLETE nano=85984409131700
[06:46:08] [Client thread/INFO] [STDOUT]: [com.layue13.clashweave.validation.ClientReplay:viewReplay:313]: P0_VIEW COMPLETE nano=85984458114400
[06:46:08] [Client thread/INFO] [STDOUT]: [com.layue13.clashweave.validation.ClientReplay:viewReplay:313]: P0_VIEW COMPLETE nano=85984507700400
[06:46:08] [Client thread/INFO] [STDOUT]: [com.layue13.clashweave.validation.ClientReplay:viewReplay:313]: P0_VIEW COMPLETE nano=85984558053300
[06:46:08] [Client thread/INFO] [STDOUT]: [com.layue13.clashweave.validation.ClientReplay:viewReplay:313]: P0_VIEW COMPLETE nano=85984608453100
[06:46:09] [Client thread/INFO] [STDOUT]: [com.layue13.clashweave.validation.ClientReplay:viewReplay:313]: P0_VIEW COMPLETE nano=85984658626400
[06:46:09] [Client thread/INFO] [STDOUT]: [com.layue13.clashweave.validation.ClientReplay:viewReplay:313]: P0_VIEW COMPLETE nano=85984707919600
[06:46:09] [Client thread/INFO] [STDOUT]: [com.layue13.clashweave.validation.ClientReplay:viewReplay:313]: P0_VIEW COMPLETE nano=85984757700100
[06:46:09] [Client thread/INFO] [STDOUT]: [com.layue13.clashweave.validation.ClientReplay:viewReplay:313]: P0_VIEW COMPLETE nano=85984808002100
[06:46:09] [Client thread/INFO] [STDOUT]: [com.layue13.clashweave.validation.ClientReplay:viewReplay:313]: P0_VIEW COMPLETE nano=85984858255000
[06:46:09] [Client thread/INFO] [STDOUT]: [com.layue13.clashweave.validation.ClientReplay:viewReplay:313]: P0_VIEW COMPLETE nano=85984907846900
[06:46:09] [Client thread/INFO] [STDOUT]: [com.layue13.clashweave.validation.ClientReplay:viewReplay:313]: P0_VIEW COMPLETE nano=85984958082200
[06:46:09] [Client thread/INFO] [STDOUT]: [com.layue13.clashweave.validation.ClientReplay:viewReplay:313]: P0_VIEW COMPLETE nano=85985007834400
[06:46:09] [Client thread/INFO] [STDOUT]: [com.layue13.clashweave.validation.ClientReplay:viewReplay:313]: P0_VIEW COMPLETE nano=85985058476500
[06:46:09] [Client thread/INFO] [STDOUT]: [com.layue13.clashweave.validation.ClientReplay:viewReplay:313]: P0_VIEW COMPLETE nano=85985108103900
[06:46:09] [Client thread/INFO] [STDOUT]: [com.layue13.clashweave.validation.ClientReplay:viewReplay:313]: P0_VIEW COMPLETE nano=85985158063700
[06:46:09] [Client thread/INFO] [STDOUT]: [com.layue13.clashweave.validation.ClientReplay:viewReplay:313]: P0_VIEW COMPLETE nano=85985207863700
[06:46:09] [Client thread/INFO] [STDOUT]: [com.layue13.clashweave.validation.ClientReplay:viewReplay:313]: P0_VIEW COMPLETE nano=85985258643200
[06:46:09] [Client thread/INFO] [STDOUT]: [com.layue13.clashweave.validation.ClientReplay:viewReplay:313]: P0_VIEW COMPLETE nano=85985309103300
[06:46:09] [Client thread/INFO] [STDOUT]: [com.layue13.clashweave.validation.ClientReplay:viewReplay:313]: P0_VIEW COMPLETE nano=85985358269300
[06:46:09] [Client thread/INFO] [STDOUT]: [com.layue13.clashweave.validation.ClientReplay:viewReplay:313]: P0_VIEW COMPLETE nano=85985407632500
[06:46:09] [Client thread/INFO] [STDOUT]: [com.layue13.clashweave.validation.ClientReplay:viewReplay:313]: P0_VIEW COMPLETE nano=85985457693300
[06:46:09] [Client thread/INFO] [STDOUT]: [com.layue13.clashweave.validation.ClientReplay:viewReplay:313]: P0_VIEW COMPLETE nano=85985508157300
[06:46:09] [Client thread/INFO] [STDOUT]: [com.layue13.clashweave.validation.ClientReplay:viewReplay:313]: P0_VIEW COMPLETE nano=85985558804000
[06:46:09] [Client thread/INFO] [STDOUT]: [com.layue13.clashweave.validation.ClientReplay:viewReplay:313]: P0_VIEW COMPLETE nano=85985607753400
[06:46:10] [Client thread/INFO] [STDOUT]: [com.layue13.clashweave.validation.ClientReplay:viewReplay:313]: P0_VIEW COMPLETE nano=85985657787300
[06:46:10] [Client thread/INFO] [STDOUT]: [com.layue13.clashweave.validation.ClientReplay:viewReplay:313]: P0_VIEW COMPLETE nano=85985708673900
[06:46:10] [Client thread/INFO] [STDOUT]: [com.layue13.clashweave.validation.ClientReplay:viewReplay:313]: P0_VIEW COMPLETE nano=85985758497500
[06:46:10] [Client thread/INFO] [STDOUT]: [com.layue13.clashweave.validation.ClientReplay:viewReplay:313]: P0_VIEW COMPLETE nano=85985808311700
[06:46:10] [Client thread/INFO] [STDOUT]: [com.layue13.clashweave.validation.ClientReplay:viewReplay:313]: P0_VIEW COMPLETE nano=85985857635300
[06:46:10] [Client thread/INFO] [STDOUT]: [com.layue13.clashweave.validation.ClientReplay:viewReplay:313]: P0_VIEW COMPLETE nano=85985907630500
[06:46:10] [Client thread/INFO] [STDOUT]: [com.layue13.clashweave.validation.ClientReplay:viewReplay:313]: P0_VIEW COMPLETE nano=85985957623000
[06:46:10] [Client thread/INFO] [STDOUT]: [com.layue13.clashweave.validation.ClientReplay:viewReplay:313]: P0_VIEW COMPLETE nano=85986008506700
[06:46:10] [Client thread/INFO] [STDOUT]: [com.layue13.clashweave.validation.ClientReplay:viewReplay:313]: P0_VIEW COMPLETE nano=85986057989100
[06:46:10] [Client thread/INFO] [STDOUT]: [com.layue13.clashweave.validation.ClientReplay:viewReplay:313]: P0_VIEW COMPLETE nano=85986108001500
[06:46:10] [Client thread/INFO] [STDOUT]: [com.layue13.clashweave.validation.ClientReplay:viewReplay:313]: P0_VIEW COMPLETE nano=85986158498100
[06:46:10] [Client thread/INFO] [STDOUT]: [com.layue13.clashweave.validation.ClientReplay:viewReplay:313]: P0_VIEW COMPLETE nano=85986207645200
[06:46:10] [Client thread/INFO] [STDOUT]: [com.layue13.clashweave.validation.ClientReplay:viewReplay:313]: P0_VIEW COMPLETE nano=85986257990400
[06:46:10] [Client thread/INFO] [STDOUT]: [com.layue13.clashweave.validation.ClientReplay:viewReplay:313]: P0_VIEW COMPLETE nano=85986308180500
[06:46:10] [Client thread/INFO] [STDOUT]: [com.layue13.clashweave.validation.ClientReplay:viewReplay:313]: P0_VIEW COMPLETE nano=85986358956500
[06:46:10] [Client thread/INFO] [STDOUT]: [com.layue13.clashweave.validation.ClientReplay:viewReplay:313]: P0_VIEW COMPLETE nano=85986408580000
[06:46:10] [Client thread/INFO] [STDOUT]: [com.layue13.clashweave.validation.ClientReplay:viewReplay:313]: P0_VIEW COMPLETE nano=85986459160600
[06:46:10] [Client thread/INFO] [STDOUT]: [com.layue13.clashweave.validation.ClientReplay:viewReplay:313]: P0_VIEW COMPLETE nano=85986508266600
[06:46:10] [Client thread/INFO] [STDOUT]: [com.layue13.clashweave.validation.ClientReplay:viewReplay:313]: P0_VIEW COMPLETE nano=85986558386400
[06:46:10] [Client thread/INFO] [STDOUT]: [com.layue13.clashweave.validation.ClientReplay:viewReplay:313]: P0_VIEW COMPLETE nano=85986608055800
[06:46:11] [Client thread/INFO] [STDOUT]: [com.layue13.clashweave.validation.ClientReplay:viewReplay:313]: P0_VIEW COMPLETE nano=85986658251000
[06:46:11] [Client thread/INFO] [STDOUT]: [com.layue13.clashweave.validation.ClientReplay:viewReplay:313]: P0_VIEW COMPLETE nano=85986707759700
[06:46:11] [Client thread/INFO] [STDOUT]: [com.layue13.clashweave.validation.ClientReplay:viewReplay:313]: P0_VIEW COMPLETE nano=85986758189200
[06:46:11] [Client thread/INFO] [STDOUT]: [com.layue13.clashweave.validation.ClientReplay:viewReplay:313]: P0_VIEW COMPLETE nano=85986807813900
[06:46:11] [Client thread/INFO] [STDOUT]: [com.layue13.clashweave.validation.ClientReplay:viewReplay:313]: P0_VIEW COMPLETE nano=85986858116500
[06:46:11] [Client thread/INFO] [STDOUT]: [com.layue13.clashweave.validation.ClientReplay:viewReplay:313]: P0_VIEW COMPLETE nano=85986907844300
[06:46:11] [Client thread/INFO] [STDOUT]: [com.layue13.clashweave.validation.ClientReplay:viewReplay:313]: P0_VIEW COMPLETE nano=85986957710800
[06:46:11] [Client thread/INFO] [STDOUT]: [com.layue13.clashweave.validation.ClientReplay:viewReplay:313]: P0_VIEW COMPLETE nano=85987008115100
[06:46:11] [Client thread/INFO] [STDOUT]: [com.layue13.clashweave.validation.ClientReplay:viewReplay:313]: P0_VIEW COMPLETE nano=85987058317400
[06:46:11] [Client thread/INFO] [STDOUT]: [com.layue13.clashweave.validation.ClientReplay:viewReplay:313]: P0_VIEW COMPLETE nano=85987108325700
[06:46:11] [Client thread/INFO] [STDOUT]: [com.layue13.clashweave.validation.ClientReplay:viewReplay:313]: P0_VIEW COMPLETE nano=85987158234400
[06:46:11] [Client thread/INFO] [STDOUT]: [com.layue13.clashweave.validation.ClientReplay:viewReplay:313]: P0_VIEW COMPLETE nano=85987208068900
[06:46:11] [Client thread/INFO] [STDOUT]: [com.layue13.clashweave.validation.ClientReplay:viewReplay:313]: P0_VIEW COMPLETE nano=85987257779100
[06:46:11] [Client thread/INFO] [STDOUT]: [com.layue13.clashweave.validation.ClientReplay:viewReplay:313]: P0_VIEW COMPLETE nano=85987308100500
[06:46:11] [Client thread/INFO] [STDOUT]: [com.layue13.clashweave.validation.ClientReplay:viewReplay:313]: P0_VIEW COMPLETE nano=85987357808800
[06:46:11] [Client thread/INFO] [STDOUT]: [com.layue13.clashweave.validation.ClientReplay:viewReplay:313]: P0_VIEW COMPLETE nano=85987408437000
[06:46:11] [Client thread/INFO] [STDOUT]: [com.layue13.clashweave.validation.ClientReplay:viewReplay:313]: P0_VIEW COMPLETE nano=85987457869000
[06:46:11] [Client thread/INFO] [STDOUT]: [com.layue13.clashweave.validation.ClientReplay:viewReplay:313]: P0_VIEW COMPLETE nano=85987508496400
[06:46:11] [Client thread/INFO] [STDOUT]: [com.layue13.clashweave.validation.ClientReplay:viewReplay:313]: P0_VIEW COMPLETE nano=85987558318000
[06:46:11] [Client thread/INFO] [STDOUT]: [com.layue13.clashweave.validation.ClientReplay:viewReplay:313]: P0_VIEW COMPLETE nano=85987608548100
[06:46:12] [Client thread/INFO] [STDOUT]: [com.layue13.clashweave.validation.ClientReplay:viewReplay:313]: P0_VIEW COMPLETE nano=85987657753000
[06:46:12] [Client thread/INFO] [STDOUT]: [com.layue13.clashweave.validation.ClientReplay:viewReplay:313]: P0_VIEW COMPLETE nano=85987708296700
[06:46:12] [Client thread/INFO] [STDOUT]: [com.layue13.clashweave.validation.ClientReplay:viewReplay:313]: P0_VIEW COMPLETE nano=85987758417400
[06:46:12] [Client thread/INFO] [STDOUT]: [com.layue13.clashweave.validation.ClientReplay:viewReplay:313]: P0_VIEW COMPLETE nano=85987808051300
[06:46:12] [Client thread/INFO] [STDOUT]: [com.layue13.clashweave.validation.ClientReplay:viewReplay:313]: P0_VIEW COMPLETE nano=85987857945500
[06:46:12] [Client thread/INFO] [STDOUT]: [com.layue13.clashweave.validation.ClientReplay:viewReplay:313]: P0_VIEW COMPLETE nano=85987907744400
[06:46:12] [Client thread/INFO] [STDOUT]: [com.layue13.clashweave.validation.ClientReplay:viewReplay:313]: P0_VIEW COMPLETE nano=85987958552700
[06:46:12] [Client thread/INFO] [STDOUT]: [com.layue13.clashweave.validation.ClientReplay:viewReplay:313]: P0_VIEW COMPLETE nano=85988008664700
[06:46:12] [Client thread/INFO] [STDOUT]: [com.layue13.clashweave.validation.ClientReplay:viewReplay:313]: P0_VIEW COMPLETE nano=85988057868300
[06:46:12] [Client thread/INFO] [STDOUT]: [com.layue13.clashweave.validation.ClientReplay:viewReplay:313]: P0_VIEW COMPLETE nano=85988108304600
[06:46:12] [Client thread/INFO] [STDOUT]: [com.layue13.clashweave.validation.ClientReplay:viewReplay:313]: P0_VIEW COMPLETE nano=85988157908900
[06:46:12] [Client thread/INFO] [STDOUT]: [com.layue13.clashweave.validation.ClientReplay:viewReplay:313]: P0_VIEW COMPLETE nano=85988208878600
[06:46:12] [Client thread/INFO] [STDOUT]: [com.layue13.clashweave.validation.ClientReplay:viewReplay:313]: P0_VIEW COMPLETE nano=85988258096800
[06:46:12] [Client thread/INFO] [STDOUT]: [com.layue13.clashweave.validation.ClientReplay:viewReplay:313]: P0_VIEW COMPLETE nano=85988307855000
[06:46:12] [Client thread/INFO] [STDOUT]: [com.layue13.clashweave.validation.ClientReplay:viewReplay:313]: P0_VIEW COMPLETE nano=85988357795100
[06:46:12] [Client thread/INFO] [STDOUT]: [com.layue13.clashweave.validation.ClientReplay:viewReplay:313]: P0_VIEW COMPLETE nano=85988408208000
[06:46:12] [Client thread/INFO] [STDOUT]: [com.layue13.clashweave.validation.ClientReplay:viewReplay:313]: P0_VIEW COMPLETE nano=85988458566800
[06:46:12] [Client thread/INFO] [STDOUT]: [com.layue13.clashweave.validation.ClientReplay:viewReplay:313]: P0_VIEW COMPLETE nano=85988508156300
[06:46:12] [Client thread/INFO] [STDOUT]: [com.layue13.clashweave.validation.ClientReplay:viewReplay:313]: P0_VIEW COMPLETE nano=85988558556300
[06:46:12] [Client thread/INFO] [STDOUT]: [com.layue13.clashweave.validation.ClientReplay:viewReplay:313]: P0_VIEW COMPLETE nano=85988608392000
[06:46:13] [Client thread/INFO] [STDOUT]: [com.layue13.clashweave.validation.ClientReplay:viewReplay:313]: P0_VIEW COMPLETE nano=85988657797800
[06:46:13] [Client thread/INFO] [STDOUT]: [com.layue13.clashweave.validation.ClientReplay:viewReplay:313]: P0_VIEW COMPLETE nano=85988707657300
[06:46:13] [Client thread/INFO] [STDOUT]: [com.layue13.clashweave.validation.ClientReplay:viewReplay:313]: P0_VIEW COMPLETE nano=85988757877800
[06:46:13] [Client thread/INFO] [STDOUT]: [com.layue13.clashweave.validation.ClientReplay:viewReplay:313]: P0_VIEW COMPLETE nano=85988807818400
[06:46:13] [Client thread/INFO] [STDOUT]: [com.layue13.clashweave.validation.ClientReplay:viewReplay:313]: P0_VIEW COMPLETE nano=85988857944100
[06:46:13] [Client thread/INFO] [STDOUT]: [com.layue13.clashweave.validation.ClientReplay:viewReplay:313]: P0_VIEW COMPLETE nano=85988907797500
[06:46:13] [Client thread/INFO] [STDOUT]: [com.layue13.clashweave.validation.ClientReplay:viewReplay:313]: P0_VIEW COMPLETE nano=85988958164300
[06:46:13] [Client thread/INFO] [STDOUT]: [com.layue13.clashweave.validation.ClientReplay:viewReplay:313]: P0_VIEW COMPLETE nano=85989007727000
[06:46:13] [Client thread/INFO] [STDOUT]: [com.layue13.clashweave.validation.ClientReplay:viewReplay:313]: P0_VIEW COMPLETE nano=85989057853500
[06:46:13] [Client thread/INFO] [STDOUT]: [com.layue13.clashweave.validation.ClientReplay:viewReplay:313]: P0_VIEW COMPLETE nano=85989108110500
[06:46:13] [Client thread/INFO] [STDOUT]: [com.layue13.clashweave.validation.ClientReplay:viewReplay:313]: P0_VIEW COMPLETE nano=85989158614400
[06:46:13] [Client thread/INFO] [STDOUT]: [com.layue13.clashweave.validation.ClientReplay:viewReplay:313]: P0_VIEW COMPLETE nano=85989207943200
[06:46:13] [Client thread/INFO] [STDOUT]: [com.layue13.clashweave.validation.ClientReplay:viewReplay:313]: P0_VIEW COMPLETE nano=85989258268000
[06:46:13] [Client thread/INFO] [STDOUT]: [com.layue13.clashweave.validation.ClientReplay:viewReplay:313]: P0_VIEW COMPLETE nano=85989308133100
[06:46:13] [Client thread/INFO] [STDOUT]: [com.layue13.clashweave.validation.ClientReplay:viewReplay:313]: P0_VIEW COMPLETE nano=85989358129100
[06:46:13] [Client thread/INFO] [STDOUT]: [com.layue13.clashweave.validation.ClientReplay:viewReplay:313]: P0_VIEW COMPLETE nano=85989407681100
[06:46:13] [Client thread/INFO] [STDOUT]: [com.layue13.clashweave.validation.ClientReplay:viewReplay:313]: P0_VIEW COMPLETE nano=85989458264900
[06:46:13] [Client thread/INFO] [STDOUT]: [com.layue13.clashweave.validation.ClientReplay:viewReplay:313]: P0_VIEW COMPLETE nano=85989508240400
[06:46:13] [Client thread/INFO] [STDOUT]: [com.layue13.clashweave.validation.ClientReplay:viewReplay:313]: P0_VIEW COMPLETE nano=85989557899100
[06:46:13] [Client thread/INFO] [STDOUT]: [com.layue13.clashweave.validation.ClientReplay:viewReplay:313]: P0_VIEW COMPLETE nano=85989608448200
[06:46:14] [Client thread/INFO] [STDOUT]: [com.layue13.clashweave.validation.ClientReplay:viewReplay:313]: P0_VIEW COMPLETE nano=85989658622200
[06:46:14] [Client thread/INFO] [STDOUT]: [com.layue13.clashweave.validation.ClientReplay:viewReplay:313]: P0_VIEW COMPLETE nano=85989707768200
[06:46:14] [Client thread/INFO] [STDOUT]: [com.layue13.clashweave.validation.ClientReplay:viewReplay:313]: P0_VIEW COMPLETE nano=85989758560300
[06:46:14] [Client thread/INFO] [STDOUT]: [com.layue13.clashweave.validation.ClientReplay:viewReplay:313]: P0_VIEW COMPLETE nano=85989807668100
[06:46:14] [Client thread/INFO] [STDOUT]: [com.layue13.clashweave.validation.ClientReplay:viewReplay:313]: P0_VIEW COMPLETE nano=85989858536800
[06:46:14] [Client thread/INFO] [STDOUT]: [com.layue13.clashweave.validation.ClientReplay:viewReplay:313]: P0_VIEW COMPLETE nano=85989907740300
[06:46:14] [Client thread/INFO] [STDOUT]: [com.layue13.clashweave.validation.ClientReplay:viewReplay:313]: P0_VIEW COMPLETE nano=85989957806200
[06:46:14] [Client thread/INFO] [STDOUT]: [com.layue13.clashweave.validation.ClientReplay:viewReplay:313]: P0_VIEW COMPLETE nano=85990007937300
[06:46:14] [Client thread/INFO] [STDOUT]: [com.layue13.clashweave.validation.ClientReplay:viewReplay:313]: P0_VIEW COMPLETE nano=85990058076000
[06:46:14] [Client thread/INFO] [STDOUT]: [com.layue13.clashweave.validation.ClientReplay:viewReplay:313]: P0_VIEW COMPLETE nano=85990108649800
[06:46:14] [Client thread/INFO] [STDOUT]: [com.layue13.clashweave.validation.ClientReplay:viewReplay:313]: P0_VIEW COMPLETE nano=85990158491200
[06:46:14] [Client thread/INFO] [STDOUT]: [com.layue13.clashweave.validation.ClientReplay:viewReplay:313]: P0_VIEW COMPLETE nano=85990207650200
[06:46:14] [Client thread/INFO] [STDOUT]: [com.layue13.clashweave.validation.ClientReplay:viewReplay:313]: P0_VIEW COMPLETE nano=85990258130800
[06:46:14] [Client thread/INFO] [STDOUT]: [com.layue13.clashweave.validation.ClientReplay:viewReplay:313]: P0_VIEW COMPLETE nano=85990307850400
[06:46:14] [Client thread/INFO] [STDOUT]: [com.layue13.clashweave.validation.ClientReplay:viewReplay:313]: P0_VIEW COMPLETE nano=85990357908600
[06:46:14] [Client thread/INFO] [STDOUT]: [com.layue13.clashweave.validation.ClientReplay:viewReplay:313]: P0_VIEW COMPLETE nano=85990407756400
[06:46:14] [Client thread/INFO] [STDOUT]: [com.layue13.clashweave.validation.ClientReplay:viewReplay:313]: P0_VIEW COMPLETE nano=85990457911600
[06:46:14] [Client thread/INFO] [STDOUT]: [com.layue13.clashweave.validation.ClientReplay:viewReplay:313]: P0_VIEW COMPLETE nano=85990507892000
[06:46:14] [Client thread/INFO] [STDOUT]: [com.layue13.clashweave.validation.ClientReplay:viewReplay:313]: P0_VIEW COMPLETE nano=85990558095400
