# Log excerpt; complete raw log retained locally under build/p0/runs.
# Original lines: 1827
# Marker counts: {'ERROR': 3, 'CW_RENDER': 1, 'Exception': 2, 'P0_AUDIO': 64, 'CW_VIEW': 16, 'CW_ENGAGEMENT': 2, 'P0_APPEARANCE': 2, 'P0_VIEW_SEQUENCE': 40, 'P0_LOCAL_AUDIO': 20, 'CW_LOCAL_SWING': 20, 'P0_REQUEST': 61, 'CW_ALIGN': 20, 'CW_PRESENT': 188, 'P0_VIEW_START': 61, 'CW_FEEDBACK': 63, 'CW_FRAME': 63, 'P0_VIEW': 1084}
[09:04:10] [main/ERROR] [FML]: The binary patch set is missing. Either you are in a development environment, or things are not going to work!
[09:04:10] [main/ERROR] [FML]: FML appears to be missing any signature data. This is not a good thing
This is just a prompt for computer specs to be printed. THIS IS NOT A ERROR
[09:04:14] [Client thread/INFO] [STDOUT]: [com.layue13.clashweave.client.KatanaRendering:load:35]: CW_RENDER models loaded units=block blade=+Y sheath=downwardBipedY angle=45.0
[09:04:15] [Forge Version Check/INFO] [STDERR]: [java.lang.Throwable$WrappedPrintStream:println:749]: com.google.gson.JsonSyntaxException: java.lang.IllegalStateException: Expected BEGIN_OBJECT but was STRING at line 1 column 1
[09:04:15] [Forge Version Check/INFO] [STDERR]: [java.lang.Throwable$WrappedPrintStream:println:749]: Caused by: java.lang.IllegalStateException: Expected BEGIN_OBJECT but was STRING at line 1 column 1
[09:04:15] [Client thread/INFO] [STDOUT]: [com.layue13.clashweave.validation.ClientReplay:<init>:69]: P0_AUDIO initial loader settled
[09:04:21] [Client thread/INFO] [STDOUT]: [com.layue13.clashweave.client.ViewPreservingCorrections$Preserved:processPacket:140]: CW_VIEW packet=1 marker=0 protected=false yawDelta=180.0 pitchDelta=0.0 requestedYawDelta=180.0 requestedPitchDelta=0.0 nano=94276976014000
[09:04:21] [Client thread/INFO] [STDOUT]: [com.layue13.clashweave.client.ViewPreservingCorrections$Preserved:processPacket:140]: CW_VIEW packet=1 marker=0 protected=false yawDelta=0.0 pitchDelta=0.0 requestedYawDelta=0.0 requestedPitchDelta=0.0 nano=94277469758400
[09:04:21] [Client thread/INFO] [STDOUT]: [com.layue13.clashweave.client.ViewPreservingCorrections$Preserved:processPacket:140]: CW_VIEW packet=1 marker=0 protected=false yawDelta=0.0 pitchDelta=0.0 requestedYawDelta=0.0 requestedPitchDelta=0.0 nano=94277470079700
[09:04:21] [Client thread/INFO] [STDOUT]: [com.layue13.clashweave.client.ViewPreservingCorrections$Preserved:processPacket:140]: CW_VIEW packet=1 marker=0 protected=false yawDelta=0.0 pitchDelta=0.0 requestedYawDelta=0.0 requestedPitchDelta=0.0 nano=94277470319600
[09:04:21] [Client thread/INFO] [STDOUT]: [com.layue13.clashweave.client.ViewPreservingCorrections$Preserved:processPacket:140]: CW_VIEW packet=1 marker=0 protected=false yawDelta=0.0 pitchDelta=0.0 requestedYawDelta=0.0 requestedPitchDelta=0.0 nano=94277470503500
[09:04:21] [Client thread/INFO] [STDOUT]: [com.layue13.clashweave.client.ViewPreservingCorrections$Preserved:processPacket:140]: CW_VIEW packet=1 marker=0 protected=false yawDelta=0.0 pitchDelta=0.0 requestedYawDelta=0.0 requestedPitchDelta=0.0 nano=94277470721400
[09:04:21] [Client thread/INFO] [STDOUT]: [com.layue13.clashweave.client.ViewPreservingCorrections$Preserved:processPacket:140]: CW_VIEW packet=1 marker=0 protected=false yawDelta=0.0 pitchDelta=0.0 requestedYawDelta=0.0 requestedPitchDelta=0.0 nano=94277470941100
[09:04:21] [Client thread/INFO] [STDOUT]: [com.layue13.clashweave.client.ViewPreservingCorrections$Preserved:processPacket:140]: CW_VIEW packet=1 marker=0 protected=false yawDelta=0.0 pitchDelta=0.0 requestedYawDelta=0.0 requestedPitchDelta=0.0 nano=94277471117800
[09:04:21] [Client thread/INFO] [STDOUT]: [com.layue13.clashweave.client.ViewPreservingCorrections$Preserved:processPacket:140]: CW_VIEW packet=1 marker=0 protected=false yawDelta=0.0 pitchDelta=0.0 requestedYawDelta=0.0 requestedPitchDelta=0.0 nano=94277471320200
[09:04:21] [Client thread/INFO] [STDOUT]: [com.layue13.clashweave.client.ViewPreservingCorrections$Preserved:processPacket:140]: CW_VIEW packet=1 marker=0 protected=false yawDelta=0.0 pitchDelta=0.0 requestedYawDelta=0.0 requestedPitchDelta=0.0 nano=94277471528800
[09:04:21] [Client thread/INFO] [STDOUT]: [com.layue13.clashweave.client.ViewPreservingCorrections$Preserved:processPacket:140]: CW_VIEW packet=1 marker=0 protected=false yawDelta=0.0 pitchDelta=0.0 requestedYawDelta=0.0 requestedPitchDelta=0.0 nano=94277471722600
[09:04:21] [Client thread/INFO] [STDOUT]: [com.layue13.clashweave.client.ViewPreservingCorrections$Preserved:processPacket:140]: CW_VIEW packet=1 marker=0 protected=false yawDelta=0.0 pitchDelta=0.0 requestedYawDelta=0.0 requestedPitchDelta=0.0 nano=94277471912700
[09:04:22] [Client thread/INFO] [STDOUT]: [com.layue13.clashweave.client.ClientProxy:apply:254]: CW_ENGAGEMENT player=P0A engaged=false revision=1 tick=216 receive=94277738161800
[09:04:22] [Client thread/INFO] [STDOUT]: [com.layue13.clashweave.validation.ClientReplay:tick:97]: P0_APPEARANCE entity=0 skin=clashweave:katana effects=clashweave:default animations=clashweave:katana style=katana
[09:04:32] [Client thread/INFO] [STDOUT]: [com.layue13.clashweave.client.ClientProxy:apply:254]: CW_ENGAGEMENT player=P0A engaged=true revision=3 tick=444 receive=94288154018900
[09:04:32] [Client thread/INFO] [STDOUT]: [com.layue13.clashweave.validation.ClientReplay:tick:97]: P0_APPEARANCE entity=72949 skin=clashweave:katana effects=clashweave:default animations=clashweave:katana style=katana
[09:04:37] [Client thread/INFO] [STDOUT]: [com.layue13.clashweave.validation.ClientReplay:viewReplay:305]: P0_VIEW_SEQUENCE begin=1 nano=94293471032500
[09:04:37] [Client thread/INFO] [STDOUT]: [com.layue13.clashweave.validation.ClientReplay:audio:418]: P0_LOCAL_AUDIO nano=94293472231900
[09:04:37] [Client thread/INFO] [STDOUT]: [com.layue13.clashweave.client.ClientProxy:send:169]: CW_LOCAL_SWING seq=2 press=94293471990600 feedback=94293474457800
[09:04:37] [Client thread/INFO] [STDOUT]: [com.layue13.clashweave.validation.ClientReplay:request:320]: P0_REQUEST intent=LIGHT yaw=8.850097 pitch=-2.1806195 nano=94293474708000
[09:04:37] [Client thread/INFO] [STDOUT]: [com.layue13.clashweave.client.ClientProxy:apply:268]: CW_ALIGN player=P0A seq=2 predicted=0 authoritative=0 sameAction=true
[09:04:37] [Client thread/INFO] [STDOUT]: [com.layue13.clashweave.client.ClientProxy:tick:197]: CW_PRESENT id=1 kind=DRAW actor=0 owner=0
[09:04:37] [Client thread/INFO] [STDOUT]: [com.layue13.clashweave.client.ClientProxy:tick:197]: CW_PRESENT id=2 kind=SWING actor=0 owner=0
[09:04:37] [Client thread/INFO] [STDOUT]: [com.layue13.clashweave.validation.ClientReplay:viewReplay:284]: P0_VIEW_START sequence=1 instance=1 yawDelta=0.0 pitchDelta=0.0 yaw=8.850097 pitch=-2.1806195 nano=94293523416000
[09:04:38] [Client thread/INFO] [STDOUT]: [com.layue13.clashweave.client.ClientProxy:apply:313]: CW_FEEDBACK player=P0A result=HIT frozen=94293764427900 receive=94293771630100 corrections=0
[09:04:38] [Client thread/INFO] [STDOUT]: [com.layue13.clashweave.validation.ClientReplay:audio:419]: P0_AUDIO source=random.successful_hit frozen=94293764427900 nano=94293772008800
[09:04:38] [Client thread/INFO] [STDOUT]: [com.layue13.clashweave.client.ClientProxy:tick:197]: CW_PRESENT id=3 kind=HIT actor=0 owner=0
[09:04:38] [Client thread/INFO] [STDOUT]: [com.layue13.clashweave.client.ClientProxy:tick:197]: CW_PRESENT id=4 kind=HURT actor=74042 owner=0
[09:04:38] [Client thread/INFO] [STDOUT]: [com.layue13.clashweave.client.ClientProxy:hud:384]: CW_FRAME frozen=94293764427900 frame=94293774876900
[09:04:38] [Client thread/INFO] [STDOUT]: [com.layue13.clashweave.validation.ClientReplay:request:320]: P0_REQUEST intent=LIGHT yaw=8.856361 pitch=-2.6000917 nano=94293821034800
[09:04:38] [Client thread/INFO] [STDOUT]: [com.layue13.clashweave.client.ClientProxy:apply:313]: CW_FEEDBACK player=P0A result=HIT frozen=94293764766500 receive=94293974074100 corrections=0
[09:04:38] [Client thread/INFO] [STDOUT]: [com.layue13.clashweave.client.ClientProxy:tick:197]: CW_PRESENT id=5 kind=SWING actor=0 owner=0
[09:04:38] [Client thread/INFO] [STDOUT]: [com.layue13.clashweave.validation.ClientReplay:audio:419]: P0_AUDIO source=random.successful_hit frozen=94293764766500 nano=94293974594700
[09:04:38] [Client thread/INFO] [STDOUT]: [com.layue13.clashweave.client.ClientProxy:tick:197]: CW_PRESENT id=6 kind=HIT actor=0 owner=0
[09:04:38] [Client thread/INFO] [STDOUT]: [com.layue13.clashweave.client.ClientProxy:tick:197]: CW_PRESENT id=7 kind=HURT actor=72949 owner=0
[09:04:38] [Client thread/INFO] [STDOUT]: [com.layue13.clashweave.validation.ClientReplay:viewReplay:284]: P0_VIEW_START sequence=1 instance=2 yawDelta=0.0 pitchDelta=0.0 yaw=8.807628 pitch=-2.7193766 nano=94293975116700
[09:04:38] [Client thread/INFO] [STDOUT]: [com.layue13.clashweave.client.ClientProxy:hud:384]: CW_FRAME frozen=94293764766500 frame=94293975573300
[09:04:38] [Client thread/INFO] [STDOUT]: [com.layue13.clashweave.client.ClientProxy:apply:313]: CW_FEEDBACK player=P0A result=HIT frozen=94294108405900 receive=94294121257700 corrections=0
[09:04:38] [Client thread/INFO] [STDOUT]: [com.layue13.clashweave.validation.ClientReplay:audio:419]: P0_AUDIO source=random.successful_hit frozen=94294108405900 nano=94294121533600
[09:04:38] [Client thread/INFO] [STDOUT]: [com.layue13.clashweave.client.ClientProxy:tick:197]: CW_PRESENT id=8 kind=HIT actor=0 owner=0
[09:04:38] [Client thread/INFO] [STDOUT]: [com.layue13.clashweave.client.ClientProxy:tick:197]: CW_PRESENT id=9 kind=HURT actor=74042 owner=0
[09:04:38] [Client thread/INFO] [STDOUT]: [com.layue13.clashweave.client.ClientProxy:hud:384]: CW_FRAME frozen=94294108405900 frame=94294122352900
[09:04:38] [Client thread/INFO] [STDOUT]: [com.layue13.clashweave.validation.ClientReplay:request:320]: P0_REQUEST intent=LIGHT yaw=8.588654 pitch=-3.0134478 nano=94294171672600
[09:04:38] [Client thread/INFO] [STDOUT]: [com.layue13.clashweave.client.ClientProxy:apply:313]: CW_FEEDBACK player=P0A result=HIT frozen=94294108724100 receive=94294273222000 corrections=0
[09:04:38] [Client thread/INFO] [STDOUT]: [com.layue13.clashweave.client.ClientProxy:tick:197]: CW_PRESENT id=10 kind=SWING actor=0 owner=0
[09:04:38] [Client thread/INFO] [STDOUT]: [com.layue13.clashweave.validation.ClientReplay:audio:419]: P0_AUDIO source=random.successful_hit frozen=94294108724100 nano=94294273713600
[09:04:38] [Client thread/INFO] [STDOUT]: [com.layue13.clashweave.client.ClientProxy:tick:197]: CW_PRESENT id=11 kind=HIT actor=0 owner=0
[09:04:38] [Client thread/INFO] [STDOUT]: [com.layue13.clashweave.client.ClientProxy:tick:197]: CW_PRESENT id=12 kind=HURT actor=72949 owner=0
[09:04:38] [Client thread/INFO] [STDOUT]: [com.layue13.clashweave.validation.ClientReplay:viewReplay:284]: P0_VIEW_START sequence=1 instance=3 yawDelta=0.0 pitchDelta=0.0 yaw=8.528419 pitch=-3.0712576 nano=94294274174500
[09:04:38] [Client thread/INFO] [STDOUT]: [com.layue13.clashweave.client.ClientProxy:hud:384]: CW_FRAME frozen=94294108724100 frame=94294274640800
[09:04:38] [Client thread/INFO] [STDOUT]: [com.layue13.clashweave.client.ClientProxy:apply:313]: CW_FEEDBACK player=P0A result=HIT frozen=94294407225700 receive=94294421614900 corrections=0
[09:04:38] [Client thread/INFO] [STDOUT]: [com.layue13.clashweave.validation.ClientReplay:audio:419]: P0_AUDIO source=random.successful_hit frozen=94294407225700 nano=94294421942700
[09:04:38] [Client thread/INFO] [STDOUT]: [com.layue13.clashweave.client.ClientProxy:hud:384]: CW_FRAME frozen=94294407225700 frame=94294422661300
[09:04:38] [Client thread/INFO] [STDOUT]: [com.layue13.clashweave.validation.ClientReplay:request:320]: P0_REQUEST intent=LIGHT yaw=8.147107 pitch=-3.3533003 nano=94294470833100
[09:04:38] [Client thread/INFO] [STDOUT]: [com.layue13.clashweave.validation.ClientReplay:viewReplay:284]: P0_VIEW_START sequence=1 instance=4 yawDelta=0.0 pitchDelta=0.0 yaw=8.055152 pitch=-3.4080608 nano=94294571225600
[09:04:39] [Client thread/INFO] [STDOUT]: [com.layue13.clashweave.client.ClientProxy:apply:313]: CW_FEEDBACK player=P0A result=HIT frozen=94294764760700 receive=94294772361400 corrections=0
[09:04:39] [Client thread/INFO] [STDOUT]: [com.layue13.clashweave.validation.ClientReplay:audio:419]: P0_AUDIO source=random.successful_hit frozen=94294764760700 nano=94294772644400
[09:04:39] [Client thread/INFO] [STDOUT]: [com.layue13.clashweave.client.ClientProxy:hud:384]: CW_FRAME frozen=94294764760700 frame=94294773458300
[09:04:39] [Client thread/INFO] [STDOUT]: [com.layue13.clashweave.validation.ClientReplay:viewReplay:297]: P0_VIEW_SEQUENCE completed=1 nano=94295271125900
[09:04:39] [Client thread/INFO] [STDOUT]: [com.layue13.clashweave.validation.ClientReplay:viewReplay:305]: P0_VIEW_SEQUENCE begin=2 nano=94295471099400
[09:04:39] [Client thread/INFO] [STDOUT]: [com.layue13.clashweave.validation.ClientReplay:audio:418]: P0_LOCAL_AUDIO nano=94295472135900
[09:04:39] [Client thread/INFO] [STDOUT]: [com.layue13.clashweave.client.ClientProxy:send:169]: CW_LOCAL_SWING seq=10 press=94295472003000 feedback=94295472356100
[09:04:39] [Client thread/INFO] [STDOUT]: [com.layue13.clashweave.validation.ClientReplay:request:320]: P0_REQUEST intent=LIGHT yaw=5.421876 pitch=-4.29255 nano=94295472544300
[09:04:39] [Client thread/INFO] [STDOUT]: [com.layue13.clashweave.client.ClientProxy:apply:268]: CW_ALIGN player=P0A seq=10 predicted=0 authoritative=0 sameAction=true
[09:04:39] [Client thread/INFO] [STDOUT]: [com.layue13.clashweave.validation.ClientReplay:viewReplay:284]: P0_VIEW_START sequence=2 instance=5 yawDelta=0.0 pitchDelta=0.0 yaw=5.421876 pitch=-4.29255 nano=94295523969000
[09:04:40] [Client thread/INFO] [STDOUT]: [com.layue13.clashweave.client.ClientProxy:apply:313]: CW_FEEDBACK player=P0A result=HIT frozen=94295711428100 receive=94295720862600 corrections=0
[09:04:40] [Client thread/INFO] [STDOUT]: [com.layue13.clashweave.validation.ClientReplay:audio:419]: P0_AUDIO source=random.successful_hit frozen=94295711428100 nano=94295721153800
[09:04:40] [Client thread/INFO] [STDOUT]: [com.layue13.clashweave.client.ClientProxy:hud:384]: CW_FRAME frozen=94295711428100 frame=94295721895500
[09:04:40] [Client thread/INFO] [STDOUT]: [com.layue13.clashweave.validation.ClientReplay:request:320]: P0_REQUEST intent=LIGHT yaw=4.2990894 pitch=-4.491843 nano=94295771495500
[09:04:40] [Client thread/INFO] [STDOUT]: [com.layue13.clashweave.validation.ClientReplay:viewReplay:284]: P0_VIEW_START sequence=2 instance=6 yawDelta=0.0 pitchDelta=0.0 yaw=4.101609 pitch=-4.520597 nano=94295871772500
[09:04:40] [Client thread/INFO] [STDOUT]: [com.layue13.clashweave.client.ClientProxy:apply:313]: CW_FEEDBACK player=P0A result=HIT frozen=94296004925800 receive=94296021218700 corrections=0
[09:04:40] [Client thread/INFO] [STDOUT]: [com.layue13.clashweave.validation.ClientReplay:audio:419]: P0_AUDIO source=random.successful_hit frozen=94296004925800 nano=94296021479300
[09:04:40] [Client thread/INFO] [STDOUT]: [com.layue13.clashweave.client.ClientProxy:hud:384]: CW_FRAME frozen=94296004925800 frame=94296022305100
[09:04:40] [Client thread/INFO] [STDOUT]: [com.layue13.clashweave.validation.ClientReplay:request:320]: P0_REQUEST intent=LIGHT yaw=3.077228 pitch=-4.6441555 nano=94296070976000
[09:04:40] [Client thread/INFO] [STDOUT]: [com.layue13.clashweave.validation.ClientReplay:viewReplay:284]: P0_VIEW_START sequence=2 instance=7 yawDelta=0.0 pitchDelta=0.0 yaw=2.865852 pitch=-4.6647167 nano=94296171043500
[09:04:40] [Client thread/INFO] [STDOUT]: [com.layue13.clashweave.client.ClientProxy:apply:313]: CW_FEEDBACK player=P0A result=HIT frozen=94296358690900 receive=94296370992200 corrections=0
[09:04:40] [Client thread/INFO] [STDOUT]: [com.layue13.clashweave.validation.ClientReplay:audio:419]: P0_AUDIO source=random.successful_hit frozen=94296358690900 nano=94296371319400
[09:04:40] [Client thread/INFO] [STDOUT]: [com.layue13.clashweave.client.ClientProxy:hud:384]: CW_FRAME frozen=94296358690900 frame=94296372125400
[09:04:41] [Client thread/INFO] [STDOUT]: [com.layue13.clashweave.validation.ClientReplay:viewReplay:297]: P0_VIEW_SEQUENCE completed=2 nano=94296870704400
[09:04:41] [Client thread/INFO] [STDOUT]: [com.layue13.clashweave.validation.ClientReplay:viewReplay:305]: P0_VIEW_SEQUENCE begin=3 nano=94296971020800
[09:04:41] [Client thread/INFO] [STDOUT]: [com.layue13.clashweave.validation.ClientReplay:audio:418]: P0_LOCAL_AUDIO nano=94296971482500
[09:04:41] [Client thread/INFO] [STDOUT]: [com.layue13.clashweave.client.ClientProxy:send:169]: CW_LOCAL_SWING seq=16 press=94296971352600 feedback=94296971667100
[09:04:41] [Client thread/INFO] [STDOUT]: [com.layue13.clashweave.validation.ClientReplay:request:320]: P0_REQUEST intent=LIGHT yaw=-0.90100896 pitch=-4.79071 nano=94296971828700
[09:04:41] [Client thread/INFO] [STDOUT]: [com.layue13.clashweave.client.ClientProxy:apply:268]: CW_ALIGN player=P0A seq=16 predicted=0 authoritative=0 sameAction=true
[09:04:41] [Client thread/INFO] [STDOUT]: [com.layue13.clashweave.validation.ClientReplay:viewReplay:284]: P0_VIEW_START sequence=3 instance=8 yawDelta=0.0 pitchDelta=0.0 yaw=-0.90100896 pitch=-4.79071 nano=94297021433800
[09:04:41] [Client thread/INFO] [STDOUT]: [com.layue13.clashweave.client.ClientProxy:apply:313]: CW_FEEDBACK player=P0A result=HIT frozen=94297208193400 receive=94297221006500 corrections=0
[09:04:41] [Client thread/INFO] [STDOUT]: [com.layue13.clashweave.validation.ClientReplay:audio:419]: P0_AUDIO source=random.successful_hit frozen=94297208193400 nano=94297221347000
[09:04:41] [Client thread/INFO] [STDOUT]: [com.layue13.clashweave.client.ClientProxy:hud:384]: CW_FRAME frozen=94297208193400 frame=94297222322700
[09:04:41] [Client thread/INFO] [STDOUT]: [com.layue13.clashweave.validation.ClientReplay:request:320]: P0_REQUEST intent=LIGHT yaw=-2.2319615 pitch=-4.7324414 nano=94297270902000
[09:04:41] [Client thread/INFO] [STDOUT]: [com.layue13.clashweave.validation.ClientReplay:viewReplay:284]: P0_VIEW_START sequence=3 instance=9 yawDelta=0.0 pitchDelta=0.0 yaw=-2.4499545 pitch=-4.717584 nano=94297371022300
[09:04:41] [Client thread/INFO] [STDOUT]: [com.layue13.clashweave.client.ClientProxy:apply:313]: CW_FEEDBACK player=P0A result=HIT frozen=94297514763800 receive=94297520838300 corrections=0
[09:04:41] [Client thread/INFO] [STDOUT]: [com.layue13.clashweave.validation.ClientReplay:audio:419]: P0_AUDIO source=random.successful_hit frozen=94297514763800 nano=94297521184500
[09:04:41] [Client thread/INFO] [STDOUT]: [com.layue13.clashweave.client.ClientProxy:hud:384]: CW_FRAME frozen=94297514763800 frame=94297521998700
[09:04:41] [Client thread/INFO] [STDOUT]: [com.layue13.clashweave.validation.ClientReplay:request:320]: P0_REQUEST intent=LIGHT yaw=-3.5153153 pitch=-4.621788 nano=94297570783200
[09:04:42] [Client thread/INFO] [STDOUT]: [com.layue13.clashweave.validation.ClientReplay:viewReplay:284]: P0_VIEW_START sequence=3 instance=10 yawDelta=0.0 pitchDelta=0.0 yaw=-3.7225347 pitch=-4.5984106 nano=94297687124900
[09:04:42] [Client thread/INFO] [STDOUT]: [com.layue13.clashweave.client.ClientProxy:apply:313]: CW_FEEDBACK player=P0A result=HIT frozen=94297868020400 receive=94297871862300 corrections=0
[09:04:42] [Client thread/INFO] [STDOUT]: [com.layue13.clashweave.client.ClientProxy:hud:384]: CW_FRAME frozen=94297868020400 frame=94297872896900
[09:04:42] [Client thread/INFO] [STDOUT]: [com.layue13.clashweave.validation.ClientReplay:viewReplay:297]: P0_VIEW_SEQUENCE completed=3 nano=94298386999300
[09:04:42] [Client thread/INFO] [STDOUT]: [com.layue13.clashweave.validation.ClientReplay:viewReplay:305]: P0_VIEW_SEQUENCE begin=4 nano=94298471506500
[09:04:42] [Client thread/INFO] [STDOUT]: [com.layue13.clashweave.validation.ClientReplay:audio:418]: P0_LOCAL_AUDIO nano=94298471910000
[09:04:42] [Client thread/INFO] [STDOUT]: [com.layue13.clashweave.client.ClientProxy:send:169]: CW_LOCAL_SWING seq=22 press=94298471760900 feedback=94298472121100
[09:04:42] [Client thread/INFO] [STDOUT]: [com.layue13.clashweave.validation.ClientReplay:request:320]: P0_REQUEST intent=LIGHT yaw=-6.800763 pitch=-4.0058956 nano=94298472272000
[09:04:42] [Client thread/INFO] [STDOUT]: [com.layue13.clashweave.client.ClientProxy:apply:268]: CW_ALIGN player=P0A seq=22 predicted=0 authoritative=0 sameAction=true
[09:04:42] [Client thread/INFO] [STDOUT]: [com.layue13.clashweave.validation.ClientReplay:viewReplay:284]: P0_VIEW_START sequence=4 instance=11 yawDelta=0.0 pitchDelta=0.0 yaw=-6.800763 pitch=-4.0058956 nano=94298537981300
[09:04:43] [Client thread/INFO] [STDOUT]: [com.layue13.clashweave.validation.ClientReplay:request:320]: P0_REQUEST intent=LIGHT yaw=-7.6256633 pitch=-3.7213337 nano=94298771549700
[09:04:43] [Client thread/INFO] [STDOUT]: [com.layue13.clashweave.validation.ClientReplay:viewReplay:284]: P0_VIEW_START sequence=4 instance=12 yawDelta=0.0 pitchDelta=0.0 yaw=-7.747189 pitch=-3.6708384 nano=94298887176600
[09:04:44] [Client thread/INFO] [STDOUT]: [com.layue13.clashweave.validation.ClientReplay:viewReplay:297]: P0_VIEW_SEQUENCE completed=4 nano=94299886825000
[09:04:44] [Client thread/INFO] [STDOUT]: [com.layue13.clashweave.validation.ClientReplay:viewReplay:305]: P0_VIEW_SEQUENCE begin=5 nano=94299986762800
[09:04:44] [Client thread/INFO] [STDOUT]: [com.layue13.clashweave.validation.ClientReplay:audio:418]: P0_LOCAL_AUDIO nano=94299987255100
[09:04:44] [Client thread/INFO] [STDOUT]: [com.layue13.clashweave.client.ClientProxy:send:169]: CW_LOCAL_SWING seq=28 press=94299987105200 feedback=94299987553200
[09:04:44] [Client thread/INFO] [STDOUT]: [com.layue13.clashweave.client.ClientProxy:apply:268]: CW_ALIGN player=P0A seq=28 predicted=0 authoritative=0 sameAction=true
[09:04:45] [Client thread/INFO] [STDOUT]: [com.layue13.clashweave.validation.ClientReplay:viewReplay:297]: P0_VIEW_SEQUENCE completed=5 nano=94301386820200
[09:04:45] [Client thread/INFO] [STDOUT]: [com.layue13.clashweave.validation.ClientReplay:viewReplay:305]: P0_VIEW_SEQUENCE begin=6 nano=94301487015200
[09:04:45] [Client thread/INFO] [STDOUT]: [com.layue13.clashweave.validation.ClientReplay:audio:418]: P0_LOCAL_AUDIO nano=94301487405100
[09:04:45] [Client thread/INFO] [STDOUT]: [com.layue13.clashweave.client.ClientProxy:send:169]: CW_LOCAL_SWING seq=34 press=94301487253200 feedback=94301487630900
[09:04:45] [Client thread/INFO] [STDOUT]: [com.layue13.clashweave.client.ClientProxy:apply:268]: CW_ALIGN player=P0A seq=34 predicted=0 authoritative=0 sameAction=true
[09:04:47] [Client thread/INFO] [STDOUT]: [com.layue13.clashweave.validation.ClientReplay:viewReplay:297]: P0_VIEW_SEQUENCE completed=6 nano=94302887004500
[09:04:47] [Client thread/INFO] [STDOUT]: [com.layue13.clashweave.validation.ClientReplay:audio:418]: P0_LOCAL_AUDIO nano=94302988348200
[09:04:47] [Client thread/INFO] [STDOUT]: [com.layue13.clashweave.client.ClientProxy:send:169]: CW_LOCAL_SWING seq=40 press=94302988107400 feedback=94302988549300
[09:04:47] [Client thread/INFO] [STDOUT]: [com.layue13.clashweave.client.ClientProxy:apply:268]: CW_ALIGN player=P0A seq=40 predicted=0 authoritative=0 sameAction=true
[09:04:48] [Client thread/INFO] [STDOUT]: [com.layue13.clashweave.validation.ClientReplay:audio:418]: P0_LOCAL_AUDIO nano=94304487583100
[09:04:48] [Client thread/INFO] [STDOUT]: [com.layue13.clashweave.client.ClientProxy:send:169]: CW_LOCAL_SWING seq=46 press=94304487462100 feedback=94304487759600
[09:04:48] [Client thread/INFO] [STDOUT]: [com.layue13.clashweave.client.ClientProxy:apply:268]: CW_ALIGN player=P0A seq=46 predicted=0 authoritative=0 sameAction=true
[09:04:50] [Client thread/INFO] [STDOUT]: [com.layue13.clashweave.validation.ClientReplay:audio:418]: P0_LOCAL_AUDIO nano=94305988732600
[09:04:50] [Client thread/INFO] [STDOUT]: [com.layue13.clashweave.client.ClientProxy:send:169]: CW_LOCAL_SWING seq=52 press=94305988598600 feedback=94305988900400
[09:04:50] [Client thread/INFO] [STDOUT]: [com.layue13.clashweave.client.ClientProxy:apply:268]: CW_ALIGN player=P0A seq=52 predicted=0 authoritative=0 sameAction=true
[09:04:51] [Client thread/INFO] [STDOUT]: [com.layue13.clashweave.validation.ClientReplay:audio:418]: P0_LOCAL_AUDIO nano=94307487660400
[09:04:51] [Client thread/INFO] [STDOUT]: [com.layue13.clashweave.client.ClientProxy:send:169]: CW_LOCAL_SWING seq=58 press=94307487517000 feedback=94307487839100
[09:04:51] [Client thread/INFO] [STDOUT]: [com.layue13.clashweave.client.ClientProxy:apply:268]: CW_ALIGN player=P0A seq=58 predicted=0 authoritative=0 sameAction=true
[09:04:53] [Client thread/INFO] [STDOUT]: [com.layue13.clashweave.validation.ClientReplay:audio:418]: P0_LOCAL_AUDIO nano=94308987110400
[09:04:53] [Client thread/INFO] [STDOUT]: [com.layue13.clashweave.client.ClientProxy:send:169]: CW_LOCAL_SWING seq=64 press=94308986970200 feedback=94308987335500
[09:04:53] [Client thread/INFO] [STDOUT]: [com.layue13.clashweave.client.ClientProxy:apply:268]: CW_ALIGN player=P0A seq=64 predicted=0 authoritative=0 sameAction=true
[09:04:54] [Client thread/INFO] [STDOUT]: [com.layue13.clashweave.validation.ClientReplay:audio:418]: P0_LOCAL_AUDIO nano=94310487852800
[09:04:54] [Client thread/INFO] [STDOUT]: [com.layue13.clashweave.client.ClientProxy:send:169]: CW_LOCAL_SWING seq=70 press=94310487708400 feedback=94310488033100
[09:04:54] [Client thread/INFO] [STDOUT]: [com.layue13.clashweave.client.ClientProxy:apply:268]: CW_ALIGN player=P0A seq=70 predicted=0 authoritative=0 sameAction=true
[09:05:08] [Client thread/INFO] [STDOUT]: [com.layue13.clashweave.validation.ClientReplay:viewReplay:314]: P0_VIEW COMPLETE nano=94323887125100
[09:05:08] [Client thread/INFO] [STDOUT]: [com.layue13.clashweave.validation.ClientReplay:viewReplay:314]: P0_VIEW COMPLETE nano=94323936797000
[09:05:08] [Client thread/INFO] [STDOUT]: [com.layue13.clashweave.validation.ClientReplay:viewReplay:314]: P0_VIEW COMPLETE nano=94323986967700
[09:05:08] [Client thread/INFO] [STDOUT]: [com.layue13.clashweave.validation.ClientReplay:viewReplay:314]: P0_VIEW COMPLETE nano=94324036806500
[09:05:08] [Client thread/INFO] [STDOUT]: [com.layue13.clashweave.validation.ClientReplay:viewReplay:314]: P0_VIEW COMPLETE nano=94324086681500
[09:05:08] [Client thread/INFO] [STDOUT]: [com.layue13.clashweave.validation.ClientReplay:viewReplay:314]: P0_VIEW COMPLETE nano=94324136980700
[09:05:08] [Client thread/INFO] [STDOUT]: [com.layue13.clashweave.validation.ClientReplay:viewReplay:314]: P0_VIEW COMPLETE nano=94324186841900
[09:05:08] [Client thread/INFO] [STDOUT]: [com.layue13.clashweave.validation.ClientReplay:viewReplay:314]: P0_VIEW COMPLETE nano=94324236630800
[09:05:08] [Client thread/INFO] [STDOUT]: [com.layue13.clashweave.validation.ClientReplay:viewReplay:314]: P0_VIEW COMPLETE nano=94324286751100
[09:05:08] [Client thread/INFO] [STDOUT]: [com.layue13.clashweave.validation.ClientReplay:viewReplay:314]: P0_VIEW COMPLETE nano=94324337183800
[09:05:08] [Client thread/INFO] [STDOUT]: [com.layue13.clashweave.validation.ClientReplay:viewReplay:314]: P0_VIEW COMPLETE nano=94324386880800
[09:05:08] [Client thread/INFO] [STDOUT]: [com.layue13.clashweave.validation.ClientReplay:viewReplay:314]: P0_VIEW COMPLETE nano=94324436707200
[09:05:08] [Client thread/INFO] [STDOUT]: [com.layue13.clashweave.validation.ClientReplay:viewReplay:314]: P0_VIEW COMPLETE nano=94324486834200
[09:05:08] [Client thread/INFO] [STDOUT]: [com.layue13.clashweave.validation.ClientReplay:viewReplay:314]: P0_VIEW COMPLETE nano=94324537023400
[09:05:08] [Client thread/INFO] [STDOUT]: [com.layue13.clashweave.validation.ClientReplay:viewReplay:314]: P0_VIEW COMPLETE nano=94324586975100
[09:05:09] [Client thread/INFO] [STDOUT]: [com.layue13.clashweave.validation.ClientReplay:viewReplay:314]: P0_VIEW COMPLETE nano=94324636889600
[09:05:09] [Client thread/INFO] [STDOUT]: [com.layue13.clashweave.validation.ClientReplay:viewReplay:314]: P0_VIEW COMPLETE nano=94324686679000
[09:05:09] [Client thread/INFO] [STDOUT]: [com.layue13.clashweave.validation.ClientReplay:viewReplay:314]: P0_VIEW COMPLETE nano=94324737341100
[09:05:09] [Client thread/INFO] [STDOUT]: [com.layue13.clashweave.validation.ClientReplay:viewReplay:314]: P0_VIEW COMPLETE nano=94324786822000
[09:05:09] [Client thread/INFO] [STDOUT]: [com.layue13.clashweave.validation.ClientReplay:viewReplay:314]: P0_VIEW COMPLETE nano=94324837318700
[09:05:09] [Client thread/INFO] [STDOUT]: [com.layue13.clashweave.validation.ClientReplay:viewReplay:314]: P0_VIEW COMPLETE nano=94324887091600
[09:05:09] [Client thread/INFO] [STDOUT]: [com.layue13.clashweave.validation.ClientReplay:viewReplay:314]: P0_VIEW COMPLETE nano=94324936843900
[09:05:09] [Client thread/INFO] [STDOUT]: [com.layue13.clashweave.validation.ClientReplay:viewReplay:314]: P0_VIEW COMPLETE nano=94324986899200
[09:05:09] [Client thread/INFO] [STDOUT]: [com.layue13.clashweave.validation.ClientReplay:viewReplay:314]: P0_VIEW COMPLETE nano=94325037055900
[09:05:09] [Client thread/INFO] [STDOUT]: [com.layue13.clashweave.validation.ClientReplay:viewReplay:314]: P0_VIEW COMPLETE nano=94325087065400
[09:05:09] [Client thread/INFO] [STDOUT]: [com.layue13.clashweave.validation.ClientReplay:viewReplay:314]: P0_VIEW COMPLETE nano=94325137065800
[09:05:09] [Client thread/INFO] [STDOUT]: [com.layue13.clashweave.validation.ClientReplay:viewReplay:314]: P0_VIEW COMPLETE nano=94325186801500
[09:05:09] [Client thread/INFO] [STDOUT]: [com.layue13.clashweave.validation.ClientReplay:viewReplay:314]: P0_VIEW COMPLETE nano=94325236768600
[09:05:09] [Client thread/INFO] [STDOUT]: [com.layue13.clashweave.validation.ClientReplay:viewReplay:314]: P0_VIEW COMPLETE nano=94325287955200
[09:05:09] [Client thread/INFO] [STDOUT]: [com.layue13.clashweave.validation.ClientReplay:viewReplay:314]: P0_VIEW COMPLETE nano=94325337059400
[09:05:09] [Client thread/INFO] [STDOUT]: [com.layue13.clashweave.validation.ClientReplay:viewReplay:314]: P0_VIEW COMPLETE nano=94325387339600
[09:05:09] [Client thread/INFO] [STDOUT]: [com.layue13.clashweave.validation.ClientReplay:viewReplay:314]: P0_VIEW COMPLETE nano=94325437189000
[09:05:09] [Client thread/INFO] [STDOUT]: [com.layue13.clashweave.validation.ClientReplay:viewReplay:314]: P0_VIEW COMPLETE nano=94325486666000
[09:05:09] [Client thread/INFO] [STDOUT]: [com.layue13.clashweave.validation.ClientReplay:viewReplay:314]: P0_VIEW COMPLETE nano=94325537483000
[09:05:09] [Client thread/INFO] [STDOUT]: [com.layue13.clashweave.validation.ClientReplay:viewReplay:314]: P0_VIEW COMPLETE nano=94325586710300
[09:05:10] [Client thread/INFO] [STDOUT]: [com.layue13.clashweave.validation.ClientReplay:viewReplay:314]: P0_VIEW COMPLETE nano=94325637463100
[09:05:10] [Client thread/INFO] [STDOUT]: [com.layue13.clashweave.validation.ClientReplay:viewReplay:314]: P0_VIEW COMPLETE nano=94325686787600
[09:05:10] [Client thread/INFO] [STDOUT]: [com.layue13.clashweave.validation.ClientReplay:viewReplay:314]: P0_VIEW COMPLETE nano=94325737732800
[09:05:10] [Client thread/INFO] [STDOUT]: [com.layue13.clashweave.validation.ClientReplay:viewReplay:314]: P0_VIEW COMPLETE nano=94325787510500
[09:05:10] [Client thread/INFO] [STDOUT]: [com.layue13.clashweave.validation.ClientReplay:viewReplay:314]: P0_VIEW COMPLETE nano=94325836952600
[09:05:10] [Client thread/INFO] [STDOUT]: [com.layue13.clashweave.validation.ClientReplay:viewReplay:314]: P0_VIEW COMPLETE nano=94325887253000
[09:05:10] [Client thread/INFO] [STDOUT]: [com.layue13.clashweave.validation.ClientReplay:viewReplay:314]: P0_VIEW COMPLETE nano=94325936736800
[09:05:10] [Client thread/INFO] [STDOUT]: [com.layue13.clashweave.validation.ClientReplay:viewReplay:314]: P0_VIEW COMPLETE nano=94325987181600
[09:05:10] [Client thread/INFO] [STDOUT]: [com.layue13.clashweave.validation.ClientReplay:viewReplay:314]: P0_VIEW COMPLETE nano=94326036696300
[09:05:10] [Client thread/INFO] [STDOUT]: [com.layue13.clashweave.validation.ClientReplay:viewReplay:314]: P0_VIEW COMPLETE nano=94326086642000
[09:05:10] [Client thread/INFO] [STDOUT]: [com.layue13.clashweave.validation.ClientReplay:viewReplay:314]: P0_VIEW COMPLETE nano=94326138110800
[09:05:10] [Client thread/INFO] [STDOUT]: [com.layue13.clashweave.validation.ClientReplay:viewReplay:314]: P0_VIEW COMPLETE nano=94326187730500
[09:05:10] [Client thread/INFO] [STDOUT]: [com.layue13.clashweave.validation.ClientReplay:viewReplay:314]: P0_VIEW COMPLETE nano=94326236798300
[09:05:10] [Client thread/INFO] [STDOUT]: [com.layue13.clashweave.validation.ClientReplay:viewReplay:314]: P0_VIEW COMPLETE nano=94326287173400
[09:05:10] [Client thread/INFO] [STDOUT]: [com.layue13.clashweave.validation.ClientReplay:viewReplay:314]: P0_VIEW COMPLETE nano=94326336776100
[09:05:10] [Client thread/INFO] [STDOUT]: [com.layue13.clashweave.validation.ClientReplay:viewReplay:314]: P0_VIEW COMPLETE nano=94326387779600
[09:05:10] [Client thread/INFO] [STDOUT]: [com.layue13.clashweave.validation.ClientReplay:viewReplay:314]: P0_VIEW COMPLETE nano=94326437392300
[09:05:10] [Client thread/INFO] [STDOUT]: [com.layue13.clashweave.validation.ClientReplay:viewReplay:314]: P0_VIEW COMPLETE nano=94326486691100
[09:05:10] [Client thread/INFO] [STDOUT]: [com.layue13.clashweave.validation.ClientReplay:viewReplay:314]: P0_VIEW COMPLETE nano=94326536862700
[09:05:10] [Client thread/INFO] [STDOUT]: [com.layue13.clashweave.validation.ClientReplay:viewReplay:314]: P0_VIEW COMPLETE nano=94326586813900
[09:05:11] [Client thread/INFO] [STDOUT]: [com.layue13.clashweave.validation.ClientReplay:viewReplay:314]: P0_VIEW COMPLETE nano=94326637117700
[09:05:11] [Client thread/INFO] [STDOUT]: [com.layue13.clashweave.validation.ClientReplay:viewReplay:314]: P0_VIEW COMPLETE nano=94326686973600
[09:05:11] [Client thread/INFO] [STDOUT]: [com.layue13.clashweave.validation.ClientReplay:viewReplay:314]: P0_VIEW COMPLETE nano=94326736714500
[09:05:11] [Client thread/INFO] [STDOUT]: [com.layue13.clashweave.validation.ClientReplay:viewReplay:314]: P0_VIEW COMPLETE nano=94326787094900
[09:05:11] [Client thread/INFO] [STDOUT]: [com.layue13.clashweave.validation.ClientReplay:viewReplay:314]: P0_VIEW COMPLETE nano=94326836899800
[09:05:11] [Client thread/INFO] [STDOUT]: [com.layue13.clashweave.validation.ClientReplay:viewReplay:314]: P0_VIEW COMPLETE nano=94326886778600
[09:05:11] [Client thread/INFO] [STDOUT]: [com.layue13.clashweave.validation.ClientReplay:viewReplay:314]: P0_VIEW COMPLETE nano=94326936826900
[09:05:11] [Client thread/INFO] [STDOUT]: [com.layue13.clashweave.validation.ClientReplay:viewReplay:314]: P0_VIEW COMPLETE nano=94326986753500
[09:05:11] [Client thread/INFO] [STDOUT]: [com.layue13.clashweave.validation.ClientReplay:viewReplay:314]: P0_VIEW COMPLETE nano=94327036792300
[09:05:11] [Client thread/INFO] [STDOUT]: [com.layue13.clashweave.validation.ClientReplay:viewReplay:314]: P0_VIEW COMPLETE nano=94327086868300
[09:05:11] [Client thread/INFO] [STDOUT]: [com.layue13.clashweave.validation.ClientReplay:viewReplay:314]: P0_VIEW COMPLETE nano=94327136916100
[09:05:11] [Client thread/INFO] [STDOUT]: [com.layue13.clashweave.validation.ClientReplay:viewReplay:314]: P0_VIEW COMPLETE nano=94327186982700
[09:05:11] [Client thread/INFO] [STDOUT]: [com.layue13.clashweave.validation.ClientReplay:viewReplay:314]: P0_VIEW COMPLETE nano=94327236728900
[09:05:11] [Client thread/INFO] [STDOUT]: [com.layue13.clashweave.validation.ClientReplay:viewReplay:314]: P0_VIEW COMPLETE nano=94327286871500
[09:05:11] [Client thread/INFO] [STDOUT]: [com.layue13.clashweave.validation.ClientReplay:viewReplay:314]: P0_VIEW COMPLETE nano=94327337160900
[09:05:11] [Client thread/INFO] [STDOUT]: [com.layue13.clashweave.validation.ClientReplay:viewReplay:314]: P0_VIEW COMPLETE nano=94327387235800
[09:05:11] [Client thread/INFO] [STDOUT]: [com.layue13.clashweave.validation.ClientReplay:viewReplay:314]: P0_VIEW COMPLETE nano=94327436964800
[09:05:11] [Client thread/INFO] [STDOUT]: [com.layue13.clashweave.validation.ClientReplay:viewReplay:314]: P0_VIEW COMPLETE nano=94327486791500
[09:05:11] [Client thread/INFO] [STDOUT]: [com.layue13.clashweave.validation.ClientReplay:viewReplay:314]: P0_VIEW COMPLETE nano=94327537423100
[09:05:11] [Client thread/INFO] [STDOUT]: [com.layue13.clashweave.validation.ClientReplay:viewReplay:314]: P0_VIEW COMPLETE nano=94327586944600
[09:05:12] [Client thread/INFO] [STDOUT]: [com.layue13.clashweave.validation.ClientReplay:viewReplay:314]: P0_VIEW COMPLETE nano=94327636669200
[09:05:12] [Client thread/INFO] [STDOUT]: [com.layue13.clashweave.validation.ClientReplay:viewReplay:314]: P0_VIEW COMPLETE nano=94327687174200
[09:05:12] [Client thread/INFO] [STDOUT]: [com.layue13.clashweave.validation.ClientReplay:viewReplay:314]: P0_VIEW COMPLETE nano=94327737431900
[09:05:12] [Client thread/INFO] [STDOUT]: [com.layue13.clashweave.validation.ClientReplay:viewReplay:314]: P0_VIEW COMPLETE nano=94327786706800
[09:05:12] [Client thread/INFO] [STDOUT]: [com.layue13.clashweave.validation.ClientReplay:viewReplay:314]: P0_VIEW COMPLETE nano=94327836916400
[09:05:12] [Client thread/INFO] [STDOUT]: [com.layue13.clashweave.validation.ClientReplay:viewReplay:314]: P0_VIEW COMPLETE nano=94327886692200
[09:05:12] [Client thread/INFO] [STDOUT]: [com.layue13.clashweave.validation.ClientReplay:viewReplay:314]: P0_VIEW COMPLETE nano=94327936749800
[09:05:12] [Client thread/INFO] [STDOUT]: [com.layue13.clashweave.validation.ClientReplay:viewReplay:314]: P0_VIEW COMPLETE nano=94327987045000
[09:05:12] [Client thread/INFO] [STDOUT]: [com.layue13.clashweave.validation.ClientReplay:viewReplay:314]: P0_VIEW COMPLETE nano=94328036888600
[09:05:12] [Client thread/INFO] [STDOUT]: [com.layue13.clashweave.validation.ClientReplay:viewReplay:314]: P0_VIEW COMPLETE nano=94328087042900
[09:05:12] [Client thread/INFO] [STDOUT]: [com.layue13.clashweave.validation.ClientReplay:viewReplay:314]: P0_VIEW COMPLETE nano=94328137216800
[09:05:12] [Client thread/INFO] [STDOUT]: [com.layue13.clashweave.validation.ClientReplay:viewReplay:314]: P0_VIEW COMPLETE nano=94328186710600
[09:05:12] [Client thread/INFO] [STDOUT]: [com.layue13.clashweave.validation.ClientReplay:viewReplay:314]: P0_VIEW COMPLETE nano=94328237094000
[09:05:12] [Client thread/INFO] [STDOUT]: [com.layue13.clashweave.validation.ClientReplay:viewReplay:314]: P0_VIEW COMPLETE nano=94328286928000
[09:05:12] [Client thread/INFO] [STDOUT]: [com.layue13.clashweave.validation.ClientReplay:viewReplay:314]: P0_VIEW COMPLETE nano=94328336951600
[09:05:12] [Client thread/INFO] [STDOUT]: [com.layue13.clashweave.validation.ClientReplay:viewReplay:314]: P0_VIEW COMPLETE nano=94328386739600
[09:05:12] [Client thread/INFO] [STDOUT]: [com.layue13.clashweave.validation.ClientReplay:viewReplay:314]: P0_VIEW COMPLETE nano=94328436901700
[09:05:12] [Client thread/INFO] [STDOUT]: [com.layue13.clashweave.validation.ClientReplay:viewReplay:314]: P0_VIEW COMPLETE nano=94328487090300
[09:05:12] [Client thread/INFO] [STDOUT]: [com.layue13.clashweave.validation.ClientReplay:viewReplay:314]: P0_VIEW COMPLETE nano=94328536711800
[09:05:12] [Client thread/INFO] [STDOUT]: [com.layue13.clashweave.validation.ClientReplay:viewReplay:314]: P0_VIEW COMPLETE nano=94328586752700
[09:05:13] [Client thread/INFO] [STDOUT]: [com.layue13.clashweave.validation.ClientReplay:viewReplay:314]: P0_VIEW COMPLETE nano=94328636930700
[09:05:13] [Client thread/INFO] [STDOUT]: [com.layue13.clashweave.validation.ClientReplay:viewReplay:314]: P0_VIEW COMPLETE nano=94328686844500
[09:05:13] [Client thread/INFO] [STDOUT]: [com.layue13.clashweave.validation.ClientReplay:viewReplay:314]: P0_VIEW COMPLETE nano=94328736990200
[09:05:13] [Client thread/INFO] [STDOUT]: [com.layue13.clashweave.validation.ClientReplay:viewReplay:314]: P0_VIEW COMPLETE nano=94328786987400
[09:05:13] [Client thread/INFO] [STDOUT]: [com.layue13.clashweave.validation.ClientReplay:viewReplay:314]: P0_VIEW COMPLETE nano=94328836760600
[09:05:13] [Client thread/INFO] [STDOUT]: [com.layue13.clashweave.validation.ClientReplay:viewReplay:314]: P0_VIEW COMPLETE nano=94328886851400
[09:05:13] [Client thread/INFO] [STDOUT]: [com.layue13.clashweave.validation.ClientReplay:viewReplay:314]: P0_VIEW COMPLETE nano=94328936733300
[09:05:13] [Client thread/INFO] [STDOUT]: [com.layue13.clashweave.validation.ClientReplay:viewReplay:314]: P0_VIEW COMPLETE nano=94328987103100
[09:05:13] [Client thread/INFO] [STDOUT]: [com.layue13.clashweave.validation.ClientReplay:viewReplay:314]: P0_VIEW COMPLETE nano=94329037151600
[09:05:13] [Client thread/INFO] [STDOUT]: [com.layue13.clashweave.validation.ClientReplay:viewReplay:314]: P0_VIEW COMPLETE nano=94329086646400
[09:05:13] [Client thread/INFO] [STDOUT]: [com.layue13.clashweave.validation.ClientReplay:viewReplay:314]: P0_VIEW COMPLETE nano=94329136812800
[09:05:13] [Client thread/INFO] [STDOUT]: [com.layue13.clashweave.validation.ClientReplay:viewReplay:314]: P0_VIEW COMPLETE nano=94329187898600
[09:05:13] [Client thread/INFO] [STDOUT]: [com.layue13.clashweave.validation.ClientReplay:viewReplay:314]: P0_VIEW COMPLETE nano=94329236973100
[09:05:13] [Client thread/INFO] [STDOUT]: [com.layue13.clashweave.validation.ClientReplay:viewReplay:314]: P0_VIEW COMPLETE nano=94329287346000
[09:05:13] [Client thread/INFO] [STDOUT]: [com.layue13.clashweave.validation.ClientReplay:viewReplay:314]: P0_VIEW COMPLETE nano=94329336895700
[09:05:13] [Client thread/INFO] [STDOUT]: [com.layue13.clashweave.validation.ClientReplay:viewReplay:314]: P0_VIEW COMPLETE nano=94329386803700
[09:05:13] [Client thread/INFO] [STDOUT]: [com.layue13.clashweave.validation.ClientReplay:viewReplay:314]: P0_VIEW COMPLETE nano=94329436886900
[09:05:13] [Client thread/INFO] [STDOUT]: [com.layue13.clashweave.validation.ClientReplay:viewReplay:314]: P0_VIEW COMPLETE nano=94329487133200
[09:05:13] [Client thread/INFO] [STDOUT]: [com.layue13.clashweave.validation.ClientReplay:viewReplay:314]: P0_VIEW COMPLETE nano=94329537305900
[09:05:13] [Client thread/INFO] [STDOUT]: [com.layue13.clashweave.validation.ClientReplay:viewReplay:314]: P0_VIEW COMPLETE nano=94329586910100
[09:05:14] [Client thread/INFO] [STDOUT]: [com.layue13.clashweave.validation.ClientReplay:viewReplay:314]: P0_VIEW COMPLETE nano=94329636903500
[09:05:14] [Client thread/INFO] [STDOUT]: [com.layue13.clashweave.validation.ClientReplay:viewReplay:314]: P0_VIEW COMPLETE nano=94329687059700
[09:05:14] [Client thread/INFO] [STDOUT]: [com.layue13.clashweave.validation.ClientReplay:viewReplay:314]: P0_VIEW COMPLETE nano=94329738293800
[09:05:14] [Client thread/INFO] [STDOUT]: [com.layue13.clashweave.validation.ClientReplay:viewReplay:314]: P0_VIEW COMPLETE nano=94329786872000
[09:05:14] [Client thread/INFO] [STDOUT]: [com.layue13.clashweave.validation.ClientReplay:viewReplay:314]: P0_VIEW COMPLETE nano=94329836711300
[09:05:14] [Client thread/INFO] [STDOUT]: [com.layue13.clashweave.validation.ClientReplay:viewReplay:314]: P0_VIEW COMPLETE nano=94329886894700
[09:05:14] [Client thread/INFO] [STDOUT]: [com.layue13.clashweave.validation.ClientReplay:viewReplay:314]: P0_VIEW COMPLETE nano=94329936918200
[09:05:14] [Client thread/INFO] [STDOUT]: [com.layue13.clashweave.validation.ClientReplay:viewReplay:314]: P0_VIEW COMPLETE nano=94329987109100
[09:05:14] [Client thread/INFO] [STDOUT]: [com.layue13.clashweave.validation.ClientReplay:viewReplay:314]: P0_VIEW COMPLETE nano=94330036662300
[09:05:14] [Client thread/INFO] [STDOUT]: [com.layue13.clashweave.validation.ClientReplay:viewReplay:314]: P0_VIEW COMPLETE nano=94330087148500
[09:05:14] [Client thread/INFO] [STDOUT]: [com.layue13.clashweave.validation.ClientReplay:viewReplay:314]: P0_VIEW COMPLETE nano=94330136905000
[09:05:14] [Client thread/INFO] [STDOUT]: [com.layue13.clashweave.validation.ClientReplay:viewReplay:314]: P0_VIEW COMPLETE nano=94330186852100
[09:05:14] [Client thread/INFO] [STDOUT]: [com.layue13.clashweave.validation.ClientReplay:viewReplay:314]: P0_VIEW COMPLETE nano=94330236614400
[09:05:14] [Client thread/INFO] [STDOUT]: [com.layue13.clashweave.validation.ClientReplay:viewReplay:314]: P0_VIEW COMPLETE nano=94330286870400
[09:05:14] [Client thread/INFO] [STDOUT]: [com.layue13.clashweave.validation.ClientReplay:viewReplay:314]: P0_VIEW COMPLETE nano=94330336854800
[09:05:14] [Client thread/INFO] [STDOUT]: [com.layue13.clashweave.validation.ClientReplay:viewReplay:314]: P0_VIEW COMPLETE nano=94330387215700
[09:05:14] [Client thread/INFO] [STDOUT]: [com.layue13.clashweave.validation.ClientReplay:viewReplay:314]: P0_VIEW COMPLETE nano=94330437088900
[09:05:14] [Client thread/INFO] [STDOUT]: [com.layue13.clashweave.validation.ClientReplay:viewReplay:314]: P0_VIEW COMPLETE nano=94330486975400
[09:05:14] [Client thread/INFO] [STDOUT]: [com.layue13.clashweave.validation.ClientReplay:viewReplay:314]: P0_VIEW COMPLETE nano=94330537083800
[09:05:14] [Client thread/INFO] [STDOUT]: [com.layue13.clashweave.validation.ClientReplay:viewReplay:314]: P0_VIEW COMPLETE nano=94330586920400
[09:05:15] [Client thread/INFO] [STDOUT]: [com.layue13.clashweave.validation.ClientReplay:viewReplay:314]: P0_VIEW COMPLETE nano=94330637263600
[09:05:15] [Client thread/INFO] [STDOUT]: [com.layue13.clashweave.validation.ClientReplay:viewReplay:314]: P0_VIEW COMPLETE nano=94330686810300
[09:05:15] [Client thread/INFO] [STDOUT]: [com.layue13.clashweave.validation.ClientReplay:viewReplay:314]: P0_VIEW COMPLETE nano=94330737279800
[09:05:15] [Client thread/INFO] [STDOUT]: [com.layue13.clashweave.validation.ClientReplay:viewReplay:314]: P0_VIEW COMPLETE nano=94330787271600
[09:05:15] [Client thread/INFO] [STDOUT]: [com.layue13.clashweave.validation.ClientReplay:viewReplay:314]: P0_VIEW COMPLETE nano=94330837238700
[09:05:15] [Client thread/INFO] [STDOUT]: [com.layue13.clashweave.validation.ClientReplay:viewReplay:314]: P0_VIEW COMPLETE nano=94330887029600
[09:05:15] [Client thread/INFO] [STDOUT]: [com.layue13.clashweave.validation.ClientReplay:viewReplay:314]: P0_VIEW COMPLETE nano=94330937565900
[09:05:15] [Client thread/INFO] [STDOUT]: [com.layue13.clashweave.validation.ClientReplay:viewReplay:314]: P0_VIEW COMPLETE nano=94330986662800
[09:05:15] [Client thread/INFO] [STDOUT]: [com.layue13.clashweave.validation.ClientReplay:viewReplay:314]: P0_VIEW COMPLETE nano=94331036804500
[09:05:15] [Client thread/INFO] [STDOUT]: [com.layue13.clashweave.validation.ClientReplay:viewReplay:314]: P0_VIEW COMPLETE nano=94331086904800
[09:05:15] [Client thread/INFO] [STDOUT]: [com.layue13.clashweave.validation.ClientReplay:viewReplay:314]: P0_VIEW COMPLETE nano=94331137235300
[09:05:15] [Client thread/INFO] [STDOUT]: [com.layue13.clashweave.validation.ClientReplay:viewReplay:314]: P0_VIEW COMPLETE nano=94331187496700
[09:05:15] [Client thread/INFO] [STDOUT]: [com.layue13.clashweave.validation.ClientReplay:viewReplay:314]: P0_VIEW COMPLETE nano=94331236786900
[09:05:15] [Client thread/INFO] [STDOUT]: [com.layue13.clashweave.validation.ClientReplay:viewReplay:314]: P0_VIEW COMPLETE nano=94331286958200
[09:05:15] [Client thread/INFO] [STDOUT]: [com.layue13.clashweave.validation.ClientReplay:viewReplay:314]: P0_VIEW COMPLETE nano=94331336669800
[09:05:15] [Client thread/INFO] [STDOUT]: [com.layue13.clashweave.validation.ClientReplay:viewReplay:314]: P0_VIEW COMPLETE nano=94331387065800
[09:05:15] [Client thread/INFO] [STDOUT]: [com.layue13.clashweave.validation.ClientReplay:viewReplay:314]: P0_VIEW COMPLETE nano=94331437094400
[09:05:15] [Client thread/INFO] [STDOUT]: [com.layue13.clashweave.validation.ClientReplay:viewReplay:314]: P0_VIEW COMPLETE nano=94331487058400
[09:05:15] [Client thread/INFO] [STDOUT]: [com.layue13.clashweave.validation.ClientReplay:viewReplay:314]: P0_VIEW COMPLETE nano=94331536695400
[09:05:15] [Client thread/INFO] [STDOUT]: [com.layue13.clashweave.validation.ClientReplay:viewReplay:314]: P0_VIEW COMPLETE nano=94331586682400
[09:05:16] [Client thread/INFO] [STDOUT]: [com.layue13.clashweave.validation.ClientReplay:viewReplay:314]: P0_VIEW COMPLETE nano=94331636831100
[09:05:16] [Client thread/INFO] [STDOUT]: [com.layue13.clashweave.validation.ClientReplay:viewReplay:314]: P0_VIEW COMPLETE nano=94331687263000
[09:05:16] [Client thread/INFO] [STDOUT]: [com.layue13.clashweave.validation.ClientReplay:viewReplay:314]: P0_VIEW COMPLETE nano=94331736789900
[09:05:16] [Client thread/INFO] [STDOUT]: [com.layue13.clashweave.validation.ClientReplay:viewReplay:314]: P0_VIEW COMPLETE nano=94331787498700
[09:05:16] [Client thread/INFO] [STDOUT]: [com.layue13.clashweave.validation.ClientReplay:viewReplay:314]: P0_VIEW COMPLETE nano=94331837029400
[09:05:16] [Client thread/INFO] [STDOUT]: [com.layue13.clashweave.validation.ClientReplay:viewReplay:314]: P0_VIEW COMPLETE nano=94331887082400
[09:05:16] [Client thread/INFO] [STDOUT]: [com.layue13.clashweave.validation.ClientReplay:viewReplay:314]: P0_VIEW COMPLETE nano=94331940986700
[09:05:16] [Client thread/INFO] [STDOUT]: [com.layue13.clashweave.validation.ClientReplay:viewReplay:314]: P0_VIEW COMPLETE nano=94331986918200
[09:05:16] [Client thread/INFO] [STDOUT]: [com.layue13.clashweave.validation.ClientReplay:viewReplay:314]: P0_VIEW COMPLETE nano=94332037127000
[09:05:16] [Client thread/INFO] [STDOUT]: [com.layue13.clashweave.validation.ClientReplay:viewReplay:314]: P0_VIEW COMPLETE nano=94332086749900
[09:05:16] [Client thread/INFO] [STDOUT]: [com.layue13.clashweave.validation.ClientReplay:viewReplay:314]: P0_VIEW COMPLETE nano=94332136947400
[09:05:16] [Client thread/INFO] [STDOUT]: [com.layue13.clashweave.validation.ClientReplay:viewReplay:314]: P0_VIEW COMPLETE nano=94332187174500
[09:05:16] [Client thread/INFO] [STDOUT]: [com.layue13.clashweave.validation.ClientReplay:viewReplay:314]: P0_VIEW COMPLETE nano=94332236767600
[09:05:16] [Client thread/INFO] [STDOUT]: [com.layue13.clashweave.validation.ClientReplay:viewReplay:314]: P0_VIEW COMPLETE nano=94332286850600
[09:05:16] [Client thread/INFO] [STDOUT]: [com.layue13.clashweave.validation.ClientReplay:viewReplay:314]: P0_VIEW COMPLETE nano=94332337547900
[09:05:16] [Client thread/INFO] [STDOUT]: [com.layue13.clashweave.validation.ClientReplay:viewReplay:314]: P0_VIEW COMPLETE nano=94332387257600
[09:05:16] [Client thread/INFO] [STDOUT]: [com.layue13.clashweave.validation.ClientReplay:viewReplay:314]: P0_VIEW COMPLETE nano=94332437115700
[09:05:16] [Client thread/INFO] [STDOUT]: [com.layue13.clashweave.validation.ClientReplay:viewReplay:314]: P0_VIEW COMPLETE nano=94332487569500
[09:05:16] [Client thread/INFO] [STDOUT]: [com.layue13.clashweave.validation.ClientReplay:viewReplay:314]: P0_VIEW COMPLETE nano=94332537192800
[09:05:16] [Client thread/INFO] [STDOUT]: [com.layue13.clashweave.validation.ClientReplay:viewReplay:314]: P0_VIEW COMPLETE nano=94332586918600
[09:05:17] [Client thread/INFO] [STDOUT]: [com.layue13.clashweave.validation.ClientReplay:viewReplay:314]: P0_VIEW COMPLETE nano=94332637216000
[09:05:17] [Client thread/INFO] [STDOUT]: [com.layue13.clashweave.validation.ClientReplay:viewReplay:314]: P0_VIEW COMPLETE nano=94332687116700
[09:05:17] [Client thread/INFO] [STDOUT]: [com.layue13.clashweave.validation.ClientReplay:viewReplay:314]: P0_VIEW COMPLETE nano=94332737852500
[09:05:17] [Client thread/INFO] [STDOUT]: [com.layue13.clashweave.validation.ClientReplay:viewReplay:314]: P0_VIEW COMPLETE nano=94332787085600
[09:05:17] [Client thread/INFO] [STDOUT]: [com.layue13.clashweave.validation.ClientReplay:viewReplay:314]: P0_VIEW COMPLETE nano=94332837399500
[09:05:17] [Client thread/INFO] [STDOUT]: [com.layue13.clashweave.validation.ClientReplay:viewReplay:314]: P0_VIEW COMPLETE nano=94332887325200
[09:05:17] [Client thread/INFO] [STDOUT]: [com.layue13.clashweave.validation.ClientReplay:viewReplay:314]: P0_VIEW COMPLETE nano=94332936999700
[09:05:17] [Client thread/INFO] [STDOUT]: [com.layue13.clashweave.validation.ClientReplay:viewReplay:314]: P0_VIEW COMPLETE nano=94332986668200
[09:05:17] [Client thread/INFO] [STDOUT]: [com.layue13.clashweave.validation.ClientReplay:viewReplay:314]: P0_VIEW COMPLETE nano=94333036695900
[09:05:17] [Client thread/INFO] [STDOUT]: [com.layue13.clashweave.validation.ClientReplay:viewReplay:314]: P0_VIEW COMPLETE nano=94333087587400
[09:05:17] [Client thread/INFO] [STDOUT]: [com.layue13.clashweave.validation.ClientReplay:viewReplay:314]: P0_VIEW COMPLETE nano=94333137023100
[09:05:17] [Client thread/INFO] [STDOUT]: [com.layue13.clashweave.validation.ClientReplay:viewReplay:314]: P0_VIEW COMPLETE nano=94333187012000
[09:05:17] [Client thread/INFO] [STDOUT]: [com.layue13.clashweave.validation.ClientReplay:viewReplay:314]: P0_VIEW COMPLETE nano=94333236678400
[09:05:17] [Client thread/INFO] [STDOUT]: [com.layue13.clashweave.validation.ClientReplay:viewReplay:314]: P0_VIEW COMPLETE nano=94333287104800
[09:05:17] [Client thread/INFO] [STDOUT]: [com.layue13.clashweave.validation.ClientReplay:viewReplay:314]: P0_VIEW COMPLETE nano=94333336956700
[09:05:17] [Client thread/INFO] [STDOUT]: [com.layue13.clashweave.validation.ClientReplay:viewReplay:314]: P0_VIEW COMPLETE nano=94333387140800
[09:05:17] [Client thread/INFO] [STDOUT]: [com.layue13.clashweave.validation.ClientReplay:viewReplay:314]: P0_VIEW COMPLETE nano=94333436921200
[09:05:17] [Client thread/INFO] [STDOUT]: [com.layue13.clashweave.validation.ClientReplay:viewReplay:314]: P0_VIEW COMPLETE nano=94333487333600
[09:05:17] [Client thread/INFO] [STDOUT]: [com.layue13.clashweave.validation.ClientReplay:viewReplay:314]: P0_VIEW COMPLETE nano=94333536980500
[09:05:17] [Client thread/INFO] [STDOUT]: [com.layue13.clashweave.validation.ClientReplay:viewReplay:314]: P0_VIEW COMPLETE nano=94333587098600
[09:05:18] [Client thread/INFO] [STDOUT]: [com.layue13.clashweave.validation.ClientReplay:viewReplay:314]: P0_VIEW COMPLETE nano=94333636907100
[09:05:18] [Client thread/INFO] [STDOUT]: [com.layue13.clashweave.validation.ClientReplay:viewReplay:314]: P0_VIEW COMPLETE nano=94333687034700
[09:05:18] [Client thread/INFO] [STDOUT]: [com.layue13.clashweave.validation.ClientReplay:viewReplay:314]: P0_VIEW COMPLETE nano=94333736758700
[09:05:18] [Client thread/INFO] [STDOUT]: [com.layue13.clashweave.validation.ClientReplay:viewReplay:314]: P0_VIEW COMPLETE nano=94333786805400
[09:05:18] [Client thread/INFO] [STDOUT]: [com.layue13.clashweave.validation.ClientReplay:viewReplay:314]: P0_VIEW COMPLETE nano=94333837340700
[09:05:18] [Client thread/INFO] [STDOUT]: [com.layue13.clashweave.validation.ClientReplay:viewReplay:314]: P0_VIEW COMPLETE nano=94333887122300
[09:05:18] [Client thread/INFO] [STDOUT]: [com.layue13.clashweave.validation.ClientReplay:viewReplay:314]: P0_VIEW COMPLETE nano=94333938662300
[09:05:18] [Client thread/INFO] [STDOUT]: [com.layue13.clashweave.validation.ClientReplay:viewReplay:314]: P0_VIEW COMPLETE nano=94333987302600
[09:05:18] [Client thread/INFO] [STDOUT]: [com.layue13.clashweave.validation.ClientReplay:viewReplay:314]: P0_VIEW COMPLETE nano=94334037110100
[09:05:18] [Client thread/INFO] [STDOUT]: [com.layue13.clashweave.validation.ClientReplay:viewReplay:314]: P0_VIEW COMPLETE nano=94334087092100
[09:05:18] [Client thread/INFO] [STDOUT]: [com.layue13.clashweave.validation.ClientReplay:viewReplay:314]: P0_VIEW COMPLETE nano=94334137338500
[09:05:18] [Client thread/INFO] [STDOUT]: [com.layue13.clashweave.validation.ClientReplay:viewReplay:314]: P0_VIEW COMPLETE nano=94334187293100
[09:05:18] [Client thread/INFO] [STDOUT]: [com.layue13.clashweave.validation.ClientReplay:viewReplay:314]: P0_VIEW COMPLETE nano=94334236925600
[09:05:18] [Client thread/INFO] [STDOUT]: [com.layue13.clashweave.validation.ClientReplay:viewReplay:314]: P0_VIEW COMPLETE nano=94334287207300
[09:05:18] [Client thread/INFO] [STDOUT]: [com.layue13.clashweave.validation.ClientReplay:viewReplay:314]: P0_VIEW COMPLETE nano=94334337150200
[09:05:18] [Client thread/INFO] [STDOUT]: [com.layue13.clashweave.validation.ClientReplay:viewReplay:314]: P0_VIEW COMPLETE nano=94334386727400
[09:05:18] [Client thread/INFO] [STDOUT]: [com.layue13.clashweave.validation.ClientReplay:viewReplay:314]: P0_VIEW COMPLETE nano=94334436715500
[09:05:18] [Client thread/INFO] [STDOUT]: [com.layue13.clashweave.validation.ClientReplay:viewReplay:314]: P0_VIEW COMPLETE nano=94334486971500
[09:05:18] [Client thread/INFO] [STDOUT]: [com.layue13.clashweave.validation.ClientReplay:viewReplay:314]: P0_VIEW COMPLETE nano=94334537466400
[09:05:18] [Client thread/INFO] [STDOUT]: [com.layue13.clashweave.validation.ClientReplay:viewReplay:314]: P0_VIEW COMPLETE nano=94334587440700
[09:05:19] [Client thread/INFO] [STDOUT]: [com.layue13.clashweave.validation.ClientReplay:viewReplay:314]: P0_VIEW COMPLETE nano=94334636856300
[09:05:19] [Client thread/INFO] [STDOUT]: [com.layue13.clashweave.validation.ClientReplay:viewReplay:314]: P0_VIEW COMPLETE nano=94334687027600
[09:05:19] [Client thread/INFO] [STDOUT]: [com.layue13.clashweave.validation.ClientReplay:viewReplay:314]: P0_VIEW COMPLETE nano=94334736711800
[09:05:19] [Client thread/INFO] [STDOUT]: [com.layue13.clashweave.validation.ClientReplay:viewReplay:314]: P0_VIEW COMPLETE nano=94334787843600
[09:05:19] [Client thread/INFO] [STDOUT]: [com.layue13.clashweave.validation.ClientReplay:viewReplay:314]: P0_VIEW COMPLETE nano=94334836913300
[09:05:19] [Client thread/INFO] [STDOUT]: [com.layue13.clashweave.validation.ClientReplay:viewReplay:314]: P0_VIEW COMPLETE nano=94334887199100
[09:05:19] [Client thread/INFO] [STDOUT]: [com.layue13.clashweave.validation.ClientReplay:viewReplay:314]: P0_VIEW COMPLETE nano=94334937135300
[09:05:19] [Client thread/INFO] [STDOUT]: [com.layue13.clashweave.validation.ClientReplay:viewReplay:314]: P0_VIEW COMPLETE nano=94334986924500
[09:05:19] [Client thread/INFO] [STDOUT]: [com.layue13.clashweave.validation.ClientReplay:viewReplay:314]: P0_VIEW COMPLETE nano=94335036781900
[09:05:19] [Client thread/INFO] [STDOUT]: [com.layue13.clashweave.validation.ClientReplay:viewReplay:314]: P0_VIEW COMPLETE nano=94335086601500
[09:05:19] [Client thread/INFO] [STDOUT]: [com.layue13.clashweave.validation.ClientReplay:viewReplay:314]: P0_VIEW COMPLETE nano=94335136861600
[09:05:19] [Client thread/INFO] [STDOUT]: [com.layue13.clashweave.validation.ClientReplay:viewReplay:314]: P0_VIEW COMPLETE nano=94335186849600
[09:05:19] [Client thread/INFO] [STDOUT]: [com.layue13.clashweave.validation.ClientReplay:viewReplay:314]: P0_VIEW COMPLETE nano=94335237136800
[09:05:19] [Client thread/INFO] [STDOUT]: [com.layue13.clashweave.validation.ClientReplay:viewReplay:314]: P0_VIEW COMPLETE nano=94335286947400
[09:05:19] [Client thread/INFO] [STDOUT]: [com.layue13.clashweave.validation.ClientReplay:viewReplay:314]: P0_VIEW COMPLETE nano=94335337091700
[09:05:19] [Client thread/INFO] [STDOUT]: [com.layue13.clashweave.validation.ClientReplay:viewReplay:314]: P0_VIEW COMPLETE nano=94335387385500
[09:05:19] [Client thread/INFO] [STDOUT]: [com.layue13.clashweave.validation.ClientReplay:viewReplay:314]: P0_VIEW COMPLETE nano=94335437068200
[09:05:19] [Client thread/INFO] [STDOUT]: [com.layue13.clashweave.validation.ClientReplay:viewReplay:314]: P0_VIEW COMPLETE nano=94335486786400
[09:05:19] [Client thread/INFO] [STDOUT]: [com.layue13.clashweave.validation.ClientReplay:viewReplay:314]: P0_VIEW COMPLETE nano=94335537230500
[09:05:19] [Client thread/INFO] [STDOUT]: [com.layue13.clashweave.validation.ClientReplay:viewReplay:314]: P0_VIEW COMPLETE nano=94335587565200
[09:05:20] [Client thread/INFO] [STDOUT]: [com.layue13.clashweave.validation.ClientReplay:viewReplay:314]: P0_VIEW COMPLETE nano=94335636897800
[09:05:20] [Client thread/INFO] [STDOUT]: [com.layue13.clashweave.validation.ClientReplay:viewReplay:314]: P0_VIEW COMPLETE nano=94335686907700
[09:05:20] [Client thread/INFO] [STDOUT]: [com.layue13.clashweave.validation.ClientReplay:viewReplay:314]: P0_VIEW COMPLETE nano=94335737347600
[09:05:20] [Client thread/INFO] [STDOUT]: [com.layue13.clashweave.validation.ClientReplay:viewReplay:314]: P0_VIEW COMPLETE nano=94335786884500
[09:05:20] [Client thread/INFO] [STDOUT]: [com.layue13.clashweave.validation.ClientReplay:viewReplay:314]: P0_VIEW COMPLETE nano=94335836738900
[09:05:20] [Client thread/INFO] [STDOUT]: [com.layue13.clashweave.validation.ClientReplay:viewReplay:314]: P0_VIEW COMPLETE nano=94335887388300
[09:05:20] [Client thread/INFO] [STDOUT]: [com.layue13.clashweave.validation.ClientReplay:viewReplay:314]: P0_VIEW COMPLETE nano=94335936828000
[09:05:20] [Client thread/INFO] [STDOUT]: [com.layue13.clashweave.validation.ClientReplay:viewReplay:314]: P0_VIEW COMPLETE nano=94335987078700
[09:05:20] [Client thread/INFO] [STDOUT]: [com.layue13.clashweave.validation.ClientReplay:viewReplay:314]: P0_VIEW COMPLETE nano=94336036658600
[09:05:20] [Client thread/INFO] [STDOUT]: [com.layue13.clashweave.validation.ClientReplay:viewReplay:314]: P0_VIEW COMPLETE nano=94336086845800
[09:05:20] [Client thread/INFO] [STDOUT]: [com.layue13.clashweave.validation.ClientReplay:viewReplay:314]: P0_VIEW COMPLETE nano=94336136931900
[09:05:20] [Client thread/INFO] [STDOUT]: [com.layue13.clashweave.validation.ClientReplay:viewReplay:314]: P0_VIEW COMPLETE nano=94336187543300
[09:05:20] [Client thread/INFO] [STDOUT]: [com.layue13.clashweave.validation.ClientReplay:viewReplay:314]: P0_VIEW COMPLETE nano=94336236700600
[09:05:20] [Client thread/INFO] [STDOUT]: [com.layue13.clashweave.validation.ClientReplay:viewReplay:314]: P0_VIEW COMPLETE nano=94336286816600
[09:05:20] [Client thread/INFO] [STDOUT]: [com.layue13.clashweave.validation.ClientReplay:viewReplay:314]: P0_VIEW COMPLETE nano=94336336878900
[09:05:20] [Client thread/INFO] [STDOUT]: [com.layue13.clashweave.validation.ClientReplay:viewReplay:314]: P0_VIEW COMPLETE nano=94336387192500
[09:05:20] [Client thread/INFO] [STDOUT]: [com.layue13.clashweave.validation.ClientReplay:viewReplay:314]: P0_VIEW COMPLETE nano=94336436710800
[09:05:20] [Client thread/INFO] [STDOUT]: [com.layue13.clashweave.validation.ClientReplay:viewReplay:314]: P0_VIEW COMPLETE nano=94336487027300
[09:05:20] [Client thread/INFO] [STDOUT]: [com.layue13.clashweave.validation.ClientReplay:viewReplay:314]: P0_VIEW COMPLETE nano=94336536948400
[09:05:20] [Client thread/INFO] [STDOUT]: [com.layue13.clashweave.validation.ClientReplay:viewReplay:314]: P0_VIEW COMPLETE nano=94336587259900
[09:05:21] [Client thread/INFO] [STDOUT]: [com.layue13.clashweave.validation.ClientReplay:viewReplay:314]: P0_VIEW COMPLETE nano=94336636954500
[09:05:21] [Client thread/INFO] [STDOUT]: [com.layue13.clashweave.validation.ClientReplay:viewReplay:314]: P0_VIEW COMPLETE nano=94336686824400
[09:05:21] [Client thread/INFO] [STDOUT]: [com.layue13.clashweave.validation.ClientReplay:viewReplay:314]: P0_VIEW COMPLETE nano=94336736953200
[09:05:21] [Client thread/INFO] [STDOUT]: [com.layue13.clashweave.validation.ClientReplay:viewReplay:314]: P0_VIEW COMPLETE nano=94336787319300
[09:05:21] [Client thread/INFO] [STDOUT]: [com.layue13.clashweave.validation.ClientReplay:viewReplay:314]: P0_VIEW COMPLETE nano=94336836711100
[09:05:21] [Client thread/INFO] [STDOUT]: [com.layue13.clashweave.validation.ClientReplay:viewReplay:314]: P0_VIEW COMPLETE nano=94336887088000
[09:05:21] [Client thread/INFO] [STDOUT]: [com.layue13.clashweave.validation.ClientReplay:viewReplay:314]: P0_VIEW COMPLETE nano=94336936789800
[09:05:21] [Client thread/INFO] [STDOUT]: [com.layue13.clashweave.validation.ClientReplay:viewReplay:314]: P0_VIEW COMPLETE nano=94336986894000
[09:05:21] [Client thread/INFO] [STDOUT]: [com.layue13.clashweave.validation.ClientReplay:viewReplay:314]: P0_VIEW COMPLETE nano=94337036855400
[09:05:21] [Client thread/INFO] [STDOUT]: [com.layue13.clashweave.validation.ClientReplay:viewReplay:314]: P0_VIEW COMPLETE nano=94337086956900
[09:05:21] [Client thread/INFO] [STDOUT]: [com.layue13.clashweave.validation.ClientReplay:viewReplay:314]: P0_VIEW COMPLETE nano=94337136835400
[09:05:21] [Client thread/INFO] [STDOUT]: [com.layue13.clashweave.validation.ClientReplay:viewReplay:314]: P0_VIEW COMPLETE nano=94337186778100
[09:05:21] [Client thread/INFO] [STDOUT]: [com.layue13.clashweave.validation.ClientReplay:viewReplay:314]: P0_VIEW COMPLETE nano=94337236845500
[09:05:21] [Client thread/INFO] [STDOUT]: [com.layue13.clashweave.validation.ClientReplay:viewReplay:314]: P0_VIEW COMPLETE nano=94337286865500
[09:05:21] [Client thread/INFO] [STDOUT]: [com.layue13.clashweave.validation.ClientReplay:viewReplay:314]: P0_VIEW COMPLETE nano=94337336715400
[09:05:21] [Client thread/INFO] [STDOUT]: [com.layue13.clashweave.validation.ClientReplay:viewReplay:314]: P0_VIEW COMPLETE nano=94337386708600
[09:05:21] [Client thread/INFO] [STDOUT]: [com.layue13.clashweave.validation.ClientReplay:viewReplay:314]: P0_VIEW COMPLETE nano=94337437441400
[09:05:21] [Client thread/INFO] [STDOUT]: [com.layue13.clashweave.validation.ClientReplay:viewReplay:314]: P0_VIEW COMPLETE nano=94337486616400
[09:05:21] [Client thread/INFO] [STDOUT]: [com.layue13.clashweave.validation.ClientReplay:viewReplay:314]: P0_VIEW COMPLETE nano=94337537189700
[09:05:21] [Client thread/INFO] [STDOUT]: [com.layue13.clashweave.validation.ClientReplay:viewReplay:314]: P0_VIEW COMPLETE nano=94337586699900
[09:05:22] [Client thread/INFO] [STDOUT]: [com.layue13.clashweave.validation.ClientReplay:viewReplay:314]: P0_VIEW COMPLETE nano=94337637141900
[09:05:22] [Client thread/INFO] [STDOUT]: [com.layue13.clashweave.validation.ClientReplay:viewReplay:314]: P0_VIEW COMPLETE nano=94337686684100
[09:05:22] [Client thread/INFO] [STDOUT]: [com.layue13.clashweave.validation.ClientReplay:viewReplay:314]: P0_VIEW COMPLETE nano=94337736872500
[09:05:22] [Client thread/INFO] [STDOUT]: [com.layue13.clashweave.validation.ClientReplay:viewReplay:314]: P0_VIEW COMPLETE nano=94337786662100
[09:05:22] [Client thread/INFO] [STDOUT]: [com.layue13.clashweave.validation.ClientReplay:viewReplay:314]: P0_VIEW COMPLETE nano=94337837132000
[09:05:22] [Client thread/INFO] [STDOUT]: [com.layue13.clashweave.validation.ClientReplay:viewReplay:314]: P0_VIEW COMPLETE nano=94337886710500
[09:05:22] [Client thread/INFO] [STDOUT]: [com.layue13.clashweave.validation.ClientReplay:viewReplay:314]: P0_VIEW COMPLETE nano=94337936992200
[09:05:22] [Client thread/INFO] [STDOUT]: [com.layue13.clashweave.validation.ClientReplay:viewReplay:314]: P0_VIEW COMPLETE nano=94337987044100
[09:05:22] [Client thread/INFO] [STDOUT]: [com.layue13.clashweave.validation.ClientReplay:viewReplay:314]: P0_VIEW COMPLETE nano=94338036816300
[09:05:22] [Client thread/INFO] [STDOUT]: [com.layue13.clashweave.validation.ClientReplay:viewReplay:314]: P0_VIEW COMPLETE nano=94338086645200
[09:05:22] [Client thread/INFO] [STDOUT]: [com.layue13.clashweave.validation.ClientReplay:viewReplay:314]: P0_VIEW COMPLETE nano=94338136835600
[09:05:22] [Client thread/INFO] [STDOUT]: [com.layue13.clashweave.validation.ClientReplay:viewReplay:314]: P0_VIEW COMPLETE nano=94338186836600
[09:05:22] [Client thread/INFO] [STDOUT]: [com.layue13.clashweave.validation.ClientReplay:viewReplay:314]: P0_VIEW COMPLETE nano=94338237516800
[09:05:22] [Client thread/INFO] [STDOUT]: [com.layue13.clashweave.validation.ClientReplay:viewReplay:314]: P0_VIEW COMPLETE nano=94338286977200
[09:05:22] [Client thread/INFO] [STDOUT]: [com.layue13.clashweave.validation.ClientReplay:viewReplay:314]: P0_VIEW COMPLETE nano=94338337029400
[09:05:22] [Client thread/INFO] [STDOUT]: [com.layue13.clashweave.validation.ClientReplay:viewReplay:314]: P0_VIEW COMPLETE nano=94338386900400
[09:05:22] [Client thread/INFO] [STDOUT]: [com.layue13.clashweave.validation.ClientReplay:viewReplay:314]: P0_VIEW COMPLETE nano=94338436737600
[09:05:22] [Client thread/INFO] [STDOUT]: [com.layue13.clashweave.validation.ClientReplay:viewReplay:314]: P0_VIEW COMPLETE nano=94338486599800
[09:05:22] [Client thread/INFO] [STDOUT]: [com.layue13.clashweave.validation.ClientReplay:viewReplay:314]: P0_VIEW COMPLETE nano=94338536987600
[09:05:22] [Client thread/INFO] [STDOUT]: [com.layue13.clashweave.validation.ClientReplay:viewReplay:314]: P0_VIEW COMPLETE nano=94338587159000
[09:05:23] [Client thread/INFO] [STDOUT]: [com.layue13.clashweave.validation.ClientReplay:viewReplay:314]: P0_VIEW COMPLETE nano=94338637074300
[09:05:23] [Client thread/INFO] [STDOUT]: [com.layue13.clashweave.validation.ClientReplay:viewReplay:314]: P0_VIEW COMPLETE nano=94338686804500
[09:05:23] [Client thread/INFO] [STDOUT]: [com.layue13.clashweave.validation.ClientReplay:viewReplay:314]: P0_VIEW COMPLETE nano=94338736701200
[09:05:23] [Client thread/INFO] [STDOUT]: [com.layue13.clashweave.validation.ClientReplay:viewReplay:314]: P0_VIEW COMPLETE nano=94338787598800
[09:05:23] [Client thread/INFO] [STDOUT]: [com.layue13.clashweave.validation.ClientReplay:viewReplay:314]: P0_VIEW COMPLETE nano=94338837237800
[09:05:23] [Client thread/INFO] [STDOUT]: [com.layue13.clashweave.validation.ClientReplay:viewReplay:314]: P0_VIEW COMPLETE nano=94338887404700
[09:05:23] [Client thread/INFO] [STDOUT]: [com.layue13.clashweave.validation.ClientReplay:viewReplay:314]: P0_VIEW COMPLETE nano=94338937459200
[09:05:23] [Client thread/INFO] [STDOUT]: [com.layue13.clashweave.validation.ClientReplay:viewReplay:314]: P0_VIEW COMPLETE nano=94338987007500
[09:05:23] [Client thread/INFO] [STDOUT]: [com.layue13.clashweave.validation.ClientReplay:viewReplay:314]: P0_VIEW COMPLETE nano=94339036913300
[09:05:23] [Client thread/INFO] [STDOUT]: [com.layue13.clashweave.validation.ClientReplay:viewReplay:314]: P0_VIEW COMPLETE nano=94339086946100
[09:05:23] [Client thread/INFO] [STDOUT]: [com.layue13.clashweave.validation.ClientReplay:viewReplay:314]: P0_VIEW COMPLETE nano=94339136673900
[09:05:23] [Client thread/INFO] [STDOUT]: [com.layue13.clashweave.validation.ClientReplay:viewReplay:314]: P0_VIEW COMPLETE nano=94339186693200
[09:05:23] [Client thread/INFO] [STDOUT]: [com.layue13.clashweave.validation.ClientReplay:viewReplay:314]: P0_VIEW COMPLETE nano=94339236681800
[09:05:23] [Client thread/INFO] [STDOUT]: [com.layue13.clashweave.validation.ClientReplay:viewReplay:314]: P0_VIEW COMPLETE nano=94339286866100
[09:05:23] [Client thread/INFO] [STDOUT]: [com.layue13.clashweave.validation.ClientReplay:viewReplay:314]: P0_VIEW COMPLETE nano=94339336865900
[09:05:23] [Client thread/INFO] [STDOUT]: [com.layue13.clashweave.validation.ClientReplay:viewReplay:314]: P0_VIEW COMPLETE nano=94339386850200
[09:05:23] [Client thread/INFO] [STDOUT]: [com.layue13.clashweave.validation.ClientReplay:viewReplay:314]: P0_VIEW COMPLETE nano=94339436876200
[09:05:23] [Client thread/INFO] [STDOUT]: [com.layue13.clashweave.validation.ClientReplay:viewReplay:314]: P0_VIEW COMPLETE nano=94339486694700
[09:05:23] [Client thread/INFO] [STDOUT]: [com.layue13.clashweave.validation.ClientReplay:viewReplay:314]: P0_VIEW COMPLETE nano=94339537034300
[09:05:23] [Client thread/INFO] [STDOUT]: [com.layue13.clashweave.validation.ClientReplay:viewReplay:314]: P0_VIEW COMPLETE nano=94339586707500
[09:05:24] [Client thread/INFO] [STDOUT]: [com.layue13.clashweave.validation.ClientReplay:viewReplay:314]: P0_VIEW COMPLETE nano=94339636714800
[09:05:24] [Client thread/INFO] [STDOUT]: [com.layue13.clashweave.validation.ClientReplay:viewReplay:314]: P0_VIEW COMPLETE nano=94339686747900
[09:05:24] [Client thread/INFO] [STDOUT]: [com.layue13.clashweave.validation.ClientReplay:viewReplay:314]: P0_VIEW COMPLETE nano=94339736980600
[09:05:24] [Client thread/INFO] [STDOUT]: [com.layue13.clashweave.validation.ClientReplay:viewReplay:314]: P0_VIEW COMPLETE nano=94339787370400
[09:05:24] [Client thread/INFO] [STDOUT]: [com.layue13.clashweave.validation.ClientReplay:viewReplay:314]: P0_VIEW COMPLETE nano=94339836845000
[09:05:24] [Client thread/INFO] [STDOUT]: [com.layue13.clashweave.validation.ClientReplay:viewReplay:314]: P0_VIEW COMPLETE nano=94339886904900
[09:05:24] [Client thread/INFO] [STDOUT]: [com.layue13.clashweave.validation.ClientReplay:viewReplay:314]: P0_VIEW COMPLETE nano=94339936807200
[09:05:24] [Client thread/INFO] [STDOUT]: [com.layue13.clashweave.validation.ClientReplay:viewReplay:314]: P0_VIEW COMPLETE nano=94339986864500
[09:05:24] [Client thread/INFO] [STDOUT]: [com.layue13.clashweave.validation.ClientReplay:viewReplay:314]: P0_VIEW COMPLETE nano=94340036745200
[09:05:24] [Client thread/INFO] [STDOUT]: [com.layue13.clashweave.validation.ClientReplay:viewReplay:314]: P0_VIEW COMPLETE nano=94340086962200
[09:05:24] [Client thread/INFO] [STDOUT]: [com.layue13.clashweave.validation.ClientReplay:viewReplay:314]: P0_VIEW COMPLETE nano=94340136983400
[09:05:24] [Client thread/INFO] [STDOUT]: [com.layue13.clashweave.validation.ClientReplay:viewReplay:314]: P0_VIEW COMPLETE nano=94340186835500
[09:05:24] [Client thread/INFO] [STDOUT]: [com.layue13.clashweave.validation.ClientReplay:viewReplay:314]: P0_VIEW COMPLETE nano=94340236968900
[09:05:24] [Client thread/INFO] [STDOUT]: [com.layue13.clashweave.validation.ClientReplay:viewReplay:314]: P0_VIEW COMPLETE nano=94340287298100
[09:05:24] [Client thread/INFO] [STDOUT]: [com.layue13.clashweave.validation.ClientReplay:viewReplay:314]: P0_VIEW COMPLETE nano=94340336880600
[09:05:24] [Client thread/INFO] [STDOUT]: [com.layue13.clashweave.validation.ClientReplay:viewReplay:314]: P0_VIEW COMPLETE nano=94340387107800
[09:05:24] [Client thread/INFO] [STDOUT]: [com.layue13.clashweave.validation.ClientReplay:viewReplay:314]: P0_VIEW COMPLETE nano=94340436732200
[09:05:24] [Client thread/INFO] [STDOUT]: [com.layue13.clashweave.validation.ClientReplay:viewReplay:314]: P0_VIEW COMPLETE nano=94340487642400
[09:05:24] [Client thread/INFO] [STDOUT]: [com.layue13.clashweave.validation.ClientReplay:viewReplay:314]: P0_VIEW COMPLETE nano=94340536724900
[09:05:24] [Client thread/INFO] [STDOUT]: [com.layue13.clashweave.validation.ClientReplay:viewReplay:314]: P0_VIEW COMPLETE nano=94340587221800
[09:05:25] [Client thread/INFO] [STDOUT]: [com.layue13.clashweave.validation.ClientReplay:viewReplay:314]: P0_VIEW COMPLETE nano=94340637065600
[09:05:25] [Client thread/INFO] [STDOUT]: [com.layue13.clashweave.validation.ClientReplay:viewReplay:314]: P0_VIEW COMPLETE nano=94340687214400
[09:05:25] [Client thread/INFO] [STDOUT]: [com.layue13.clashweave.validation.ClientReplay:viewReplay:314]: P0_VIEW COMPLETE nano=94340737129000
[09:05:25] [Client thread/INFO] [STDOUT]: [com.layue13.clashweave.validation.ClientReplay:viewReplay:314]: P0_VIEW COMPLETE nano=94340786797000
[09:05:25] [Client thread/INFO] [STDOUT]: [com.layue13.clashweave.validation.ClientReplay:viewReplay:314]: P0_VIEW COMPLETE nano=94340836927200
[09:05:25] [Client thread/INFO] [STDOUT]: [com.layue13.clashweave.validation.ClientReplay:viewReplay:314]: P0_VIEW COMPLETE nano=94340886833800
[09:05:25] [Client thread/INFO] [STDOUT]: [com.layue13.clashweave.validation.ClientReplay:viewReplay:314]: P0_VIEW COMPLETE nano=94340937082300
[09:05:25] [Client thread/INFO] [STDOUT]: [com.layue13.clashweave.validation.ClientReplay:viewReplay:314]: P0_VIEW COMPLETE nano=94340986598300
[09:05:25] [Client thread/INFO] [STDOUT]: [com.layue13.clashweave.validation.ClientReplay:viewReplay:314]: P0_VIEW COMPLETE nano=94341036867300
[09:05:25] [Client thread/INFO] [STDOUT]: [com.layue13.clashweave.validation.ClientReplay:viewReplay:314]: P0_VIEW COMPLETE nano=94341087172600
[09:05:25] [Client thread/INFO] [STDOUT]: [com.layue13.clashweave.validation.ClientReplay:viewReplay:314]: P0_VIEW COMPLETE nano=94341137533000
[09:05:25] [Client thread/INFO] [STDOUT]: [com.layue13.clashweave.validation.ClientReplay:viewReplay:314]: P0_VIEW COMPLETE nano=94341186745300
[09:05:25] [Client thread/INFO] [STDOUT]: [com.layue13.clashweave.validation.ClientReplay:viewReplay:314]: P0_VIEW COMPLETE nano=94341236747100
[09:05:25] [Client thread/INFO] [STDOUT]: [com.layue13.clashweave.validation.ClientReplay:viewReplay:314]: P0_VIEW COMPLETE nano=94341286764900
[09:05:25] [Client thread/INFO] [STDOUT]: [com.layue13.clashweave.validation.ClientReplay:viewReplay:314]: P0_VIEW COMPLETE nano=94341336699500
[09:05:25] [Client thread/INFO] [STDOUT]: [com.layue13.clashweave.validation.ClientReplay:viewReplay:314]: P0_VIEW COMPLETE nano=94341386737800
[09:05:25] [Client thread/INFO] [STDOUT]: [com.layue13.clashweave.validation.ClientReplay:viewReplay:314]: P0_VIEW COMPLETE nano=94341437439200
[09:05:25] [Client thread/INFO] [STDOUT]: [com.layue13.clashweave.validation.ClientReplay:viewReplay:314]: P0_VIEW COMPLETE nano=94341486988600
[09:05:25] [Client thread/INFO] [STDOUT]: [com.layue13.clashweave.validation.ClientReplay:viewReplay:314]: P0_VIEW COMPLETE nano=94341536945300
[09:05:25] [Client thread/INFO] [STDOUT]: [com.layue13.clashweave.validation.ClientReplay:viewReplay:314]: P0_VIEW COMPLETE nano=94341586774000
[09:05:26] [Client thread/INFO] [STDOUT]: [com.layue13.clashweave.validation.ClientReplay:viewReplay:314]: P0_VIEW COMPLETE nano=94341636991400
[09:05:26] [Client thread/INFO] [STDOUT]: [com.layue13.clashweave.validation.ClientReplay:viewReplay:314]: P0_VIEW COMPLETE nano=94341686784700
[09:05:26] [Client thread/INFO] [STDOUT]: [com.layue13.clashweave.validation.ClientReplay:viewReplay:314]: P0_VIEW COMPLETE nano=94341736832300
[09:05:26] [Client thread/INFO] [STDOUT]: [com.layue13.clashweave.validation.ClientReplay:viewReplay:314]: P0_VIEW COMPLETE nano=94341786737900
[09:05:26] [Client thread/INFO] [STDOUT]: [com.layue13.clashweave.validation.ClientReplay:viewReplay:314]: P0_VIEW COMPLETE nano=94341837117000
[09:05:26] [Client thread/INFO] [STDOUT]: [com.layue13.clashweave.validation.ClientReplay:viewReplay:314]: P0_VIEW COMPLETE nano=94341886754900
[09:05:26] [Client thread/INFO] [STDOUT]: [com.layue13.clashweave.validation.ClientReplay:viewReplay:314]: P0_VIEW COMPLETE nano=94341937024000
[09:05:26] [Client thread/INFO] [STDOUT]: [com.layue13.clashweave.validation.ClientReplay:viewReplay:314]: P0_VIEW COMPLETE nano=94341986704500
[09:05:26] [Client thread/INFO] [STDOUT]: [com.layue13.clashweave.validation.ClientReplay:viewReplay:314]: P0_VIEW COMPLETE nano=94342036750300
[09:05:26] [Client thread/INFO] [STDOUT]: [com.layue13.clashweave.validation.ClientReplay:viewReplay:314]: P0_VIEW COMPLETE nano=94342087131500
[09:05:26] [Client thread/INFO] [STDOUT]: [com.layue13.clashweave.validation.ClientReplay:viewReplay:314]: P0_VIEW COMPLETE nano=94342137710500
[09:05:26] [Client thread/INFO] [STDOUT]: [com.layue13.clashweave.validation.ClientReplay:viewReplay:314]: P0_VIEW COMPLETE nano=94342186945400
[09:05:26] [Client thread/INFO] [STDOUT]: [com.layue13.clashweave.validation.ClientReplay:viewReplay:314]: P0_VIEW COMPLETE nano=94342237018400
[09:05:26] [Client thread/INFO] [STDOUT]: [com.layue13.clashweave.validation.ClientReplay:viewReplay:314]: P0_VIEW COMPLETE nano=94342286826900
[09:05:26] [Client thread/INFO] [STDOUT]: [com.layue13.clashweave.validation.ClientReplay:viewReplay:314]: P0_VIEW COMPLETE nano=94342337210300
[09:05:26] [Client thread/INFO] [STDOUT]: [com.layue13.clashweave.validation.ClientReplay:viewReplay:314]: P0_VIEW COMPLETE nano=94342387150300
[09:05:26] [Client thread/INFO] [STDOUT]: [com.layue13.clashweave.validation.ClientReplay:viewReplay:314]: P0_VIEW COMPLETE nano=94342436838200
[09:05:26] [Client thread/INFO] [STDOUT]: [com.layue13.clashweave.validation.ClientReplay:viewReplay:314]: P0_VIEW COMPLETE nano=94342486741700
[09:05:26] [Client thread/INFO] [STDOUT]: [com.layue13.clashweave.validation.ClientReplay:viewReplay:314]: P0_VIEW COMPLETE nano=94342536914400
[09:05:26] [Client thread/INFO] [STDOUT]: [com.layue13.clashweave.validation.ClientReplay:viewReplay:314]: P0_VIEW COMPLETE nano=94342586812300
[09:05:27] [Client thread/INFO] [STDOUT]: [com.layue13.clashweave.validation.ClientReplay:viewReplay:314]: P0_VIEW COMPLETE nano=94342636943200
[09:05:27] [Client thread/INFO] [STDOUT]: [com.layue13.clashweave.validation.ClientReplay:viewReplay:314]: P0_VIEW COMPLETE nano=94342686841100
[09:05:27] [Client thread/INFO] [STDOUT]: [com.layue13.clashweave.validation.ClientReplay:viewReplay:314]: P0_VIEW COMPLETE nano=94342736951800
[09:05:27] [Client thread/INFO] [STDOUT]: [com.layue13.clashweave.validation.ClientReplay:viewReplay:314]: P0_VIEW COMPLETE nano=94342786915400
[09:05:27] [Client thread/INFO] [STDOUT]: [com.layue13.clashweave.validation.ClientReplay:viewReplay:314]: P0_VIEW COMPLETE nano=94342837034300
[09:05:27] [Client thread/INFO] [STDOUT]: [com.layue13.clashweave.validation.ClientReplay:viewReplay:314]: P0_VIEW COMPLETE nano=94342886985200
[09:05:27] [Client thread/INFO] [STDOUT]: [com.layue13.clashweave.validation.ClientReplay:viewReplay:314]: P0_VIEW COMPLETE nano=94342937058700
[09:05:27] [Client thread/INFO] [STDOUT]: [com.layue13.clashweave.validation.ClientReplay:viewReplay:314]: P0_VIEW COMPLETE nano=94342988043300
[09:05:27] [Client thread/INFO] [STDOUT]: [com.layue13.clashweave.validation.ClientReplay:viewReplay:314]: P0_VIEW COMPLETE nano=94343037287800
[09:05:27] [Client thread/INFO] [STDOUT]: [com.layue13.clashweave.validation.ClientReplay:viewReplay:314]: P0_VIEW COMPLETE nano=94343087004800
[09:05:27] [Client thread/INFO] [STDOUT]: [com.layue13.clashweave.validation.ClientReplay:viewReplay:314]: P0_VIEW COMPLETE nano=94343136971200
[09:05:27] [Client thread/INFO] [STDOUT]: [com.layue13.clashweave.validation.ClientReplay:viewReplay:314]: P0_VIEW COMPLETE nano=94343187738300
[09:05:27] [Client thread/INFO] [STDOUT]: [com.layue13.clashweave.validation.ClientReplay:viewReplay:314]: P0_VIEW COMPLETE nano=94343236893300
[09:05:27] [Client thread/INFO] [STDOUT]: [com.layue13.clashweave.validation.ClientReplay:viewReplay:314]: P0_VIEW COMPLETE nano=94343287106800
[09:05:27] [Client thread/INFO] [STDOUT]: [com.layue13.clashweave.validation.ClientReplay:viewReplay:314]: P0_VIEW COMPLETE nano=94343336838600
[09:05:27] [Client thread/INFO] [STDOUT]: [com.layue13.clashweave.validation.ClientReplay:viewReplay:314]: P0_VIEW COMPLETE nano=94343386908500
[09:05:27] [Client thread/INFO] [STDOUT]: [com.layue13.clashweave.validation.ClientReplay:viewReplay:314]: P0_VIEW COMPLETE nano=94343437296300
[09:05:27] [Client thread/INFO] [STDOUT]: [com.layue13.clashweave.validation.ClientReplay:viewReplay:314]: P0_VIEW COMPLETE nano=94343487056800
[09:05:27] [Client thread/INFO] [STDOUT]: [com.layue13.clashweave.validation.ClientReplay:viewReplay:314]: P0_VIEW COMPLETE nano=94343537485800
[09:05:27] [Client thread/INFO] [STDOUT]: [com.layue13.clashweave.validation.ClientReplay:viewReplay:314]: P0_VIEW COMPLETE nano=94343586574300
[09:05:28] [Client thread/INFO] [STDOUT]: [com.layue13.clashweave.validation.ClientReplay:viewReplay:314]: P0_VIEW COMPLETE nano=94343642085300
[09:05:28] [Client thread/INFO] [STDOUT]: [com.layue13.clashweave.validation.ClientReplay:viewReplay:314]: P0_VIEW COMPLETE nano=94343686864000
[09:05:28] [Client thread/INFO] [STDOUT]: [com.layue13.clashweave.validation.ClientReplay:viewReplay:314]: P0_VIEW COMPLETE nano=94343736804300
[09:05:28] [Client thread/INFO] [STDOUT]: [com.layue13.clashweave.validation.ClientReplay:viewReplay:314]: P0_VIEW COMPLETE nano=94343787196600
[09:05:28] [Client thread/INFO] [STDOUT]: [com.layue13.clashweave.validation.ClientReplay:viewReplay:314]: P0_VIEW COMPLETE nano=94343837117500
[09:05:28] [Client thread/INFO] [STDOUT]: [com.layue13.clashweave.validation.ClientReplay:viewReplay:314]: P0_VIEW COMPLETE nano=94343886952000
[09:05:28] [Client thread/INFO] [STDOUT]: [com.layue13.clashweave.validation.ClientReplay:viewReplay:314]: P0_VIEW COMPLETE nano=94343936954000
[09:05:28] [Client thread/INFO] [STDOUT]: [com.layue13.clashweave.validation.ClientReplay:viewReplay:314]: P0_VIEW COMPLETE nano=94343986735400
[09:05:28] [Client thread/INFO] [STDOUT]: [com.layue13.clashweave.validation.ClientReplay:viewReplay:314]: P0_VIEW COMPLETE nano=94344036638700
[09:05:28] [Client thread/INFO] [STDOUT]: [com.layue13.clashweave.validation.ClientReplay:viewReplay:314]: P0_VIEW COMPLETE nano=94344086655800
[09:05:28] [Client thread/INFO] [STDOUT]: [com.layue13.clashweave.validation.ClientReplay:viewReplay:314]: P0_VIEW COMPLETE nano=94344136943800
[09:05:28] [Client thread/INFO] [STDOUT]: [com.layue13.clashweave.validation.ClientReplay:viewReplay:314]: P0_VIEW COMPLETE nano=94344186993300
[09:05:28] [Client thread/INFO] [STDOUT]: [com.layue13.clashweave.validation.ClientReplay:viewReplay:314]: P0_VIEW COMPLETE nano=94344237195000
[09:05:28] [Client thread/INFO] [STDOUT]: [com.layue13.clashweave.validation.ClientReplay:viewReplay:314]: P0_VIEW COMPLETE nano=94344287071400
[09:05:28] [Client thread/INFO] [STDOUT]: [com.layue13.clashweave.validation.ClientReplay:viewReplay:314]: P0_VIEW COMPLETE nano=94344336763100
[09:05:28] [Client thread/INFO] [STDOUT]: [com.layue13.clashweave.validation.ClientReplay:viewReplay:314]: P0_VIEW COMPLETE nano=94344387431200
[09:05:28] [Client thread/INFO] [STDOUT]: [com.layue13.clashweave.validation.ClientReplay:viewReplay:314]: P0_VIEW COMPLETE nano=94344436939600
[09:05:28] [Client thread/INFO] [STDOUT]: [com.layue13.clashweave.validation.ClientReplay:viewReplay:314]: P0_VIEW COMPLETE nano=94344487201200
[09:05:28] [Client thread/INFO] [STDOUT]: [com.layue13.clashweave.validation.ClientReplay:viewReplay:314]: P0_VIEW COMPLETE nano=94344536734100
[09:05:28] [Client thread/INFO] [STDOUT]: [com.layue13.clashweave.validation.ClientReplay:viewReplay:314]: P0_VIEW COMPLETE nano=94344586724500
[09:05:29] [Client thread/INFO] [STDOUT]: [com.layue13.clashweave.validation.ClientReplay:viewReplay:314]: P0_VIEW COMPLETE nano=94344636910700
[09:05:29] [Client thread/INFO] [STDOUT]: [com.layue13.clashweave.validation.ClientReplay:viewReplay:314]: P0_VIEW COMPLETE nano=94344686878100
[09:05:29] [Client thread/INFO] [STDOUT]: [com.layue13.clashweave.validation.ClientReplay:viewReplay:314]: P0_VIEW COMPLETE nano=94344736971400
[09:05:29] [Client thread/INFO] [STDOUT]: [com.layue13.clashweave.validation.ClientReplay:viewReplay:314]: P0_VIEW COMPLETE nano=94344787092500
[09:05:29] [Client thread/INFO] [STDOUT]: [com.layue13.clashweave.validation.ClientReplay:viewReplay:314]: P0_VIEW COMPLETE nano=94344836720200
[09:05:29] [Client thread/INFO] [STDOUT]: [com.layue13.clashweave.validation.ClientReplay:viewReplay:314]: P0_VIEW COMPLETE nano=94344886922700
[09:05:29] [Client thread/INFO] [STDOUT]: [com.layue13.clashweave.validation.ClientReplay:viewReplay:314]: P0_VIEW COMPLETE nano=94344936697300
[09:05:29] [Client thread/INFO] [STDOUT]: [com.layue13.clashweave.validation.ClientReplay:viewReplay:314]: P0_VIEW COMPLETE nano=94344986801900
[09:05:29] [Client thread/INFO] [STDOUT]: [com.layue13.clashweave.validation.ClientReplay:viewReplay:314]: P0_VIEW COMPLETE nano=94345037310100
[09:05:29] [Client thread/INFO] [STDOUT]: [com.layue13.clashweave.validation.ClientReplay:viewReplay:314]: P0_VIEW COMPLETE nano=94345086873800
[09:05:29] [Client thread/INFO] [STDOUT]: [com.layue13.clashweave.validation.ClientReplay:viewReplay:314]: P0_VIEW COMPLETE nano=94345137119300
[09:05:29] [Client thread/INFO] [STDOUT]: [com.layue13.clashweave.validation.ClientReplay:viewReplay:314]: P0_VIEW COMPLETE nano=94345186842200
[09:05:29] [Client thread/INFO] [STDOUT]: [com.layue13.clashweave.validation.ClientReplay:viewReplay:314]: P0_VIEW COMPLETE nano=94345236920600
[09:05:29] [Client thread/INFO] [STDOUT]: [com.layue13.clashweave.validation.ClientReplay:viewReplay:314]: P0_VIEW COMPLETE nano=94345287103900
[09:05:29] [Client thread/INFO] [STDOUT]: [com.layue13.clashweave.validation.ClientReplay:viewReplay:314]: P0_VIEW COMPLETE nano=94345336802100
[09:05:29] [Client thread/INFO] [STDOUT]: [com.layue13.clashweave.validation.ClientReplay:viewReplay:314]: P0_VIEW COMPLETE nano=94345386994100
[09:05:29] [Client thread/INFO] [STDOUT]: [com.layue13.clashweave.validation.ClientReplay:viewReplay:314]: P0_VIEW COMPLETE nano=94345437240600
[09:05:29] [Client thread/INFO] [STDOUT]: [com.layue13.clashweave.validation.ClientReplay:viewReplay:314]: P0_VIEW COMPLETE nano=94345487673800
[09:05:29] [Client thread/INFO] [STDOUT]: [com.layue13.clashweave.validation.ClientReplay:viewReplay:314]: P0_VIEW COMPLETE nano=94345536774000
[09:05:29] [Client thread/INFO] [STDOUT]: [com.layue13.clashweave.validation.ClientReplay:viewReplay:314]: P0_VIEW COMPLETE nano=94345586989900
[09:05:30] [Client thread/INFO] [STDOUT]: [com.layue13.clashweave.validation.ClientReplay:viewReplay:314]: P0_VIEW COMPLETE nano=94345637535000
[09:05:30] [Client thread/INFO] [STDOUT]: [com.layue13.clashweave.validation.ClientReplay:viewReplay:314]: P0_VIEW COMPLETE nano=94345686755300
[09:05:30] [Client thread/INFO] [STDOUT]: [com.layue13.clashweave.validation.ClientReplay:viewReplay:314]: P0_VIEW COMPLETE nano=94345736954000
[09:05:30] [Client thread/INFO] [STDOUT]: [com.layue13.clashweave.validation.ClientReplay:viewReplay:314]: P0_VIEW COMPLETE nano=94345786824800
[09:05:30] [Client thread/INFO] [STDOUT]: [com.layue13.clashweave.validation.ClientReplay:viewReplay:314]: P0_VIEW COMPLETE nano=94345836997700
[09:05:30] [Client thread/INFO] [STDOUT]: [com.layue13.clashweave.validation.ClientReplay:viewReplay:314]: P0_VIEW COMPLETE nano=94345886643700
[09:05:30] [Client thread/INFO] [STDOUT]: [com.layue13.clashweave.validation.ClientReplay:viewReplay:314]: P0_VIEW COMPLETE nano=94345936957100
[09:05:30] [Client thread/INFO] [STDOUT]: [com.layue13.clashweave.validation.ClientReplay:viewReplay:314]: P0_VIEW COMPLETE nano=94345987028100
[09:05:30] [Client thread/INFO] [STDOUT]: [com.layue13.clashweave.validation.ClientReplay:viewReplay:314]: P0_VIEW COMPLETE nano=94346036899000
[09:05:30] [Client thread/INFO] [STDOUT]: [com.layue13.clashweave.validation.ClientReplay:viewReplay:314]: P0_VIEW COMPLETE nano=94346087104000
[09:05:30] [Client thread/INFO] [STDOUT]: [com.layue13.clashweave.validation.ClientReplay:viewReplay:314]: P0_VIEW COMPLETE nano=94346137117700
[09:05:30] [Client thread/INFO] [STDOUT]: [com.layue13.clashweave.validation.ClientReplay:viewReplay:314]: P0_VIEW COMPLETE nano=94346186695800
[09:05:30] [Client thread/INFO] [STDOUT]: [com.layue13.clashweave.validation.ClientReplay:viewReplay:314]: P0_VIEW COMPLETE nano=94346237018600
[09:05:30] [Client thread/INFO] [STDOUT]: [com.layue13.clashweave.validation.ClientReplay:viewReplay:314]: P0_VIEW COMPLETE nano=94346286709200
[09:05:30] [Client thread/INFO] [STDOUT]: [com.layue13.clashweave.validation.ClientReplay:viewReplay:314]: P0_VIEW COMPLETE nano=94346337275900
[09:05:30] [Client thread/INFO] [STDOUT]: [com.layue13.clashweave.validation.ClientReplay:viewReplay:314]: P0_VIEW COMPLETE nano=94346387616000
[09:05:30] [Client thread/INFO] [STDOUT]: [com.layue13.clashweave.validation.ClientReplay:viewReplay:314]: P0_VIEW COMPLETE nano=94346437291800
[09:05:30] [Client thread/INFO] [STDOUT]: [com.layue13.clashweave.validation.ClientReplay:viewReplay:314]: P0_VIEW COMPLETE nano=94346486722400
[09:05:30] [Client thread/INFO] [STDOUT]: [com.layue13.clashweave.validation.ClientReplay:viewReplay:314]: P0_VIEW COMPLETE nano=94346537091200
[09:05:30] [Client thread/INFO] [STDOUT]: [com.layue13.clashweave.validation.ClientReplay:viewReplay:314]: P0_VIEW COMPLETE nano=94346587050400
[09:05:31] [Client thread/INFO] [STDOUT]: [com.layue13.clashweave.validation.ClientReplay:viewReplay:314]: P0_VIEW COMPLETE nano=94346637014300
[09:05:31] [Client thread/INFO] [STDOUT]: [com.layue13.clashweave.validation.ClientReplay:viewReplay:314]: P0_VIEW COMPLETE nano=94346686690600
[09:05:31] [Client thread/INFO] [STDOUT]: [com.layue13.clashweave.validation.ClientReplay:viewReplay:314]: P0_VIEW COMPLETE nano=94346736617400
[09:05:31] [Client thread/INFO] [STDOUT]: [com.layue13.clashweave.validation.ClientReplay:viewReplay:314]: P0_VIEW COMPLETE nano=94346786987400
[09:05:31] [Client thread/INFO] [STDOUT]: [com.layue13.clashweave.validation.ClientReplay:viewReplay:314]: P0_VIEW COMPLETE nano=94346836963200
[09:05:31] [Client thread/INFO] [STDOUT]: [com.layue13.clashweave.validation.ClientReplay:viewReplay:314]: P0_VIEW COMPLETE nano=94346886612300
[09:05:31] [Client thread/INFO] [STDOUT]: [com.layue13.clashweave.validation.ClientReplay:viewReplay:314]: P0_VIEW COMPLETE nano=94346936953500
[09:05:31] [Client thread/INFO] [STDOUT]: [com.layue13.clashweave.validation.ClientReplay:viewReplay:314]: P0_VIEW COMPLETE nano=94346987053100
[09:05:31] [Client thread/INFO] [STDOUT]: [com.layue13.clashweave.validation.ClientReplay:viewReplay:314]: P0_VIEW COMPLETE nano=94347036869300
[09:05:31] [Client thread/INFO] [STDOUT]: [com.layue13.clashweave.validation.ClientReplay:viewReplay:314]: P0_VIEW COMPLETE nano=94347087002100
[09:05:31] [Client thread/INFO] [STDOUT]: [com.layue13.clashweave.validation.ClientReplay:viewReplay:314]: P0_VIEW COMPLETE nano=94347137463700
[09:05:31] [Client thread/INFO] [STDOUT]: [com.layue13.clashweave.validation.ClientReplay:viewReplay:314]: P0_VIEW COMPLETE nano=94347187021800
[09:05:31] [Client thread/INFO] [STDOUT]: [com.layue13.clashweave.validation.ClientReplay:viewReplay:314]: P0_VIEW COMPLETE nano=94347236926200
[09:05:31] [Client thread/INFO] [STDOUT]: [com.layue13.clashweave.validation.ClientReplay:viewReplay:314]: P0_VIEW COMPLETE nano=94347287024300
[09:05:31] [Client thread/INFO] [STDOUT]: [com.layue13.clashweave.validation.ClientReplay:viewReplay:314]: P0_VIEW COMPLETE nano=94347336951700
[09:05:31] [Client thread/INFO] [STDOUT]: [com.layue13.clashweave.validation.ClientReplay:viewReplay:314]: P0_VIEW COMPLETE nano=94347386661000
[09:05:31] [Client thread/INFO] [STDOUT]: [com.layue13.clashweave.validation.ClientReplay:viewReplay:314]: P0_VIEW COMPLETE nano=94347437519100
[09:05:31] [Client thread/INFO] [STDOUT]: [com.layue13.clashweave.validation.ClientReplay:viewReplay:314]: P0_VIEW COMPLETE nano=94347487143000
[09:05:31] [Client thread/INFO] [STDOUT]: [com.layue13.clashweave.validation.ClientReplay:viewReplay:314]: P0_VIEW COMPLETE nano=94347536715900
[09:05:31] [Client thread/INFO] [STDOUT]: [com.layue13.clashweave.validation.ClientReplay:viewReplay:314]: P0_VIEW COMPLETE nano=94347587339600
[09:05:32] [Client thread/INFO] [STDOUT]: [com.layue13.clashweave.validation.ClientReplay:viewReplay:314]: P0_VIEW COMPLETE nano=94347636689800
[09:05:32] [Client thread/INFO] [STDOUT]: [com.layue13.clashweave.validation.ClientReplay:viewReplay:314]: P0_VIEW COMPLETE nano=94347686809900
[09:05:32] [Client thread/INFO] [STDOUT]: [com.layue13.clashweave.validation.ClientReplay:viewReplay:314]: P0_VIEW COMPLETE nano=94347737032200
[09:05:32] [Client thread/INFO] [STDOUT]: [com.layue13.clashweave.validation.ClientReplay:viewReplay:314]: P0_VIEW COMPLETE nano=94347787067100
[09:05:32] [Client thread/INFO] [STDOUT]: [com.layue13.clashweave.validation.ClientReplay:viewReplay:314]: P0_VIEW COMPLETE nano=94347836957900
[09:05:32] [Client thread/INFO] [STDOUT]: [com.layue13.clashweave.validation.ClientReplay:viewReplay:314]: P0_VIEW COMPLETE nano=94347886977900
[09:05:32] [Client thread/INFO] [STDOUT]: [com.layue13.clashweave.validation.ClientReplay:viewReplay:314]: P0_VIEW COMPLETE nano=94347937461700
[09:05:32] [Client thread/INFO] [STDOUT]: [com.layue13.clashweave.validation.ClientReplay:viewReplay:314]: P0_VIEW COMPLETE nano=94347986761500
[09:05:32] [Client thread/INFO] [STDOUT]: [com.layue13.clashweave.validation.ClientReplay:viewReplay:314]: P0_VIEW COMPLETE nano=94348036965400
[09:05:32] [Client thread/INFO] [STDOUT]: [com.layue13.clashweave.validation.ClientReplay:viewReplay:314]: P0_VIEW COMPLETE nano=94348087043100
[09:05:32] [Client thread/INFO] [STDOUT]: [com.layue13.clashweave.validation.ClientReplay:viewReplay:314]: P0_VIEW COMPLETE nano=94348137111300
[09:05:32] [Client thread/INFO] [STDOUT]: [com.layue13.clashweave.validation.ClientReplay:viewReplay:314]: P0_VIEW COMPLETE nano=94348186754700
[09:05:32] [Client thread/INFO] [STDOUT]: [com.layue13.clashweave.validation.ClientReplay:viewReplay:314]: P0_VIEW COMPLETE nano=94348236712700
[09:05:32] [Client thread/INFO] [STDOUT]: [com.layue13.clashweave.validation.ClientReplay:viewReplay:314]: P0_VIEW COMPLETE nano=94348286846300
[09:05:32] [Client thread/INFO] [STDOUT]: [com.layue13.clashweave.validation.ClientReplay:viewReplay:314]: P0_VIEW COMPLETE nano=94348336931200
[09:05:32] [Client thread/INFO] [STDOUT]: [com.layue13.clashweave.validation.ClientReplay:viewReplay:314]: P0_VIEW COMPLETE nano=94348387086300
[09:05:32] [Client thread/INFO] [STDOUT]: [com.layue13.clashweave.validation.ClientReplay:viewReplay:314]: P0_VIEW COMPLETE nano=94348437611200
[09:05:32] [Client thread/INFO] [STDOUT]: [com.layue13.clashweave.validation.ClientReplay:viewReplay:314]: P0_VIEW COMPLETE nano=94348486867600
[09:05:32] [Client thread/INFO] [STDOUT]: [com.layue13.clashweave.validation.ClientReplay:viewReplay:314]: P0_VIEW COMPLETE nano=94348536781200
[09:05:32] [Client thread/INFO] [STDOUT]: [com.layue13.clashweave.validation.ClientReplay:viewReplay:314]: P0_VIEW COMPLETE nano=94348586936700
[09:05:33] [Client thread/INFO] [STDOUT]: [com.layue13.clashweave.validation.ClientReplay:viewReplay:314]: P0_VIEW COMPLETE nano=94348636932800
[09:05:33] [Client thread/INFO] [STDOUT]: [com.layue13.clashweave.validation.ClientReplay:viewReplay:314]: P0_VIEW COMPLETE nano=94348686829000
[09:05:33] [Client thread/INFO] [STDOUT]: [com.layue13.clashweave.validation.ClientReplay:viewReplay:314]: P0_VIEW COMPLETE nano=94348737070600
[09:05:33] [Client thread/INFO] [STDOUT]: [com.layue13.clashweave.validation.ClientReplay:viewReplay:314]: P0_VIEW COMPLETE nano=94348787047100
[09:05:33] [Client thread/INFO] [STDOUT]: [com.layue13.clashweave.validation.ClientReplay:viewReplay:314]: P0_VIEW COMPLETE nano=94348836672500
[09:05:33] [Client thread/INFO] [STDOUT]: [com.layue13.clashweave.validation.ClientReplay:viewReplay:314]: P0_VIEW COMPLETE nano=94348886679700
[09:05:33] [Client thread/INFO] [STDOUT]: [com.layue13.clashweave.validation.ClientReplay:viewReplay:314]: P0_VIEW COMPLETE nano=94348938241900
[09:05:33] [Client thread/INFO] [STDOUT]: [com.layue13.clashweave.validation.ClientReplay:viewReplay:314]: P0_VIEW COMPLETE nano=94348986797900
[09:05:33] [Client thread/INFO] [STDOUT]: [com.layue13.clashweave.validation.ClientReplay:viewReplay:314]: P0_VIEW COMPLETE nano=94349037532300
[09:05:33] [Client thread/INFO] [STDOUT]: [com.layue13.clashweave.validation.ClientReplay:viewReplay:314]: P0_VIEW COMPLETE nano=94349087068200
[09:05:33] [Client thread/INFO] [STDOUT]: [com.layue13.clashweave.validation.ClientReplay:viewReplay:314]: P0_VIEW COMPLETE nano=94349136674400
[09:05:33] [Client thread/INFO] [STDOUT]: [com.layue13.clashweave.validation.ClientReplay:viewReplay:314]: P0_VIEW COMPLETE nano=94349187029700
[09:05:33] [Client thread/INFO] [STDOUT]: [com.layue13.clashweave.validation.ClientReplay:viewReplay:314]: P0_VIEW COMPLETE nano=94349236763200
[09:05:33] [Client thread/INFO] [STDOUT]: [com.layue13.clashweave.validation.ClientReplay:viewReplay:314]: P0_VIEW COMPLETE nano=94349286602300
[09:05:33] [Client thread/INFO] [STDOUT]: [com.layue13.clashweave.validation.ClientReplay:viewReplay:314]: P0_VIEW COMPLETE nano=94349337127200
[09:05:33] [Client thread/INFO] [STDOUT]: [com.layue13.clashweave.validation.ClientReplay:viewReplay:314]: P0_VIEW COMPLETE nano=94349386577000
[09:05:33] [Client thread/INFO] [STDOUT]: [com.layue13.clashweave.validation.ClientReplay:viewReplay:314]: P0_VIEW COMPLETE nano=94349436728700
[09:05:33] [Client thread/INFO] [STDOUT]: [com.layue13.clashweave.validation.ClientReplay:viewReplay:314]: P0_VIEW COMPLETE nano=94349487050600
[09:05:33] [Client thread/INFO] [STDOUT]: [com.layue13.clashweave.validation.ClientReplay:viewReplay:314]: P0_VIEW COMPLETE nano=94349536890500
[09:05:33] [Client thread/INFO] [STDOUT]: [com.layue13.clashweave.validation.ClientReplay:viewReplay:314]: P0_VIEW COMPLETE nano=94349587065900
[09:05:34] [Client thread/INFO] [STDOUT]: [com.layue13.clashweave.validation.ClientReplay:viewReplay:314]: P0_VIEW COMPLETE nano=94349637420200
[09:05:34] [Client thread/INFO] [STDOUT]: [com.layue13.clashweave.validation.ClientReplay:viewReplay:314]: P0_VIEW COMPLETE nano=94349687552300
[09:05:34] [Client thread/INFO] [STDOUT]: [com.layue13.clashweave.validation.ClientReplay:viewReplay:314]: P0_VIEW COMPLETE nano=94349736886400
[09:05:34] [Client thread/INFO] [STDOUT]: [com.layue13.clashweave.validation.ClientReplay:viewReplay:314]: P0_VIEW COMPLETE nano=94349787012200
[09:05:34] [Client thread/INFO] [STDOUT]: [com.layue13.clashweave.validation.ClientReplay:viewReplay:314]: P0_VIEW COMPLETE nano=94349836828800
[09:05:34] [Client thread/INFO] [STDOUT]: [com.layue13.clashweave.validation.ClientReplay:viewReplay:314]: P0_VIEW COMPLETE nano=94349887179100
[09:05:34] [Client thread/INFO] [STDOUT]: [com.layue13.clashweave.validation.ClientReplay:viewReplay:314]: P0_VIEW COMPLETE nano=94349936641800
[09:05:34] [Client thread/INFO] [STDOUT]: [com.layue13.clashweave.validation.ClientReplay:viewReplay:314]: P0_VIEW COMPLETE nano=94349986720400
[09:05:34] [Client thread/INFO] [STDOUT]: [com.layue13.clashweave.validation.ClientReplay:viewReplay:314]: P0_VIEW COMPLETE nano=94350037063000
[09:05:34] [Client thread/INFO] [STDOUT]: [com.layue13.clashweave.validation.ClientReplay:viewReplay:314]: P0_VIEW COMPLETE nano=94350087220200
[09:05:34] [Client thread/INFO] [STDOUT]: [com.layue13.clashweave.validation.ClientReplay:viewReplay:314]: P0_VIEW COMPLETE nano=94350136792600
[09:05:34] [Client thread/INFO] [STDOUT]: [com.layue13.clashweave.validation.ClientReplay:viewReplay:314]: P0_VIEW COMPLETE nano=94350186748400
[09:05:34] [Client thread/INFO] [STDOUT]: [com.layue13.clashweave.validation.ClientReplay:viewReplay:314]: P0_VIEW COMPLETE nano=94350236624500
[09:05:34] [Client thread/INFO] [STDOUT]: [com.layue13.clashweave.validation.ClientReplay:viewReplay:314]: P0_VIEW COMPLETE nano=94350287204500
[09:05:34] [Client thread/INFO] [STDOUT]: [com.layue13.clashweave.validation.ClientReplay:viewReplay:314]: P0_VIEW COMPLETE nano=94350336910400
[09:05:34] [Client thread/INFO] [STDOUT]: [com.layue13.clashweave.validation.ClientReplay:viewReplay:314]: P0_VIEW COMPLETE nano=94350386579300
[09:05:34] [Client thread/INFO] [STDOUT]: [com.layue13.clashweave.validation.ClientReplay:viewReplay:314]: P0_VIEW COMPLETE nano=94350436883900
[09:05:34] [Client thread/INFO] [STDOUT]: [com.layue13.clashweave.validation.ClientReplay:viewReplay:314]: P0_VIEW COMPLETE nano=94350487413300
[09:05:34] [Client thread/INFO] [STDOUT]: [com.layue13.clashweave.validation.ClientReplay:viewReplay:314]: P0_VIEW COMPLETE nano=94350537286100
[09:05:34] [Client thread/INFO] [STDOUT]: [com.layue13.clashweave.validation.ClientReplay:viewReplay:314]: P0_VIEW COMPLETE nano=94350586954400
[09:05:35] [Client thread/INFO] [STDOUT]: [com.layue13.clashweave.validation.ClientReplay:viewReplay:314]: P0_VIEW COMPLETE nano=94350637184200
[09:05:35] [Client thread/INFO] [STDOUT]: [com.layue13.clashweave.validation.ClientReplay:viewReplay:314]: P0_VIEW COMPLETE nano=94350687724700
[09:05:35] [Client thread/INFO] [STDOUT]: [com.layue13.clashweave.validation.ClientReplay:viewReplay:314]: P0_VIEW COMPLETE nano=94350737148700
[09:05:35] [Client thread/INFO] [STDOUT]: [com.layue13.clashweave.validation.ClientReplay:viewReplay:314]: P0_VIEW COMPLETE nano=94350787147800
[09:05:35] [Client thread/INFO] [STDOUT]: [com.layue13.clashweave.validation.ClientReplay:viewReplay:314]: P0_VIEW COMPLETE nano=94350837313400
[09:05:35] [Client thread/INFO] [STDOUT]: [com.layue13.clashweave.validation.ClientReplay:viewReplay:314]: P0_VIEW COMPLETE nano=94350886916500
[09:05:35] [Client thread/INFO] [STDOUT]: [com.layue13.clashweave.validation.ClientReplay:viewReplay:314]: P0_VIEW COMPLETE nano=94350936718800
[09:05:35] [Client thread/INFO] [STDOUT]: [com.layue13.clashweave.validation.ClientReplay:viewReplay:314]: P0_VIEW COMPLETE nano=94350986699900
[09:05:35] [Client thread/INFO] [STDOUT]: [com.layue13.clashweave.validation.ClientReplay:viewReplay:314]: P0_VIEW COMPLETE nano=94351036787000
[09:05:35] [Client thread/INFO] [STDOUT]: [com.layue13.clashweave.validation.ClientReplay:viewReplay:314]: P0_VIEW COMPLETE nano=94351086877900
[09:05:35] [Client thread/INFO] [STDOUT]: [com.layue13.clashweave.validation.ClientReplay:viewReplay:314]: P0_VIEW COMPLETE nano=94351137522600
[09:05:35] [Client thread/INFO] [STDOUT]: [com.layue13.clashweave.validation.ClientReplay:viewReplay:314]: P0_VIEW COMPLETE nano=94351187122100
[09:05:35] [Client thread/INFO] [STDOUT]: [com.layue13.clashweave.validation.ClientReplay:viewReplay:314]: P0_VIEW COMPLETE nano=94351236913100
[09:05:35] [Client thread/INFO] [STDOUT]: [com.layue13.clashweave.validation.ClientReplay:viewReplay:314]: P0_VIEW COMPLETE nano=94351286935500
[09:05:35] [Client thread/INFO] [STDOUT]: [com.layue13.clashweave.validation.ClientReplay:viewReplay:314]: P0_VIEW COMPLETE nano=94351337907100
[09:05:35] [Client thread/INFO] [STDOUT]: [com.layue13.clashweave.validation.ClientReplay:viewReplay:314]: P0_VIEW COMPLETE nano=94351386957800
[09:05:35] [Client thread/INFO] [STDOUT]: [com.layue13.clashweave.validation.ClientReplay:viewReplay:314]: P0_VIEW COMPLETE nano=94351436727900
[09:05:35] [Client thread/INFO] [STDOUT]: [com.layue13.clashweave.validation.ClientReplay:viewReplay:314]: P0_VIEW COMPLETE nano=94351487333900
[09:05:35] [Client thread/INFO] [STDOUT]: [com.layue13.clashweave.validation.ClientReplay:viewReplay:314]: P0_VIEW COMPLETE nano=94351537483500
[09:05:35] [Client thread/INFO] [STDOUT]: [com.layue13.clashweave.validation.ClientReplay:viewReplay:314]: P0_VIEW COMPLETE nano=94351587093600
[09:05:36] [Client thread/INFO] [STDOUT]: [com.layue13.clashweave.validation.ClientReplay:viewReplay:314]: P0_VIEW COMPLETE nano=94351637438600
[09:05:36] [Client thread/INFO] [STDOUT]: [com.layue13.clashweave.validation.ClientReplay:viewReplay:314]: P0_VIEW COMPLETE nano=94351687068800
[09:05:36] [Client thread/INFO] [STDOUT]: [com.layue13.clashweave.validation.ClientReplay:viewReplay:314]: P0_VIEW COMPLETE nano=94351736708500
[09:05:36] [Client thread/INFO] [STDOUT]: [com.layue13.clashweave.validation.ClientReplay:viewReplay:314]: P0_VIEW COMPLETE nano=94351786805300
[09:05:36] [Client thread/INFO] [STDOUT]: [com.layue13.clashweave.validation.ClientReplay:viewReplay:314]: P0_VIEW COMPLETE nano=94351836905800
[09:05:36] [Client thread/INFO] [STDOUT]: [com.layue13.clashweave.validation.ClientReplay:viewReplay:314]: P0_VIEW COMPLETE nano=94351887090700
[09:05:36] [Client thread/INFO] [STDOUT]: [com.layue13.clashweave.validation.ClientReplay:viewReplay:314]: P0_VIEW COMPLETE nano=94351936792300
[09:05:36] [Client thread/INFO] [STDOUT]: [com.layue13.clashweave.validation.ClientReplay:viewReplay:314]: P0_VIEW COMPLETE nano=94351986641800
[09:05:36] [Client thread/INFO] [STDOUT]: [com.layue13.clashweave.validation.ClientReplay:viewReplay:314]: P0_VIEW COMPLETE nano=94352036777400
[09:05:36] [Client thread/INFO] [STDOUT]: [com.layue13.clashweave.validation.ClientReplay:viewReplay:314]: P0_VIEW COMPLETE nano=94352086987400
[09:05:36] [Client thread/INFO] [STDOUT]: [com.layue13.clashweave.validation.ClientReplay:viewReplay:314]: P0_VIEW COMPLETE nano=94352136848600
[09:05:36] [Client thread/INFO] [STDOUT]: [com.layue13.clashweave.validation.ClientReplay:viewReplay:314]: P0_VIEW COMPLETE nano=94352186715200
[09:05:36] [Client thread/INFO] [STDOUT]: [com.layue13.clashweave.validation.ClientReplay:viewReplay:314]: P0_VIEW COMPLETE nano=94352237035400
[09:05:36] [Client thread/INFO] [STDOUT]: [com.layue13.clashweave.validation.ClientReplay:viewReplay:314]: P0_VIEW COMPLETE nano=94352287045100
[09:05:36] [Client thread/INFO] [STDOUT]: [com.layue13.clashweave.validation.ClientReplay:viewReplay:314]: P0_VIEW COMPLETE nano=94352337406100
[09:05:36] [Client thread/INFO] [STDOUT]: [com.layue13.clashweave.validation.ClientReplay:viewReplay:314]: P0_VIEW COMPLETE nano=94352386948400
[09:05:36] [Client thread/INFO] [STDOUT]: [com.layue13.clashweave.validation.ClientReplay:viewReplay:314]: P0_VIEW COMPLETE nano=94352436637000
[09:05:36] [Client thread/INFO] [STDOUT]: [com.layue13.clashweave.validation.ClientReplay:viewReplay:314]: P0_VIEW COMPLETE nano=94352486679300
[09:05:36] [Client thread/INFO] [STDOUT]: [com.layue13.clashweave.validation.ClientReplay:viewReplay:314]: P0_VIEW COMPLETE nano=94352537209200
[09:05:36] [Client thread/INFO] [STDOUT]: [com.layue13.clashweave.validation.ClientReplay:viewReplay:314]: P0_VIEW COMPLETE nano=94352586892300
[09:05:37] [Client thread/INFO] [STDOUT]: [com.layue13.clashweave.validation.ClientReplay:viewReplay:314]: P0_VIEW COMPLETE nano=94352636739900
[09:05:37] [Client thread/INFO] [STDOUT]: [com.layue13.clashweave.validation.ClientReplay:viewReplay:314]: P0_VIEW COMPLETE nano=94352686957600
[09:05:37] [Client thread/INFO] [STDOUT]: [com.layue13.clashweave.validation.ClientReplay:viewReplay:314]: P0_VIEW COMPLETE nano=94352737025300
[09:05:37] [Client thread/INFO] [STDOUT]: [com.layue13.clashweave.validation.ClientReplay:viewReplay:314]: P0_VIEW COMPLETE nano=94352786938400
[09:05:37] [Client thread/INFO] [STDOUT]: [com.layue13.clashweave.validation.ClientReplay:viewReplay:314]: P0_VIEW COMPLETE nano=94352836898900
[09:05:37] [Client thread/INFO] [STDOUT]: [com.layue13.clashweave.validation.ClientReplay:viewReplay:314]: P0_VIEW COMPLETE nano=94352886916500
[09:05:37] [Client thread/INFO] [STDOUT]: [com.layue13.clashweave.validation.ClientReplay:viewReplay:314]: P0_VIEW COMPLETE nano=94352936805100
[09:05:37] [Client thread/INFO] [STDOUT]: [com.layue13.clashweave.validation.ClientReplay:viewReplay:314]: P0_VIEW COMPLETE nano=94352986922400
[09:05:37] [Client thread/INFO] [STDOUT]: [com.layue13.clashweave.validation.ClientReplay:viewReplay:314]: P0_VIEW COMPLETE nano=94353036977000
[09:05:37] [Client thread/INFO] [STDOUT]: [com.layue13.clashweave.validation.ClientReplay:viewReplay:314]: P0_VIEW COMPLETE nano=94353086719700
[09:05:37] [Client thread/INFO] [STDOUT]: [com.layue13.clashweave.validation.ClientReplay:viewReplay:314]: P0_VIEW COMPLETE nano=94353136936500
[09:05:37] [Client thread/INFO] [STDOUT]: [com.layue13.clashweave.validation.ClientReplay:viewReplay:314]: P0_VIEW COMPLETE nano=94353186621100
[09:05:37] [Client thread/INFO] [STDOUT]: [com.layue13.clashweave.validation.ClientReplay:viewReplay:314]: P0_VIEW COMPLETE nano=94353237018600
[09:05:37] [Client thread/INFO] [STDOUT]: [com.layue13.clashweave.validation.ClientReplay:viewReplay:314]: P0_VIEW COMPLETE nano=94353287030300
[09:05:37] [Client thread/INFO] [STDOUT]: [com.layue13.clashweave.validation.ClientReplay:viewReplay:314]: P0_VIEW COMPLETE nano=94353336793000
[09:05:37] [Client thread/INFO] [STDOUT]: [com.layue13.clashweave.validation.ClientReplay:viewReplay:314]: P0_VIEW COMPLETE nano=94353387442400
[09:05:37] [Client thread/INFO] [STDOUT]: [com.layue13.clashweave.validation.ClientReplay:viewReplay:314]: P0_VIEW COMPLETE nano=94353438279600
[09:05:37] [Client thread/INFO] [STDOUT]: [com.layue13.clashweave.validation.ClientReplay:viewReplay:314]: P0_VIEW COMPLETE nano=94353487172700
[09:05:37] [Client thread/INFO] [STDOUT]: [com.layue13.clashweave.validation.ClientReplay:viewReplay:314]: P0_VIEW COMPLETE nano=94353536932300
[09:05:37] [Client thread/INFO] [STDOUT]: [com.layue13.clashweave.validation.ClientReplay:viewReplay:314]: P0_VIEW COMPLETE nano=94353586776300
[09:05:38] [Client thread/INFO] [STDOUT]: [com.layue13.clashweave.validation.ClientReplay:viewReplay:314]: P0_VIEW COMPLETE nano=94353637381000
[09:05:38] [Client thread/INFO] [STDOUT]: [com.layue13.clashweave.validation.ClientReplay:viewReplay:314]: P0_VIEW COMPLETE nano=94353687065600
[09:05:38] [Client thread/INFO] [STDOUT]: [com.layue13.clashweave.validation.ClientReplay:viewReplay:314]: P0_VIEW COMPLETE nano=94353737347800
[09:05:38] [Client thread/INFO] [STDOUT]: [com.layue13.clashweave.validation.ClientReplay:viewReplay:314]: P0_VIEW COMPLETE nano=94353787148800
[09:05:38] [Client thread/INFO] [STDOUT]: [com.layue13.clashweave.validation.ClientReplay:viewReplay:314]: P0_VIEW COMPLETE nano=94353836935600
[09:05:38] [Client thread/INFO] [STDOUT]: [com.layue13.clashweave.validation.ClientReplay:viewReplay:314]: P0_VIEW COMPLETE nano=94353887049000
[09:05:38] [Client thread/INFO] [STDOUT]: [com.layue13.clashweave.validation.ClientReplay:viewReplay:314]: P0_VIEW COMPLETE nano=94353937531500
[09:05:38] [Client thread/INFO] [STDOUT]: [com.layue13.clashweave.validation.ClientReplay:viewReplay:314]: P0_VIEW COMPLETE nano=94353987107000
[09:05:38] [Client thread/INFO] [STDOUT]: [com.layue13.clashweave.validation.ClientReplay:viewReplay:314]: P0_VIEW COMPLETE nano=94354036883000
[09:05:38] [Client thread/INFO] [STDOUT]: [com.layue13.clashweave.validation.ClientReplay:viewReplay:314]: P0_VIEW COMPLETE nano=94354086876500
[09:05:38] [Client thread/INFO] [STDOUT]: [com.layue13.clashweave.validation.ClientReplay:viewReplay:314]: P0_VIEW COMPLETE nano=94354137123100
[09:05:38] [Client thread/INFO] [STDOUT]: [com.layue13.clashweave.validation.ClientReplay:viewReplay:314]: P0_VIEW COMPLETE nano=94354186653900
[09:05:38] [Client thread/INFO] [STDOUT]: [com.layue13.clashweave.validation.ClientReplay:viewReplay:314]: P0_VIEW COMPLETE nano=94354237525300
[09:05:38] [Client thread/INFO] [STDOUT]: [com.layue13.clashweave.validation.ClientReplay:viewReplay:314]: P0_VIEW COMPLETE nano=94354286751300
[09:05:38] [Client thread/INFO] [STDOUT]: [com.layue13.clashweave.validation.ClientReplay:viewReplay:314]: P0_VIEW COMPLETE nano=94354337370000
[09:05:38] [Client thread/INFO] [STDOUT]: [com.layue13.clashweave.validation.ClientReplay:viewReplay:314]: P0_VIEW COMPLETE nano=94354387437300
[09:05:38] [Client thread/INFO] [STDOUT]: [com.layue13.clashweave.validation.ClientReplay:viewReplay:314]: P0_VIEW COMPLETE nano=94354437878300
[09:05:38] [Client thread/INFO] [STDOUT]: [com.layue13.clashweave.validation.ClientReplay:viewReplay:314]: P0_VIEW COMPLETE nano=94354486744500
[09:05:38] [Client thread/INFO] [STDOUT]: [com.layue13.clashweave.validation.ClientReplay:viewReplay:314]: P0_VIEW COMPLETE nano=94354537042800
[09:05:38] [Client thread/INFO] [STDOUT]: [com.layue13.clashweave.validation.ClientReplay:viewReplay:314]: P0_VIEW COMPLETE nano=94354586858100
[09:05:39] [Client thread/INFO] [STDOUT]: [com.layue13.clashweave.validation.ClientReplay:viewReplay:314]: P0_VIEW COMPLETE nano=94354636870600
[09:05:39] [Client thread/INFO] [STDOUT]: [com.layue13.clashweave.validation.ClientReplay:viewReplay:314]: P0_VIEW COMPLETE nano=94354687163300
[09:05:39] [Client thread/INFO] [STDOUT]: [com.layue13.clashweave.validation.ClientReplay:viewReplay:314]: P0_VIEW COMPLETE nano=94354736672800
[09:05:39] [Client thread/INFO] [STDOUT]: [com.layue13.clashweave.validation.ClientReplay:viewReplay:314]: P0_VIEW COMPLETE nano=94354786975700
[09:05:39] [Client thread/INFO] [STDOUT]: [com.layue13.clashweave.validation.ClientReplay:viewReplay:314]: P0_VIEW COMPLETE nano=94354837091800
[09:05:39] [Client thread/INFO] [STDOUT]: [com.layue13.clashweave.validation.ClientReplay:viewReplay:314]: P0_VIEW COMPLETE nano=94354887187700
[09:05:39] [Client thread/INFO] [STDOUT]: [com.layue13.clashweave.validation.ClientReplay:viewReplay:314]: P0_VIEW COMPLETE nano=94354937123900
[09:05:39] [Client thread/INFO] [STDOUT]: [com.layue13.clashweave.validation.ClientReplay:viewReplay:314]: P0_VIEW COMPLETE nano=94354987141700
[09:05:39] [Client thread/INFO] [STDOUT]: [com.layue13.clashweave.validation.ClientReplay:viewReplay:314]: P0_VIEW COMPLETE nano=94355037281500
[09:05:39] [Client thread/INFO] [STDOUT]: [com.layue13.clashweave.validation.ClientReplay:viewReplay:314]: P0_VIEW COMPLETE nano=94355087134400
[09:05:39] [Client thread/INFO] [STDOUT]: [com.layue13.clashweave.validation.ClientReplay:viewReplay:314]: P0_VIEW COMPLETE nano=94355137602500
[09:05:39] [Client thread/INFO] [STDOUT]: [com.layue13.clashweave.validation.ClientReplay:viewReplay:314]: P0_VIEW COMPLETE nano=94355186976200
[09:05:39] [Client thread/INFO] [STDOUT]: [com.layue13.clashweave.validation.ClientReplay:viewReplay:314]: P0_VIEW COMPLETE nano=94355236821000
[09:05:39] [Client thread/INFO] [STDOUT]: [com.layue13.clashweave.validation.ClientReplay:viewReplay:314]: P0_VIEW COMPLETE nano=94355287341500
[09:05:39] [Client thread/INFO] [STDOUT]: [com.layue13.clashweave.validation.ClientReplay:viewReplay:314]: P0_VIEW COMPLETE nano=94355336618300
[09:05:39] [Client thread/INFO] [STDOUT]: [com.layue13.clashweave.validation.ClientReplay:viewReplay:314]: P0_VIEW COMPLETE nano=94355386766900
[09:05:39] [Client thread/INFO] [STDOUT]: [com.layue13.clashweave.validation.ClientReplay:viewReplay:314]: P0_VIEW COMPLETE nano=94355436871200
[09:05:39] [Client thread/INFO] [STDOUT]: [com.layue13.clashweave.validation.ClientReplay:viewReplay:314]: P0_VIEW COMPLETE nano=94355487610500
[09:05:39] [Client thread/INFO] [STDOUT]: [com.layue13.clashweave.validation.ClientReplay:viewReplay:314]: P0_VIEW COMPLETE nano=94355537034900
[09:05:39] [Client thread/INFO] [STDOUT]: [com.layue13.clashweave.validation.ClientReplay:viewReplay:314]: P0_VIEW COMPLETE nano=94355586929000
[09:05:40] [Client thread/INFO] [STDOUT]: [com.layue13.clashweave.validation.ClientReplay:viewReplay:314]: P0_VIEW COMPLETE nano=94355636964000
[09:05:40] [Client thread/INFO] [STDOUT]: [com.layue13.clashweave.validation.ClientReplay:viewReplay:314]: P0_VIEW COMPLETE nano=94355686755000
[09:05:40] [Client thread/INFO] [STDOUT]: [com.layue13.clashweave.validation.ClientReplay:viewReplay:314]: P0_VIEW COMPLETE nano=94355736829300
[09:05:40] [Client thread/INFO] [STDOUT]: [com.layue13.clashweave.validation.ClientReplay:viewReplay:314]: P0_VIEW COMPLETE nano=94355786756200
[09:05:40] [Client thread/INFO] [STDOUT]: [com.layue13.clashweave.validation.ClientReplay:viewReplay:314]: P0_VIEW COMPLETE nano=94355837455600
[09:05:40] [Client thread/INFO] [STDOUT]: [com.layue13.clashweave.validation.ClientReplay:viewReplay:314]: P0_VIEW COMPLETE nano=94355886933900
[09:05:40] [Client thread/INFO] [STDOUT]: [com.layue13.clashweave.validation.ClientReplay:viewReplay:314]: P0_VIEW COMPLETE nano=94355937023300
[09:05:40] [Client thread/INFO] [STDOUT]: [com.layue13.clashweave.validation.ClientReplay:viewReplay:314]: P0_VIEW COMPLETE nano=94355987058200
[09:05:40] [Client thread/INFO] [STDOUT]: [com.layue13.clashweave.validation.ClientReplay:viewReplay:314]: P0_VIEW COMPLETE nano=94356037220100
[09:05:40] [Client thread/INFO] [STDOUT]: [com.layue13.clashweave.validation.ClientReplay:viewReplay:314]: P0_VIEW COMPLETE nano=94356086679700
[09:05:40] [Client thread/INFO] [STDOUT]: [com.layue13.clashweave.validation.ClientReplay:viewReplay:314]: P0_VIEW COMPLETE nano=94356136926700
[09:05:40] [Client thread/INFO] [STDOUT]: [com.layue13.clashweave.validation.ClientReplay:viewReplay:314]: P0_VIEW COMPLETE nano=94356186894900
[09:05:40] [Client thread/INFO] [STDOUT]: [com.layue13.clashweave.validation.ClientReplay:viewReplay:314]: P0_VIEW COMPLETE nano=94356237124900
[09:05:40] [Client thread/INFO] [STDOUT]: [com.layue13.clashweave.validation.ClientReplay:viewReplay:314]: P0_VIEW COMPLETE nano=94356287464800
[09:05:40] [Client thread/INFO] [STDOUT]: [com.layue13.clashweave.validation.ClientReplay:viewReplay:314]: P0_VIEW COMPLETE nano=94356336714900
[09:05:40] [Client thread/INFO] [STDOUT]: [com.layue13.clashweave.validation.ClientReplay:viewReplay:314]: P0_VIEW COMPLETE nano=94356387804500
[09:05:40] [Client thread/INFO] [STDOUT]: [com.layue13.clashweave.validation.ClientReplay:viewReplay:314]: P0_VIEW COMPLETE nano=94356437561000
[09:05:40] [Client thread/INFO] [STDOUT]: [com.layue13.clashweave.validation.ClientReplay:viewReplay:314]: P0_VIEW COMPLETE nano=94356486895000
[09:05:40] [Client thread/INFO] [STDOUT]: [com.layue13.clashweave.validation.ClientReplay:viewReplay:314]: P0_VIEW COMPLETE nano=94356537141500
[09:05:40] [Client thread/INFO] [STDOUT]: [com.layue13.clashweave.validation.ClientReplay:viewReplay:314]: P0_VIEW COMPLETE nano=94356586620000
[09:05:41] [Client thread/INFO] [STDOUT]: [com.layue13.clashweave.validation.ClientReplay:viewReplay:314]: P0_VIEW COMPLETE nano=94356637517800
[09:05:41] [Client thread/INFO] [STDOUT]: [com.layue13.clashweave.validation.ClientReplay:viewReplay:314]: P0_VIEW COMPLETE nano=94356686816400
[09:05:41] [Client thread/INFO] [STDOUT]: [com.layue13.clashweave.validation.ClientReplay:viewReplay:314]: P0_VIEW COMPLETE nano=94356736892500
[09:05:41] [Client thread/INFO] [STDOUT]: [com.layue13.clashweave.validation.ClientReplay:viewReplay:314]: P0_VIEW COMPLETE nano=94356786812600
[09:05:41] [Client thread/INFO] [STDOUT]: [com.layue13.clashweave.validation.ClientReplay:viewReplay:314]: P0_VIEW COMPLETE nano=94356837664100
[09:05:41] [Client thread/INFO] [STDOUT]: [com.layue13.clashweave.validation.ClientReplay:viewReplay:314]: P0_VIEW COMPLETE nano=94356886846800
[09:05:41] [Client thread/INFO] [STDOUT]: [com.layue13.clashweave.validation.ClientReplay:viewReplay:314]: P0_VIEW COMPLETE nano=94356936926900
[09:05:41] [Client thread/INFO] [STDOUT]: [com.layue13.clashweave.validation.ClientReplay:viewReplay:314]: P0_VIEW COMPLETE nano=94356987202000
[09:05:41] [Client thread/INFO] [STDOUT]: [com.layue13.clashweave.validation.ClientReplay:viewReplay:314]: P0_VIEW COMPLETE nano=94357036774300
[09:05:41] [Client thread/INFO] [STDOUT]: [com.layue13.clashweave.validation.ClientReplay:viewReplay:314]: P0_VIEW COMPLETE nano=94357086974500
[09:05:41] [Client thread/INFO] [STDOUT]: [com.layue13.clashweave.validation.ClientReplay:viewReplay:314]: P0_VIEW COMPLETE nano=94357137239100
[09:05:41] [Client thread/INFO] [STDOUT]: [com.layue13.clashweave.validation.ClientReplay:viewReplay:314]: P0_VIEW COMPLETE nano=94357186764400
[09:05:41] [Client thread/INFO] [STDOUT]: [com.layue13.clashweave.validation.ClientReplay:viewReplay:314]: P0_VIEW COMPLETE nano=94357237133200
[09:05:41] [Client thread/INFO] [STDOUT]: [com.layue13.clashweave.validation.ClientReplay:viewReplay:314]: P0_VIEW COMPLETE nano=94357286941200
[09:05:41] [Client thread/INFO] [STDOUT]: [com.layue13.clashweave.validation.ClientReplay:viewReplay:314]: P0_VIEW COMPLETE nano=94357337081300
[09:05:41] [Client thread/INFO] [STDOUT]: [com.layue13.clashweave.validation.ClientReplay:viewReplay:314]: P0_VIEW COMPLETE nano=94357386869100
[09:05:41] [Client thread/INFO] [STDOUT]: [com.layue13.clashweave.validation.ClientReplay:viewReplay:314]: P0_VIEW COMPLETE nano=94357437412600
[09:05:41] [Client thread/INFO] [STDOUT]: [com.layue13.clashweave.validation.ClientReplay:viewReplay:314]: P0_VIEW COMPLETE nano=94357486620600
[09:05:41] [Client thread/INFO] [STDOUT]: [com.layue13.clashweave.validation.ClientReplay:viewReplay:314]: P0_VIEW COMPLETE nano=94357537127600
[09:05:41] [Client thread/INFO] [STDOUT]: [com.layue13.clashweave.validation.ClientReplay:viewReplay:314]: P0_VIEW COMPLETE nano=94357586924800
[09:05:42] [Client thread/INFO] [STDOUT]: [com.layue13.clashweave.validation.ClientReplay:viewReplay:314]: P0_VIEW COMPLETE nano=94357636941400
[09:05:42] [Client thread/INFO] [STDOUT]: [com.layue13.clashweave.validation.ClientReplay:viewReplay:314]: P0_VIEW COMPLETE nano=94357686886300
[09:05:42] [Client thread/INFO] [STDOUT]: [com.layue13.clashweave.validation.ClientReplay:viewReplay:314]: P0_VIEW COMPLETE nano=94357737434700
[09:05:42] [Client thread/INFO] [STDOUT]: [com.layue13.clashweave.validation.ClientReplay:viewReplay:314]: P0_VIEW COMPLETE nano=94357787092200
[09:05:42] [Client thread/INFO] [STDOUT]: [com.layue13.clashweave.validation.ClientReplay:viewReplay:314]: P0_VIEW COMPLETE nano=94357836911900
[09:05:42] [Client thread/INFO] [STDOUT]: [com.layue13.clashweave.validation.ClientReplay:viewReplay:314]: P0_VIEW COMPLETE nano=94357887209700
[09:05:42] [Client thread/INFO] [STDOUT]: [com.layue13.clashweave.validation.ClientReplay:viewReplay:314]: P0_VIEW COMPLETE nano=94357937932400
[09:05:42] [Client thread/INFO] [STDOUT]: [com.layue13.clashweave.validation.ClientReplay:viewReplay:314]: P0_VIEW COMPLETE nano=94357986988800
[09:05:42] [Client thread/INFO] [STDOUT]: [com.layue13.clashweave.validation.ClientReplay:viewReplay:314]: P0_VIEW COMPLETE nano=94358036818400
[09:05:42] [Client thread/INFO] [STDOUT]: [com.layue13.clashweave.validation.ClientReplay:viewReplay:314]: P0_VIEW COMPLETE nano=94358087531200
[09:05:42] [Client thread/INFO] [STDOUT]: [com.layue13.clashweave.validation.ClientReplay:viewReplay:314]: P0_VIEW COMPLETE nano=94358136850800
[09:05:42] [Client thread/INFO] [STDOUT]: [com.layue13.clashweave.validation.ClientReplay:viewReplay:314]: P0_VIEW COMPLETE nano=94358186795000
[09:05:42] [Client thread/INFO] [STDOUT]: [com.layue13.clashweave.validation.ClientReplay:viewReplay:314]: P0_VIEW COMPLETE nano=94358237028400
[09:05:42] [Client thread/INFO] [STDOUT]: [com.layue13.clashweave.validation.ClientReplay:viewReplay:314]: P0_VIEW COMPLETE nano=94358287381500
[09:05:42] [Client thread/INFO] [STDOUT]: [com.layue13.clashweave.validation.ClientReplay:viewReplay:314]: P0_VIEW COMPLETE nano=94358337046500
[09:05:42] [Client thread/INFO] [STDOUT]: [com.layue13.clashweave.validation.ClientReplay:viewReplay:314]: P0_VIEW COMPLETE nano=94358386647100
[09:05:42] [Client thread/INFO] [STDOUT]: [com.layue13.clashweave.validation.ClientReplay:viewReplay:314]: P0_VIEW COMPLETE nano=94358436920900
[09:05:42] [Client thread/INFO] [STDOUT]: [com.layue13.clashweave.validation.ClientReplay:viewReplay:314]: P0_VIEW COMPLETE nano=94358487026000
[09:05:42] [Client thread/INFO] [STDOUT]: [com.layue13.clashweave.validation.ClientReplay:viewReplay:314]: P0_VIEW COMPLETE nano=94358537475800
[09:05:42] [Client thread/INFO] [STDOUT]: [com.layue13.clashweave.validation.ClientReplay:viewReplay:314]: P0_VIEW COMPLETE nano=94358586835000
[09:05:43] [Client thread/INFO] [STDOUT]: [com.layue13.clashweave.validation.ClientReplay:viewReplay:314]: P0_VIEW COMPLETE nano=94358636668000
[09:05:43] [Client thread/INFO] [STDOUT]: [com.layue13.clashweave.validation.ClientReplay:viewReplay:314]: P0_VIEW COMPLETE nano=94358687373700
[09:05:43] [Client thread/INFO] [STDOUT]: [com.layue13.clashweave.validation.ClientReplay:viewReplay:314]: P0_VIEW COMPLETE nano=94358737483800
[09:05:43] [Client thread/INFO] [STDOUT]: [com.layue13.clashweave.validation.ClientReplay:viewReplay:314]: P0_VIEW COMPLETE nano=94358787063100
[09:05:43] [Client thread/INFO] [STDOUT]: [com.layue13.clashweave.validation.ClientReplay:viewReplay:314]: P0_VIEW COMPLETE nano=94358836907900
[09:05:43] [Client thread/INFO] [STDOUT]: [com.layue13.clashweave.validation.ClientReplay:viewReplay:314]: P0_VIEW COMPLETE nano=94358887018200
[09:05:43] [Client thread/INFO] [STDOUT]: [com.layue13.clashweave.validation.ClientReplay:viewReplay:314]: P0_VIEW COMPLETE nano=94358937176100
[09:05:43] [Client thread/INFO] [STDOUT]: [com.layue13.clashweave.validation.ClientReplay:viewReplay:314]: P0_VIEW COMPLETE nano=94358986745800
[09:05:43] [Client thread/INFO] [STDOUT]: [com.layue13.clashweave.validation.ClientReplay:viewReplay:314]: P0_VIEW COMPLETE nano=94359036953900
[09:05:43] [Client thread/INFO] [STDOUT]: [com.layue13.clashweave.validation.ClientReplay:viewReplay:314]: P0_VIEW COMPLETE nano=94359086868100
[09:05:43] [Client thread/INFO] [STDOUT]: [com.layue13.clashweave.validation.ClientReplay:viewReplay:314]: P0_VIEW COMPLETE nano=94359136814300
[09:05:43] [Client thread/INFO] [STDOUT]: [com.layue13.clashweave.validation.ClientReplay:viewReplay:314]: P0_VIEW COMPLETE nano=94359186972200
[09:05:43] [Client thread/INFO] [STDOUT]: [com.layue13.clashweave.validation.ClientReplay:viewReplay:314]: P0_VIEW COMPLETE nano=94359236788900
[09:05:43] [Client thread/INFO] [STDOUT]: [com.layue13.clashweave.validation.ClientReplay:viewReplay:314]: P0_VIEW COMPLETE nano=94359286817400
[09:05:43] [Client thread/INFO] [STDOUT]: [com.layue13.clashweave.validation.ClientReplay:viewReplay:314]: P0_VIEW COMPLETE nano=94359337542800
[09:05:43] [Client thread/INFO] [STDOUT]: [com.layue13.clashweave.validation.ClientReplay:viewReplay:314]: P0_VIEW COMPLETE nano=94359387175500
[09:05:43] [Client thread/INFO] [STDOUT]: [com.layue13.clashweave.validation.ClientReplay:viewReplay:314]: P0_VIEW COMPLETE nano=94359436797500
[09:05:43] [Client thread/INFO] [STDOUT]: [com.layue13.clashweave.validation.ClientReplay:viewReplay:314]: P0_VIEW COMPLETE nano=94359487031500
[09:05:43] [Client thread/INFO] [STDOUT]: [com.layue13.clashweave.validation.ClientReplay:viewReplay:314]: P0_VIEW COMPLETE nano=94359537976700
[09:05:43] [Client thread/INFO] [STDOUT]: [com.layue13.clashweave.validation.ClientReplay:viewReplay:314]: P0_VIEW COMPLETE nano=94359587138700
[09:05:44] [Client thread/INFO] [STDOUT]: [com.layue13.clashweave.validation.ClientReplay:viewReplay:314]: P0_VIEW COMPLETE nano=94359636935000
[09:05:44] [Client thread/INFO] [STDOUT]: [com.layue13.clashweave.validation.ClientReplay:viewReplay:314]: P0_VIEW COMPLETE nano=94359686771100
[09:05:44] [Client thread/INFO] [STDOUT]: [com.layue13.clashweave.validation.ClientReplay:viewReplay:314]: P0_VIEW COMPLETE nano=94359736718900
[09:05:44] [Client thread/INFO] [STDOUT]: [com.layue13.clashweave.validation.ClientReplay:viewReplay:314]: P0_VIEW COMPLETE nano=94359787025700
[09:05:44] [Client thread/INFO] [STDOUT]: [com.layue13.clashweave.validation.ClientReplay:viewReplay:314]: P0_VIEW COMPLETE nano=94359837399800
[09:05:44] [Client thread/INFO] [STDOUT]: [com.layue13.clashweave.validation.ClientReplay:viewReplay:314]: P0_VIEW COMPLETE nano=94359886626400
[09:05:44] [Client thread/INFO] [STDOUT]: [com.layue13.clashweave.validation.ClientReplay:viewReplay:314]: P0_VIEW COMPLETE nano=94359937486000
[09:05:44] [Client thread/INFO] [STDOUT]: [com.layue13.clashweave.validation.ClientReplay:viewReplay:314]: P0_VIEW COMPLETE nano=94359986696500
[09:05:44] [Client thread/INFO] [STDOUT]: [com.layue13.clashweave.validation.ClientReplay:viewReplay:314]: P0_VIEW COMPLETE nano=94360036986600
[09:05:44] [Client thread/INFO] [STDOUT]: [com.layue13.clashweave.validation.ClientReplay:viewReplay:314]: P0_VIEW COMPLETE nano=94360086900700
[09:05:44] [Client thread/INFO] [STDOUT]: [com.layue13.clashweave.validation.ClientReplay:viewReplay:314]: P0_VIEW COMPLETE nano=94360136876000
[09:05:44] [Client thread/INFO] [STDOUT]: [com.layue13.clashweave.validation.ClientReplay:viewReplay:314]: P0_VIEW COMPLETE nano=94360187034500
[09:05:44] [Client thread/INFO] [STDOUT]: [com.layue13.clashweave.validation.ClientReplay:viewReplay:314]: P0_VIEW COMPLETE nano=94360237028400
[09:05:44] [Client thread/INFO] [STDOUT]: [com.layue13.clashweave.validation.ClientReplay:viewReplay:314]: P0_VIEW COMPLETE nano=94360287027000
[09:05:44] [Client thread/INFO] [STDOUT]: [com.layue13.clashweave.validation.ClientReplay:viewReplay:314]: P0_VIEW COMPLETE nano=94360337267400
[09:05:44] [Client thread/INFO] [STDOUT]: [com.layue13.clashweave.validation.ClientReplay:viewReplay:314]: P0_VIEW COMPLETE nano=94360386729800
[09:05:44] [Client thread/INFO] [STDOUT]: [com.layue13.clashweave.validation.ClientReplay:viewReplay:314]: P0_VIEW COMPLETE nano=94360436771000
[09:05:44] [Client thread/INFO] [STDOUT]: [com.layue13.clashweave.validation.ClientReplay:viewReplay:314]: P0_VIEW COMPLETE nano=94360486590400
[09:05:44] [Client thread/INFO] [STDOUT]: [com.layue13.clashweave.validation.ClientReplay:viewReplay:314]: P0_VIEW COMPLETE nano=94360536799600
[09:05:44] [Client thread/INFO] [STDOUT]: [com.layue13.clashweave.validation.ClientReplay:viewReplay:314]: P0_VIEW COMPLETE nano=94360586618600
[09:05:45] [Client thread/INFO] [STDOUT]: [com.layue13.clashweave.validation.ClientReplay:viewReplay:314]: P0_VIEW COMPLETE nano=94360637272600
[09:05:45] [Client thread/INFO] [STDOUT]: [com.layue13.clashweave.validation.ClientReplay:viewReplay:314]: P0_VIEW COMPLETE nano=94360686640100
[09:05:45] [Client thread/INFO] [STDOUT]: [com.layue13.clashweave.validation.ClientReplay:viewReplay:314]: P0_VIEW COMPLETE nano=94360736869000
[09:05:45] [Client thread/INFO] [STDOUT]: [com.layue13.clashweave.validation.ClientReplay:viewReplay:314]: P0_VIEW COMPLETE nano=94360786833100
[09:05:45] [Client thread/INFO] [STDOUT]: [com.layue13.clashweave.validation.ClientReplay:viewReplay:314]: P0_VIEW COMPLETE nano=94360837062200
[09:05:45] [Client thread/INFO] [STDOUT]: [com.layue13.clashweave.validation.ClientReplay:viewReplay:314]: P0_VIEW COMPLETE nano=94360887081000
[09:05:45] [Client thread/INFO] [STDOUT]: [com.layue13.clashweave.validation.ClientReplay:viewReplay:314]: P0_VIEW COMPLETE nano=94360937067400
[09:05:45] [Client thread/INFO] [STDOUT]: [com.layue13.clashweave.validation.ClientReplay:viewReplay:314]: P0_VIEW COMPLETE nano=94360988076400
[09:05:45] [Client thread/INFO] [STDOUT]: [com.layue13.clashweave.validation.ClientReplay:viewReplay:314]: P0_VIEW COMPLETE nano=94361037099000
[09:05:45] [Client thread/INFO] [STDOUT]: [com.layue13.clashweave.validation.ClientReplay:viewReplay:314]: P0_VIEW COMPLETE nano=94361087078800
[09:05:45] [Client thread/INFO] [STDOUT]: [com.layue13.clashweave.validation.ClientReplay:viewReplay:314]: P0_VIEW COMPLETE nano=94361136794900
[09:05:45] [Client thread/INFO] [STDOUT]: [com.layue13.clashweave.validation.ClientReplay:viewReplay:314]: P0_VIEW COMPLETE nano=94361186945900
[09:05:45] [Client thread/INFO] [STDOUT]: [com.layue13.clashweave.validation.ClientReplay:viewReplay:314]: P0_VIEW COMPLETE nano=94361236965500
[09:05:45] [Client thread/INFO] [STDOUT]: [com.layue13.clashweave.validation.ClientReplay:viewReplay:314]: P0_VIEW COMPLETE nano=94361286684100
[09:05:45] [Client thread/INFO] [STDOUT]: [com.layue13.clashweave.validation.ClientReplay:viewReplay:314]: P0_VIEW COMPLETE nano=94361337049600
[09:05:45] [Client thread/INFO] [STDOUT]: [com.layue13.clashweave.validation.ClientReplay:viewReplay:314]: P0_VIEW COMPLETE nano=94361386902900
[09:05:45] [Client thread/INFO] [STDOUT]: [com.layue13.clashweave.validation.ClientReplay:viewReplay:314]: P0_VIEW COMPLETE nano=94361437252100
[09:05:45] [Client thread/INFO] [STDOUT]: [com.layue13.clashweave.validation.ClientReplay:viewReplay:314]: P0_VIEW COMPLETE nano=94361487122200
[09:05:45] [Client thread/INFO] [STDOUT]: [com.layue13.clashweave.validation.ClientReplay:viewReplay:314]: P0_VIEW COMPLETE nano=94361537055100
[09:05:45] [Client thread/INFO] [STDOUT]: [com.layue13.clashweave.validation.ClientReplay:viewReplay:314]: P0_VIEW COMPLETE nano=94361586750500
[09:05:46] [Client thread/INFO] [STDOUT]: [com.layue13.clashweave.validation.ClientReplay:viewReplay:314]: P0_VIEW COMPLETE nano=94361636838900
[09:05:46] [Client thread/INFO] [STDOUT]: [com.layue13.clashweave.validation.ClientReplay:viewReplay:314]: P0_VIEW COMPLETE nano=94361686816000
[09:05:46] [Client thread/INFO] [STDOUT]: [com.layue13.clashweave.validation.ClientReplay:viewReplay:314]: P0_VIEW COMPLETE nano=94361736655700
[09:05:46] [Client thread/INFO] [STDOUT]: [com.layue13.clashweave.validation.ClientReplay:viewReplay:314]: P0_VIEW COMPLETE nano=94361786716400
[09:05:46] [Client thread/INFO] [STDOUT]: [com.layue13.clashweave.validation.ClientReplay:viewReplay:314]: P0_VIEW COMPLETE nano=94361836865400
[09:05:46] [Client thread/INFO] [STDOUT]: [com.layue13.clashweave.validation.ClientReplay:viewReplay:314]: P0_VIEW COMPLETE nano=94361886826500
[09:05:46] [Client thread/INFO] [STDOUT]: [com.layue13.clashweave.validation.ClientReplay:viewReplay:314]: P0_VIEW COMPLETE nano=94361937044500
[09:05:46] [Client thread/INFO] [STDOUT]: [com.layue13.clashweave.validation.ClientReplay:viewReplay:314]: P0_VIEW COMPLETE nano=94361986780800
[09:05:46] [Client thread/INFO] [STDOUT]: [com.layue13.clashweave.validation.ClientReplay:viewReplay:314]: P0_VIEW COMPLETE nano=94362037041300
[09:05:46] [Client thread/INFO] [STDOUT]: [com.layue13.clashweave.validation.ClientReplay:viewReplay:314]: P0_VIEW COMPLETE nano=94362087004500
[09:05:46] [Client thread/INFO] [STDOUT]: [com.layue13.clashweave.validation.ClientReplay:viewReplay:314]: P0_VIEW COMPLETE nano=94362136698800
[09:05:46] [Client thread/INFO] [STDOUT]: [com.layue13.clashweave.validation.ClientReplay:viewReplay:314]: P0_VIEW COMPLETE nano=94362186691100
[09:05:46] [Client thread/INFO] [STDOUT]: [com.layue13.clashweave.validation.ClientReplay:viewReplay:314]: P0_VIEW COMPLETE nano=94362236878200
[09:05:46] [Client thread/INFO] [STDOUT]: [com.layue13.clashweave.validation.ClientReplay:viewReplay:314]: P0_VIEW COMPLETE nano=94362286754100
[09:05:46] [Client thread/INFO] [STDOUT]: [com.layue13.clashweave.validation.ClientReplay:viewReplay:314]: P0_VIEW COMPLETE nano=94362336923000
[09:05:46] [Client thread/INFO] [STDOUT]: [com.layue13.clashweave.validation.ClientReplay:viewReplay:314]: P0_VIEW COMPLETE nano=94362387049600
[09:05:46] [Client thread/INFO] [STDOUT]: [com.layue13.clashweave.validation.ClientReplay:viewReplay:314]: P0_VIEW COMPLETE nano=94362436836300
[09:05:46] [Client thread/INFO] [STDOUT]: [com.layue13.clashweave.validation.ClientReplay:viewReplay:314]: P0_VIEW COMPLETE nano=94362486799200
[09:05:46] [Client thread/INFO] [STDOUT]: [com.layue13.clashweave.validation.ClientReplay:viewReplay:314]: P0_VIEW COMPLETE nano=94362536746000
[09:05:46] [Client thread/INFO] [STDOUT]: [com.layue13.clashweave.validation.ClientReplay:viewReplay:314]: P0_VIEW COMPLETE nano=94362586643600
[09:05:47] [Client thread/INFO] [STDOUT]: [com.layue13.clashweave.validation.ClientReplay:viewReplay:314]: P0_VIEW COMPLETE nano=94362636869600
[09:05:47] [Client thread/INFO] [STDOUT]: [com.layue13.clashweave.validation.ClientReplay:viewReplay:314]: P0_VIEW COMPLETE nano=94362687126900
[09:05:47] [Client thread/INFO] [STDOUT]: [com.layue13.clashweave.validation.ClientReplay:viewReplay:314]: P0_VIEW COMPLETE nano=94362736644200
[09:05:47] [Client thread/INFO] [STDOUT]: [com.layue13.clashweave.validation.ClientReplay:viewReplay:314]: P0_VIEW COMPLETE nano=94362787108100
[09:05:47] [Client thread/INFO] [STDOUT]: [com.layue13.clashweave.validation.ClientReplay:viewReplay:314]: P0_VIEW COMPLETE nano=94362837224900
[09:05:47] [Client thread/INFO] [STDOUT]: [com.layue13.clashweave.validation.ClientReplay:viewReplay:314]: P0_VIEW COMPLETE nano=94362886733400
[09:05:47] [Client thread/INFO] [STDOUT]: [com.layue13.clashweave.validation.ClientReplay:viewReplay:314]: P0_VIEW COMPLETE nano=94362936778700
[09:05:47] [Client thread/INFO] [STDOUT]: [com.layue13.clashweave.validation.ClientReplay:viewReplay:314]: P0_VIEW COMPLETE nano=94362987033200
[09:05:47] [Client thread/INFO] [STDOUT]: [com.layue13.clashweave.validation.ClientReplay:viewReplay:314]: P0_VIEW COMPLETE nano=94363036682900
[09:05:47] [Client thread/INFO] [STDOUT]: [com.layue13.clashweave.validation.ClientReplay:viewReplay:314]: P0_VIEW COMPLETE nano=94363086602200
[09:05:47] [Client thread/INFO] [STDOUT]: [com.layue13.clashweave.validation.ClientReplay:viewReplay:314]: P0_VIEW COMPLETE nano=94363136849600
[09:05:47] [Client thread/INFO] [STDOUT]: [com.layue13.clashweave.validation.ClientReplay:viewReplay:314]: P0_VIEW COMPLETE nano=94363186859900
[09:05:47] [Client thread/INFO] [STDOUT]: [com.layue13.clashweave.validation.ClientReplay:viewReplay:314]: P0_VIEW COMPLETE nano=94363236786900
[09:05:47] [Client thread/INFO] [STDOUT]: [com.layue13.clashweave.validation.ClientReplay:viewReplay:314]: P0_VIEW COMPLETE nano=94363287100200
[09:05:47] [Client thread/INFO] [STDOUT]: [com.layue13.clashweave.validation.ClientReplay:viewReplay:314]: P0_VIEW COMPLETE nano=94363337070900
[09:05:47] [Client thread/INFO] [STDOUT]: [com.layue13.clashweave.validation.ClientReplay:viewReplay:314]: P0_VIEW COMPLETE nano=94363386881400
[09:05:47] [Client thread/INFO] [STDOUT]: [com.layue13.clashweave.validation.ClientReplay:viewReplay:314]: P0_VIEW COMPLETE nano=94363436756800
[09:05:47] [Client thread/INFO] [STDOUT]: [com.layue13.clashweave.validation.ClientReplay:viewReplay:314]: P0_VIEW COMPLETE nano=94363486799000
[09:05:47] [Client thread/INFO] [STDOUT]: [com.layue13.clashweave.validation.ClientReplay:viewReplay:314]: P0_VIEW COMPLETE nano=94363537240600
[09:05:47] [Client thread/INFO] [STDOUT]: [com.layue13.clashweave.validation.ClientReplay:viewReplay:314]: P0_VIEW COMPLETE nano=94363587207200
[09:05:48] [Client thread/INFO] [STDOUT]: [com.layue13.clashweave.validation.ClientReplay:viewReplay:314]: P0_VIEW COMPLETE nano=94363636821900
[09:05:48] [Client thread/INFO] [STDOUT]: [com.layue13.clashweave.validation.ClientReplay:viewReplay:314]: P0_VIEW COMPLETE nano=94363686573700
[09:05:48] [Client thread/INFO] [STDOUT]: [com.layue13.clashweave.validation.ClientReplay:viewReplay:314]: P0_VIEW COMPLETE nano=94363736917000
[09:05:48] [Client thread/INFO] [STDOUT]: [com.layue13.clashweave.validation.ClientReplay:viewReplay:314]: P0_VIEW COMPLETE nano=94363786946000
[09:05:48] [Client thread/INFO] [STDOUT]: [com.layue13.clashweave.validation.ClientReplay:viewReplay:314]: P0_VIEW COMPLETE nano=94363836826200
[09:05:48] [Client thread/INFO] [STDOUT]: [com.layue13.clashweave.validation.ClientReplay:viewReplay:314]: P0_VIEW COMPLETE nano=94363886837500
[09:05:48] [Client thread/INFO] [STDOUT]: [com.layue13.clashweave.validation.ClientReplay:viewReplay:314]: P0_VIEW COMPLETE nano=94363937009300
[09:05:48] [Client thread/INFO] [STDOUT]: [com.layue13.clashweave.validation.ClientReplay:viewReplay:314]: P0_VIEW COMPLETE nano=94363986786000
[09:05:48] [Client thread/INFO] [STDOUT]: [com.layue13.clashweave.validation.ClientReplay:viewReplay:314]: P0_VIEW COMPLETE nano=94364036938400
[09:05:48] [Client thread/INFO] [STDOUT]: [com.layue13.clashweave.validation.ClientReplay:viewReplay:314]: P0_VIEW COMPLETE nano=94364086913700
[09:05:48] [Client thread/INFO] [STDOUT]: [com.layue13.clashweave.validation.ClientReplay:viewReplay:314]: P0_VIEW COMPLETE nano=94364136959400
[09:05:48] [Client thread/INFO] [STDOUT]: [com.layue13.clashweave.validation.ClientReplay:viewReplay:314]: P0_VIEW COMPLETE nano=94364187224000
[09:05:48] [Client thread/INFO] [STDOUT]: [com.layue13.clashweave.validation.ClientReplay:viewReplay:314]: P0_VIEW COMPLETE nano=94364237125100
[09:05:48] [Client thread/INFO] [STDOUT]: [com.layue13.clashweave.validation.ClientReplay:viewReplay:314]: P0_VIEW COMPLETE nano=94364286723400
[09:05:48] [Client thread/INFO] [STDOUT]: [com.layue13.clashweave.validation.ClientReplay:viewReplay:314]: P0_VIEW COMPLETE nano=94364336941500
[09:05:48] [Client thread/INFO] [STDOUT]: [com.layue13.clashweave.validation.ClientReplay:viewReplay:314]: P0_VIEW COMPLETE nano=94364387152800
[09:05:48] [Client thread/INFO] [STDOUT]: [com.layue13.clashweave.validation.ClientReplay:viewReplay:314]: P0_VIEW COMPLETE nano=94364437289700
[09:05:48] [Client thread/INFO] [STDOUT]: [com.layue13.clashweave.validation.ClientReplay:viewReplay:314]: P0_VIEW COMPLETE nano=94364486870700
[09:05:48] [Client thread/INFO] [STDOUT]: [com.layue13.clashweave.validation.ClientReplay:viewReplay:314]: P0_VIEW COMPLETE nano=94364537505300
[09:05:48] [Client thread/INFO] [STDOUT]: [com.layue13.clashweave.validation.ClientReplay:viewReplay:314]: P0_VIEW COMPLETE nano=94364587215200
[09:05:49] [Client thread/INFO] [STDOUT]: [com.layue13.clashweave.validation.ClientReplay:viewReplay:314]: P0_VIEW COMPLETE nano=94364636836800
[09:05:49] [Client thread/INFO] [STDOUT]: [com.layue13.clashweave.validation.ClientReplay:viewReplay:314]: P0_VIEW COMPLETE nano=94364687026700
[09:05:49] [Client thread/INFO] [STDOUT]: [com.layue13.clashweave.validation.ClientReplay:viewReplay:314]: P0_VIEW COMPLETE nano=94364736725500
[09:05:49] [Client thread/INFO] [STDOUT]: [com.layue13.clashweave.validation.ClientReplay:viewReplay:314]: P0_VIEW COMPLETE nano=94364787149600
[09:05:49] [Client thread/INFO] [STDOUT]: [com.layue13.clashweave.validation.ClientReplay:viewReplay:314]: P0_VIEW COMPLETE nano=94364837343900
[09:05:49] [Client thread/INFO] [STDOUT]: [com.layue13.clashweave.validation.ClientReplay:viewReplay:314]: P0_VIEW COMPLETE nano=94364887121000
[09:05:49] [Client thread/INFO] [STDOUT]: [com.layue13.clashweave.validation.ClientReplay:viewReplay:314]: P0_VIEW COMPLETE nano=94364936800700
[09:05:49] [Client thread/INFO] [STDOUT]: [com.layue13.clashweave.validation.ClientReplay:viewReplay:314]: P0_VIEW COMPLETE nano=94364987465100
[09:05:49] [Client thread/INFO] [STDOUT]: [com.layue13.clashweave.validation.ClientReplay:viewReplay:314]: P0_VIEW COMPLETE nano=94365036906500
[09:05:49] [Client thread/INFO] [STDOUT]: [com.layue13.clashweave.validation.ClientReplay:viewReplay:314]: P0_VIEW COMPLETE nano=94365086634900
[09:05:49] [Client thread/INFO] [STDOUT]: [com.layue13.clashweave.validation.ClientReplay:viewReplay:314]: P0_VIEW COMPLETE nano=94365136933700
[09:05:49] [Client thread/INFO] [STDOUT]: [com.layue13.clashweave.validation.ClientReplay:viewReplay:314]: P0_VIEW COMPLETE nano=94365186955000
[09:05:49] [Client thread/INFO] [STDOUT]: [com.layue13.clashweave.validation.ClientReplay:viewReplay:314]: P0_VIEW COMPLETE nano=94365237329000
[09:05:49] [Client thread/INFO] [STDOUT]: [com.layue13.clashweave.validation.ClientReplay:viewReplay:314]: P0_VIEW COMPLETE nano=94365286980800
[09:05:49] [Client thread/INFO] [STDOUT]: [com.layue13.clashweave.validation.ClientReplay:viewReplay:314]: P0_VIEW COMPLETE nano=94365336755600
[09:05:49] [Client thread/INFO] [STDOUT]: [com.layue13.clashweave.validation.ClientReplay:viewReplay:314]: P0_VIEW COMPLETE nano=94365386957600
[09:05:49] [Client thread/INFO] [STDOUT]: [com.layue13.clashweave.validation.ClientReplay:viewReplay:314]: P0_VIEW COMPLETE nano=94365437535100
[09:05:49] [Client thread/INFO] [STDOUT]: [com.layue13.clashweave.validation.ClientReplay:viewReplay:314]: P0_VIEW COMPLETE nano=94365486784200
[09:05:49] [Client thread/INFO] [STDOUT]: [com.layue13.clashweave.validation.ClientReplay:viewReplay:314]: P0_VIEW COMPLETE nano=94365536736400
[09:05:49] [Client thread/INFO] [STDOUT]: [com.layue13.clashweave.validation.ClientReplay:viewReplay:314]: P0_VIEW COMPLETE nano=94365587840600
[09:05:50] [Client thread/INFO] [STDOUT]: [com.layue13.clashweave.validation.ClientReplay:viewReplay:314]: P0_VIEW COMPLETE nano=94365636607400
[09:05:50] [Client thread/INFO] [STDOUT]: [com.layue13.clashweave.validation.ClientReplay:viewReplay:314]: P0_VIEW COMPLETE nano=94365687216500
[09:05:50] [Client thread/INFO] [STDOUT]: [com.layue13.clashweave.validation.ClientReplay:viewReplay:314]: P0_VIEW COMPLETE nano=94365736982900
[09:05:50] [Client thread/INFO] [STDOUT]: [com.layue13.clashweave.validation.ClientReplay:viewReplay:314]: P0_VIEW COMPLETE nano=94365786997600
[09:05:50] [Client thread/INFO] [STDOUT]: [com.layue13.clashweave.validation.ClientReplay:viewReplay:314]: P0_VIEW COMPLETE nano=94365836640600
[09:05:50] [Client thread/INFO] [STDOUT]: [com.layue13.clashweave.validation.ClientReplay:viewReplay:314]: P0_VIEW COMPLETE nano=94365891913700
[09:05:50] [Client thread/INFO] [STDOUT]: [com.layue13.clashweave.validation.ClientReplay:viewReplay:314]: P0_VIEW COMPLETE nano=94365937071500
[09:05:50] [Client thread/INFO] [STDOUT]: [com.layue13.clashweave.validation.ClientReplay:viewReplay:314]: P0_VIEW COMPLETE nano=94365987030600
[09:05:50] [Client thread/INFO] [STDOUT]: [com.layue13.clashweave.validation.ClientReplay:viewReplay:314]: P0_VIEW COMPLETE nano=94366037211400
[09:05:50] [Client thread/INFO] [STDOUT]: [com.layue13.clashweave.validation.ClientReplay:viewReplay:314]: P0_VIEW COMPLETE nano=94366086667600
[09:05:50] [Client thread/INFO] [STDOUT]: [com.layue13.clashweave.validation.ClientReplay:viewReplay:314]: P0_VIEW COMPLETE nano=94366137003300
[09:05:50] [Client thread/INFO] [STDOUT]: [com.layue13.clashweave.validation.ClientReplay:viewReplay:314]: P0_VIEW COMPLETE nano=94366187053800
[09:05:50] [Client thread/INFO] [STDOUT]: [com.layue13.clashweave.validation.ClientReplay:viewReplay:314]: P0_VIEW COMPLETE nano=94366237072000
[09:05:50] [Client thread/INFO] [STDOUT]: [com.layue13.clashweave.validation.ClientReplay:viewReplay:314]: P0_VIEW COMPLETE nano=94366287024400
[09:05:50] [Client thread/INFO] [STDOUT]: [com.layue13.clashweave.validation.ClientReplay:viewReplay:314]: P0_VIEW COMPLETE nano=94366336846800
[09:05:50] [Client thread/INFO] [STDOUT]: [com.layue13.clashweave.validation.ClientReplay:viewReplay:314]: P0_VIEW COMPLETE nano=94366386881600
[09:05:50] [Client thread/INFO] [STDOUT]: [com.layue13.clashweave.validation.ClientReplay:viewReplay:314]: P0_VIEW COMPLETE nano=94366436637600
[09:05:50] [Client thread/INFO] [STDOUT]: [com.layue13.clashweave.validation.ClientReplay:viewReplay:314]: P0_VIEW COMPLETE nano=94366486854400
[09:05:50] [Client thread/INFO] [STDOUT]: [com.layue13.clashweave.validation.ClientReplay:viewReplay:314]: P0_VIEW COMPLETE nano=94366537369000
[09:05:50] [Client thread/INFO] [STDOUT]: [com.layue13.clashweave.validation.ClientReplay:viewReplay:314]: P0_VIEW COMPLETE nano=94366586704400
[09:05:51] [Client thread/INFO] [STDOUT]: [com.layue13.clashweave.validation.ClientReplay:viewReplay:314]: P0_VIEW COMPLETE nano=94366636934100
[09:05:51] [Client thread/INFO] [STDOUT]: [com.layue13.clashweave.validation.ClientReplay:viewReplay:314]: P0_VIEW COMPLETE nano=94366686920700
[09:05:51] [Client thread/INFO] [STDOUT]: [com.layue13.clashweave.validation.ClientReplay:viewReplay:314]: P0_VIEW COMPLETE nano=94366737016200
[09:05:51] [Client thread/INFO] [STDOUT]: [com.layue13.clashweave.validation.ClientReplay:viewReplay:314]: P0_VIEW COMPLETE nano=94366786975000
[09:05:51] [Client thread/INFO] [STDOUT]: [com.layue13.clashweave.validation.ClientReplay:viewReplay:314]: P0_VIEW COMPLETE nano=94366836657000
[09:05:51] [Client thread/INFO] [STDOUT]: [com.layue13.clashweave.validation.ClientReplay:viewReplay:314]: P0_VIEW COMPLETE nano=94366886842800
[09:05:51] [Client thread/INFO] [STDOUT]: [com.layue13.clashweave.validation.ClientReplay:viewReplay:314]: P0_VIEW COMPLETE nano=94366936747300
[09:05:51] [Client thread/INFO] [STDOUT]: [com.layue13.clashweave.validation.ClientReplay:viewReplay:314]: P0_VIEW COMPLETE nano=94366986782600
[09:05:51] [Client thread/INFO] [STDOUT]: [com.layue13.clashweave.validation.ClientReplay:viewReplay:314]: P0_VIEW COMPLETE nano=94367036830900
[09:05:51] [Client thread/INFO] [STDOUT]: [com.layue13.clashweave.validation.ClientReplay:viewReplay:314]: P0_VIEW COMPLETE nano=94367086977700
[09:05:51] [Client thread/INFO] [STDOUT]: [com.layue13.clashweave.validation.ClientReplay:viewReplay:314]: P0_VIEW COMPLETE nano=94367136640800
[09:05:51] [Client thread/INFO] [STDOUT]: [com.layue13.clashweave.validation.ClientReplay:viewReplay:314]: P0_VIEW COMPLETE nano=94367187455100
[09:05:51] [Client thread/INFO] [STDOUT]: [com.layue13.clashweave.validation.ClientReplay:viewReplay:314]: P0_VIEW COMPLETE nano=94367236608900
[09:05:51] [Client thread/INFO] [STDOUT]: [com.layue13.clashweave.validation.ClientReplay:viewReplay:314]: P0_VIEW COMPLETE nano=94367286877400
[09:05:51] [Client thread/INFO] [STDOUT]: [com.layue13.clashweave.validation.ClientReplay:viewReplay:314]: P0_VIEW COMPLETE nano=94367337030100
[09:05:51] [Client thread/INFO] [STDOUT]: [com.layue13.clashweave.validation.ClientReplay:viewReplay:314]: P0_VIEW COMPLETE nano=94367387969600
[09:05:51] [Client thread/INFO] [STDOUT]: [com.layue13.clashweave.validation.ClientReplay:viewReplay:314]: P0_VIEW COMPLETE nano=94367436910100
[09:05:51] [Client thread/INFO] [STDOUT]: [com.layue13.clashweave.validation.ClientReplay:viewReplay:314]: P0_VIEW COMPLETE nano=94367486991400
[09:05:51] [Client thread/INFO] [STDOUT]: [com.layue13.clashweave.validation.ClientReplay:viewReplay:314]: P0_VIEW COMPLETE nano=94367536959400
[09:05:51] [Client thread/INFO] [STDOUT]: [com.layue13.clashweave.validation.ClientReplay:viewReplay:314]: P0_VIEW COMPLETE nano=94367586512800
[09:05:52] [Client thread/INFO] [STDOUT]: [com.layue13.clashweave.validation.ClientReplay:viewReplay:314]: P0_VIEW COMPLETE nano=94367636818500
[09:05:52] [Client thread/INFO] [STDOUT]: [com.layue13.clashweave.validation.ClientReplay:viewReplay:314]: P0_VIEW COMPLETE nano=94367686578600
[09:05:52] [Client thread/INFO] [STDOUT]: [com.layue13.clashweave.validation.ClientReplay:viewReplay:314]: P0_VIEW COMPLETE nano=94367737205100
[09:05:52] [Client thread/INFO] [STDOUT]: [com.layue13.clashweave.validation.ClientReplay:viewReplay:314]: P0_VIEW COMPLETE nano=94367787931100
[09:05:52] [Client thread/INFO] [STDOUT]: [com.layue13.clashweave.validation.ClientReplay:viewReplay:314]: P0_VIEW COMPLETE nano=94367836784800
[09:05:52] [Client thread/INFO] [STDOUT]: [com.layue13.clashweave.validation.ClientReplay:viewReplay:314]: P0_VIEW COMPLETE nano=94367887188600
[09:05:52] [Client thread/INFO] [STDOUT]: [com.layue13.clashweave.validation.ClientReplay:viewReplay:314]: P0_VIEW COMPLETE nano=94367937009800
[09:05:52] [Client thread/INFO] [STDOUT]: [com.layue13.clashweave.validation.ClientReplay:viewReplay:314]: P0_VIEW COMPLETE nano=94367986686500
[09:05:52] [Client thread/INFO] [STDOUT]: [com.layue13.clashweave.validation.ClientReplay:viewReplay:314]: P0_VIEW COMPLETE nano=94368036909100
[09:05:52] [Client thread/INFO] [STDOUT]: [com.layue13.clashweave.validation.ClientReplay:viewReplay:314]: P0_VIEW COMPLETE nano=94368087205400
[09:05:52] [Client thread/INFO] [STDOUT]: [com.layue13.clashweave.validation.ClientReplay:viewReplay:314]: P0_VIEW COMPLETE nano=94368136682600
[09:05:52] [Client thread/INFO] [STDOUT]: [com.layue13.clashweave.validation.ClientReplay:viewReplay:314]: P0_VIEW COMPLETE nano=94368186795600
[09:05:52] [Client thread/INFO] [STDOUT]: [com.layue13.clashweave.validation.ClientReplay:viewReplay:314]: P0_VIEW COMPLETE nano=94368236819900
[09:05:52] [Client thread/INFO] [STDOUT]: [com.layue13.clashweave.validation.ClientReplay:viewReplay:314]: P0_VIEW COMPLETE nano=94368287392100
[09:05:52] [Client thread/INFO] [STDOUT]: [com.layue13.clashweave.validation.ClientReplay:viewReplay:314]: P0_VIEW COMPLETE nano=94368336607100
[09:05:52] [Client thread/INFO] [STDOUT]: [com.layue13.clashweave.validation.ClientReplay:viewReplay:314]: P0_VIEW COMPLETE nano=94368386878100
[09:05:52] [Client thread/INFO] [STDOUT]: [com.layue13.clashweave.validation.ClientReplay:viewReplay:314]: P0_VIEW COMPLETE nano=94368436770200
[09:05:52] [Client thread/INFO] [STDOUT]: [com.layue13.clashweave.validation.ClientReplay:viewReplay:314]: P0_VIEW COMPLETE nano=94368486790000
[09:05:52] [Client thread/INFO] [STDOUT]: [com.layue13.clashweave.validation.ClientReplay:viewReplay:314]: P0_VIEW COMPLETE nano=94368536896700
[09:05:52] [Client thread/INFO] [STDOUT]: [com.layue13.clashweave.validation.ClientReplay:viewReplay:314]: P0_VIEW COMPLETE nano=94368586814400
[09:05:53] [Client thread/INFO] [STDOUT]: [com.layue13.clashweave.validation.ClientReplay:viewReplay:314]: P0_VIEW COMPLETE nano=94368636990000
[09:05:53] [Client thread/INFO] [STDOUT]: [com.layue13.clashweave.validation.ClientReplay:viewReplay:314]: P0_VIEW COMPLETE nano=94368686615800
[09:05:53] [Client thread/INFO] [STDOUT]: [com.layue13.clashweave.validation.ClientReplay:viewReplay:314]: P0_VIEW COMPLETE nano=94368736820900
[09:05:53] [Client thread/INFO] [STDOUT]: [com.layue13.clashweave.validation.ClientReplay:viewReplay:314]: P0_VIEW COMPLETE nano=94368786575400
[09:05:53] [Client thread/INFO] [STDOUT]: [com.layue13.clashweave.validation.ClientReplay:viewReplay:314]: P0_VIEW COMPLETE nano=94368836777800
[09:05:53] [Client thread/INFO] [STDOUT]: [com.layue13.clashweave.validation.ClientReplay:viewReplay:314]: P0_VIEW COMPLETE nano=94368886623700
[09:05:53] [Client thread/INFO] [STDOUT]: [com.layue13.clashweave.validation.ClientReplay:viewReplay:314]: P0_VIEW COMPLETE nano=94368937014500
[09:05:53] [Client thread/INFO] [STDOUT]: [com.layue13.clashweave.validation.ClientReplay:viewReplay:314]: P0_VIEW COMPLETE nano=94368986671200
[09:05:53] [Client thread/INFO] [STDOUT]: [com.layue13.clashweave.validation.ClientReplay:viewReplay:314]: P0_VIEW COMPLETE nano=94369036756900
[09:05:53] [Client thread/INFO] [STDOUT]: [com.layue13.clashweave.validation.ClientReplay:viewReplay:314]: P0_VIEW COMPLETE nano=94369086727400
[09:05:53] [Client thread/INFO] [STDOUT]: [com.layue13.clashweave.validation.ClientReplay:viewReplay:314]: P0_VIEW COMPLETE nano=94369136957000
[09:05:53] [Client thread/INFO] [STDOUT]: [com.layue13.clashweave.validation.ClientReplay:viewReplay:314]: P0_VIEW COMPLETE nano=94369186903200
[09:05:53] [Client thread/INFO] [STDOUT]: [com.layue13.clashweave.validation.ClientReplay:viewReplay:314]: P0_VIEW COMPLETE nano=94369236547900
[09:05:53] [Client thread/INFO] [STDOUT]: [com.layue13.clashweave.validation.ClientReplay:viewReplay:314]: P0_VIEW COMPLETE nano=94369287045400
[09:05:53] [Client thread/INFO] [STDOUT]: [com.layue13.clashweave.validation.ClientReplay:viewReplay:314]: P0_VIEW COMPLETE nano=94369337338700
[09:05:53] [Client thread/INFO] [STDOUT]: [com.layue13.clashweave.validation.ClientReplay:viewReplay:314]: P0_VIEW COMPLETE nano=94369387483800
[09:05:53] [Client thread/INFO] [STDOUT]: [com.layue13.clashweave.validation.ClientReplay:viewReplay:314]: P0_VIEW COMPLETE nano=94369437107100
[09:05:53] [Client thread/INFO] [STDOUT]: [com.layue13.clashweave.validation.ClientReplay:viewReplay:314]: P0_VIEW COMPLETE nano=94369486824500
[09:05:53] [Client thread/INFO] [STDOUT]: [com.layue13.clashweave.validation.ClientReplay:viewReplay:314]: P0_VIEW COMPLETE nano=94369537390000
[09:05:53] [Client thread/INFO] [STDOUT]: [com.layue13.clashweave.validation.ClientReplay:viewReplay:314]: P0_VIEW COMPLETE nano=94369587525300
[09:05:54] [Client thread/INFO] [STDOUT]: [com.layue13.clashweave.validation.ClientReplay:viewReplay:314]: P0_VIEW COMPLETE nano=94369636711700
[09:05:54] [Client thread/INFO] [STDOUT]: [com.layue13.clashweave.validation.ClientReplay:viewReplay:314]: P0_VIEW COMPLETE nano=94369687478400
[09:05:54] [Client thread/INFO] [STDOUT]: [com.layue13.clashweave.validation.ClientReplay:viewReplay:314]: P0_VIEW COMPLETE nano=94369737348200
[09:05:54] [Client thread/INFO] [STDOUT]: [com.layue13.clashweave.validation.ClientReplay:viewReplay:314]: P0_VIEW COMPLETE nano=94369786692300
[09:05:54] [Client thread/INFO] [STDOUT]: [com.layue13.clashweave.validation.ClientReplay:viewReplay:314]: P0_VIEW COMPLETE nano=94369836799300
[09:05:54] [Client thread/INFO] [STDOUT]: [com.layue13.clashweave.validation.ClientReplay:viewReplay:314]: P0_VIEW COMPLETE nano=94369886607300
[09:05:54] [Client thread/INFO] [STDOUT]: [com.layue13.clashweave.validation.ClientReplay:viewReplay:314]: P0_VIEW COMPLETE nano=94369936630500
[09:05:54] [Client thread/INFO] [STDOUT]: [com.layue13.clashweave.validation.ClientReplay:viewReplay:314]: P0_VIEW COMPLETE nano=94369987473900
[09:05:54] [Client thread/INFO] [STDOUT]: [com.layue13.clashweave.validation.ClientReplay:viewReplay:314]: P0_VIEW COMPLETE nano=94370037462800
[09:05:54] [Client thread/INFO] [STDOUT]: [com.layue13.clashweave.validation.ClientReplay:viewReplay:314]: P0_VIEW COMPLETE nano=94370086979300
[09:05:54] [Client thread/INFO] [STDOUT]: [com.layue13.clashweave.validation.ClientReplay:viewReplay:314]: P0_VIEW COMPLETE nano=94370136675000
[09:05:54] [Client thread/INFO] [STDOUT]: [com.layue13.clashweave.validation.ClientReplay:viewReplay:314]: P0_VIEW COMPLETE nano=94370186906700
[09:05:54] [Client thread/INFO] [STDOUT]: [com.layue13.clashweave.validation.ClientReplay:viewReplay:314]: P0_VIEW COMPLETE nano=94370236962700
[09:05:54] [Client thread/INFO] [STDOUT]: [com.layue13.clashweave.validation.ClientReplay:viewReplay:314]: P0_VIEW COMPLETE nano=94370286847100
[09:05:54] [Client thread/INFO] [STDOUT]: [com.layue13.clashweave.validation.ClientReplay:viewReplay:314]: P0_VIEW COMPLETE nano=94370336557400
[09:05:54] [Client thread/INFO] [STDOUT]: [com.layue13.clashweave.validation.ClientReplay:viewReplay:314]: P0_VIEW COMPLETE nano=94370387476500
[09:05:54] [Client thread/INFO] [STDOUT]: [com.layue13.clashweave.validation.ClientReplay:viewReplay:314]: P0_VIEW COMPLETE nano=94370437209400
[09:05:54] [Client thread/INFO] [STDOUT]: [com.layue13.clashweave.validation.ClientReplay:viewReplay:314]: P0_VIEW COMPLETE nano=94370486617700
[09:05:54] [Client thread/INFO] [STDOUT]: [com.layue13.clashweave.validation.ClientReplay:viewReplay:314]: P0_VIEW COMPLETE nano=94370536741600
[09:05:54] [Client thread/INFO] [STDOUT]: [com.layue13.clashweave.validation.ClientReplay:viewReplay:314]: P0_VIEW COMPLETE nano=94370586747000
[09:05:55] [Client thread/INFO] [STDOUT]: [com.layue13.clashweave.validation.ClientReplay:viewReplay:314]: P0_VIEW COMPLETE nano=94370637367100
[09:05:55] [Client thread/INFO] [STDOUT]: [com.layue13.clashweave.validation.ClientReplay:viewReplay:314]: P0_VIEW COMPLETE nano=94370686774400
[09:05:55] [Client thread/INFO] [STDOUT]: [com.layue13.clashweave.validation.ClientReplay:viewReplay:314]: P0_VIEW COMPLETE nano=94370737426200
[09:05:55] [Client thread/INFO] [STDOUT]: [com.layue13.clashweave.validation.ClientReplay:viewReplay:314]: P0_VIEW COMPLETE nano=94370786884400
[09:05:55] [Client thread/INFO] [STDOUT]: [com.layue13.clashweave.validation.ClientReplay:viewReplay:314]: P0_VIEW COMPLETE nano=94370836665900
[09:05:55] [Client thread/INFO] [STDOUT]: [com.layue13.clashweave.validation.ClientReplay:viewReplay:314]: P0_VIEW COMPLETE nano=94370886685000
[09:05:55] [Client thread/INFO] [STDOUT]: [com.layue13.clashweave.validation.ClientReplay:viewReplay:314]: P0_VIEW COMPLETE nano=94370937208100
[09:05:55] [Client thread/INFO] [STDOUT]: [com.layue13.clashweave.validation.ClientReplay:viewReplay:314]: P0_VIEW COMPLETE nano=94370986712400
[09:05:55] [Client thread/INFO] [STDOUT]: [com.layue13.clashweave.validation.ClientReplay:viewReplay:314]: P0_VIEW COMPLETE nano=94371036675800
[09:05:55] [Client thread/INFO] [STDOUT]: [com.layue13.clashweave.validation.ClientReplay:viewReplay:314]: P0_VIEW COMPLETE nano=94371086824600
[09:05:55] [Client thread/INFO] [STDOUT]: [com.layue13.clashweave.validation.ClientReplay:viewReplay:314]: P0_VIEW COMPLETE nano=94371136850300
[09:05:55] [Client thread/INFO] [STDOUT]: [com.layue13.clashweave.validation.ClientReplay:viewReplay:314]: P0_VIEW COMPLETE nano=94371187083600
[09:05:55] [Client thread/INFO] [STDOUT]: [com.layue13.clashweave.validation.ClientReplay:viewReplay:314]: P0_VIEW COMPLETE nano=94371237010000
[09:05:55] [Client thread/INFO] [STDOUT]: [com.layue13.clashweave.validation.ClientReplay:viewReplay:314]: P0_VIEW COMPLETE nano=94371286811300
[09:05:55] [Client thread/INFO] [STDOUT]: [com.layue13.clashweave.validation.ClientReplay:viewReplay:314]: P0_VIEW COMPLETE nano=94371336820800
[09:05:55] [Client thread/INFO] [STDOUT]: [com.layue13.clashweave.validation.ClientReplay:viewReplay:314]: P0_VIEW COMPLETE nano=94371386939600
[09:05:55] [Client thread/INFO] [STDOUT]: [com.layue13.clashweave.validation.ClientReplay:viewReplay:314]: P0_VIEW COMPLETE nano=94371436656400
[09:05:55] [Client thread/INFO] [STDOUT]: [com.layue13.clashweave.validation.ClientReplay:viewReplay:314]: P0_VIEW COMPLETE nano=94371487058000
[09:05:55] [Client thread/INFO] [STDOUT]: [com.layue13.clashweave.validation.ClientReplay:viewReplay:314]: P0_VIEW COMPLETE nano=94371536969900
[09:05:55] [Client thread/INFO] [STDOUT]: [com.layue13.clashweave.validation.ClientReplay:viewReplay:314]: P0_VIEW COMPLETE nano=94371586971500
[09:05:56] [Client thread/INFO] [STDOUT]: [com.layue13.clashweave.validation.ClientReplay:viewReplay:314]: P0_VIEW COMPLETE nano=94371636700300
[09:05:56] [Client thread/INFO] [STDOUT]: [com.layue13.clashweave.validation.ClientReplay:viewReplay:314]: P0_VIEW COMPLETE nano=94371687238700
[09:05:56] [Client thread/INFO] [STDOUT]: [com.layue13.clashweave.validation.ClientReplay:viewReplay:314]: P0_VIEW COMPLETE nano=94371737456900
[09:05:56] [Client thread/INFO] [STDOUT]: [com.layue13.clashweave.validation.ClientReplay:viewReplay:314]: P0_VIEW COMPLETE nano=94371786818100
[09:05:56] [Client thread/INFO] [STDOUT]: [com.layue13.clashweave.validation.ClientReplay:viewReplay:314]: P0_VIEW COMPLETE nano=94371837069800
[09:05:56] [Client thread/INFO] [STDOUT]: [com.layue13.clashweave.validation.ClientReplay:viewReplay:314]: P0_VIEW COMPLETE nano=94371886850000
[09:05:56] [Client thread/INFO] [STDOUT]: [com.layue13.clashweave.validation.ClientReplay:viewReplay:314]: P0_VIEW COMPLETE nano=94371936840700
[09:05:56] [Client thread/INFO] [STDOUT]: [com.layue13.clashweave.validation.ClientReplay:viewReplay:314]: P0_VIEW COMPLETE nano=94371986750200
[09:05:56] [Client thread/INFO] [STDOUT]: [com.layue13.clashweave.validation.ClientReplay:viewReplay:314]: P0_VIEW COMPLETE nano=94372037260700
[09:05:56] [Client thread/INFO] [STDOUT]: [com.layue13.clashweave.validation.ClientReplay:viewReplay:314]: P0_VIEW COMPLETE nano=94372086720700
[09:05:56] [Client thread/INFO] [STDOUT]: [com.layue13.clashweave.validation.ClientReplay:viewReplay:314]: P0_VIEW COMPLETE nano=94372137317900
[09:05:56] [Client thread/INFO] [STDOUT]: [com.layue13.clashweave.validation.ClientReplay:viewReplay:314]: P0_VIEW COMPLETE nano=94372186755000
[09:05:56] [Client thread/INFO] [STDOUT]: [com.layue13.clashweave.validation.ClientReplay:viewReplay:314]: P0_VIEW COMPLETE nano=94372236640700
[09:05:56] [Client thread/INFO] [STDOUT]: [com.layue13.clashweave.validation.ClientReplay:viewReplay:314]: P0_VIEW COMPLETE nano=94372286821300
[09:05:56] [Client thread/INFO] [STDOUT]: [com.layue13.clashweave.validation.ClientReplay:viewReplay:314]: P0_VIEW COMPLETE nano=94372336851100
[09:05:56] [Client thread/INFO] [STDOUT]: [com.layue13.clashweave.validation.ClientReplay:viewReplay:314]: P0_VIEW COMPLETE nano=94372386634600
[09:05:56] [Client thread/INFO] [STDOUT]: [com.layue13.clashweave.validation.ClientReplay:viewReplay:314]: P0_VIEW COMPLETE nano=94372436838400
[09:05:56] [Client thread/INFO] [STDOUT]: [com.layue13.clashweave.validation.ClientReplay:viewReplay:314]: P0_VIEW COMPLETE nano=94372486632600
[09:05:56] [Client thread/INFO] [STDOUT]: [com.layue13.clashweave.validation.ClientReplay:viewReplay:314]: P0_VIEW COMPLETE nano=94372536832900
[09:05:56] [Client thread/INFO] [STDOUT]: [com.layue13.clashweave.validation.ClientReplay:viewReplay:314]: P0_VIEW COMPLETE nano=94372586626700
[09:05:57] [Client thread/INFO] [STDOUT]: [com.layue13.clashweave.validation.ClientReplay:viewReplay:314]: P0_VIEW COMPLETE nano=94372637043600
[09:05:57] [Client thread/INFO] [STDOUT]: [com.layue13.clashweave.validation.ClientReplay:viewReplay:314]: P0_VIEW COMPLETE nano=94372686895200
[09:05:57] [Client thread/INFO] [STDOUT]: [com.layue13.clashweave.validation.ClientReplay:viewReplay:314]: P0_VIEW COMPLETE nano=94372737116700
[09:05:57] [Client thread/INFO] [STDOUT]: [com.layue13.clashweave.validation.ClientReplay:viewReplay:314]: P0_VIEW COMPLETE nano=94372787006200
[09:05:57] [Client thread/INFO] [STDOUT]: [com.layue13.clashweave.validation.ClientReplay:viewReplay:314]: P0_VIEW COMPLETE nano=94372837560300
[09:05:57] [Client thread/INFO] [STDOUT]: [com.layue13.clashweave.validation.ClientReplay:viewReplay:314]: P0_VIEW COMPLETE nano=94372886860400
[09:05:57] [Client thread/INFO] [STDOUT]: [com.layue13.clashweave.validation.ClientReplay:viewReplay:314]: P0_VIEW COMPLETE nano=94372937292300
[09:05:57] [Client thread/INFO] [STDOUT]: [com.layue13.clashweave.validation.ClientReplay:viewReplay:314]: P0_VIEW COMPLETE nano=94372987086400
[09:05:57] [Client thread/INFO] [STDOUT]: [com.layue13.clashweave.validation.ClientReplay:viewReplay:314]: P0_VIEW COMPLETE nano=94373036851500
[09:05:57] [Client thread/INFO] [STDOUT]: [com.layue13.clashweave.validation.ClientReplay:viewReplay:314]: P0_VIEW COMPLETE nano=94373086676100
[09:05:57] [Client thread/INFO] [STDOUT]: [com.layue13.clashweave.validation.ClientReplay:viewReplay:314]: P0_VIEW COMPLETE nano=94373136976200
[09:05:57] [Client thread/INFO] [STDOUT]: [com.layue13.clashweave.validation.ClientReplay:viewReplay:314]: P0_VIEW COMPLETE nano=94373186611500
[09:05:57] [Client thread/INFO] [STDOUT]: [com.layue13.clashweave.validation.ClientReplay:viewReplay:314]: P0_VIEW COMPLETE nano=94373236905400
[09:05:57] [Client thread/INFO] [STDOUT]: [com.layue13.clashweave.validation.ClientReplay:viewReplay:314]: P0_VIEW COMPLETE nano=94373286776200
[09:05:57] [Client thread/INFO] [STDOUT]: [com.layue13.clashweave.validation.ClientReplay:viewReplay:314]: P0_VIEW COMPLETE nano=94373336773100
[09:05:57] [Client thread/INFO] [STDOUT]: [com.layue13.clashweave.validation.ClientReplay:viewReplay:314]: P0_VIEW COMPLETE nano=94373387422700
[09:05:57] [Client thread/INFO] [STDOUT]: [com.layue13.clashweave.validation.ClientReplay:viewReplay:314]: P0_VIEW COMPLETE nano=94373436967400
[09:05:57] [Client thread/INFO] [STDOUT]: [com.layue13.clashweave.validation.ClientReplay:viewReplay:314]: P0_VIEW COMPLETE nano=94373486778400
[09:05:57] [Client thread/INFO] [STDOUT]: [com.layue13.clashweave.validation.ClientReplay:viewReplay:314]: P0_VIEW COMPLETE nano=94373537271300
[09:05:57] [Client thread/INFO] [STDOUT]: [com.layue13.clashweave.validation.ClientReplay:viewReplay:314]: P0_VIEW COMPLETE nano=94373587078100
[09:05:58] [Client thread/INFO] [STDOUT]: [com.layue13.clashweave.validation.ClientReplay:viewReplay:314]: P0_VIEW COMPLETE nano=94373636856500
[09:05:58] [Client thread/INFO] [STDOUT]: [com.layue13.clashweave.validation.ClientReplay:viewReplay:314]: P0_VIEW COMPLETE nano=94373686854900
[09:05:58] [Client thread/INFO] [STDOUT]: [com.layue13.clashweave.validation.ClientReplay:viewReplay:314]: P0_VIEW COMPLETE nano=94373737498400
[09:05:58] [Client thread/INFO] [STDOUT]: [com.layue13.clashweave.validation.ClientReplay:viewReplay:314]: P0_VIEW COMPLETE nano=94373787058600
[09:05:58] [Client thread/INFO] [STDOUT]: [com.layue13.clashweave.validation.ClientReplay:viewReplay:314]: P0_VIEW COMPLETE nano=94373837111700
[09:05:58] [Client thread/INFO] [STDOUT]: [com.layue13.clashweave.validation.ClientReplay:viewReplay:314]: P0_VIEW COMPLETE nano=94373886930500
[09:05:58] [Client thread/INFO] [STDOUT]: [com.layue13.clashweave.validation.ClientReplay:viewReplay:314]: P0_VIEW COMPLETE nano=94373936955900
[09:05:58] [Client thread/INFO] [STDOUT]: [com.layue13.clashweave.validation.ClientReplay:viewReplay:314]: P0_VIEW COMPLETE nano=94373987147200
[09:05:58] [Client thread/INFO] [STDOUT]: [com.layue13.clashweave.validation.ClientReplay:viewReplay:314]: P0_VIEW COMPLETE nano=94374036872300
[09:05:58] [Client thread/INFO] [STDOUT]: [com.layue13.clashweave.validation.ClientReplay:viewReplay:314]: P0_VIEW COMPLETE nano=94374086935800
[09:05:58] [Client thread/INFO] [STDOUT]: [com.layue13.clashweave.validation.ClientReplay:viewReplay:314]: P0_VIEW COMPLETE nano=94374136914700
[09:05:58] [Client thread/INFO] [STDOUT]: [com.layue13.clashweave.validation.ClientReplay:viewReplay:314]: P0_VIEW COMPLETE nano=94374186746100
[09:05:58] [Client thread/INFO] [STDOUT]: [com.layue13.clashweave.validation.ClientReplay:viewReplay:314]: P0_VIEW COMPLETE nano=94374237793900
[09:05:58] [Client thread/INFO] [STDOUT]: [com.layue13.clashweave.validation.ClientReplay:viewReplay:314]: P0_VIEW COMPLETE nano=94374286910000
[09:05:58] [Client thread/INFO] [STDOUT]: [com.layue13.clashweave.validation.ClientReplay:viewReplay:314]: P0_VIEW COMPLETE nano=94374337211200
[09:05:58] [Client thread/INFO] [STDOUT]: [com.layue13.clashweave.validation.ClientReplay:viewReplay:314]: P0_VIEW COMPLETE nano=94374386675600
[09:05:58] [Client thread/INFO] [STDOUT]: [com.layue13.clashweave.validation.ClientReplay:viewReplay:314]: P0_VIEW COMPLETE nano=94374437146400
[09:05:58] [Client thread/INFO] [STDOUT]: [com.layue13.clashweave.validation.ClientReplay:viewReplay:314]: P0_VIEW COMPLETE nano=94374487221700
[09:05:58] [Client thread/INFO] [STDOUT]: [com.layue13.clashweave.validation.ClientReplay:viewReplay:314]: P0_VIEW COMPLETE nano=94374537290700
[09:05:58] [Client thread/INFO] [STDOUT]: [com.layue13.clashweave.validation.ClientReplay:viewReplay:314]: P0_VIEW COMPLETE nano=94374586582200
[09:05:59] [Client thread/INFO] [STDOUT]: [com.layue13.clashweave.validation.ClientReplay:viewReplay:314]: P0_VIEW COMPLETE nano=94374636773900
[09:05:59] [Client thread/INFO] [STDOUT]: [com.layue13.clashweave.validation.ClientReplay:viewReplay:314]: P0_VIEW COMPLETE nano=94374686962800
[09:05:59] [Client thread/INFO] [STDOUT]: [com.layue13.clashweave.validation.ClientReplay:viewReplay:314]: P0_VIEW COMPLETE nano=94374736692900
[09:05:59] [Client thread/INFO] [STDOUT]: [com.layue13.clashweave.validation.ClientReplay:viewReplay:314]: P0_VIEW COMPLETE nano=94374786649300
[09:05:59] [Client thread/INFO] [STDOUT]: [com.layue13.clashweave.validation.ClientReplay:viewReplay:314]: P0_VIEW COMPLETE nano=94374836805800
[09:05:59] [Client thread/INFO] [STDOUT]: [com.layue13.clashweave.validation.ClientReplay:viewReplay:314]: P0_VIEW COMPLETE nano=94374887460200
[09:05:59] [Client thread/INFO] [STDOUT]: [com.layue13.clashweave.validation.ClientReplay:viewReplay:314]: P0_VIEW COMPLETE nano=94374937841700
[09:05:59] [Client thread/INFO] [STDOUT]: [com.layue13.clashweave.validation.ClientReplay:viewReplay:314]: P0_VIEW COMPLETE nano=94374986921400
[09:05:59] [Client thread/INFO] [STDOUT]: [com.layue13.clashweave.validation.ClientReplay:viewReplay:314]: P0_VIEW COMPLETE nano=94375036981800
[09:05:59] [Client thread/INFO] [STDOUT]: [com.layue13.clashweave.validation.ClientReplay:viewReplay:314]: P0_VIEW COMPLETE nano=94375087169400
[09:05:59] [Client thread/INFO] [STDOUT]: [com.layue13.clashweave.validation.ClientReplay:viewReplay:314]: P0_VIEW COMPLETE nano=94375137039300
[09:05:59] [Client thread/INFO] [STDOUT]: [com.layue13.clashweave.validation.ClientReplay:viewReplay:314]: P0_VIEW COMPLETE nano=94375187662300
[09:05:59] [Client thread/INFO] [STDOUT]: [com.layue13.clashweave.validation.ClientReplay:viewReplay:314]: P0_VIEW COMPLETE nano=94375237415000
[09:05:59] [Client thread/INFO] [STDOUT]: [com.layue13.clashweave.validation.ClientReplay:viewReplay:314]: P0_VIEW COMPLETE nano=94375286880400
[09:05:59] [Client thread/INFO] [STDOUT]: [com.layue13.clashweave.validation.ClientReplay:viewReplay:314]: P0_VIEW COMPLETE nano=94375336739700
[09:05:59] [Client thread/INFO] [STDOUT]: [com.layue13.clashweave.validation.ClientReplay:viewReplay:314]: P0_VIEW COMPLETE nano=94375386974400
[09:05:59] [Client thread/INFO] [STDOUT]: [com.layue13.clashweave.validation.ClientReplay:viewReplay:314]: P0_VIEW COMPLETE nano=94375437209900
[09:05:59] [Client thread/INFO] [STDOUT]: [com.layue13.clashweave.validation.ClientReplay:viewReplay:314]: P0_VIEW COMPLETE nano=94375486907800
[09:05:59] [Client thread/INFO] [STDOUT]: [com.layue13.clashweave.validation.ClientReplay:viewReplay:314]: P0_VIEW COMPLETE nano=94375537583300
[09:05:59] [Client thread/INFO] [STDOUT]: [com.layue13.clashweave.validation.ClientReplay:viewReplay:314]: P0_VIEW COMPLETE nano=94375587000800
[09:06:00] [Client thread/INFO] [STDOUT]: [com.layue13.clashweave.validation.ClientReplay:viewReplay:314]: P0_VIEW COMPLETE nano=94375637613800
[09:06:00] [Client thread/INFO] [STDOUT]: [com.layue13.clashweave.validation.ClientReplay:viewReplay:314]: P0_VIEW COMPLETE nano=94375687007800
[09:06:00] [Client thread/INFO] [STDOUT]: [com.layue13.clashweave.validation.ClientReplay:viewReplay:314]: P0_VIEW COMPLETE nano=94375736750100
[09:06:00] [Client thread/INFO] [STDOUT]: [com.layue13.clashweave.validation.ClientReplay:viewReplay:314]: P0_VIEW COMPLETE nano=94375787038600
[09:06:00] [Client thread/INFO] [STDOUT]: [com.layue13.clashweave.validation.ClientReplay:viewReplay:314]: P0_VIEW COMPLETE nano=94375836912100
[09:06:00] [Client thread/INFO] [STDOUT]: [com.layue13.clashweave.validation.ClientReplay:viewReplay:314]: P0_VIEW COMPLETE nano=94375888025300
[09:06:00] [Client thread/INFO] [STDOUT]: [com.layue13.clashweave.validation.ClientReplay:viewReplay:314]: P0_VIEW COMPLETE nano=94375937065700
[09:06:00] [Client thread/INFO] [STDOUT]: [com.layue13.clashweave.validation.ClientReplay:viewReplay:314]: P0_VIEW COMPLETE nano=94375987223400
[09:06:00] [Client thread/INFO] [STDOUT]: [com.layue13.clashweave.validation.ClientReplay:viewReplay:314]: P0_VIEW COMPLETE nano=94376036969400
[09:06:00] [Client thread/INFO] [STDOUT]: [com.layue13.clashweave.validation.ClientReplay:viewReplay:314]: P0_VIEW COMPLETE nano=94376087060600
[09:06:00] [Client thread/INFO] [STDOUT]: [com.layue13.clashweave.validation.ClientReplay:viewReplay:314]: P0_VIEW COMPLETE nano=94376136967000
[09:06:00] [Client thread/INFO] [STDOUT]: [com.layue13.clashweave.validation.ClientReplay:viewReplay:314]: P0_VIEW COMPLETE nano=94376187064800
[09:06:00] [Client thread/INFO] [STDOUT]: [com.layue13.clashweave.validation.ClientReplay:viewReplay:314]: P0_VIEW COMPLETE nano=94376237535900
[09:06:00] [Client thread/INFO] [STDOUT]: [com.layue13.clashweave.validation.ClientReplay:viewReplay:314]: P0_VIEW COMPLETE nano=94376286678200
[09:06:00] [Client thread/INFO] [STDOUT]: [com.layue13.clashweave.validation.ClientReplay:viewReplay:314]: P0_VIEW COMPLETE nano=94376336833300
[09:06:00] [Client thread/INFO] [STDOUT]: [com.layue13.clashweave.validation.ClientReplay:viewReplay:314]: P0_VIEW COMPLETE nano=94376386709200
[09:06:00] [Client thread/INFO] [STDOUT]: [com.layue13.clashweave.validation.ClientReplay:viewReplay:314]: P0_VIEW COMPLETE nano=94376437017700
[09:06:00] [Client thread/INFO] [STDOUT]: [com.layue13.clashweave.validation.ClientReplay:viewReplay:314]: P0_VIEW COMPLETE nano=94376486722100
[09:06:00] [Client thread/INFO] [STDOUT]: [com.layue13.clashweave.validation.ClientReplay:viewReplay:314]: P0_VIEW COMPLETE nano=94376536658500
[09:06:00] [Client thread/INFO] [STDOUT]: [com.layue13.clashweave.validation.ClientReplay:viewReplay:314]: P0_VIEW COMPLETE nano=94376586881600
[09:06:01] [Client thread/INFO] [STDOUT]: [com.layue13.clashweave.validation.ClientReplay:viewReplay:314]: P0_VIEW COMPLETE nano=94376636675800
[09:06:01] [Client thread/INFO] [STDOUT]: [com.layue13.clashweave.validation.ClientReplay:viewReplay:314]: P0_VIEW COMPLETE nano=94376687075600
[09:06:01] [Client thread/INFO] [STDOUT]: [com.layue13.clashweave.validation.ClientReplay:viewReplay:314]: P0_VIEW COMPLETE nano=94376736727400
[09:06:01] [Client thread/INFO] [STDOUT]: [com.layue13.clashweave.validation.ClientReplay:viewReplay:314]: P0_VIEW COMPLETE nano=94376786851900
[09:06:01] [Client thread/INFO] [STDOUT]: [com.layue13.clashweave.validation.ClientReplay:viewReplay:314]: P0_VIEW COMPLETE nano=94376837565300
[09:06:01] [Client thread/INFO] [STDOUT]: [com.layue13.clashweave.validation.ClientReplay:viewReplay:314]: P0_VIEW COMPLETE nano=94376887139300
[09:06:01] [Client thread/INFO] [STDOUT]: [com.layue13.clashweave.validation.ClientReplay:viewReplay:314]: P0_VIEW COMPLETE nano=94376936675000
[09:06:01] [Client thread/INFO] [STDOUT]: [com.layue13.clashweave.validation.ClientReplay:viewReplay:314]: P0_VIEW COMPLETE nano=94376987490300
[09:06:01] [Client thread/INFO] [STDOUT]: [com.layue13.clashweave.validation.ClientReplay:viewReplay:314]: P0_VIEW COMPLETE nano=94377036664800
[09:06:01] [Client thread/INFO] [STDOUT]: [com.layue13.clashweave.validation.ClientReplay:viewReplay:314]: P0_VIEW COMPLETE nano=94377087057200
[09:06:01] [Client thread/INFO] [STDOUT]: [com.layue13.clashweave.validation.ClientReplay:viewReplay:314]: P0_VIEW COMPLETE nano=94377137036700
[09:06:01] [Client thread/INFO] [STDOUT]: [com.layue13.clashweave.validation.ClientReplay:viewReplay:314]: P0_VIEW COMPLETE nano=94377187330100
[09:06:01] [Client thread/INFO] [STDOUT]: [com.layue13.clashweave.validation.ClientReplay:viewReplay:314]: P0_VIEW COMPLETE nano=94377237242700
[09:06:01] [Client thread/INFO] [STDOUT]: [com.layue13.clashweave.validation.ClientReplay:viewReplay:314]: P0_VIEW COMPLETE nano=94377286639800
[09:06:01] [Client thread/INFO] [STDOUT]: [com.layue13.clashweave.validation.ClientReplay:viewReplay:314]: P0_VIEW COMPLETE nano=94377337523300
[09:06:01] [Client thread/INFO] [STDOUT]: [com.layue13.clashweave.validation.ClientReplay:viewReplay:314]: P0_VIEW COMPLETE nano=94377386743400
[09:06:01] [Client thread/INFO] [STDOUT]: [com.layue13.clashweave.validation.ClientReplay:viewReplay:314]: P0_VIEW COMPLETE nano=94377436670600
[09:06:01] [Client thread/INFO] [STDOUT]: [com.layue13.clashweave.validation.ClientReplay:viewReplay:314]: P0_VIEW COMPLETE nano=94377486717700
[09:06:01] [Client thread/INFO] [STDOUT]: [com.layue13.clashweave.validation.ClientReplay:viewReplay:314]: P0_VIEW COMPLETE nano=94377536772000
[09:06:01] [Client thread/INFO] [STDOUT]: [com.layue13.clashweave.validation.ClientReplay:viewReplay:314]: P0_VIEW COMPLETE nano=94377586768900
[09:06:02] [Client thread/INFO] [STDOUT]: [com.layue13.clashweave.validation.ClientReplay:viewReplay:314]: P0_VIEW COMPLETE nano=94377638061200
[09:06:02] [Client thread/INFO] [STDOUT]: [com.layue13.clashweave.validation.ClientReplay:viewReplay:314]: P0_VIEW COMPLETE nano=94377686881100
[09:06:02] [Client thread/INFO] [STDOUT]: [com.layue13.clashweave.validation.ClientReplay:viewReplay:314]: P0_VIEW COMPLETE nano=94377737333300
[09:06:02] [Client thread/INFO] [STDOUT]: [com.layue13.clashweave.validation.ClientReplay:viewReplay:314]: P0_VIEW COMPLETE nano=94377786919900
[09:06:02] [Client thread/INFO] [STDOUT]: [com.layue13.clashweave.validation.ClientReplay:viewReplay:314]: P0_VIEW COMPLETE nano=94377837126100
[09:06:02] [Client thread/INFO] [STDOUT]: [com.layue13.clashweave.validation.ClientReplay:viewReplay:314]: P0_VIEW COMPLETE nano=94377886863600
[09:06:02] [Client thread/INFO] [STDOUT]: [com.layue13.clashweave.validation.ClientReplay:viewReplay:314]: P0_VIEW COMPLETE nano=94377936957400
[09:06:02] [Client thread/INFO] [STDOUT]: [com.layue13.clashweave.validation.ClientReplay:viewReplay:314]: P0_VIEW COMPLETE nano=94377987364000
[09:06:02] [Client thread/INFO] [STDOUT]: [com.layue13.clashweave.validation.ClientReplay:viewReplay:314]: P0_VIEW COMPLETE nano=94378037165900
