# Log excerpt; complete raw log retained locally under build/p0/runs.
# Original lines: 1829
# Marker counts: {'ERROR': 3, 'CW_RENDER': 1, 'Exception': 2, 'P0_AUDIO': 64, 'CW_VIEW': 13, 'CW_ENGAGEMENT': 2, 'P0_APPEARANCE': 2, 'P0_VIEW_SEQUENCE': 40, 'P0_LOCAL_AUDIO': 20, 'CW_LOCAL_SWING': 20, 'P0_REQUEST': 61, 'CW_ALIGN': 20, 'CW_PRESENT': 188, 'P0_VIEW_START': 61, 'CW_FEEDBACK': 63, 'CW_FRAME': 63, 'P0_VIEW': 1089}
[15:58:42] [main/ERROR] [FML]: The binary patch set is missing. Either you are in a development environment, or things are not going to work!
[15:58:42] [main/ERROR] [FML]: FML appears to be missing any signature data. This is not a good thing
This is just a prompt for computer specs to be printed. THIS IS NOT A ERROR
[15:58:45] [Client thread/INFO] [STDOUT]: [com.layue13.clashweave.client.KatanaRendering:load:35]: CW_RENDER models loaded units=block blade=+Y sheath=downwardBipedY angle=45.0
[15:58:46] [Forge Version Check/INFO] [STDERR]: [java.lang.Throwable$WrappedPrintStream:println:749]: com.google.gson.JsonSyntaxException: java.lang.IllegalStateException: Expected BEGIN_OBJECT but was STRING at line 1 column 1
[15:58:46] [Forge Version Check/INFO] [STDERR]: [java.lang.Throwable$WrappedPrintStream:println:749]: Caused by: java.lang.IllegalStateException: Expected BEGIN_OBJECT but was STRING at line 1 column 1
[15:58:46] [Client thread/INFO] [STDOUT]: [com.layue13.clashweave.validation.ClientReplay:<init>:68]: P0_AUDIO initial loader settled
[15:58:51] [Client thread/INFO] [STDOUT]: [com.layue13.clashweave.client.ViewPreservingCorrections$Preserved:processPacket:73]: CW_VIEW packet=1 yawDelta=0.0 pitchDelta=0.0 requestedYawDelta=0.0 requestedPitchDelta=0.0 nano=32746805927900
[15:58:51] [Client thread/INFO] [STDOUT]: [com.layue13.clashweave.client.ViewPreservingCorrections$Preserved:processPacket:73]: CW_VIEW packet=1 yawDelta=0.0 pitchDelta=0.0 requestedYawDelta=0.0 requestedPitchDelta=0.0 nano=32746806263400
[15:58:51] [Client thread/INFO] [STDOUT]: [com.layue13.clashweave.client.ViewPreservingCorrections$Preserved:processPacket:73]: CW_VIEW packet=1 yawDelta=0.0 pitchDelta=0.0 requestedYawDelta=0.0 requestedPitchDelta=0.0 nano=32746806506800
[15:58:51] [Client thread/INFO] [STDOUT]: [com.layue13.clashweave.client.ViewPreservingCorrections$Preserved:processPacket:73]: CW_VIEW packet=1 yawDelta=0.0 pitchDelta=0.0 requestedYawDelta=0.0 requestedPitchDelta=0.0 nano=32746806747500
[15:58:51] [Client thread/INFO] [STDOUT]: [com.layue13.clashweave.client.ViewPreservingCorrections$Preserved:processPacket:73]: CW_VIEW packet=1 yawDelta=0.0 pitchDelta=0.0 requestedYawDelta=0.0 requestedPitchDelta=0.0 nano=32746806981400
[15:58:51] [Client thread/INFO] [STDOUT]: [com.layue13.clashweave.client.ViewPreservingCorrections$Preserved:processPacket:73]: CW_VIEW packet=1 yawDelta=0.0 pitchDelta=0.0 requestedYawDelta=0.0 requestedPitchDelta=0.0 nano=32746807214900
[15:58:51] [Client thread/INFO] [STDOUT]: [com.layue13.clashweave.client.ViewPreservingCorrections$Preserved:processPacket:73]: CW_VIEW packet=1 yawDelta=0.0 pitchDelta=0.0 requestedYawDelta=0.0 requestedPitchDelta=0.0 nano=32746807413600
[15:58:51] [Client thread/INFO] [STDOUT]: [com.layue13.clashweave.client.ViewPreservingCorrections$Preserved:processPacket:73]: CW_VIEW packet=1 yawDelta=0.0 pitchDelta=0.0 requestedYawDelta=0.0 requestedPitchDelta=0.0 nano=32746807629500
[15:58:51] [Client thread/INFO] [STDOUT]: [com.layue13.clashweave.client.ViewPreservingCorrections$Preserved:processPacket:73]: CW_VIEW packet=1 yawDelta=0.0 pitchDelta=0.0 requestedYawDelta=0.0 requestedPitchDelta=0.0 nano=32746807841300
[15:58:51] [Client thread/INFO] [STDOUT]: [com.layue13.clashweave.client.ViewPreservingCorrections$Preserved:processPacket:73]: CW_VIEW packet=1 yawDelta=0.0 pitchDelta=0.0 requestedYawDelta=0.0 requestedPitchDelta=0.0 nano=32746808053400
[15:58:51] [Client thread/INFO] [STDOUT]: [com.layue13.clashweave.client.ViewPreservingCorrections$Preserved:processPacket:73]: CW_VIEW packet=1 yawDelta=0.0 pitchDelta=0.0 requestedYawDelta=0.0 requestedPitchDelta=0.0 nano=32746808264100
[15:58:51] [Client thread/INFO] [STDOUT]: [com.layue13.clashweave.client.ViewPreservingCorrections$Preserved:processPacket:73]: CW_VIEW packet=1 yawDelta=0.0 pitchDelta=0.0 requestedYawDelta=0.0 requestedPitchDelta=0.0 nano=32746808472100
[15:58:51] [Client thread/INFO] [STDOUT]: [com.layue13.clashweave.client.ClientProxy:apply:239]: CW_ENGAGEMENT player=P0A engaged=false revision=1 tick=180 receive=32747128090100
[15:58:51] [Client thread/INFO] [STDOUT]: [com.layue13.clashweave.validation.ClientReplay:tick:95]: P0_APPEARANCE entity=0 skin=clashweave:katana effects=clashweave:default animations=clashweave:katana style=katana
[15:59:01] [Client thread/INFO] [STDOUT]: [com.layue13.clashweave.client.ClientProxy:apply:239]: CW_ENGAGEMENT player=P0A engaged=true revision=3 tick=393 receive=32756849294900
[15:59:01] [Client thread/INFO] [STDOUT]: [com.layue13.clashweave.validation.ClientReplay:tick:95]: P0_APPEARANCE entity=67693 skin=clashweave:katana effects=clashweave:default animations=clashweave:katana style=katana
[15:59:06] [Client thread/INFO] [STDOUT]: [com.layue13.clashweave.validation.ClientReplay:viewReplay:286]: P0_VIEW_SEQUENCE begin=1 nano=32761978340700
[15:59:06] [Client thread/INFO] [STDOUT]: [com.layue13.clashweave.validation.ClientReplay:audio:399]: P0_LOCAL_AUDIO nano=32761991677400
[15:59:06] [Client thread/INFO] [STDOUT]: [com.layue13.clashweave.client.ClientProxy:send:156]: CW_LOCAL_SWING seq=2 press=32761991451400 feedback=32761993818100
[15:59:06] [Client thread/INFO] [STDOUT]: [com.layue13.clashweave.validation.ClientReplay:request:301]: P0_REQUEST intent=LIGHT yaw=7.35873 pitch=-1.06162 nano=32761994088000
[15:59:06] [Client thread/INFO] [STDOUT]: [com.layue13.clashweave.client.ClientProxy:apply:253]: CW_ALIGN player=P0A seq=2 predicted=0 authoritative=0 sameAction=true
[15:59:06] [Client thread/INFO] [STDOUT]: [com.layue13.clashweave.client.ClientProxy:tick:183]: CW_PRESENT id=1 kind=DRAW actor=0 owner=0
[15:59:06] [Client thread/INFO] [STDOUT]: [com.layue13.clashweave.client.ClientProxy:tick:183]: CW_PRESENT id=2 kind=SWING actor=0 owner=0
[15:59:06] [Client thread/INFO] [STDOUT]: [com.layue13.clashweave.validation.ClientReplay:viewReplay:265]: P0_VIEW_START sequence=1 instance=1 yawDelta=0.0 pitchDelta=0.0 yaw=7.4818435 pitch=-1.1118412 nano=32762079894000
[15:59:06] [Client thread/INFO] [STDOUT]: [com.layue13.clashweave.client.ClientProxy:apply:298]: CW_FEEDBACK player=P0A result=HIT frozen=32762284040000 receive=32762328277200 corrections=0
[15:59:06] [Client thread/INFO] [STDOUT]: [com.layue13.clashweave.validation.ClientReplay:audio:400]: P0_AUDIO source=random.successful_hit frozen=32762284040000 nano=32762328672200
[15:59:06] [Client thread/INFO] [STDOUT]: [com.layue13.clashweave.client.ClientProxy:tick:183]: CW_PRESENT id=3 kind=HIT actor=0 owner=0
[15:59:06] [Client thread/INFO] [STDOUT]: [com.layue13.clashweave.client.ClientProxy:tick:183]: CW_PRESENT id=4 kind=HURT actor=68342 owner=0
[15:59:06] [Client thread/INFO] [STDOUT]: [com.layue13.clashweave.client.ClientProxy:hud:361]: CW_FRAME frozen=32762284040000 frame=32762332045800
[15:59:06] [Client thread/INFO] [STDOUT]: [com.layue13.clashweave.validation.ClientReplay:request:301]: P0_REQUEST intent=LIGHT yaw=8.206816 pitch=-1.4841107 nano=32762378552800
[15:59:06] [Client thread/INFO] [STDOUT]: [com.layue13.clashweave.client.ClientProxy:tick:183]: CW_PRESENT id=5 kind=SWING actor=0 owner=0
[15:59:06] [Client thread/INFO] [STDOUT]: [com.layue13.clashweave.validation.ClientReplay:viewReplay:265]: P0_VIEW_START sequence=1 instance=2 yawDelta=0.0 pitchDelta=0.0 yaw=8.29006 pitch=-1.5398532 nano=32762478656500
[15:59:06] [Client thread/INFO] [STDOUT]: [com.layue13.clashweave.client.ClientProxy:apply:298]: CW_FEEDBACK player=P0A result=HIT frozen=32762284361400 receive=32762530087500 corrections=0
[15:59:06] [Client thread/INFO] [STDOUT]: [com.layue13.clashweave.validation.ClientReplay:audio:400]: P0_AUDIO source=random.successful_hit frozen=32762284361400 nano=32762531834300
[15:59:06] [Client thread/INFO] [STDOUT]: [com.layue13.clashweave.client.ClientProxy:tick:183]: CW_PRESENT id=6 kind=HIT actor=0 owner=0
[15:59:06] [Client thread/INFO] [STDOUT]: [com.layue13.clashweave.client.ClientProxy:tick:183]: CW_PRESENT id=7 kind=HURT actor=67693 owner=0
[15:59:06] [Client thread/INFO] [STDOUT]: [com.layue13.clashweave.client.ClientProxy:hud:361]: CW_FRAME frozen=32762284361400 frame=32762532695800
[15:59:07] [Client thread/INFO] [STDOUT]: [com.layue13.clashweave.client.ClientProxy:apply:298]: CW_FEEDBACK player=P0A result=HIT frozen=32762630319100 receive=32762678086700 corrections=0
[15:59:07] [Client thread/INFO] [STDOUT]: [com.layue13.clashweave.validation.ClientReplay:audio:400]: P0_AUDIO source=random.successful_hit frozen=32762630319100 nano=32762678409100
[15:59:07] [Client thread/INFO] [STDOUT]: [com.layue13.clashweave.client.ClientProxy:tick:183]: CW_PRESENT id=8 kind=HIT actor=0 owner=0
[15:59:07] [Client thread/INFO] [STDOUT]: [com.layue13.clashweave.client.ClientProxy:tick:183]: CW_PRESENT id=9 kind=HURT actor=68342 owner=0
[15:59:07] [Client thread/INFO] [STDOUT]: [com.layue13.clashweave.client.ClientProxy:hud:361]: CW_FRAME frozen=32762630319100 frame=32762679141600
[15:59:07] [Client thread/INFO] [STDOUT]: [com.layue13.clashweave.validation.ClientReplay:request:301]: P0_REQUEST intent=LIGHT yaw=8.67766 pitch=-1.884354 nano=32762729337700
[15:59:07] [Client thread/INFO] [STDOUT]: [com.layue13.clashweave.client.ClientProxy:apply:298]: CW_FEEDBACK player=P0A result=HIT frozen=32762630654600 receive=32762828507600 corrections=0
[15:59:07] [Client thread/INFO] [STDOUT]: [com.layue13.clashweave.client.ClientProxy:tick:183]: CW_PRESENT id=10 kind=SWING actor=0 owner=0
[15:59:07] [Client thread/INFO] [STDOUT]: [com.layue13.clashweave.validation.ClientReplay:audio:400]: P0_AUDIO source=random.successful_hit frozen=32762630654600 nano=32762828966600
[15:59:07] [Client thread/INFO] [STDOUT]: [com.layue13.clashweave.client.ClientProxy:tick:183]: CW_PRESENT id=11 kind=HIT actor=0 owner=0
[15:59:07] [Client thread/INFO] [STDOUT]: [com.layue13.clashweave.client.ClientProxy:tick:183]: CW_PRESENT id=12 kind=HURT actor=67693 owner=0
[15:59:07] [Client thread/INFO] [STDOUT]: [com.layue13.clashweave.validation.ClientReplay:viewReplay:265]: P0_VIEW_START sequence=1 instance=3 yawDelta=0.0 pitchDelta=0.0 yaw=8.723238 pitch=-1.9431101 nano=32762829454600
[15:59:07] [Client thread/INFO] [STDOUT]: [com.layue13.clashweave.client.ClientProxy:hud:361]: CW_FRAME frozen=32762630654600 frame=32762829811800
[15:59:07] [Client thread/INFO] [STDOUT]: [com.layue13.clashweave.client.ClientProxy:apply:298]: CW_FEEDBACK player=P0A result=HIT frozen=32762932918300 receive=32762979198000 corrections=0
[15:59:07] [Client thread/INFO] [STDOUT]: [com.layue13.clashweave.validation.ClientReplay:audio:400]: P0_AUDIO source=random.successful_hit frozen=32762932918300 nano=32762979492600
[15:59:07] [Client thread/INFO] [STDOUT]: [com.layue13.clashweave.client.ClientProxy:hud:361]: CW_FRAME frozen=32762932918300 frame=32762980380200
[15:59:07] [Client thread/INFO] [STDOUT]: [com.layue13.clashweave.validation.ClientReplay:request:301]: P0_REQUEST intent=LIGHT yaw=8.867849 pitch=-2.2404325 nano=32763028343500
[15:59:07] [Client thread/INFO] [STDOUT]: [com.layue13.clashweave.validation.ClientReplay:viewReplay:265]: P0_VIEW_START sequence=1 instance=4 yawDelta=0.0 pitchDelta=0.0 yaw=8.87999 pitch=-2.3003452 nano=32763128849800
[15:59:07] [Client thread/INFO] [STDOUT]: [com.layue13.clashweave.client.ClientProxy:apply:298]: CW_FEEDBACK player=P0A result=HIT frozen=32763283169500 receive=32763329358900 corrections=0
[15:59:07] [Client thread/INFO] [STDOUT]: [com.layue13.clashweave.validation.ClientReplay:audio:400]: P0_AUDIO source=random.successful_hit frozen=32763283169500 nano=32763329785300
[15:59:07] [Client thread/INFO] [STDOUT]: [com.layue13.clashweave.client.ClientProxy:hud:361]: CW_FRAME frozen=32763283169500 frame=32763330558200
[15:59:08] [Client thread/INFO] [STDOUT]: [com.layue13.clashweave.validation.ClientReplay:viewReplay:278]: P0_VIEW_SEQUENCE completed=1 nano=32763828831900
[15:59:08] [Client thread/INFO] [STDOUT]: [com.layue13.clashweave.validation.ClientReplay:viewReplay:286]: P0_VIEW_SEQUENCE begin=2 nano=32763978858300
[15:59:08] [Client thread/INFO] [STDOUT]: [com.layue13.clashweave.validation.ClientReplay:audio:399]: P0_LOCAL_AUDIO nano=32763980002800
[15:59:08] [Client thread/INFO] [STDOUT]: [com.layue13.clashweave.client.ClientProxy:send:156]: CW_LOCAL_SWING seq=10 press=32763979853700 feedback=32763980204400
[15:59:08] [Client thread/INFO] [STDOUT]: [com.layue13.clashweave.validation.ClientReplay:request:301]: P0_REQUEST intent=LIGHT yaw=8.147107 pitch=-3.3533003 nano=32763980393400
[15:59:08] [Client thread/INFO] [STDOUT]: [com.layue13.clashweave.client.ClientProxy:apply:253]: CW_ALIGN player=P0A seq=10 predicted=0 authoritative=0 sameAction=true
[15:59:08] [Client thread/INFO] [STDOUT]: [com.layue13.clashweave.validation.ClientReplay:viewReplay:265]: P0_VIEW_START sequence=2 instance=5 yawDelta=0.0 pitchDelta=0.0 yaw=8.147107 pitch=-3.3533003 nano=32764029569000
[15:59:08] [Client thread/INFO] [STDOUT]: [com.layue13.clashweave.client.ClientProxy:apply:298]: CW_FEEDBACK player=P0A result=HIT frozen=32764182965300 receive=32764228181000 corrections=0
[15:59:08] [Client thread/INFO] [STDOUT]: [com.layue13.clashweave.validation.ClientReplay:audio:400]: P0_AUDIO source=random.successful_hit frozen=32764182965300 nano=32764228560500
[15:59:08] [Client thread/INFO] [STDOUT]: [com.layue13.clashweave.client.ClientProxy:hud:361]: CW_FRAME frozen=32764182965300 frame=32764229405900
[15:59:08] [Client thread/INFO] [STDOUT]: [com.layue13.clashweave.validation.ClientReplay:request:301]: P0_REQUEST intent=LIGHT yaw=7.520068 pitch=-3.6717412 nano=32764278814300
[15:59:08] [Client thread/INFO] [STDOUT]: [com.layue13.clashweave.validation.ClientReplay:viewReplay:265]: P0_VIEW_START sequence=2 instance=6 yawDelta=0.0 pitchDelta=0.0 yaw=7.398458 pitch=-3.7222223 nano=32764378464500
[15:59:08] [Client thread/INFO] [STDOUT]: [com.layue13.clashweave.client.ClientProxy:apply:298]: CW_FEEDBACK player=P0A result=HIT frozen=32764481570200 receive=32764528704900 corrections=0
[15:59:08] [Client thread/INFO] [STDOUT]: [com.layue13.clashweave.validation.ClientReplay:audio:400]: P0_AUDIO source=random.successful_hit frozen=32764481570200 nano=32764529034300
[15:59:08] [Client thread/INFO] [STDOUT]: [com.layue13.clashweave.client.ClientProxy:hud:361]: CW_FRAME frozen=32764481570200 frame=32764529844200
[15:59:08] [Client thread/INFO] [STDOUT]: [com.layue13.clashweave.validation.ClientReplay:request:301]: P0_REQUEST intent=LIGHT yaw=6.7216177 pitch=-3.961619 nano=32764580771700
[15:59:09] [Client thread/INFO] [STDOUT]: [com.layue13.clashweave.validation.ClientReplay:viewReplay:265]: P0_VIEW_START sequence=2 instance=7 yawDelta=0.0 pitchDelta=0.0 yaw=6.573084 pitch=-4.006687 nano=32764678436600
[15:59:09] [Client thread/INFO] [STDOUT]: [com.layue13.clashweave.client.ClientProxy:apply:298]: CW_FEEDBACK player=P0A result=HIT frozen=32764831746300 receive=32764878003700 corrections=0
[15:59:09] [Client thread/INFO] [STDOUT]: [com.layue13.clashweave.validation.ClientReplay:audio:400]: P0_AUDIO source=random.successful_hit frozen=32764831746300 nano=32764878303900
[15:59:09] [Client thread/INFO] [STDOUT]: [com.layue13.clashweave.client.ClientProxy:hud:361]: CW_FRAME frozen=32764831746300 frame=32764879218500
[15:59:09] [Client thread/INFO] [STDOUT]: [com.layue13.clashweave.validation.ClientReplay:viewReplay:278]: P0_VIEW_SEQUENCE completed=2 nano=32765378160700
[15:59:09] [Client thread/INFO] [STDOUT]: [com.layue13.clashweave.validation.ClientReplay:viewReplay:286]: P0_VIEW_SEQUENCE begin=3 nano=32765478245700
[15:59:09] [Client thread/INFO] [STDOUT]: [com.layue13.clashweave.validation.ClientReplay:audio:399]: P0_LOCAL_AUDIO nano=32765478627000
[15:59:09] [Client thread/INFO] [STDOUT]: [com.layue13.clashweave.client.ClientProxy:send:156]: CW_LOCAL_SWING seq=16 press=32765478490400 feedback=32765478887500
[15:59:09] [Client thread/INFO] [STDOUT]: [com.layue13.clashweave.validation.ClientReplay:request:301]: P0_REQUEST intent=LIGHT yaw=3.4938688 pitch=-4.598839 nano=32765479073900
[15:59:09] [Client thread/INFO] [STDOUT]: [com.layue13.clashweave.client.ClientProxy:apply:253]: CW_ALIGN player=P0A seq=16 predicted=0 authoritative=0 sameAction=true
[15:59:09] [Client thread/INFO] [STDOUT]: [com.layue13.clashweave.validation.ClientReplay:viewReplay:265]: P0_VIEW_START sequence=3 instance=8 yawDelta=0.0 pitchDelta=0.0 yaw=3.4938688 pitch=-4.598839 nano=32765528476900
[15:59:10] [Client thread/INFO] [STDOUT]: [com.layue13.clashweave.client.ClientProxy:apply:298]: CW_FEEDBACK player=P0A result=HIT frozen=32765682624200 receive=32765728751900 corrections=0
[15:59:10] [Client thread/INFO] [STDOUT]: [com.layue13.clashweave.validation.ClientReplay:audio:400]: P0_AUDIO source=random.successful_hit frozen=32765682624200 nano=32765729070800
[15:59:10] [Client thread/INFO] [STDOUT]: [com.layue13.clashweave.client.ClientProxy:hud:361]: CW_FRAME frozen=32765682624200 frame=32765729810000
[15:59:10] [Client thread/INFO] [STDOUT]: [com.layue13.clashweave.validation.ClientReplay:request:301]: P0_REQUEST intent=LIGHT yaw=2.22109 pitch=-4.717861 nano=32765778048600
[15:59:10] [Client thread/INFO] [STDOUT]: [com.layue13.clashweave.validation.ClientReplay:viewReplay:265]: P0_VIEW_START sequence=3 instance=9 yawDelta=0.0 pitchDelta=0.0 yaw=2.0030725 pitch=-4.7326927 nano=32765878896800
[15:59:10] [Client thread/INFO] [STDOUT]: [com.layue13.clashweave.client.ClientProxy:apply:298]: CW_FEEDBACK player=P0A result=HIT frozen=32765981322000 receive=32766028342900 corrections=0
[15:59:10] [Client thread/INFO] [STDOUT]: [com.layue13.clashweave.validation.ClientReplay:audio:400]: P0_AUDIO source=random.successful_hit frozen=32765981322000 nano=32766028645000
[15:59:10] [Client thread/INFO] [STDOUT]: [com.layue13.clashweave.client.ClientProxy:hud:361]: CW_FRAME frozen=32765981322000 frame=32766029440400
[15:59:10] [Client thread/INFO] [STDOUT]: [com.layue13.clashweave.validation.ClientReplay:request:301]: P0_REQUEST intent=LIGHT yaw=0.8959039 pitch=-4.7848268 nano=32766078710300
[15:59:10] [Client thread/INFO] [STDOUT]: [com.layue13.clashweave.validation.ClientReplay:viewReplay:265]: P0_VIEW_START sequence=3 instance=10 yawDelta=0.0 pitchDelta=0.0 yaw=0.672023 pitch=-4.7908034 nano=32766178443200
[15:59:10] [Client thread/INFO] [STDOUT]: [com.layue13.clashweave.client.ClientProxy:apply:298]: CW_FEEDBACK player=P0A result=HIT frozen=32766331820300 receive=32766378568900 corrections=0
[15:59:10] [Client thread/INFO] [STDOUT]: [com.layue13.clashweave.client.ClientProxy:hud:361]: CW_FRAME frozen=32766331820300 frame=32766379794100
[15:59:11] [Client thread/INFO] [STDOUT]: [com.layue13.clashweave.validation.ClientReplay:viewReplay:278]: P0_VIEW_SEQUENCE completed=3 nano=32766878374700
[15:59:11] [Client thread/INFO] [STDOUT]: [com.layue13.clashweave.validation.ClientReplay:viewReplay:286]: P0_VIEW_SEQUENCE begin=4 nano=32766978222500
[15:59:11] [Client thread/INFO] [STDOUT]: [com.layue13.clashweave.validation.ClientReplay:audio:399]: P0_LOCAL_AUDIO nano=32766978782800
[15:59:11] [Client thread/INFO] [STDOUT]: [com.layue13.clashweave.client.ClientProxy:send:156]: CW_LOCAL_SWING seq=22 press=32766978604200 feedback=32766979047100
[15:59:11] [Client thread/INFO] [STDOUT]: [com.layue13.clashweave.validation.ClientReplay:request:301]: P0_REQUEST intent=LIGHT yaw=-3.0946279 pitch=-4.6643634 nano=32766979251100
[15:59:11] [Client thread/INFO] [STDOUT]: [com.layue13.clashweave.client.ClientProxy:apply:253]: CW_ALIGN player=P0A seq=22 predicted=0 authoritative=0 sameAction=true
[15:59:11] [Client thread/INFO] [STDOUT]: [com.layue13.clashweave.validation.ClientReplay:viewReplay:265]: P0_VIEW_START sequence=4 instance=11 yawDelta=0.0 pitchDelta=0.0 yaw=-3.0946279 pitch=-4.6643634 nano=32767029363900
[15:59:11] [Client thread/INFO] [STDOUT]: [com.layue13.clashweave.validation.ClientReplay:request:301]: P0_REQUEST intent=LIGHT yaw=-4.330145 pitch=-4.5200977 nano=32767278556400
[15:59:11] [Client thread/INFO] [STDOUT]: [com.layue13.clashweave.validation.ClientReplay:viewReplay:265]: P0_VIEW_START sequence=4 instance=12 yawDelta=0.0 pitchDelta=0.0 yaw=-4.527577 pitch=-4.4913206 nano=32767379898000
[15:59:12] [Client thread/INFO] [STDOUT]: [com.layue13.clashweave.validation.ClientReplay:viewReplay:278]: P0_VIEW_SEQUENCE completed=4 nano=32768345716300
[15:59:12] [Client thread/INFO] [STDOUT]: [com.layue13.clashweave.validation.ClientReplay:viewReplay:286]: P0_VIEW_SEQUENCE begin=5 nano=32768494975600
[15:59:12] [Client thread/INFO] [STDOUT]: [com.layue13.clashweave.validation.ClientReplay:audio:399]: P0_LOCAL_AUDIO nano=32768495398900
[15:59:12] [Client thread/INFO] [STDOUT]: [com.layue13.clashweave.client.ClientProxy:send:156]: CW_LOCAL_SWING seq=28 press=32768495268900 feedback=32768495652200
[15:59:12] [Client thread/INFO] [STDOUT]: [com.layue13.clashweave.client.ClientProxy:apply:253]: CW_ALIGN player=P0A seq=28 predicted=0 authoritative=0 sameAction=true
[15:59:14] [Client thread/INFO] [STDOUT]: [com.layue13.clashweave.validation.ClientReplay:viewReplay:278]: P0_VIEW_SEQUENCE completed=5 nano=32769895217899
[15:59:14] [Client thread/INFO] [STDOUT]: [com.layue13.clashweave.validation.ClientReplay:viewReplay:286]: P0_VIEW_SEQUENCE begin=6 nano=32769995557500
[15:59:14] [Client thread/INFO] [STDOUT]: [com.layue13.clashweave.validation.ClientReplay:audio:399]: P0_LOCAL_AUDIO nano=32769996000799
[15:59:14] [Client thread/INFO] [STDOUT]: [com.layue13.clashweave.client.ClientProxy:send:156]: CW_LOCAL_SWING seq=34 press=32769995849100 feedback=32769996222800
[15:59:14] [Client thread/INFO] [STDOUT]: [com.layue13.clashweave.client.ClientProxy:apply:253]: CW_ALIGN player=P0A seq=34 predicted=0 authoritative=0 sameAction=true
[15:59:15] [Client thread/INFO] [STDOUT]: [com.layue13.clashweave.validation.ClientReplay:viewReplay:278]: P0_VIEW_SEQUENCE completed=6 nano=32771395935000
[15:59:15] [Client thread/INFO] [STDOUT]: [com.layue13.clashweave.validation.ClientReplay:audio:399]: P0_LOCAL_AUDIO nano=32771495232700
[15:59:15] [Client thread/INFO] [STDOUT]: [com.layue13.clashweave.client.ClientProxy:send:156]: CW_LOCAL_SWING seq=40 press=32771495093200 feedback=32771495444000
[15:59:15] [Client thread/INFO] [STDOUT]: [com.layue13.clashweave.client.ClientProxy:apply:253]: CW_ALIGN player=P0A seq=40 predicted=0 authoritative=0 sameAction=true
[15:59:17] [Client thread/INFO] [STDOUT]: [com.layue13.clashweave.validation.ClientReplay:audio:399]: P0_LOCAL_AUDIO nano=32772995370200
[15:59:17] [Client thread/INFO] [STDOUT]: [com.layue13.clashweave.client.ClientProxy:send:156]: CW_LOCAL_SWING seq=46 press=32772995232399 feedback=32772995620499
[15:59:17] [Client thread/INFO] [STDOUT]: [com.layue13.clashweave.client.ClientProxy:apply:253]: CW_ALIGN player=P0A seq=46 predicted=0 authoritative=0 sameAction=true
[15:59:18] [Client thread/INFO] [STDOUT]: [com.layue13.clashweave.validation.ClientReplay:audio:399]: P0_LOCAL_AUDIO nano=32774495709700
[15:59:18] [Client thread/INFO] [STDOUT]: [com.layue13.clashweave.client.ClientProxy:send:156]: CW_LOCAL_SWING seq=52 press=32774495567300 feedback=32774495929600
[15:59:18] [Client thread/INFO] [STDOUT]: [com.layue13.clashweave.client.ClientProxy:apply:253]: CW_ALIGN player=P0A seq=52 predicted=0 authoritative=0 sameAction=true
[15:59:20] [Client thread/INFO] [STDOUT]: [com.layue13.clashweave.validation.ClientReplay:audio:399]: P0_LOCAL_AUDIO nano=32775987525800
[15:59:20] [Client thread/INFO] [STDOUT]: [com.layue13.clashweave.client.ClientProxy:send:156]: CW_LOCAL_SWING seq=58 press=32775987395800 feedback=32775987728100
[15:59:20] [Client thread/INFO] [STDOUT]: [com.layue13.clashweave.client.ClientProxy:apply:253]: CW_ALIGN player=P0A seq=58 predicted=0 authoritative=0 sameAction=true
[15:59:21] [Client thread/INFO] [STDOUT]: [com.layue13.clashweave.validation.ClientReplay:audio:399]: P0_LOCAL_AUDIO nano=32777487530699
[15:59:21] [Client thread/INFO] [STDOUT]: [com.layue13.clashweave.client.ClientProxy:send:156]: CW_LOCAL_SWING seq=64 press=32777487403400 feedback=32777487842399
[15:59:21] [Client thread/INFO] [STDOUT]: [com.layue13.clashweave.client.ClientProxy:apply:253]: CW_ALIGN player=P0A seq=64 predicted=0 authoritative=0 sameAction=true
[15:59:23] [Client thread/INFO] [STDOUT]: [com.layue13.clashweave.validation.ClientReplay:audio:399]: P0_LOCAL_AUDIO nano=32778987550100
[15:59:23] [Client thread/INFO] [STDOUT]: [com.layue13.clashweave.client.ClientProxy:send:156]: CW_LOCAL_SWING seq=70 press=32778987388700 feedback=32778987809500
[15:59:23] [Client thread/INFO] [STDOUT]: [com.layue13.clashweave.client.ClientProxy:apply:253]: CW_ALIGN player=P0A seq=70 predicted=0 authoritative=0 sameAction=true
[15:59:36] [Client thread/INFO] [STDOUT]: [com.layue13.clashweave.validation.ClientReplay:viewReplay:295]: P0_VIEW COMPLETE nano=32792388431000
[15:59:36] [Client thread/INFO] [STDOUT]: [com.layue13.clashweave.validation.ClientReplay:viewReplay:295]: P0_VIEW COMPLETE nano=32792438314900
[15:59:36] [Client thread/INFO] [STDOUT]: [com.layue13.clashweave.validation.ClientReplay:viewReplay:295]: P0_VIEW COMPLETE nano=32792488112699
[15:59:36] [Client thread/INFO] [STDOUT]: [com.layue13.clashweave.validation.ClientReplay:viewReplay:295]: P0_VIEW COMPLETE nano=32792538114400
[15:59:36] [Client thread/INFO] [STDOUT]: [com.layue13.clashweave.validation.ClientReplay:viewReplay:295]: P0_VIEW COMPLETE nano=32792588306600
[15:59:37] [Client thread/INFO] [STDOUT]: [com.layue13.clashweave.validation.ClientReplay:viewReplay:295]: P0_VIEW COMPLETE nano=32792637977300
[15:59:37] [Client thread/INFO] [STDOUT]: [com.layue13.clashweave.validation.ClientReplay:viewReplay:295]: P0_VIEW COMPLETE nano=32792689082899
[15:59:37] [Client thread/INFO] [STDOUT]: [com.layue13.clashweave.validation.ClientReplay:viewReplay:295]: P0_VIEW COMPLETE nano=32792738559100
[15:59:37] [Client thread/INFO] [STDOUT]: [com.layue13.clashweave.validation.ClientReplay:viewReplay:295]: P0_VIEW COMPLETE nano=32792788184899
[15:59:37] [Client thread/INFO] [STDOUT]: [com.layue13.clashweave.validation.ClientReplay:viewReplay:295]: P0_VIEW COMPLETE nano=32792838523100
[15:59:37] [Client thread/INFO] [STDOUT]: [com.layue13.clashweave.validation.ClientReplay:viewReplay:295]: P0_VIEW COMPLETE nano=32792888459299
[15:59:37] [Client thread/INFO] [STDOUT]: [com.layue13.clashweave.validation.ClientReplay:viewReplay:295]: P0_VIEW COMPLETE nano=32792938279600
[15:59:37] [Client thread/INFO] [STDOUT]: [com.layue13.clashweave.validation.ClientReplay:viewReplay:295]: P0_VIEW COMPLETE nano=32792988465399
[15:59:37] [Client thread/INFO] [STDOUT]: [com.layue13.clashweave.validation.ClientReplay:viewReplay:295]: P0_VIEW COMPLETE nano=32793038648399
[15:59:37] [Client thread/INFO] [STDOUT]: [com.layue13.clashweave.validation.ClientReplay:viewReplay:295]: P0_VIEW COMPLETE nano=32793088067600
[15:59:37] [Client thread/INFO] [STDOUT]: [com.layue13.clashweave.validation.ClientReplay:viewReplay:295]: P0_VIEW COMPLETE nano=32793138196400
[15:59:37] [Client thread/INFO] [STDOUT]: [com.layue13.clashweave.validation.ClientReplay:viewReplay:295]: P0_VIEW COMPLETE nano=32793188442100
[15:59:37] [Client thread/INFO] [STDOUT]: [com.layue13.clashweave.validation.ClientReplay:viewReplay:295]: P0_VIEW COMPLETE nano=32793238704700
[15:59:37] [Client thread/INFO] [STDOUT]: [com.layue13.clashweave.validation.ClientReplay:viewReplay:295]: P0_VIEW COMPLETE nano=32793288124400
[15:59:37] [Client thread/INFO] [STDOUT]: [com.layue13.clashweave.validation.ClientReplay:viewReplay:295]: P0_VIEW COMPLETE nano=32793338814100
[15:59:37] [Client thread/INFO] [STDOUT]: [com.layue13.clashweave.validation.ClientReplay:viewReplay:295]: P0_VIEW COMPLETE nano=32793388198499
[15:59:37] [Client thread/INFO] [STDOUT]: [com.layue13.clashweave.validation.ClientReplay:viewReplay:295]: P0_VIEW COMPLETE nano=32793437923100
[15:59:37] [Client thread/INFO] [STDOUT]: [com.layue13.clashweave.validation.ClientReplay:viewReplay:295]: P0_VIEW COMPLETE nano=32793488164299
[15:59:37] [Client thread/INFO] [STDOUT]: [com.layue13.clashweave.validation.ClientReplay:viewReplay:295]: P0_VIEW COMPLETE nano=32793538259399
[15:59:37] [Client thread/INFO] [STDOUT]: [com.layue13.clashweave.validation.ClientReplay:viewReplay:295]: P0_VIEW COMPLETE nano=32793588227000
[15:59:38] [Client thread/INFO] [STDOUT]: [com.layue13.clashweave.validation.ClientReplay:viewReplay:295]: P0_VIEW COMPLETE nano=32793638242800
[15:59:38] [Client thread/INFO] [STDOUT]: [com.layue13.clashweave.validation.ClientReplay:viewReplay:295]: P0_VIEW COMPLETE nano=32793688393300
[15:59:38] [Client thread/INFO] [STDOUT]: [com.layue13.clashweave.validation.ClientReplay:viewReplay:295]: P0_VIEW COMPLETE nano=32793738126200
[15:59:38] [Client thread/INFO] [STDOUT]: [com.layue13.clashweave.validation.ClientReplay:viewReplay:295]: P0_VIEW COMPLETE nano=32793788151900
[15:59:38] [Client thread/INFO] [STDOUT]: [com.layue13.clashweave.validation.ClientReplay:viewReplay:295]: P0_VIEW COMPLETE nano=32793838172000
[15:59:38] [Client thread/INFO] [STDOUT]: [com.layue13.clashweave.validation.ClientReplay:viewReplay:295]: P0_VIEW COMPLETE nano=32793888216400
[15:59:38] [Client thread/INFO] [STDOUT]: [com.layue13.clashweave.validation.ClientReplay:viewReplay:295]: P0_VIEW COMPLETE nano=32793938277100
[15:59:38] [Client thread/INFO] [STDOUT]: [com.layue13.clashweave.validation.ClientReplay:viewReplay:295]: P0_VIEW COMPLETE nano=32793988026100
[15:59:38] [Client thread/INFO] [STDOUT]: [com.layue13.clashweave.validation.ClientReplay:viewReplay:295]: P0_VIEW COMPLETE nano=32794037897200
[15:59:38] [Client thread/INFO] [STDOUT]: [com.layue13.clashweave.validation.ClientReplay:viewReplay:295]: P0_VIEW COMPLETE nano=32794087999000
[15:59:38] [Client thread/INFO] [STDOUT]: [com.layue13.clashweave.validation.ClientReplay:viewReplay:295]: P0_VIEW COMPLETE nano=32794137978699
[15:59:38] [Client thread/INFO] [STDOUT]: [com.layue13.clashweave.validation.ClientReplay:viewReplay:295]: P0_VIEW COMPLETE nano=32794188116899
[15:59:38] [Client thread/INFO] [STDOUT]: [com.layue13.clashweave.validation.ClientReplay:viewReplay:295]: P0_VIEW COMPLETE nano=32794238595400
[15:59:38] [Client thread/INFO] [STDOUT]: [com.layue13.clashweave.validation.ClientReplay:viewReplay:295]: P0_VIEW COMPLETE nano=32794288067499
[15:59:38] [Client thread/INFO] [STDOUT]: [com.layue13.clashweave.validation.ClientReplay:viewReplay:295]: P0_VIEW COMPLETE nano=32794338065300
[15:59:38] [Client thread/INFO] [STDOUT]: [com.layue13.clashweave.validation.ClientReplay:viewReplay:295]: P0_VIEW COMPLETE nano=32794388149600
[15:59:38] [Client thread/INFO] [STDOUT]: [com.layue13.clashweave.validation.ClientReplay:viewReplay:295]: P0_VIEW COMPLETE nano=32794437792999
[15:59:38] [Client thread/INFO] [STDOUT]: [com.layue13.clashweave.validation.ClientReplay:viewReplay:295]: P0_VIEW COMPLETE nano=32794488049400
[15:59:38] [Client thread/INFO] [STDOUT]: [com.layue13.clashweave.validation.ClientReplay:viewReplay:295]: P0_VIEW COMPLETE nano=32794538281000
[15:59:38] [Client thread/INFO] [STDOUT]: [com.layue13.clashweave.validation.ClientReplay:viewReplay:295]: P0_VIEW COMPLETE nano=32794588309900
[15:59:39] [Client thread/INFO] [STDOUT]: [com.layue13.clashweave.validation.ClientReplay:viewReplay:295]: P0_VIEW COMPLETE nano=32794637836600
[15:59:39] [Client thread/INFO] [STDOUT]: [com.layue13.clashweave.validation.ClientReplay:viewReplay:295]: P0_VIEW COMPLETE nano=32794688205300
[15:59:39] [Client thread/INFO] [STDOUT]: [com.layue13.clashweave.validation.ClientReplay:viewReplay:295]: P0_VIEW COMPLETE nano=32794737927200
[15:59:39] [Client thread/INFO] [STDOUT]: [com.layue13.clashweave.validation.ClientReplay:viewReplay:295]: P0_VIEW COMPLETE nano=32794788237900
[15:59:39] [Client thread/INFO] [STDOUT]: [com.layue13.clashweave.validation.ClientReplay:viewReplay:295]: P0_VIEW COMPLETE nano=32794838165399
[15:59:39] [Client thread/INFO] [STDOUT]: [com.layue13.clashweave.validation.ClientReplay:viewReplay:295]: P0_VIEW COMPLETE nano=32794888755400
[15:59:39] [Client thread/INFO] [STDOUT]: [com.layue13.clashweave.validation.ClientReplay:viewReplay:295]: P0_VIEW COMPLETE nano=32794938091700
[15:59:39] [Client thread/INFO] [STDOUT]: [com.layue13.clashweave.validation.ClientReplay:viewReplay:295]: P0_VIEW COMPLETE nano=32794988086200
[15:59:39] [Client thread/INFO] [STDOUT]: [com.layue13.clashweave.validation.ClientReplay:viewReplay:295]: P0_VIEW COMPLETE nano=32795038160700
[15:59:39] [Client thread/INFO] [STDOUT]: [com.layue13.clashweave.validation.ClientReplay:viewReplay:295]: P0_VIEW COMPLETE nano=32795087907800
[15:59:39] [Client thread/INFO] [STDOUT]: [com.layue13.clashweave.validation.ClientReplay:viewReplay:295]: P0_VIEW COMPLETE nano=32795137939700
[15:59:39] [Client thread/INFO] [STDOUT]: [com.layue13.clashweave.validation.ClientReplay:viewReplay:295]: P0_VIEW COMPLETE nano=32795188308999
[15:59:39] [Client thread/INFO] [STDOUT]: [com.layue13.clashweave.validation.ClientReplay:viewReplay:295]: P0_VIEW COMPLETE nano=32795238262900
[15:59:39] [Client thread/INFO] [STDOUT]: [com.layue13.clashweave.validation.ClientReplay:viewReplay:295]: P0_VIEW COMPLETE nano=32795288084900
[15:59:39] [Client thread/INFO] [STDOUT]: [com.layue13.clashweave.validation.ClientReplay:viewReplay:295]: P0_VIEW COMPLETE nano=32795337867900
[15:59:39] [Client thread/INFO] [STDOUT]: [com.layue13.clashweave.validation.ClientReplay:viewReplay:295]: P0_VIEW COMPLETE nano=32795387841600
[15:59:39] [Client thread/INFO] [STDOUT]: [com.layue13.clashweave.validation.ClientReplay:viewReplay:295]: P0_VIEW COMPLETE nano=32795437883900
[15:59:39] [Client thread/INFO] [STDOUT]: [com.layue13.clashweave.validation.ClientReplay:viewReplay:295]: P0_VIEW COMPLETE nano=32795502085800
[15:59:39] [Client thread/INFO] [STDOUT]: [com.layue13.clashweave.validation.ClientReplay:viewReplay:295]: P0_VIEW COMPLETE nano=32795538271300
[15:59:39] [Client thread/INFO] [STDOUT]: [com.layue13.clashweave.validation.ClientReplay:viewReplay:295]: P0_VIEW COMPLETE nano=32795588538700
[15:59:40] [Client thread/INFO] [STDOUT]: [com.layue13.clashweave.validation.ClientReplay:viewReplay:295]: P0_VIEW COMPLETE nano=32795638218900
[15:59:40] [Client thread/INFO] [STDOUT]: [com.layue13.clashweave.validation.ClientReplay:viewReplay:295]: P0_VIEW COMPLETE nano=32795688570400
[15:59:40] [Client thread/INFO] [STDOUT]: [com.layue13.clashweave.validation.ClientReplay:viewReplay:295]: P0_VIEW COMPLETE nano=32795738222400
[15:59:40] [Client thread/INFO] [STDOUT]: [com.layue13.clashweave.validation.ClientReplay:viewReplay:295]: P0_VIEW COMPLETE nano=32795788215900
[15:59:40] [Client thread/INFO] [STDOUT]: [com.layue13.clashweave.validation.ClientReplay:viewReplay:295]: P0_VIEW COMPLETE nano=32795838256199
[15:59:40] [Client thread/INFO] [STDOUT]: [com.layue13.clashweave.validation.ClientReplay:viewReplay:295]: P0_VIEW COMPLETE nano=32795888680700
[15:59:40] [Client thread/INFO] [STDOUT]: [com.layue13.clashweave.validation.ClientReplay:viewReplay:295]: P0_VIEW COMPLETE nano=32795938268799
[15:59:40] [Client thread/INFO] [STDOUT]: [com.layue13.clashweave.validation.ClientReplay:viewReplay:295]: P0_VIEW COMPLETE nano=32795988381700
[15:59:40] [Client thread/INFO] [STDOUT]: [com.layue13.clashweave.validation.ClientReplay:viewReplay:295]: P0_VIEW COMPLETE nano=32796039176500
[15:59:40] [Client thread/INFO] [STDOUT]: [com.layue13.clashweave.validation.ClientReplay:viewReplay:295]: P0_VIEW COMPLETE nano=32796087984200
[15:59:40] [Client thread/INFO] [STDOUT]: [com.layue13.clashweave.validation.ClientReplay:viewReplay:295]: P0_VIEW COMPLETE nano=32796138185700
[15:59:40] [Client thread/INFO] [STDOUT]: [com.layue13.clashweave.validation.ClientReplay:viewReplay:295]: P0_VIEW COMPLETE nano=32796187861100
[15:59:40] [Client thread/INFO] [STDOUT]: [com.layue13.clashweave.validation.ClientReplay:viewReplay:295]: P0_VIEW COMPLETE nano=32796238089100
[15:59:40] [Client thread/INFO] [STDOUT]: [com.layue13.clashweave.validation.ClientReplay:viewReplay:295]: P0_VIEW COMPLETE nano=32796288471499
[15:59:40] [Client thread/INFO] [STDOUT]: [com.layue13.clashweave.validation.ClientReplay:viewReplay:295]: P0_VIEW COMPLETE nano=32796337964500
[15:59:40] [Client thread/INFO] [STDOUT]: [com.layue13.clashweave.validation.ClientReplay:viewReplay:295]: P0_VIEW COMPLETE nano=32796388550999
[15:59:40] [Client thread/INFO] [STDOUT]: [com.layue13.clashweave.validation.ClientReplay:viewReplay:295]: P0_VIEW COMPLETE nano=32796438449000
[15:59:40] [Client thread/INFO] [STDOUT]: [com.layue13.clashweave.validation.ClientReplay:viewReplay:295]: P0_VIEW COMPLETE nano=32796488090000
[15:59:40] [Client thread/INFO] [STDOUT]: [com.layue13.clashweave.validation.ClientReplay:viewReplay:295]: P0_VIEW COMPLETE nano=32796538637200
[15:59:40] [Client thread/INFO] [STDOUT]: [com.layue13.clashweave.validation.ClientReplay:viewReplay:295]: P0_VIEW COMPLETE nano=32796588210500
[15:59:41] [Client thread/INFO] [STDOUT]: [com.layue13.clashweave.validation.ClientReplay:viewReplay:295]: P0_VIEW COMPLETE nano=32796638812999
[15:59:41] [Client thread/INFO] [STDOUT]: [com.layue13.clashweave.validation.ClientReplay:viewReplay:295]: P0_VIEW COMPLETE nano=32796688621499
[15:59:41] [Client thread/INFO] [STDOUT]: [com.layue13.clashweave.validation.ClientReplay:viewReplay:295]: P0_VIEW COMPLETE nano=32796738651599
[15:59:41] [Client thread/INFO] [STDOUT]: [com.layue13.clashweave.validation.ClientReplay:viewReplay:295]: P0_VIEW COMPLETE nano=32796788024000
[15:59:41] [Client thread/INFO] [STDOUT]: [com.layue13.clashweave.validation.ClientReplay:viewReplay:295]: P0_VIEW COMPLETE nano=32796837957700
[15:59:41] [Client thread/INFO] [STDOUT]: [com.layue13.clashweave.validation.ClientReplay:viewReplay:295]: P0_VIEW COMPLETE nano=32796888224100
[15:59:41] [Client thread/INFO] [STDOUT]: [com.layue13.clashweave.validation.ClientReplay:viewReplay:295]: P0_VIEW COMPLETE nano=32796937815300
[15:59:41] [Client thread/INFO] [STDOUT]: [com.layue13.clashweave.validation.ClientReplay:viewReplay:295]: P0_VIEW COMPLETE nano=32796988260400
[15:59:41] [Client thread/INFO] [STDOUT]: [com.layue13.clashweave.validation.ClientReplay:viewReplay:295]: P0_VIEW COMPLETE nano=32797038053700
[15:59:41] [Client thread/INFO] [STDOUT]: [com.layue13.clashweave.validation.ClientReplay:viewReplay:295]: P0_VIEW COMPLETE nano=32797088709600
[15:59:41] [Client thread/INFO] [STDOUT]: [com.layue13.clashweave.validation.ClientReplay:viewReplay:295]: P0_VIEW COMPLETE nano=32797138679300
[15:59:41] [Client thread/INFO] [STDOUT]: [com.layue13.clashweave.validation.ClientReplay:viewReplay:295]: P0_VIEW COMPLETE nano=32797188023800
[15:59:41] [Client thread/INFO] [STDOUT]: [com.layue13.clashweave.validation.ClientReplay:viewReplay:295]: P0_VIEW COMPLETE nano=32797237789500
[15:59:41] [Client thread/INFO] [STDOUT]: [com.layue13.clashweave.validation.ClientReplay:viewReplay:295]: P0_VIEW COMPLETE nano=32797288570400
[15:59:41] [Client thread/INFO] [STDOUT]: [com.layue13.clashweave.validation.ClientReplay:viewReplay:295]: P0_VIEW COMPLETE nano=32797338349200
[15:59:41] [Client thread/INFO] [STDOUT]: [com.layue13.clashweave.validation.ClientReplay:viewReplay:295]: P0_VIEW COMPLETE nano=32797388063200
[15:59:41] [Client thread/INFO] [STDOUT]: [com.layue13.clashweave.validation.ClientReplay:viewReplay:295]: P0_VIEW COMPLETE nano=32797438179500
[15:59:41] [Client thread/INFO] [STDOUT]: [com.layue13.clashweave.validation.ClientReplay:viewReplay:295]: P0_VIEW COMPLETE nano=32797488254300
[15:59:41] [Client thread/INFO] [STDOUT]: [com.layue13.clashweave.validation.ClientReplay:viewReplay:295]: P0_VIEW COMPLETE nano=32797538154100
[15:59:41] [Client thread/INFO] [STDOUT]: [com.layue13.clashweave.validation.ClientReplay:viewReplay:295]: P0_VIEW COMPLETE nano=32797587912900
[15:59:42] [Client thread/INFO] [STDOUT]: [com.layue13.clashweave.validation.ClientReplay:viewReplay:295]: P0_VIEW COMPLETE nano=32797638151500
[15:59:42] [Client thread/INFO] [STDOUT]: [com.layue13.clashweave.validation.ClientReplay:viewReplay:295]: P0_VIEW COMPLETE nano=32797687953000
[15:59:42] [Client thread/INFO] [STDOUT]: [com.layue13.clashweave.validation.ClientReplay:viewReplay:295]: P0_VIEW COMPLETE nano=32797738350400
[15:59:42] [Client thread/INFO] [STDOUT]: [com.layue13.clashweave.validation.ClientReplay:viewReplay:295]: P0_VIEW COMPLETE nano=32797788579700
[15:59:42] [Client thread/INFO] [STDOUT]: [com.layue13.clashweave.validation.ClientReplay:viewReplay:295]: P0_VIEW COMPLETE nano=32797838055000
[15:59:42] [Client thread/INFO] [STDOUT]: [com.layue13.clashweave.validation.ClientReplay:viewReplay:295]: P0_VIEW COMPLETE nano=32797888276799
[15:59:42] [Client thread/INFO] [STDOUT]: [com.layue13.clashweave.validation.ClientReplay:viewReplay:295]: P0_VIEW COMPLETE nano=32797938010799
[15:59:42] [Client thread/INFO] [STDOUT]: [com.layue13.clashweave.validation.ClientReplay:viewReplay:295]: P0_VIEW COMPLETE nano=32797987891500
[15:59:42] [Client thread/INFO] [STDOUT]: [com.layue13.clashweave.validation.ClientReplay:viewReplay:295]: P0_VIEW COMPLETE nano=32798037866000
[15:59:42] [Client thread/INFO] [STDOUT]: [com.layue13.clashweave.validation.ClientReplay:viewReplay:295]: P0_VIEW COMPLETE nano=32798087957400
[15:59:42] [Client thread/INFO] [STDOUT]: [com.layue13.clashweave.validation.ClientReplay:viewReplay:295]: P0_VIEW COMPLETE nano=32798138206500
[15:59:42] [Client thread/INFO] [STDOUT]: [com.layue13.clashweave.validation.ClientReplay:viewReplay:295]: P0_VIEW COMPLETE nano=32798188177300
[15:59:42] [Client thread/INFO] [STDOUT]: [com.layue13.clashweave.validation.ClientReplay:viewReplay:295]: P0_VIEW COMPLETE nano=32798237974300
[15:59:42] [Client thread/INFO] [STDOUT]: [com.layue13.clashweave.validation.ClientReplay:viewReplay:295]: P0_VIEW COMPLETE nano=32798288273700
[15:59:42] [Client thread/INFO] [STDOUT]: [com.layue13.clashweave.validation.ClientReplay:viewReplay:295]: P0_VIEW COMPLETE nano=32798338199799
[15:59:42] [Client thread/INFO] [STDOUT]: [com.layue13.clashweave.validation.ClientReplay:viewReplay:295]: P0_VIEW COMPLETE nano=32798388126600
[15:59:42] [Client thread/INFO] [STDOUT]: [com.layue13.clashweave.validation.ClientReplay:viewReplay:295]: P0_VIEW COMPLETE nano=32798438177700
[15:59:42] [Client thread/INFO] [STDOUT]: [com.layue13.clashweave.validation.ClientReplay:viewReplay:295]: P0_VIEW COMPLETE nano=32798488281600
[15:59:42] [Client thread/INFO] [STDOUT]: [com.layue13.clashweave.validation.ClientReplay:viewReplay:295]: P0_VIEW COMPLETE nano=32798538146500
[15:59:42] [Client thread/INFO] [STDOUT]: [com.layue13.clashweave.validation.ClientReplay:viewReplay:295]: P0_VIEW COMPLETE nano=32798588562700
[15:59:43] [Client thread/INFO] [STDOUT]: [com.layue13.clashweave.validation.ClientReplay:viewReplay:295]: P0_VIEW COMPLETE nano=32798638129100
[15:59:43] [Client thread/INFO] [STDOUT]: [com.layue13.clashweave.validation.ClientReplay:viewReplay:295]: P0_VIEW COMPLETE nano=32798688638599
[15:59:43] [Client thread/INFO] [STDOUT]: [com.layue13.clashweave.validation.ClientReplay:viewReplay:295]: P0_VIEW COMPLETE nano=32798738327500
[15:59:43] [Client thread/INFO] [STDOUT]: [com.layue13.clashweave.validation.ClientReplay:viewReplay:295]: P0_VIEW COMPLETE nano=32798788264199
[15:59:43] [Client thread/INFO] [STDOUT]: [com.layue13.clashweave.validation.ClientReplay:viewReplay:295]: P0_VIEW COMPLETE nano=32798838943900
[15:59:43] [Client thread/INFO] [STDOUT]: [com.layue13.clashweave.validation.ClientReplay:viewReplay:295]: P0_VIEW COMPLETE nano=32798888931100
[15:59:43] [Client thread/INFO] [STDOUT]: [com.layue13.clashweave.validation.ClientReplay:viewReplay:295]: P0_VIEW COMPLETE nano=32798937981700
[15:59:43] [Client thread/INFO] [STDOUT]: [com.layue13.clashweave.validation.ClientReplay:viewReplay:295]: P0_VIEW COMPLETE nano=32798988227700
[15:59:43] [Client thread/INFO] [STDOUT]: [com.layue13.clashweave.validation.ClientReplay:viewReplay:295]: P0_VIEW COMPLETE nano=32799038127800
[15:59:43] [Client thread/INFO] [STDOUT]: [com.layue13.clashweave.validation.ClientReplay:viewReplay:295]: P0_VIEW COMPLETE nano=32799088741100
[15:59:43] [Client thread/INFO] [STDOUT]: [com.layue13.clashweave.validation.ClientReplay:viewReplay:295]: P0_VIEW COMPLETE nano=32799138695200
[15:59:43] [Client thread/INFO] [STDOUT]: [com.layue13.clashweave.validation.ClientReplay:viewReplay:295]: P0_VIEW COMPLETE nano=32799188624399
[15:59:43] [Client thread/INFO] [STDOUT]: [com.layue13.clashweave.validation.ClientReplay:viewReplay:295]: P0_VIEW COMPLETE nano=32799238414900
[15:59:43] [Client thread/INFO] [STDOUT]: [com.layue13.clashweave.validation.ClientReplay:viewReplay:295]: P0_VIEW COMPLETE nano=32799288595700
[15:59:43] [Client thread/INFO] [STDOUT]: [com.layue13.clashweave.validation.ClientReplay:viewReplay:295]: P0_VIEW COMPLETE nano=32799338164200
[15:59:43] [Client thread/INFO] [STDOUT]: [com.layue13.clashweave.validation.ClientReplay:viewReplay:295]: P0_VIEW COMPLETE nano=32799388711000
[15:59:43] [Client thread/INFO] [STDOUT]: [com.layue13.clashweave.validation.ClientReplay:viewReplay:295]: P0_VIEW COMPLETE nano=32799438302900
[15:59:43] [Client thread/INFO] [STDOUT]: [com.layue13.clashweave.validation.ClientReplay:viewReplay:295]: P0_VIEW COMPLETE nano=32799488568399
[15:59:43] [Client thread/INFO] [STDOUT]: [com.layue13.clashweave.validation.ClientReplay:viewReplay:295]: P0_VIEW COMPLETE nano=32799538731000
[15:59:43] [Client thread/INFO] [STDOUT]: [com.layue13.clashweave.validation.ClientReplay:viewReplay:295]: P0_VIEW COMPLETE nano=32799588700900
[15:59:44] [Client thread/INFO] [STDOUT]: [com.layue13.clashweave.validation.ClientReplay:viewReplay:295]: P0_VIEW COMPLETE nano=32799638572800
[15:59:44] [Client thread/INFO] [STDOUT]: [com.layue13.clashweave.validation.ClientReplay:viewReplay:295]: P0_VIEW COMPLETE nano=32799688168499
[15:59:44] [Client thread/INFO] [STDOUT]: [com.layue13.clashweave.validation.ClientReplay:viewReplay:295]: P0_VIEW COMPLETE nano=32799738716400
[15:59:44] [Client thread/INFO] [STDOUT]: [com.layue13.clashweave.validation.ClientReplay:viewReplay:295]: P0_VIEW COMPLETE nano=32799788785200
[15:59:44] [Client thread/INFO] [STDOUT]: [com.layue13.clashweave.validation.ClientReplay:viewReplay:295]: P0_VIEW COMPLETE nano=32799839071800
[15:59:44] [Client thread/INFO] [STDOUT]: [com.layue13.clashweave.validation.ClientReplay:viewReplay:295]: P0_VIEW COMPLETE nano=32799888278500
[15:59:44] [Client thread/INFO] [STDOUT]: [com.layue13.clashweave.validation.ClientReplay:viewReplay:295]: P0_VIEW COMPLETE nano=32799937981600
[15:59:44] [Client thread/INFO] [STDOUT]: [com.layue13.clashweave.validation.ClientReplay:viewReplay:295]: P0_VIEW COMPLETE nano=32799988164000
[15:59:44] [Client thread/INFO] [STDOUT]: [com.layue13.clashweave.validation.ClientReplay:viewReplay:295]: P0_VIEW COMPLETE nano=32800037925600
[15:59:44] [Client thread/INFO] [STDOUT]: [com.layue13.clashweave.validation.ClientReplay:viewReplay:295]: P0_VIEW COMPLETE nano=32800089248300
[15:59:44] [Client thread/INFO] [STDOUT]: [com.layue13.clashweave.validation.ClientReplay:viewReplay:295]: P0_VIEW COMPLETE nano=32800138702999
[15:59:44] [Client thread/INFO] [STDOUT]: [com.layue13.clashweave.validation.ClientReplay:viewReplay:295]: P0_VIEW COMPLETE nano=32800188598499
[15:59:44] [Client thread/INFO] [STDOUT]: [com.layue13.clashweave.validation.ClientReplay:viewReplay:295]: P0_VIEW COMPLETE nano=32800238472500
[15:59:44] [Client thread/INFO] [STDOUT]: [com.layue13.clashweave.validation.ClientReplay:viewReplay:295]: P0_VIEW COMPLETE nano=32800288205600
[15:59:44] [Client thread/INFO] [STDOUT]: [com.layue13.clashweave.validation.ClientReplay:viewReplay:295]: P0_VIEW COMPLETE nano=32800338488600
[15:59:44] [Client thread/INFO] [STDOUT]: [com.layue13.clashweave.validation.ClientReplay:viewReplay:295]: P0_VIEW COMPLETE nano=32800388704600
[15:59:44] [Client thread/INFO] [STDOUT]: [com.layue13.clashweave.validation.ClientReplay:viewReplay:295]: P0_VIEW COMPLETE nano=32800437847300
[15:59:44] [Client thread/INFO] [STDOUT]: [com.layue13.clashweave.validation.ClientReplay:viewReplay:295]: P0_VIEW COMPLETE nano=32800487771300
[15:59:44] [Client thread/INFO] [STDOUT]: [com.layue13.clashweave.validation.ClientReplay:viewReplay:295]: P0_VIEW COMPLETE nano=32800538283800
[15:59:44] [Client thread/INFO] [STDOUT]: [com.layue13.clashweave.validation.ClientReplay:viewReplay:295]: P0_VIEW COMPLETE nano=32800588128099
[15:59:45] [Client thread/INFO] [STDOUT]: [com.layue13.clashweave.validation.ClientReplay:viewReplay:295]: P0_VIEW COMPLETE nano=32800638047100
[15:59:45] [Client thread/INFO] [STDOUT]: [com.layue13.clashweave.validation.ClientReplay:viewReplay:295]: P0_VIEW COMPLETE nano=32800688123400
[15:59:45] [Client thread/INFO] [STDOUT]: [com.layue13.clashweave.validation.ClientReplay:viewReplay:295]: P0_VIEW COMPLETE nano=32800737838800
[15:59:45] [Client thread/INFO] [STDOUT]: [com.layue13.clashweave.validation.ClientReplay:viewReplay:295]: P0_VIEW COMPLETE nano=32800788151900
[15:59:45] [Client thread/INFO] [STDOUT]: [com.layue13.clashweave.validation.ClientReplay:viewReplay:295]: P0_VIEW COMPLETE nano=32800838313800
[15:59:45] [Client thread/INFO] [STDOUT]: [com.layue13.clashweave.validation.ClientReplay:viewReplay:295]: P0_VIEW COMPLETE nano=32800888188899
[15:59:45] [Client thread/INFO] [STDOUT]: [com.layue13.clashweave.validation.ClientReplay:viewReplay:295]: P0_VIEW COMPLETE nano=32800938698600
[15:59:45] [Client thread/INFO] [STDOUT]: [com.layue13.clashweave.validation.ClientReplay:viewReplay:295]: P0_VIEW COMPLETE nano=32800987830799
[15:59:45] [Client thread/INFO] [STDOUT]: [com.layue13.clashweave.validation.ClientReplay:viewReplay:295]: P0_VIEW COMPLETE nano=32801038757800
[15:59:45] [Client thread/INFO] [STDOUT]: [com.layue13.clashweave.validation.ClientReplay:viewReplay:295]: P0_VIEW COMPLETE nano=32801088681100
[15:59:45] [Client thread/INFO] [STDOUT]: [com.layue13.clashweave.validation.ClientReplay:viewReplay:295]: P0_VIEW COMPLETE nano=32801139245000
[15:59:45] [Client thread/INFO] [STDOUT]: [com.layue13.clashweave.validation.ClientReplay:viewReplay:295]: P0_VIEW COMPLETE nano=32801188263300
[15:59:45] [Client thread/INFO] [STDOUT]: [com.layue13.clashweave.validation.ClientReplay:viewReplay:295]: P0_VIEW COMPLETE nano=32801238531900
[15:59:45] [Client thread/INFO] [STDOUT]: [com.layue13.clashweave.validation.ClientReplay:viewReplay:295]: P0_VIEW COMPLETE nano=32801288414199
[15:59:45] [Client thread/INFO] [STDOUT]: [com.layue13.clashweave.validation.ClientReplay:viewReplay:295]: P0_VIEW COMPLETE nano=32801338257000
[15:59:45] [Client thread/INFO] [STDOUT]: [com.layue13.clashweave.validation.ClientReplay:viewReplay:295]: P0_VIEW COMPLETE nano=32801387957400
[15:59:45] [Client thread/INFO] [STDOUT]: [com.layue13.clashweave.validation.ClientReplay:viewReplay:295]: P0_VIEW COMPLETE nano=32801438536100
[15:59:45] [Client thread/INFO] [STDOUT]: [com.layue13.clashweave.validation.ClientReplay:viewReplay:295]: P0_VIEW COMPLETE nano=32801488227600
[15:59:45] [Client thread/INFO] [STDOUT]: [com.layue13.clashweave.validation.ClientReplay:viewReplay:295]: P0_VIEW COMPLETE nano=32801538786600
[15:59:45] [Client thread/INFO] [STDOUT]: [com.layue13.clashweave.validation.ClientReplay:viewReplay:295]: P0_VIEW COMPLETE nano=32801588252299
[15:59:46] [Client thread/INFO] [STDOUT]: [com.layue13.clashweave.validation.ClientReplay:viewReplay:295]: P0_VIEW COMPLETE nano=32801638067900
[15:59:46] [Client thread/INFO] [STDOUT]: [com.layue13.clashweave.validation.ClientReplay:viewReplay:295]: P0_VIEW COMPLETE nano=32801688617400
[15:59:46] [Client thread/INFO] [STDOUT]: [com.layue13.clashweave.validation.ClientReplay:viewReplay:295]: P0_VIEW COMPLETE nano=32801737763800
[15:59:46] [Client thread/INFO] [STDOUT]: [com.layue13.clashweave.validation.ClientReplay:viewReplay:295]: P0_VIEW COMPLETE nano=32801788010500
[15:59:46] [Client thread/INFO] [STDOUT]: [com.layue13.clashweave.validation.ClientReplay:viewReplay:295]: P0_VIEW COMPLETE nano=32801838315700
[15:59:46] [Client thread/INFO] [STDOUT]: [com.layue13.clashweave.validation.ClientReplay:viewReplay:295]: P0_VIEW COMPLETE nano=32801888290500
[15:59:46] [Client thread/INFO] [STDOUT]: [com.layue13.clashweave.validation.ClientReplay:viewReplay:295]: P0_VIEW COMPLETE nano=32801938586700
[15:59:46] [Client thread/INFO] [STDOUT]: [com.layue13.clashweave.validation.ClientReplay:viewReplay:295]: P0_VIEW COMPLETE nano=32801988223100
[15:59:46] [Client thread/INFO] [STDOUT]: [com.layue13.clashweave.validation.ClientReplay:viewReplay:295]: P0_VIEW COMPLETE nano=32802038504300
[15:59:46] [Client thread/INFO] [STDOUT]: [com.layue13.clashweave.validation.ClientReplay:viewReplay:295]: P0_VIEW COMPLETE nano=32802088621700
[15:59:46] [Client thread/INFO] [STDOUT]: [com.layue13.clashweave.validation.ClientReplay:viewReplay:295]: P0_VIEW COMPLETE nano=32802138625200
[15:59:46] [Client thread/INFO] [STDOUT]: [com.layue13.clashweave.validation.ClientReplay:viewReplay:295]: P0_VIEW COMPLETE nano=32802188701100
[15:59:46] [Client thread/INFO] [STDOUT]: [com.layue13.clashweave.validation.ClientReplay:viewReplay:295]: P0_VIEW COMPLETE nano=32802237992800
[15:59:46] [Client thread/INFO] [STDOUT]: [com.layue13.clashweave.validation.ClientReplay:viewReplay:295]: P0_VIEW COMPLETE nano=32802288033500
[15:59:46] [Client thread/INFO] [STDOUT]: [com.layue13.clashweave.validation.ClientReplay:viewReplay:295]: P0_VIEW COMPLETE nano=32802337776900
[15:59:46] [Client thread/INFO] [STDOUT]: [com.layue13.clashweave.validation.ClientReplay:viewReplay:295]: P0_VIEW COMPLETE nano=32802388782299
[15:59:46] [Client thread/INFO] [STDOUT]: [com.layue13.clashweave.validation.ClientReplay:viewReplay:295]: P0_VIEW COMPLETE nano=32802438249200
[15:59:46] [Client thread/INFO] [STDOUT]: [com.layue13.clashweave.validation.ClientReplay:viewReplay:295]: P0_VIEW COMPLETE nano=32802488383999
[15:59:46] [Client thread/INFO] [STDOUT]: [com.layue13.clashweave.validation.ClientReplay:viewReplay:295]: P0_VIEW COMPLETE nano=32802537847000
[15:59:46] [Client thread/INFO] [STDOUT]: [com.layue13.clashweave.validation.ClientReplay:viewReplay:295]: P0_VIEW COMPLETE nano=32802588066200
[15:59:47] [Client thread/INFO] [STDOUT]: [com.layue13.clashweave.validation.ClientReplay:viewReplay:295]: P0_VIEW COMPLETE nano=32802638253700
[15:59:47] [Client thread/INFO] [STDOUT]: [com.layue13.clashweave.validation.ClientReplay:viewReplay:295]: P0_VIEW COMPLETE nano=32802687923999
[15:59:47] [Client thread/INFO] [STDOUT]: [com.layue13.clashweave.validation.ClientReplay:viewReplay:295]: P0_VIEW COMPLETE nano=32802738142800
[15:59:47] [Client thread/INFO] [STDOUT]: [com.layue13.clashweave.validation.ClientReplay:viewReplay:295]: P0_VIEW COMPLETE nano=32802788519900
[15:59:47] [Client thread/INFO] [STDOUT]: [com.layue13.clashweave.validation.ClientReplay:viewReplay:295]: P0_VIEW COMPLETE nano=32802839439300
[15:59:47] [Client thread/INFO] [STDOUT]: [com.layue13.clashweave.validation.ClientReplay:viewReplay:295]: P0_VIEW COMPLETE nano=32802888248099
[15:59:47] [Client thread/INFO] [STDOUT]: [com.layue13.clashweave.validation.ClientReplay:viewReplay:295]: P0_VIEW COMPLETE nano=32802937943899
[15:59:47] [Client thread/INFO] [STDOUT]: [com.layue13.clashweave.validation.ClientReplay:viewReplay:295]: P0_VIEW COMPLETE nano=32802988111699
[15:59:47] [Client thread/INFO] [STDOUT]: [com.layue13.clashweave.validation.ClientReplay:viewReplay:295]: P0_VIEW COMPLETE nano=32803038295200
[15:59:47] [Client thread/INFO] [STDOUT]: [com.layue13.clashweave.validation.ClientReplay:viewReplay:295]: P0_VIEW COMPLETE nano=32803088195099
[15:59:47] [Client thread/INFO] [STDOUT]: [com.layue13.clashweave.validation.ClientReplay:viewReplay:295]: P0_VIEW COMPLETE nano=32803138112900
[15:59:47] [Client thread/INFO] [STDOUT]: [com.layue13.clashweave.validation.ClientReplay:viewReplay:295]: P0_VIEW COMPLETE nano=32803187986800
[15:59:47] [Client thread/INFO] [STDOUT]: [com.layue13.clashweave.validation.ClientReplay:viewReplay:295]: P0_VIEW COMPLETE nano=32803237962000
[15:59:47] [Client thread/INFO] [STDOUT]: [com.layue13.clashweave.validation.ClientReplay:viewReplay:295]: P0_VIEW COMPLETE nano=32803288577400
[15:59:47] [Client thread/INFO] [STDOUT]: [com.layue13.clashweave.validation.ClientReplay:viewReplay:295]: P0_VIEW COMPLETE nano=32803337889800
[15:59:47] [Client thread/INFO] [STDOUT]: [com.layue13.clashweave.validation.ClientReplay:viewReplay:295]: P0_VIEW COMPLETE nano=32803389023099
[15:59:47] [Client thread/INFO] [STDOUT]: [com.layue13.clashweave.validation.ClientReplay:viewReplay:295]: P0_VIEW COMPLETE nano=32803439266499
[15:59:47] [Client thread/INFO] [STDOUT]: [com.layue13.clashweave.validation.ClientReplay:viewReplay:295]: P0_VIEW COMPLETE nano=32803487827500
[15:59:47] [Client thread/INFO] [STDOUT]: [com.layue13.clashweave.validation.ClientReplay:viewReplay:295]: P0_VIEW COMPLETE nano=32803538926200
[15:59:47] [Client thread/INFO] [STDOUT]: [com.layue13.clashweave.validation.ClientReplay:viewReplay:295]: P0_VIEW COMPLETE nano=32803588166499
[15:59:48] [Client thread/INFO] [STDOUT]: [com.layue13.clashweave.validation.ClientReplay:viewReplay:295]: P0_VIEW COMPLETE nano=32803638222800
[15:59:48] [Client thread/INFO] [STDOUT]: [com.layue13.clashweave.validation.ClientReplay:viewReplay:295]: P0_VIEW COMPLETE nano=32803688377799
[15:59:48] [Client thread/INFO] [STDOUT]: [com.layue13.clashweave.validation.ClientReplay:viewReplay:295]: P0_VIEW COMPLETE nano=32803738204800
[15:59:48] [Client thread/INFO] [STDOUT]: [com.layue13.clashweave.validation.ClientReplay:viewReplay:295]: P0_VIEW COMPLETE nano=32803788674900
[15:59:48] [Client thread/INFO] [STDOUT]: [com.layue13.clashweave.validation.ClientReplay:viewReplay:295]: P0_VIEW COMPLETE nano=32803838624700
[15:59:48] [Client thread/INFO] [STDOUT]: [com.layue13.clashweave.validation.ClientReplay:viewReplay:295]: P0_VIEW COMPLETE nano=32803888680400
[15:59:48] [Client thread/INFO] [STDOUT]: [com.layue13.clashweave.validation.ClientReplay:viewReplay:295]: P0_VIEW COMPLETE nano=32803938143800
[15:59:48] [Client thread/INFO] [STDOUT]: [com.layue13.clashweave.validation.ClientReplay:viewReplay:295]: P0_VIEW COMPLETE nano=32803988557899
[15:59:48] [Client thread/INFO] [STDOUT]: [com.layue13.clashweave.validation.ClientReplay:viewReplay:295]: P0_VIEW COMPLETE nano=32804037963800
[15:59:48] [Client thread/INFO] [STDOUT]: [com.layue13.clashweave.validation.ClientReplay:viewReplay:295]: P0_VIEW COMPLETE nano=32804088249800
[15:59:48] [Client thread/INFO] [STDOUT]: [com.layue13.clashweave.validation.ClientReplay:viewReplay:295]: P0_VIEW COMPLETE nano=32804138068300
[15:59:48] [Client thread/INFO] [STDOUT]: [com.layue13.clashweave.validation.ClientReplay:viewReplay:295]: P0_VIEW COMPLETE nano=32804188002600
[15:59:48] [Client thread/INFO] [STDOUT]: [com.layue13.clashweave.validation.ClientReplay:viewReplay:295]: P0_VIEW COMPLETE nano=32804238259300
[15:59:48] [Client thread/INFO] [STDOUT]: [com.layue13.clashweave.validation.ClientReplay:viewReplay:295]: P0_VIEW COMPLETE nano=32804288358200
[15:59:48] [Client thread/INFO] [STDOUT]: [com.layue13.clashweave.validation.ClientReplay:viewReplay:295]: P0_VIEW COMPLETE nano=32804338003500
[15:59:48] [Client thread/INFO] [STDOUT]: [com.layue13.clashweave.validation.ClientReplay:viewReplay:295]: P0_VIEW COMPLETE nano=32804388138500
[15:59:48] [Client thread/INFO] [STDOUT]: [com.layue13.clashweave.validation.ClientReplay:viewReplay:295]: P0_VIEW COMPLETE nano=32804438910300
[15:59:48] [Client thread/INFO] [STDOUT]: [com.layue13.clashweave.validation.ClientReplay:viewReplay:295]: P0_VIEW COMPLETE nano=32804487854799
[15:59:48] [Client thread/INFO] [STDOUT]: [com.layue13.clashweave.validation.ClientReplay:viewReplay:295]: P0_VIEW COMPLETE nano=32804537942600
[15:59:48] [Client thread/INFO] [STDOUT]: [com.layue13.clashweave.validation.ClientReplay:viewReplay:295]: P0_VIEW COMPLETE nano=32804588058300
[15:59:49] [Client thread/INFO] [STDOUT]: [com.layue13.clashweave.validation.ClientReplay:viewReplay:295]: P0_VIEW COMPLETE nano=32804638146800
[15:59:49] [Client thread/INFO] [STDOUT]: [com.layue13.clashweave.validation.ClientReplay:viewReplay:295]: P0_VIEW COMPLETE nano=32804687953700
[15:59:49] [Client thread/INFO] [STDOUT]: [com.layue13.clashweave.validation.ClientReplay:viewReplay:295]: P0_VIEW COMPLETE nano=32804738115900
[15:59:49] [Client thread/INFO] [STDOUT]: [com.layue13.clashweave.validation.ClientReplay:viewReplay:295]: P0_VIEW COMPLETE nano=32804788557100
[15:59:49] [Client thread/INFO] [STDOUT]: [com.layue13.clashweave.validation.ClientReplay:viewReplay:295]: P0_VIEW COMPLETE nano=32804838015399
[15:59:49] [Client thread/INFO] [STDOUT]: [com.layue13.clashweave.validation.ClientReplay:viewReplay:295]: P0_VIEW COMPLETE nano=32804888096900
[15:59:49] [Client thread/INFO] [STDOUT]: [com.layue13.clashweave.validation.ClientReplay:viewReplay:295]: P0_VIEW COMPLETE nano=32804938609400
[15:59:49] [Client thread/INFO] [STDOUT]: [com.layue13.clashweave.validation.ClientReplay:viewReplay:295]: P0_VIEW COMPLETE nano=32804988588499
[15:59:49] [Client thread/INFO] [STDOUT]: [com.layue13.clashweave.validation.ClientReplay:viewReplay:295]: P0_VIEW COMPLETE nano=32805038561800
[15:59:49] [Client thread/INFO] [STDOUT]: [com.layue13.clashweave.validation.ClientReplay:viewReplay:295]: P0_VIEW COMPLETE nano=32805088616300
[15:59:49] [Client thread/INFO] [STDOUT]: [com.layue13.clashweave.validation.ClientReplay:viewReplay:295]: P0_VIEW COMPLETE nano=32805139128900
[15:59:49] [Client thread/INFO] [STDOUT]: [com.layue13.clashweave.validation.ClientReplay:viewReplay:295]: P0_VIEW COMPLETE nano=32805188664100
[15:59:49] [Client thread/INFO] [STDOUT]: [com.layue13.clashweave.validation.ClientReplay:viewReplay:295]: P0_VIEW COMPLETE nano=32805237861100
[15:59:49] [Client thread/INFO] [STDOUT]: [com.layue13.clashweave.validation.ClientReplay:viewReplay:295]: P0_VIEW COMPLETE nano=32805288320400
[15:59:49] [Client thread/INFO] [STDOUT]: [com.layue13.clashweave.validation.ClientReplay:viewReplay:295]: P0_VIEW COMPLETE nano=32805338272900
[15:59:49] [Client thread/INFO] [STDOUT]: [com.layue13.clashweave.validation.ClientReplay:viewReplay:295]: P0_VIEW COMPLETE nano=32805388572999
[15:59:49] [Client thread/INFO] [STDOUT]: [com.layue13.clashweave.validation.ClientReplay:viewReplay:295]: P0_VIEW COMPLETE nano=32805438406399
[15:59:49] [Client thread/INFO] [STDOUT]: [com.layue13.clashweave.validation.ClientReplay:viewReplay:295]: P0_VIEW COMPLETE nano=32805487814200
[15:59:49] [Client thread/INFO] [STDOUT]: [com.layue13.clashweave.validation.ClientReplay:viewReplay:295]: P0_VIEW COMPLETE nano=32805538352500
[15:59:49] [Client thread/INFO] [STDOUT]: [com.layue13.clashweave.validation.ClientReplay:viewReplay:295]: P0_VIEW COMPLETE nano=32805588653600
[15:59:50] [Client thread/INFO] [STDOUT]: [com.layue13.clashweave.validation.ClientReplay:viewReplay:295]: P0_VIEW COMPLETE nano=32805638401600
[15:59:50] [Client thread/INFO] [STDOUT]: [com.layue13.clashweave.validation.ClientReplay:viewReplay:295]: P0_VIEW COMPLETE nano=32805687854500
[15:59:50] [Client thread/INFO] [STDOUT]: [com.layue13.clashweave.validation.ClientReplay:viewReplay:295]: P0_VIEW COMPLETE nano=32805738646300
[15:59:50] [Client thread/INFO] [STDOUT]: [com.layue13.clashweave.validation.ClientReplay:viewReplay:295]: P0_VIEW COMPLETE nano=32805788255300
[15:59:50] [Client thread/INFO] [STDOUT]: [com.layue13.clashweave.validation.ClientReplay:viewReplay:295]: P0_VIEW COMPLETE nano=32805838307200
[15:59:50] [Client thread/INFO] [STDOUT]: [com.layue13.clashweave.validation.ClientReplay:viewReplay:295]: P0_VIEW COMPLETE nano=32805887866400
[15:59:50] [Client thread/INFO] [STDOUT]: [com.layue13.clashweave.validation.ClientReplay:viewReplay:295]: P0_VIEW COMPLETE nano=32805938224799
[15:59:50] [Client thread/INFO] [STDOUT]: [com.layue13.clashweave.validation.ClientReplay:viewReplay:295]: P0_VIEW COMPLETE nano=32805988300300
[15:59:50] [Client thread/INFO] [STDOUT]: [com.layue13.clashweave.validation.ClientReplay:viewReplay:295]: P0_VIEW COMPLETE nano=32806038090700
[15:59:50] [Client thread/INFO] [STDOUT]: [com.layue13.clashweave.validation.ClientReplay:viewReplay:295]: P0_VIEW COMPLETE nano=32806088178899
[15:59:50] [Client thread/INFO] [STDOUT]: [com.layue13.clashweave.validation.ClientReplay:viewReplay:295]: P0_VIEW COMPLETE nano=32806138497900
[15:59:50] [Client thread/INFO] [STDOUT]: [com.layue13.clashweave.validation.ClientReplay:viewReplay:295]: P0_VIEW COMPLETE nano=32806187998100
[15:59:50] [Client thread/INFO] [STDOUT]: [com.layue13.clashweave.validation.ClientReplay:viewReplay:295]: P0_VIEW COMPLETE nano=32806238088200
[15:59:50] [Client thread/INFO] [STDOUT]: [com.layue13.clashweave.validation.ClientReplay:viewReplay:295]: P0_VIEW COMPLETE nano=32806287952799
[15:59:50] [Client thread/INFO] [STDOUT]: [com.layue13.clashweave.validation.ClientReplay:viewReplay:295]: P0_VIEW COMPLETE nano=32806338021800
[15:59:50] [Client thread/INFO] [STDOUT]: [com.layue13.clashweave.validation.ClientReplay:viewReplay:295]: P0_VIEW COMPLETE nano=32806388001200
[15:59:50] [Client thread/INFO] [STDOUT]: [com.layue13.clashweave.validation.ClientReplay:viewReplay:295]: P0_VIEW COMPLETE nano=32806438145200
[15:59:50] [Client thread/INFO] [STDOUT]: [com.layue13.clashweave.validation.ClientReplay:viewReplay:295]: P0_VIEW COMPLETE nano=32806487943800
[15:59:50] [Client thread/INFO] [STDOUT]: [com.layue13.clashweave.validation.ClientReplay:viewReplay:295]: P0_VIEW COMPLETE nano=32806538596699
[15:59:50] [Client thread/INFO] [STDOUT]: [com.layue13.clashweave.validation.ClientReplay:viewReplay:295]: P0_VIEW COMPLETE nano=32806588737700
[15:59:51] [Client thread/INFO] [STDOUT]: [com.layue13.clashweave.validation.ClientReplay:viewReplay:295]: P0_VIEW COMPLETE nano=32806638131699
[15:59:51] [Client thread/INFO] [STDOUT]: [com.layue13.clashweave.validation.ClientReplay:viewReplay:295]: P0_VIEW COMPLETE nano=32806688260900
[15:59:51] [Client thread/INFO] [STDOUT]: [com.layue13.clashweave.validation.ClientReplay:viewReplay:295]: P0_VIEW COMPLETE nano=32806738207600
[15:59:51] [Client thread/INFO] [STDOUT]: [com.layue13.clashweave.validation.ClientReplay:viewReplay:295]: P0_VIEW COMPLETE nano=32806788048500
[15:59:51] [Client thread/INFO] [STDOUT]: [com.layue13.clashweave.validation.ClientReplay:viewReplay:295]: P0_VIEW COMPLETE nano=32806838843500
[15:59:51] [Client thread/INFO] [STDOUT]: [com.layue13.clashweave.validation.ClientReplay:viewReplay:295]: P0_VIEW COMPLETE nano=32806887864200
[15:59:51] [Client thread/INFO] [STDOUT]: [com.layue13.clashweave.validation.ClientReplay:viewReplay:295]: P0_VIEW COMPLETE nano=32806938247799
[15:59:51] [Client thread/INFO] [STDOUT]: [com.layue13.clashweave.validation.ClientReplay:viewReplay:295]: P0_VIEW COMPLETE nano=32806988012200
[15:59:51] [Client thread/INFO] [STDOUT]: [com.layue13.clashweave.validation.ClientReplay:viewReplay:295]: P0_VIEW COMPLETE nano=32807038085000
[15:59:51] [Client thread/INFO] [STDOUT]: [com.layue13.clashweave.validation.ClientReplay:viewReplay:295]: P0_VIEW COMPLETE nano=32807088217999
[15:59:51] [Client thread/INFO] [STDOUT]: [com.layue13.clashweave.validation.ClientReplay:viewReplay:295]: P0_VIEW COMPLETE nano=32807137792700
[15:59:51] [Client thread/INFO] [STDOUT]: [com.layue13.clashweave.validation.ClientReplay:viewReplay:295]: P0_VIEW COMPLETE nano=32807187837100
[15:59:51] [Client thread/INFO] [STDOUT]: [com.layue13.clashweave.validation.ClientReplay:viewReplay:295]: P0_VIEW COMPLETE nano=32807238127400
[15:59:51] [Client thread/INFO] [STDOUT]: [com.layue13.clashweave.validation.ClientReplay:viewReplay:295]: P0_VIEW COMPLETE nano=32807288169100
[15:59:51] [Client thread/INFO] [STDOUT]: [com.layue13.clashweave.validation.ClientReplay:viewReplay:295]: P0_VIEW COMPLETE nano=32807337800399
[15:59:51] [Client thread/INFO] [STDOUT]: [com.layue13.clashweave.validation.ClientReplay:viewReplay:295]: P0_VIEW COMPLETE nano=32807387904800
[15:59:51] [Client thread/INFO] [STDOUT]: [com.layue13.clashweave.validation.ClientReplay:viewReplay:295]: P0_VIEW COMPLETE nano=32807437989000
[15:59:51] [Client thread/INFO] [STDOUT]: [com.layue13.clashweave.validation.ClientReplay:viewReplay:295]: P0_VIEW COMPLETE nano=32807487780000
[15:59:51] [Client thread/INFO] [STDOUT]: [com.layue13.clashweave.validation.ClientReplay:viewReplay:295]: P0_VIEW COMPLETE nano=32807537954100
[15:59:51] [Client thread/INFO] [STDOUT]: [com.layue13.clashweave.validation.ClientReplay:viewReplay:295]: P0_VIEW COMPLETE nano=32807588416200
[15:59:52] [Client thread/INFO] [STDOUT]: [com.layue13.clashweave.validation.ClientReplay:viewReplay:295]: P0_VIEW COMPLETE nano=32807638260699
[15:59:52] [Client thread/INFO] [STDOUT]: [com.layue13.clashweave.validation.ClientReplay:viewReplay:295]: P0_VIEW COMPLETE nano=32807687757200
[15:59:52] [Client thread/INFO] [STDOUT]: [com.layue13.clashweave.validation.ClientReplay:viewReplay:295]: P0_VIEW COMPLETE nano=32807738100299
[15:59:52] [Client thread/INFO] [STDOUT]: [com.layue13.clashweave.validation.ClientReplay:viewReplay:295]: P0_VIEW COMPLETE nano=32807787931200
[15:59:52] [Client thread/INFO] [STDOUT]: [com.layue13.clashweave.validation.ClientReplay:viewReplay:295]: P0_VIEW COMPLETE nano=32807837952299
[15:59:52] [Client thread/INFO] [STDOUT]: [com.layue13.clashweave.validation.ClientReplay:viewReplay:295]: P0_VIEW COMPLETE nano=32807887928400
[15:59:52] [Client thread/INFO] [STDOUT]: [com.layue13.clashweave.validation.ClientReplay:viewReplay:295]: P0_VIEW COMPLETE nano=32807938209400
[15:59:52] [Client thread/INFO] [STDOUT]: [com.layue13.clashweave.validation.ClientReplay:viewReplay:295]: P0_VIEW COMPLETE nano=32807988338400
[15:59:52] [Client thread/INFO] [STDOUT]: [com.layue13.clashweave.validation.ClientReplay:viewReplay:295]: P0_VIEW COMPLETE nano=32808037962399
[15:59:52] [Client thread/INFO] [STDOUT]: [com.layue13.clashweave.validation.ClientReplay:viewReplay:295]: P0_VIEW COMPLETE nano=32808087968400
[15:59:52] [Client thread/INFO] [STDOUT]: [com.layue13.clashweave.validation.ClientReplay:viewReplay:295]: P0_VIEW COMPLETE nano=32808138341500
[15:59:52] [Client thread/INFO] [STDOUT]: [com.layue13.clashweave.validation.ClientReplay:viewReplay:295]: P0_VIEW COMPLETE nano=32808188532300
[15:59:52] [Client thread/INFO] [STDOUT]: [com.layue13.clashweave.validation.ClientReplay:viewReplay:295]: P0_VIEW COMPLETE nano=32808238107899
[15:59:52] [Client thread/INFO] [STDOUT]: [com.layue13.clashweave.validation.ClientReplay:viewReplay:295]: P0_VIEW COMPLETE nano=32808288073700
[15:59:52] [Client thread/INFO] [STDOUT]: [com.layue13.clashweave.validation.ClientReplay:viewReplay:295]: P0_VIEW COMPLETE nano=32808337831800
[15:59:52] [Client thread/INFO] [STDOUT]: [com.layue13.clashweave.validation.ClientReplay:viewReplay:295]: P0_VIEW COMPLETE nano=32808388176100
[15:59:52] [Client thread/INFO] [STDOUT]: [com.layue13.clashweave.validation.ClientReplay:viewReplay:295]: P0_VIEW COMPLETE nano=32808438134300
[15:59:52] [Client thread/INFO] [STDOUT]: [com.layue13.clashweave.validation.ClientReplay:viewReplay:295]: P0_VIEW COMPLETE nano=32808487990600
[15:59:52] [Client thread/INFO] [STDOUT]: [com.layue13.clashweave.validation.ClientReplay:viewReplay:295]: P0_VIEW COMPLETE nano=32808538032900
[15:59:52] [Client thread/INFO] [STDOUT]: [com.layue13.clashweave.validation.ClientReplay:viewReplay:295]: P0_VIEW COMPLETE nano=32808588209200
[15:59:53] [Client thread/INFO] [STDOUT]: [com.layue13.clashweave.validation.ClientReplay:viewReplay:295]: P0_VIEW COMPLETE nano=32808638212400
[15:59:53] [Client thread/INFO] [STDOUT]: [com.layue13.clashweave.validation.ClientReplay:viewReplay:295]: P0_VIEW COMPLETE nano=32808688055000
[15:59:53] [Client thread/INFO] [STDOUT]: [com.layue13.clashweave.validation.ClientReplay:viewReplay:295]: P0_VIEW COMPLETE nano=32808737919300
[15:59:53] [Client thread/INFO] [STDOUT]: [com.layue13.clashweave.validation.ClientReplay:viewReplay:295]: P0_VIEW COMPLETE nano=32808787782100
[15:59:53] [Client thread/INFO] [STDOUT]: [com.layue13.clashweave.validation.ClientReplay:viewReplay:295]: P0_VIEW COMPLETE nano=32808838330500
[15:59:53] [Client thread/INFO] [STDOUT]: [com.layue13.clashweave.validation.ClientReplay:viewReplay:295]: P0_VIEW COMPLETE nano=32808888153699
[15:59:53] [Client thread/INFO] [STDOUT]: [com.layue13.clashweave.validation.ClientReplay:viewReplay:295]: P0_VIEW COMPLETE nano=32808938291100
[15:59:53] [Client thread/INFO] [STDOUT]: [com.layue13.clashweave.validation.ClientReplay:viewReplay:295]: P0_VIEW COMPLETE nano=32808988270200
[15:59:53] [Client thread/INFO] [STDOUT]: [com.layue13.clashweave.validation.ClientReplay:viewReplay:295]: P0_VIEW COMPLETE nano=32809038567500
[15:59:53] [Client thread/INFO] [STDOUT]: [com.layue13.clashweave.validation.ClientReplay:viewReplay:295]: P0_VIEW COMPLETE nano=32809088270900
[15:59:53] [Client thread/INFO] [STDOUT]: [com.layue13.clashweave.validation.ClientReplay:viewReplay:295]: P0_VIEW COMPLETE nano=32809138121999
[15:59:53] [Client thread/INFO] [STDOUT]: [com.layue13.clashweave.validation.ClientReplay:viewReplay:295]: P0_VIEW COMPLETE nano=32809188170300
[15:59:53] [Client thread/INFO] [STDOUT]: [com.layue13.clashweave.validation.ClientReplay:viewReplay:295]: P0_VIEW COMPLETE nano=32809238163100
[15:59:53] [Client thread/INFO] [STDOUT]: [com.layue13.clashweave.validation.ClientReplay:viewReplay:295]: P0_VIEW COMPLETE nano=32809288038699
[15:59:53] [Client thread/INFO] [STDOUT]: [com.layue13.clashweave.validation.ClientReplay:viewReplay:295]: P0_VIEW COMPLETE nano=32809340127900
[15:59:53] [Client thread/INFO] [STDOUT]: [com.layue13.clashweave.validation.ClientReplay:viewReplay:295]: P0_VIEW COMPLETE nano=32809387922700
[15:59:53] [Client thread/INFO] [STDOUT]: [com.layue13.clashweave.validation.ClientReplay:viewReplay:295]: P0_VIEW COMPLETE nano=32809437972300
[15:59:53] [Client thread/INFO] [STDOUT]: [com.layue13.clashweave.validation.ClientReplay:viewReplay:295]: P0_VIEW COMPLETE nano=32809488090200
[15:59:53] [Client thread/INFO] [STDOUT]: [com.layue13.clashweave.validation.ClientReplay:viewReplay:295]: P0_VIEW COMPLETE nano=32809538051900
[15:59:53] [Client thread/INFO] [STDOUT]: [com.layue13.clashweave.validation.ClientReplay:viewReplay:295]: P0_VIEW COMPLETE nano=32809588113500
[15:59:54] [Client thread/INFO] [STDOUT]: [com.layue13.clashweave.validation.ClientReplay:viewReplay:295]: P0_VIEW COMPLETE nano=32809638250000
[15:59:54] [Client thread/INFO] [STDOUT]: [com.layue13.clashweave.validation.ClientReplay:viewReplay:295]: P0_VIEW COMPLETE nano=32809688187300
[15:59:54] [Client thread/INFO] [STDOUT]: [com.layue13.clashweave.validation.ClientReplay:viewReplay:295]: P0_VIEW COMPLETE nano=32809738275999
[15:59:54] [Client thread/INFO] [STDOUT]: [com.layue13.clashweave.validation.ClientReplay:viewReplay:295]: P0_VIEW COMPLETE nano=32809788145200
[15:59:54] [Client thread/INFO] [STDOUT]: [com.layue13.clashweave.validation.ClientReplay:viewReplay:295]: P0_VIEW COMPLETE nano=32809838208900
[15:59:54] [Client thread/INFO] [STDOUT]: [com.layue13.clashweave.validation.ClientReplay:viewReplay:295]: P0_VIEW COMPLETE nano=32809888029800
[15:59:54] [Client thread/INFO] [STDOUT]: [com.layue13.clashweave.validation.ClientReplay:viewReplay:295]: P0_VIEW COMPLETE nano=32809937876800
[15:59:54] [Client thread/INFO] [STDOUT]: [com.layue13.clashweave.validation.ClientReplay:viewReplay:295]: P0_VIEW COMPLETE nano=32809988018300
[15:59:54] [Client thread/INFO] [STDOUT]: [com.layue13.clashweave.validation.ClientReplay:viewReplay:295]: P0_VIEW COMPLETE nano=32810038216000
[15:59:54] [Client thread/INFO] [STDOUT]: [com.layue13.clashweave.validation.ClientReplay:viewReplay:295]: P0_VIEW COMPLETE nano=32810088030600
[15:59:54] [Client thread/INFO] [STDOUT]: [com.layue13.clashweave.validation.ClientReplay:viewReplay:295]: P0_VIEW COMPLETE nano=32810137964000
[15:59:54] [Client thread/INFO] [STDOUT]: [com.layue13.clashweave.validation.ClientReplay:viewReplay:295]: P0_VIEW COMPLETE nano=32810188328400
[15:59:54] [Client thread/INFO] [STDOUT]: [com.layue13.clashweave.validation.ClientReplay:viewReplay:295]: P0_VIEW COMPLETE nano=32810237851400
[15:59:54] [Client thread/INFO] [STDOUT]: [com.layue13.clashweave.validation.ClientReplay:viewReplay:295]: P0_VIEW COMPLETE nano=32810288122300
[15:59:54] [Client thread/INFO] [STDOUT]: [com.layue13.clashweave.validation.ClientReplay:viewReplay:295]: P0_VIEW COMPLETE nano=32810337858699
[15:59:54] [Client thread/INFO] [STDOUT]: [com.layue13.clashweave.validation.ClientReplay:viewReplay:295]: P0_VIEW COMPLETE nano=32810388175000
[15:59:54] [Client thread/INFO] [STDOUT]: [com.layue13.clashweave.validation.ClientReplay:viewReplay:295]: P0_VIEW COMPLETE nano=32810437908699
[15:59:54] [Client thread/INFO] [STDOUT]: [com.layue13.clashweave.validation.ClientReplay:viewReplay:295]: P0_VIEW COMPLETE nano=32810488140100
[15:59:54] [Client thread/INFO] [STDOUT]: [com.layue13.clashweave.validation.ClientReplay:viewReplay:295]: P0_VIEW COMPLETE nano=32810537885200
[15:59:54] [Client thread/INFO] [STDOUT]: [com.layue13.clashweave.validation.ClientReplay:viewReplay:295]: P0_VIEW COMPLETE nano=32810587972399
[15:59:55] [Client thread/INFO] [STDOUT]: [com.layue13.clashweave.validation.ClientReplay:viewReplay:295]: P0_VIEW COMPLETE nano=32810639031100
[15:59:55] [Client thread/INFO] [STDOUT]: [com.layue13.clashweave.validation.ClientReplay:viewReplay:295]: P0_VIEW COMPLETE nano=32810687828399
[15:59:55] [Client thread/INFO] [STDOUT]: [com.layue13.clashweave.validation.ClientReplay:viewReplay:295]: P0_VIEW COMPLETE nano=32810737845300
[15:59:55] [Client thread/INFO] [STDOUT]: [com.layue13.clashweave.validation.ClientReplay:viewReplay:295]: P0_VIEW COMPLETE nano=32810788420700
[15:59:55] [Client thread/INFO] [STDOUT]: [com.layue13.clashweave.validation.ClientReplay:viewReplay:295]: P0_VIEW COMPLETE nano=32810838183699
[15:59:55] [Client thread/INFO] [STDOUT]: [com.layue13.clashweave.validation.ClientReplay:viewReplay:295]: P0_VIEW COMPLETE nano=32810888323400
[15:59:55] [Client thread/INFO] [STDOUT]: [com.layue13.clashweave.validation.ClientReplay:viewReplay:295]: P0_VIEW COMPLETE nano=32810938030600
[15:59:55] [Client thread/INFO] [STDOUT]: [com.layue13.clashweave.validation.ClientReplay:viewReplay:295]: P0_VIEW COMPLETE nano=32810987795900
[15:59:55] [Client thread/INFO] [STDOUT]: [com.layue13.clashweave.validation.ClientReplay:viewReplay:295]: P0_VIEW COMPLETE nano=32811037885899
[15:59:55] [Client thread/INFO] [STDOUT]: [com.layue13.clashweave.validation.ClientReplay:viewReplay:295]: P0_VIEW COMPLETE nano=32811087776200
[15:59:55] [Client thread/INFO] [STDOUT]: [com.layue13.clashweave.validation.ClientReplay:viewReplay:295]: P0_VIEW COMPLETE nano=32811138091100
[15:59:55] [Client thread/INFO] [STDOUT]: [com.layue13.clashweave.validation.ClientReplay:viewReplay:295]: P0_VIEW COMPLETE nano=32811193609800
[15:59:55] [Client thread/INFO] [STDOUT]: [com.layue13.clashweave.validation.ClientReplay:viewReplay:295]: P0_VIEW COMPLETE nano=32811238149999
[15:59:55] [Client thread/INFO] [STDOUT]: [com.layue13.clashweave.validation.ClientReplay:viewReplay:295]: P0_VIEW COMPLETE nano=32811287941700
[15:59:55] [Client thread/INFO] [STDOUT]: [com.layue13.clashweave.validation.ClientReplay:viewReplay:295]: P0_VIEW COMPLETE nano=32811338250700
[15:59:55] [Client thread/INFO] [STDOUT]: [com.layue13.clashweave.validation.ClientReplay:viewReplay:295]: P0_VIEW COMPLETE nano=32811387929400
[15:59:55] [Client thread/INFO] [STDOUT]: [com.layue13.clashweave.validation.ClientReplay:viewReplay:295]: P0_VIEW COMPLETE nano=32811438154600
[15:59:55] [Client thread/INFO] [STDOUT]: [com.layue13.clashweave.validation.ClientReplay:viewReplay:295]: P0_VIEW COMPLETE nano=32811488111900
[15:59:55] [Client thread/INFO] [STDOUT]: [com.layue13.clashweave.validation.ClientReplay:viewReplay:295]: P0_VIEW COMPLETE nano=32811538204400
[15:59:55] [Client thread/INFO] [STDOUT]: [com.layue13.clashweave.validation.ClientReplay:viewReplay:295]: P0_VIEW COMPLETE nano=32811588645000
[15:59:56] [Client thread/INFO] [STDOUT]: [com.layue13.clashweave.validation.ClientReplay:viewReplay:295]: P0_VIEW COMPLETE nano=32811638247400
[15:59:56] [Client thread/INFO] [STDOUT]: [com.layue13.clashweave.validation.ClientReplay:viewReplay:295]: P0_VIEW COMPLETE nano=32811687912700
[15:59:56] [Client thread/INFO] [STDOUT]: [com.layue13.clashweave.validation.ClientReplay:viewReplay:295]: P0_VIEW COMPLETE nano=32811737961000
[15:59:56] [Client thread/INFO] [STDOUT]: [com.layue13.clashweave.validation.ClientReplay:viewReplay:295]: P0_VIEW COMPLETE nano=32811788192200
[15:59:56] [Client thread/INFO] [STDOUT]: [com.layue13.clashweave.validation.ClientReplay:viewReplay:295]: P0_VIEW COMPLETE nano=32811838038900
[15:59:56] [Client thread/INFO] [STDOUT]: [com.layue13.clashweave.validation.ClientReplay:viewReplay:295]: P0_VIEW COMPLETE nano=32811888214300
[15:59:56] [Client thread/INFO] [STDOUT]: [com.layue13.clashweave.validation.ClientReplay:viewReplay:295]: P0_VIEW COMPLETE nano=32811938190700
[15:59:56] [Client thread/INFO] [STDOUT]: [com.layue13.clashweave.validation.ClientReplay:viewReplay:295]: P0_VIEW COMPLETE nano=32811987999899
[15:59:56] [Client thread/INFO] [STDOUT]: [com.layue13.clashweave.validation.ClientReplay:viewReplay:295]: P0_VIEW COMPLETE nano=32812038117099
[15:59:56] [Client thread/INFO] [STDOUT]: [com.layue13.clashweave.validation.ClientReplay:viewReplay:295]: P0_VIEW COMPLETE nano=32812088127100
[15:59:56] [Client thread/INFO] [STDOUT]: [com.layue13.clashweave.validation.ClientReplay:viewReplay:295]: P0_VIEW COMPLETE nano=32812138193200
[15:59:56] [Client thread/INFO] [STDOUT]: [com.layue13.clashweave.validation.ClientReplay:viewReplay:295]: P0_VIEW COMPLETE nano=32812188077900
[15:59:56] [Client thread/INFO] [STDOUT]: [com.layue13.clashweave.validation.ClientReplay:viewReplay:295]: P0_VIEW COMPLETE nano=32812237890600
[15:59:56] [Client thread/INFO] [STDOUT]: [com.layue13.clashweave.validation.ClientReplay:viewReplay:295]: P0_VIEW COMPLETE nano=32812287786100
[15:59:56] [Client thread/INFO] [STDOUT]: [com.layue13.clashweave.validation.ClientReplay:viewReplay:295]: P0_VIEW COMPLETE nano=32812337807500
[15:59:56] [Client thread/INFO] [STDOUT]: [com.layue13.clashweave.validation.ClientReplay:viewReplay:295]: P0_VIEW COMPLETE nano=32812388011400
[15:59:56] [Client thread/INFO] [STDOUT]: [com.layue13.clashweave.validation.ClientReplay:viewReplay:295]: P0_VIEW COMPLETE nano=32812438132299
[15:59:56] [Client thread/INFO] [STDOUT]: [com.layue13.clashweave.validation.ClientReplay:viewReplay:295]: P0_VIEW COMPLETE nano=32812488127700
[15:59:56] [Client thread/INFO] [STDOUT]: [com.layue13.clashweave.validation.ClientReplay:viewReplay:295]: P0_VIEW COMPLETE nano=32812538191599
[15:59:56] [Client thread/INFO] [STDOUT]: [com.layue13.clashweave.validation.ClientReplay:viewReplay:295]: P0_VIEW COMPLETE nano=32812588158600
[15:59:57] [Client thread/INFO] [STDOUT]: [com.layue13.clashweave.validation.ClientReplay:viewReplay:295]: P0_VIEW COMPLETE nano=32812637967900
[15:59:57] [Client thread/INFO] [STDOUT]: [com.layue13.clashweave.validation.ClientReplay:viewReplay:295]: P0_VIEW COMPLETE nano=32812688065700
[15:59:57] [Client thread/INFO] [STDOUT]: [com.layue13.clashweave.validation.ClientReplay:viewReplay:295]: P0_VIEW COMPLETE nano=32812738093100
[15:59:57] [Client thread/INFO] [STDOUT]: [com.layue13.clashweave.validation.ClientReplay:viewReplay:295]: P0_VIEW COMPLETE nano=32812788001300
[15:59:57] [Client thread/INFO] [STDOUT]: [com.layue13.clashweave.validation.ClientReplay:viewReplay:295]: P0_VIEW COMPLETE nano=32812838170800
[15:59:57] [Client thread/INFO] [STDOUT]: [com.layue13.clashweave.validation.ClientReplay:viewReplay:295]: P0_VIEW COMPLETE nano=32812888288100
[15:59:57] [Client thread/INFO] [STDOUT]: [com.layue13.clashweave.validation.ClientReplay:viewReplay:295]: P0_VIEW COMPLETE nano=32812938101300
[15:59:57] [Client thread/INFO] [STDOUT]: [com.layue13.clashweave.validation.ClientReplay:viewReplay:295]: P0_VIEW COMPLETE nano=32812988328100
[15:59:57] [Client thread/INFO] [STDOUT]: [com.layue13.clashweave.validation.ClientReplay:viewReplay:295]: P0_VIEW COMPLETE nano=32813038086200
[15:59:57] [Client thread/INFO] [STDOUT]: [com.layue13.clashweave.validation.ClientReplay:viewReplay:295]: P0_VIEW COMPLETE nano=32813088406199
[15:59:57] [Client thread/INFO] [STDOUT]: [com.layue13.clashweave.validation.ClientReplay:viewReplay:295]: P0_VIEW COMPLETE nano=32813137811100
[15:59:57] [Client thread/INFO] [STDOUT]: [com.layue13.clashweave.validation.ClientReplay:viewReplay:295]: P0_VIEW COMPLETE nano=32813188241700
[15:59:57] [Client thread/INFO] [STDOUT]: [com.layue13.clashweave.validation.ClientReplay:viewReplay:295]: P0_VIEW COMPLETE nano=32813238450400
[15:59:57] [Client thread/INFO] [STDOUT]: [com.layue13.clashweave.validation.ClientReplay:viewReplay:295]: P0_VIEW COMPLETE nano=32813288088200
[15:59:57] [Client thread/INFO] [STDOUT]: [com.layue13.clashweave.validation.ClientReplay:viewReplay:295]: P0_VIEW COMPLETE nano=32813338027400
[15:59:57] [Client thread/INFO] [STDOUT]: [com.layue13.clashweave.validation.ClientReplay:viewReplay:295]: P0_VIEW COMPLETE nano=32813388432500
[15:59:57] [Client thread/INFO] [STDOUT]: [com.layue13.clashweave.validation.ClientReplay:viewReplay:295]: P0_VIEW COMPLETE nano=32813437972300
[15:59:57] [Client thread/INFO] [STDOUT]: [com.layue13.clashweave.validation.ClientReplay:viewReplay:295]: P0_VIEW COMPLETE nano=32813487968700
[15:59:57] [Client thread/INFO] [STDOUT]: [com.layue13.clashweave.validation.ClientReplay:viewReplay:295]: P0_VIEW COMPLETE nano=32813537867100
[15:59:57] [Client thread/INFO] [STDOUT]: [com.layue13.clashweave.validation.ClientReplay:viewReplay:295]: P0_VIEW COMPLETE nano=32813588231600
[15:59:58] [Client thread/INFO] [STDOUT]: [com.layue13.clashweave.validation.ClientReplay:viewReplay:295]: P0_VIEW COMPLETE nano=32813638185300
[15:59:58] [Client thread/INFO] [STDOUT]: [com.layue13.clashweave.validation.ClientReplay:viewReplay:295]: P0_VIEW COMPLETE nano=32813687935500
[15:59:58] [Client thread/INFO] [STDOUT]: [com.layue13.clashweave.validation.ClientReplay:viewReplay:295]: P0_VIEW COMPLETE nano=32813738875800
[15:59:58] [Client thread/INFO] [STDOUT]: [com.layue13.clashweave.validation.ClientReplay:viewReplay:295]: P0_VIEW COMPLETE nano=32813788178900
[15:59:58] [Client thread/INFO] [STDOUT]: [com.layue13.clashweave.validation.ClientReplay:viewReplay:295]: P0_VIEW COMPLETE nano=32813838198799
[15:59:58] [Client thread/INFO] [STDOUT]: [com.layue13.clashweave.validation.ClientReplay:viewReplay:295]: P0_VIEW COMPLETE nano=32813888117800
[15:59:58] [Client thread/INFO] [STDOUT]: [com.layue13.clashweave.validation.ClientReplay:viewReplay:295]: P0_VIEW COMPLETE nano=32813938115099
[15:59:58] [Client thread/INFO] [STDOUT]: [com.layue13.clashweave.validation.ClientReplay:viewReplay:295]: P0_VIEW COMPLETE nano=32813988110400
[15:59:58] [Client thread/INFO] [STDOUT]: [com.layue13.clashweave.validation.ClientReplay:viewReplay:295]: P0_VIEW COMPLETE nano=32814038036300
[15:59:58] [Client thread/INFO] [STDOUT]: [com.layue13.clashweave.validation.ClientReplay:viewReplay:295]: P0_VIEW COMPLETE nano=32814088133300
[15:59:58] [Client thread/INFO] [STDOUT]: [com.layue13.clashweave.validation.ClientReplay:viewReplay:295]: P0_VIEW COMPLETE nano=32814138279100
[15:59:58] [Client thread/INFO] [STDOUT]: [com.layue13.clashweave.validation.ClientReplay:viewReplay:295]: P0_VIEW COMPLETE nano=32814188104100
[15:59:58] [Client thread/INFO] [STDOUT]: [com.layue13.clashweave.validation.ClientReplay:viewReplay:295]: P0_VIEW COMPLETE nano=32814238177200
[15:59:58] [Client thread/INFO] [STDOUT]: [com.layue13.clashweave.validation.ClientReplay:viewReplay:295]: P0_VIEW COMPLETE nano=32814288073400
[15:59:58] [Client thread/INFO] [STDOUT]: [com.layue13.clashweave.validation.ClientReplay:viewReplay:295]: P0_VIEW COMPLETE nano=32814338414300
[15:59:58] [Client thread/INFO] [STDOUT]: [com.layue13.clashweave.validation.ClientReplay:viewReplay:295]: P0_VIEW COMPLETE nano=32814388248299
[15:59:58] [Client thread/INFO] [STDOUT]: [com.layue13.clashweave.validation.ClientReplay:viewReplay:295]: P0_VIEW COMPLETE nano=32814438043200
[15:59:58] [Client thread/INFO] [STDOUT]: [com.layue13.clashweave.validation.ClientReplay:viewReplay:295]: P0_VIEW COMPLETE nano=32814487966399
[15:59:58] [Client thread/INFO] [STDOUT]: [com.layue13.clashweave.validation.ClientReplay:viewReplay:295]: P0_VIEW COMPLETE nano=32814537840899
[15:59:58] [Client thread/INFO] [STDOUT]: [com.layue13.clashweave.validation.ClientReplay:viewReplay:295]: P0_VIEW COMPLETE nano=32814588322300
[15:59:59] [Client thread/INFO] [STDOUT]: [com.layue13.clashweave.validation.ClientReplay:viewReplay:295]: P0_VIEW COMPLETE nano=32814637996899
[15:59:59] [Client thread/INFO] [STDOUT]: [com.layue13.clashweave.validation.ClientReplay:viewReplay:295]: P0_VIEW COMPLETE nano=32814688062900
[15:59:59] [Client thread/INFO] [STDOUT]: [com.layue13.clashweave.validation.ClientReplay:viewReplay:295]: P0_VIEW COMPLETE nano=32814738045600
[15:59:59] [Client thread/INFO] [STDOUT]: [com.layue13.clashweave.validation.ClientReplay:viewReplay:295]: P0_VIEW COMPLETE nano=32814788785800
[15:59:59] [Client thread/INFO] [STDOUT]: [com.layue13.clashweave.validation.ClientReplay:viewReplay:295]: P0_VIEW COMPLETE nano=32814837973900
[15:59:59] [Client thread/INFO] [STDOUT]: [com.layue13.clashweave.validation.ClientReplay:viewReplay:295]: P0_VIEW COMPLETE nano=32814888153599
[15:59:59] [Client thread/INFO] [STDOUT]: [com.layue13.clashweave.validation.ClientReplay:viewReplay:295]: P0_VIEW COMPLETE nano=32814938096200
[15:59:59] [Client thread/INFO] [STDOUT]: [com.layue13.clashweave.validation.ClientReplay:viewReplay:295]: P0_VIEW COMPLETE nano=32814988060300
[15:59:59] [Client thread/INFO] [STDOUT]: [com.layue13.clashweave.validation.ClientReplay:viewReplay:295]: P0_VIEW COMPLETE nano=32815037783000
[15:59:59] [Client thread/INFO] [STDOUT]: [com.layue13.clashweave.validation.ClientReplay:viewReplay:295]: P0_VIEW COMPLETE nano=32815087961500
[15:59:59] [Client thread/INFO] [STDOUT]: [com.layue13.clashweave.validation.ClientReplay:viewReplay:295]: P0_VIEW COMPLETE nano=32815138916400
[15:59:59] [Client thread/INFO] [STDOUT]: [com.layue13.clashweave.validation.ClientReplay:viewReplay:295]: P0_VIEW COMPLETE nano=32815188218600
[15:59:59] [Client thread/INFO] [STDOUT]: [com.layue13.clashweave.validation.ClientReplay:viewReplay:295]: P0_VIEW COMPLETE nano=32815237891700
[15:59:59] [Client thread/INFO] [STDOUT]: [com.layue13.clashweave.validation.ClientReplay:viewReplay:295]: P0_VIEW COMPLETE nano=32815287979000
[15:59:59] [Client thread/INFO] [STDOUT]: [com.layue13.clashweave.validation.ClientReplay:viewReplay:295]: P0_VIEW COMPLETE nano=32815337842700
[15:59:59] [Client thread/INFO] [STDOUT]: [com.layue13.clashweave.validation.ClientReplay:viewReplay:295]: P0_VIEW COMPLETE nano=32815388786500
[15:59:59] [Client thread/INFO] [STDOUT]: [com.layue13.clashweave.validation.ClientReplay:viewReplay:295]: P0_VIEW COMPLETE nano=32815438060000
[15:59:59] [Client thread/INFO] [STDOUT]: [com.layue13.clashweave.validation.ClientReplay:viewReplay:295]: P0_VIEW COMPLETE nano=32815488099600
[15:59:59] [Client thread/INFO] [STDOUT]: [com.layue13.clashweave.validation.ClientReplay:viewReplay:295]: P0_VIEW COMPLETE nano=32815537826800
[15:59:59] [Client thread/INFO] [STDOUT]: [com.layue13.clashweave.validation.ClientReplay:viewReplay:295]: P0_VIEW COMPLETE nano=32815587876899
[16:00:00] [Client thread/INFO] [STDOUT]: [com.layue13.clashweave.validation.ClientReplay:viewReplay:295]: P0_VIEW COMPLETE nano=32815638074100
[16:00:00] [Client thread/INFO] [STDOUT]: [com.layue13.clashweave.validation.ClientReplay:viewReplay:295]: P0_VIEW COMPLETE nano=32815688227200
[16:00:00] [Client thread/INFO] [STDOUT]: [com.layue13.clashweave.validation.ClientReplay:viewReplay:295]: P0_VIEW COMPLETE nano=32815738471800
[16:00:00] [Client thread/INFO] [STDOUT]: [com.layue13.clashweave.validation.ClientReplay:viewReplay:295]: P0_VIEW COMPLETE nano=32815787898199
[16:00:00] [Client thread/INFO] [STDOUT]: [com.layue13.clashweave.validation.ClientReplay:viewReplay:295]: P0_VIEW COMPLETE nano=32815838061000
[16:00:00] [Client thread/INFO] [STDOUT]: [com.layue13.clashweave.validation.ClientReplay:viewReplay:295]: P0_VIEW COMPLETE nano=32815887933400
[16:00:00] [Client thread/INFO] [STDOUT]: [com.layue13.clashweave.validation.ClientReplay:viewReplay:295]: P0_VIEW COMPLETE nano=32815937869000
[16:00:00] [Client thread/INFO] [STDOUT]: [com.layue13.clashweave.validation.ClientReplay:viewReplay:295]: P0_VIEW COMPLETE nano=32815987726800
[16:00:00] [Client thread/INFO] [STDOUT]: [com.layue13.clashweave.validation.ClientReplay:viewReplay:295]: P0_VIEW COMPLETE nano=32816037868400
[16:00:00] [Client thread/INFO] [STDOUT]: [com.layue13.clashweave.validation.ClientReplay:viewReplay:295]: P0_VIEW COMPLETE nano=32816087976000
[16:00:00] [Client thread/INFO] [STDOUT]: [com.layue13.clashweave.validation.ClientReplay:viewReplay:295]: P0_VIEW COMPLETE nano=32816138841499
[16:00:00] [Client thread/INFO] [STDOUT]: [com.layue13.clashweave.validation.ClientReplay:viewReplay:295]: P0_VIEW COMPLETE nano=32816188363300
[16:00:00] [Client thread/INFO] [STDOUT]: [com.layue13.clashweave.validation.ClientReplay:viewReplay:295]: P0_VIEW COMPLETE nano=32816237792499
[16:00:00] [Client thread/INFO] [STDOUT]: [com.layue13.clashweave.validation.ClientReplay:viewReplay:295]: P0_VIEW COMPLETE nano=32816288176100
[16:00:00] [Client thread/INFO] [STDOUT]: [com.layue13.clashweave.validation.ClientReplay:viewReplay:295]: P0_VIEW COMPLETE nano=32816338100800
[16:00:00] [Client thread/INFO] [STDOUT]: [com.layue13.clashweave.validation.ClientReplay:viewReplay:295]: P0_VIEW COMPLETE nano=32816387884700
[16:00:00] [Client thread/INFO] [STDOUT]: [com.layue13.clashweave.validation.ClientReplay:viewReplay:295]: P0_VIEW COMPLETE nano=32816438022100
[16:00:00] [Client thread/INFO] [STDOUT]: [com.layue13.clashweave.validation.ClientReplay:viewReplay:295]: P0_VIEW COMPLETE nano=32816488607699
[16:00:00] [Client thread/INFO] [STDOUT]: [com.layue13.clashweave.validation.ClientReplay:viewReplay:295]: P0_VIEW COMPLETE nano=32816537985400
[16:00:00] [Client thread/INFO] [STDOUT]: [com.layue13.clashweave.validation.ClientReplay:viewReplay:295]: P0_VIEW COMPLETE nano=32816588041900
[16:00:01] [Client thread/INFO] [STDOUT]: [com.layue13.clashweave.validation.ClientReplay:viewReplay:295]: P0_VIEW COMPLETE nano=32816637833100
[16:00:01] [Client thread/INFO] [STDOUT]: [com.layue13.clashweave.validation.ClientReplay:viewReplay:295]: P0_VIEW COMPLETE nano=32816689188900
[16:00:01] [Client thread/INFO] [STDOUT]: [com.layue13.clashweave.validation.ClientReplay:viewReplay:295]: P0_VIEW COMPLETE nano=32816738241699
[16:00:01] [Client thread/INFO] [STDOUT]: [com.layue13.clashweave.validation.ClientReplay:viewReplay:295]: P0_VIEW COMPLETE nano=32816788034600
[16:00:01] [Client thread/INFO] [STDOUT]: [com.layue13.clashweave.validation.ClientReplay:viewReplay:295]: P0_VIEW COMPLETE nano=32816837809600
[16:00:01] [Client thread/INFO] [STDOUT]: [com.layue13.clashweave.validation.ClientReplay:viewReplay:295]: P0_VIEW COMPLETE nano=32816888373399
[16:00:01] [Client thread/INFO] [STDOUT]: [com.layue13.clashweave.validation.ClientReplay:viewReplay:295]: P0_VIEW COMPLETE nano=32816938029099
[16:00:01] [Client thread/INFO] [STDOUT]: [com.layue13.clashweave.validation.ClientReplay:viewReplay:295]: P0_VIEW COMPLETE nano=32816988025400
[16:00:01] [Client thread/INFO] [STDOUT]: [com.layue13.clashweave.validation.ClientReplay:viewReplay:295]: P0_VIEW COMPLETE nano=32817038009500
[16:00:01] [Client thread/INFO] [STDOUT]: [com.layue13.clashweave.validation.ClientReplay:viewReplay:295]: P0_VIEW COMPLETE nano=32817088285200
[16:00:01] [Client thread/INFO] [STDOUT]: [com.layue13.clashweave.validation.ClientReplay:viewReplay:295]: P0_VIEW COMPLETE nano=32817138058800
[16:00:01] [Client thread/INFO] [STDOUT]: [com.layue13.clashweave.validation.ClientReplay:viewReplay:295]: P0_VIEW COMPLETE nano=32817188018599
[16:00:01] [Client thread/INFO] [STDOUT]: [com.layue13.clashweave.validation.ClientReplay:viewReplay:295]: P0_VIEW COMPLETE nano=32817238050599
[16:00:01] [Client thread/INFO] [STDOUT]: [com.layue13.clashweave.validation.ClientReplay:viewReplay:295]: P0_VIEW COMPLETE nano=32817288268300
[16:00:01] [Client thread/INFO] [STDOUT]: [com.layue13.clashweave.validation.ClientReplay:viewReplay:295]: P0_VIEW COMPLETE nano=32817338251900
[16:00:01] [Client thread/INFO] [STDOUT]: [com.layue13.clashweave.validation.ClientReplay:viewReplay:295]: P0_VIEW COMPLETE nano=32817388434499
[16:00:01] [Client thread/INFO] [STDOUT]: [com.layue13.clashweave.validation.ClientReplay:viewReplay:295]: P0_VIEW COMPLETE nano=32817438039499
[16:00:01] [Client thread/INFO] [STDOUT]: [com.layue13.clashweave.validation.ClientReplay:viewReplay:295]: P0_VIEW COMPLETE nano=32817488044300
[16:00:01] [Client thread/INFO] [STDOUT]: [com.layue13.clashweave.validation.ClientReplay:viewReplay:295]: P0_VIEW COMPLETE nano=32817538410700
[16:00:01] [Client thread/INFO] [STDOUT]: [com.layue13.clashweave.validation.ClientReplay:viewReplay:295]: P0_VIEW COMPLETE nano=32817588574200
[16:00:02] [Client thread/INFO] [STDOUT]: [com.layue13.clashweave.validation.ClientReplay:viewReplay:295]: P0_VIEW COMPLETE nano=32817638174200
[16:00:02] [Client thread/INFO] [STDOUT]: [com.layue13.clashweave.validation.ClientReplay:viewReplay:295]: P0_VIEW COMPLETE nano=32817687914100
[16:00:02] [Client thread/INFO] [STDOUT]: [com.layue13.clashweave.validation.ClientReplay:viewReplay:295]: P0_VIEW COMPLETE nano=32817738571399
[16:00:02] [Client thread/INFO] [STDOUT]: [com.layue13.clashweave.validation.ClientReplay:viewReplay:295]: P0_VIEW COMPLETE nano=32817788233900
[16:00:02] [Client thread/INFO] [STDOUT]: [com.layue13.clashweave.validation.ClientReplay:viewReplay:295]: P0_VIEW COMPLETE nano=32817838014700
[16:00:02] [Client thread/INFO] [STDOUT]: [com.layue13.clashweave.validation.ClientReplay:viewReplay:295]: P0_VIEW COMPLETE nano=32817888010299
[16:00:02] [Client thread/INFO] [STDOUT]: [com.layue13.clashweave.validation.ClientReplay:viewReplay:295]: P0_VIEW COMPLETE nano=32817938223600
[16:00:02] [Client thread/INFO] [STDOUT]: [com.layue13.clashweave.validation.ClientReplay:viewReplay:295]: P0_VIEW COMPLETE nano=32817988101800
[16:00:02] [Client thread/INFO] [STDOUT]: [com.layue13.clashweave.validation.ClientReplay:viewReplay:295]: P0_VIEW COMPLETE nano=32818037835400
[16:00:02] [Client thread/INFO] [STDOUT]: [com.layue13.clashweave.validation.ClientReplay:viewReplay:295]: P0_VIEW COMPLETE nano=32818088071899
[16:00:02] [Client thread/INFO] [STDOUT]: [com.layue13.clashweave.validation.ClientReplay:viewReplay:295]: P0_VIEW COMPLETE nano=32818138062100
[16:00:02] [Client thread/INFO] [STDOUT]: [com.layue13.clashweave.validation.ClientReplay:viewReplay:295]: P0_VIEW COMPLETE nano=32818187970200
[16:00:02] [Client thread/INFO] [STDOUT]: [com.layue13.clashweave.validation.ClientReplay:viewReplay:295]: P0_VIEW COMPLETE nano=32818238169400
[16:00:02] [Client thread/INFO] [STDOUT]: [com.layue13.clashweave.validation.ClientReplay:viewReplay:295]: P0_VIEW COMPLETE nano=32818288220299
[16:00:02] [Client thread/INFO] [STDOUT]: [com.layue13.clashweave.validation.ClientReplay:viewReplay:295]: P0_VIEW COMPLETE nano=32818338065400
[16:00:02] [Client thread/INFO] [STDOUT]: [com.layue13.clashweave.validation.ClientReplay:viewReplay:295]: P0_VIEW COMPLETE nano=32818388229700
[16:00:02] [Client thread/INFO] [STDOUT]: [com.layue13.clashweave.validation.ClientReplay:viewReplay:295]: P0_VIEW COMPLETE nano=32818438251000
[16:00:02] [Client thread/INFO] [STDOUT]: [com.layue13.clashweave.validation.ClientReplay:viewReplay:295]: P0_VIEW COMPLETE nano=32818488049100
[16:00:02] [Client thread/INFO] [STDOUT]: [com.layue13.clashweave.validation.ClientReplay:viewReplay:295]: P0_VIEW COMPLETE nano=32818538303399
[16:00:02] [Client thread/INFO] [STDOUT]: [com.layue13.clashweave.validation.ClientReplay:viewReplay:295]: P0_VIEW COMPLETE nano=32818587966000
[16:00:03] [Client thread/INFO] [STDOUT]: [com.layue13.clashweave.validation.ClientReplay:viewReplay:295]: P0_VIEW COMPLETE nano=32818637916400
[16:00:03] [Client thread/INFO] [STDOUT]: [com.layue13.clashweave.validation.ClientReplay:viewReplay:295]: P0_VIEW COMPLETE nano=32818687804000
[16:00:03] [Client thread/INFO] [STDOUT]: [com.layue13.clashweave.validation.ClientReplay:viewReplay:295]: P0_VIEW COMPLETE nano=32818738318800
[16:00:03] [Client thread/INFO] [STDOUT]: [com.layue13.clashweave.validation.ClientReplay:viewReplay:295]: P0_VIEW COMPLETE nano=32818788413000
[16:00:03] [Client thread/INFO] [STDOUT]: [com.layue13.clashweave.validation.ClientReplay:viewReplay:295]: P0_VIEW COMPLETE nano=32818838092799
[16:00:03] [Client thread/INFO] [STDOUT]: [com.layue13.clashweave.validation.ClientReplay:viewReplay:295]: P0_VIEW COMPLETE nano=32818888197400
[16:00:03] [Client thread/INFO] [STDOUT]: [com.layue13.clashweave.validation.ClientReplay:viewReplay:295]: P0_VIEW COMPLETE nano=32818937970699
[16:00:03] [Client thread/INFO] [STDOUT]: [com.layue13.clashweave.validation.ClientReplay:viewReplay:295]: P0_VIEW COMPLETE nano=32818988045899
[16:00:03] [Client thread/INFO] [STDOUT]: [com.layue13.clashweave.validation.ClientReplay:viewReplay:295]: P0_VIEW COMPLETE nano=32819038098700
[16:00:03] [Client thread/INFO] [STDOUT]: [com.layue13.clashweave.validation.ClientReplay:viewReplay:295]: P0_VIEW COMPLETE nano=32819088038500
[16:00:03] [Client thread/INFO] [STDOUT]: [com.layue13.clashweave.validation.ClientReplay:viewReplay:295]: P0_VIEW COMPLETE nano=32819138409799
[16:00:03] [Client thread/INFO] [STDOUT]: [com.layue13.clashweave.validation.ClientReplay:viewReplay:295]: P0_VIEW COMPLETE nano=32819188036599
[16:00:03] [Client thread/INFO] [STDOUT]: [com.layue13.clashweave.validation.ClientReplay:viewReplay:295]: P0_VIEW COMPLETE nano=32819237908400
[16:00:03] [Client thread/INFO] [STDOUT]: [com.layue13.clashweave.validation.ClientReplay:viewReplay:295]: P0_VIEW COMPLETE nano=32819287856500
[16:00:03] [Client thread/INFO] [STDOUT]: [com.layue13.clashweave.validation.ClientReplay:viewReplay:295]: P0_VIEW COMPLETE nano=32819338027799
[16:00:03] [Client thread/INFO] [STDOUT]: [com.layue13.clashweave.validation.ClientReplay:viewReplay:295]: P0_VIEW COMPLETE nano=32819387771000
[16:00:03] [Client thread/INFO] [STDOUT]: [com.layue13.clashweave.validation.ClientReplay:viewReplay:295]: P0_VIEW COMPLETE nano=32819438128900
[16:00:03] [Client thread/INFO] [STDOUT]: [com.layue13.clashweave.validation.ClientReplay:viewReplay:295]: P0_VIEW COMPLETE nano=32819488098200
[16:00:03] [Client thread/INFO] [STDOUT]: [com.layue13.clashweave.validation.ClientReplay:viewReplay:295]: P0_VIEW COMPLETE nano=32819538484899
[16:00:03] [Client thread/INFO] [STDOUT]: [com.layue13.clashweave.validation.ClientReplay:viewReplay:295]: P0_VIEW COMPLETE nano=32819588197800
[16:00:04] [Client thread/INFO] [STDOUT]: [com.layue13.clashweave.validation.ClientReplay:viewReplay:295]: P0_VIEW COMPLETE nano=32819638011800
[16:00:04] [Client thread/INFO] [STDOUT]: [com.layue13.clashweave.validation.ClientReplay:viewReplay:295]: P0_VIEW COMPLETE nano=32819688052600
[16:00:04] [Client thread/INFO] [STDOUT]: [com.layue13.clashweave.validation.ClientReplay:viewReplay:295]: P0_VIEW COMPLETE nano=32819737879900
[16:00:04] [Client thread/INFO] [STDOUT]: [com.layue13.clashweave.validation.ClientReplay:viewReplay:295]: P0_VIEW COMPLETE nano=32819788441400
[16:00:04] [Client thread/INFO] [STDOUT]: [com.layue13.clashweave.validation.ClientReplay:viewReplay:295]: P0_VIEW COMPLETE nano=32819838144300
[16:00:04] [Client thread/INFO] [STDOUT]: [com.layue13.clashweave.validation.ClientReplay:viewReplay:295]: P0_VIEW COMPLETE nano=32819888067800
[16:00:04] [Client thread/INFO] [STDOUT]: [com.layue13.clashweave.validation.ClientReplay:viewReplay:295]: P0_VIEW COMPLETE nano=32819937800000
[16:00:04] [Client thread/INFO] [STDOUT]: [com.layue13.clashweave.validation.ClientReplay:viewReplay:295]: P0_VIEW COMPLETE nano=32819988246100
[16:00:04] [Client thread/INFO] [STDOUT]: [com.layue13.clashweave.validation.ClientReplay:viewReplay:295]: P0_VIEW COMPLETE nano=32820038099200
[16:00:04] [Client thread/INFO] [STDOUT]: [com.layue13.clashweave.validation.ClientReplay:viewReplay:295]: P0_VIEW COMPLETE nano=32820088079499
[16:00:04] [Client thread/INFO] [STDOUT]: [com.layue13.clashweave.validation.ClientReplay:viewReplay:295]: P0_VIEW COMPLETE nano=32820138043500
[16:00:04] [Client thread/INFO] [STDOUT]: [com.layue13.clashweave.validation.ClientReplay:viewReplay:295]: P0_VIEW COMPLETE nano=32820188447300
[16:00:04] [Client thread/INFO] [STDOUT]: [com.layue13.clashweave.validation.ClientReplay:viewReplay:295]: P0_VIEW COMPLETE nano=32820238265900
[16:00:04] [Client thread/INFO] [STDOUT]: [com.layue13.clashweave.validation.ClientReplay:viewReplay:295]: P0_VIEW COMPLETE nano=32820287970500
[16:00:04] [Client thread/INFO] [STDOUT]: [com.layue13.clashweave.validation.ClientReplay:viewReplay:295]: P0_VIEW COMPLETE nano=32820337788700
[16:00:04] [Client thread/INFO] [STDOUT]: [com.layue13.clashweave.validation.ClientReplay:viewReplay:295]: P0_VIEW COMPLETE nano=32820387837100
[16:00:04] [Client thread/INFO] [STDOUT]: [com.layue13.clashweave.validation.ClientReplay:viewReplay:295]: P0_VIEW COMPLETE nano=32820438578100
[16:00:04] [Client thread/INFO] [STDOUT]: [com.layue13.clashweave.validation.ClientReplay:viewReplay:295]: P0_VIEW COMPLETE nano=32820488358000
[16:00:04] [Client thread/INFO] [STDOUT]: [com.layue13.clashweave.validation.ClientReplay:viewReplay:295]: P0_VIEW COMPLETE nano=32820538243400
[16:00:04] [Client thread/INFO] [STDOUT]: [com.layue13.clashweave.validation.ClientReplay:viewReplay:295]: P0_VIEW COMPLETE nano=32820587735800
[16:00:05] [Client thread/INFO] [STDOUT]: [com.layue13.clashweave.validation.ClientReplay:viewReplay:295]: P0_VIEW COMPLETE nano=32820637783899
[16:00:05] [Client thread/INFO] [STDOUT]: [com.layue13.clashweave.validation.ClientReplay:viewReplay:295]: P0_VIEW COMPLETE nano=32820688236399
[16:00:05] [Client thread/INFO] [STDOUT]: [com.layue13.clashweave.validation.ClientReplay:viewReplay:295]: P0_VIEW COMPLETE nano=32820737991399
[16:00:05] [Client thread/INFO] [STDOUT]: [com.layue13.clashweave.validation.ClientReplay:viewReplay:295]: P0_VIEW COMPLETE nano=32820788152399
[16:00:05] [Client thread/INFO] [STDOUT]: [com.layue13.clashweave.validation.ClientReplay:viewReplay:295]: P0_VIEW COMPLETE nano=32820838747800
[16:00:05] [Client thread/INFO] [STDOUT]: [com.layue13.clashweave.validation.ClientReplay:viewReplay:295]: P0_VIEW COMPLETE nano=32820888011199
[16:00:05] [Client thread/INFO] [STDOUT]: [com.layue13.clashweave.validation.ClientReplay:viewReplay:295]: P0_VIEW COMPLETE nano=32820938079300
[16:00:05] [Client thread/INFO] [STDOUT]: [com.layue13.clashweave.validation.ClientReplay:viewReplay:295]: P0_VIEW COMPLETE nano=32820988124199
[16:00:05] [Client thread/INFO] [STDOUT]: [com.layue13.clashweave.validation.ClientReplay:viewReplay:295]: P0_VIEW COMPLETE nano=32821038791100
[16:00:05] [Client thread/INFO] [STDOUT]: [com.layue13.clashweave.validation.ClientReplay:viewReplay:295]: P0_VIEW COMPLETE nano=32821088240700
[16:00:05] [Client thread/INFO] [STDOUT]: [com.layue13.clashweave.validation.ClientReplay:viewReplay:295]: P0_VIEW COMPLETE nano=32821137943399
[16:00:05] [Client thread/INFO] [STDOUT]: [com.layue13.clashweave.validation.ClientReplay:viewReplay:295]: P0_VIEW COMPLETE nano=32821189155599
[16:00:05] [Client thread/INFO] [STDOUT]: [com.layue13.clashweave.validation.ClientReplay:viewReplay:295]: P0_VIEW COMPLETE nano=32821238225200
[16:00:05] [Client thread/INFO] [STDOUT]: [com.layue13.clashweave.validation.ClientReplay:viewReplay:295]: P0_VIEW COMPLETE nano=32821289349500
[16:00:05] [Client thread/INFO] [STDOUT]: [com.layue13.clashweave.validation.ClientReplay:viewReplay:295]: P0_VIEW COMPLETE nano=32821338277700
[16:00:05] [Client thread/INFO] [STDOUT]: [com.layue13.clashweave.validation.ClientReplay:viewReplay:295]: P0_VIEW COMPLETE nano=32821388336199
[16:00:05] [Client thread/INFO] [STDOUT]: [com.layue13.clashweave.validation.ClientReplay:viewReplay:295]: P0_VIEW COMPLETE nano=32821438154500
[16:00:05] [Client thread/INFO] [STDOUT]: [com.layue13.clashweave.validation.ClientReplay:viewReplay:295]: P0_VIEW COMPLETE nano=32821488290300
[16:00:05] [Client thread/INFO] [STDOUT]: [com.layue13.clashweave.validation.ClientReplay:viewReplay:295]: P0_VIEW COMPLETE nano=32821538309900
[16:00:05] [Client thread/INFO] [STDOUT]: [com.layue13.clashweave.validation.ClientReplay:viewReplay:295]: P0_VIEW COMPLETE nano=32821587871000
[16:00:06] [Client thread/INFO] [STDOUT]: [com.layue13.clashweave.validation.ClientReplay:viewReplay:295]: P0_VIEW COMPLETE nano=32821639003700
[16:00:06] [Client thread/INFO] [STDOUT]: [com.layue13.clashweave.validation.ClientReplay:viewReplay:295]: P0_VIEW COMPLETE nano=32821688682599
[16:00:06] [Client thread/INFO] [STDOUT]: [com.layue13.clashweave.validation.ClientReplay:viewReplay:295]: P0_VIEW COMPLETE nano=32821737946399
[16:00:06] [Client thread/INFO] [STDOUT]: [com.layue13.clashweave.validation.ClientReplay:viewReplay:295]: P0_VIEW COMPLETE nano=32821789124199
[16:00:06] [Client thread/INFO] [STDOUT]: [com.layue13.clashweave.validation.ClientReplay:viewReplay:295]: P0_VIEW COMPLETE nano=32821838118400
[16:00:06] [Client thread/INFO] [STDOUT]: [com.layue13.clashweave.validation.ClientReplay:viewReplay:295]: P0_VIEW COMPLETE nano=32821887787699
[16:00:06] [Client thread/INFO] [STDOUT]: [com.layue13.clashweave.validation.ClientReplay:viewReplay:295]: P0_VIEW COMPLETE nano=32821938251900
[16:00:06] [Client thread/INFO] [STDOUT]: [com.layue13.clashweave.validation.ClientReplay:viewReplay:295]: P0_VIEW COMPLETE nano=32821988235800
[16:00:06] [Client thread/INFO] [STDOUT]: [com.layue13.clashweave.validation.ClientReplay:viewReplay:295]: P0_VIEW COMPLETE nano=32822037865699
[16:00:06] [Client thread/INFO] [STDOUT]: [com.layue13.clashweave.validation.ClientReplay:viewReplay:295]: P0_VIEW COMPLETE nano=32822088483100
[16:00:06] [Client thread/INFO] [STDOUT]: [com.layue13.clashweave.validation.ClientReplay:viewReplay:295]: P0_VIEW COMPLETE nano=32822138381300
[16:00:06] [Client thread/INFO] [STDOUT]: [com.layue13.clashweave.validation.ClientReplay:viewReplay:295]: P0_VIEW COMPLETE nano=32822188352300
[16:00:06] [Client thread/INFO] [STDOUT]: [com.layue13.clashweave.validation.ClientReplay:viewReplay:295]: P0_VIEW COMPLETE nano=32822237930299
[16:00:06] [Client thread/INFO] [STDOUT]: [com.layue13.clashweave.validation.ClientReplay:viewReplay:295]: P0_VIEW COMPLETE nano=32822287948600
[16:00:06] [Client thread/INFO] [STDOUT]: [com.layue13.clashweave.validation.ClientReplay:viewReplay:295]: P0_VIEW COMPLETE nano=32822337922699
[16:00:06] [Client thread/INFO] [STDOUT]: [com.layue13.clashweave.validation.ClientReplay:viewReplay:295]: P0_VIEW COMPLETE nano=32822388036200
[16:00:06] [Client thread/INFO] [STDOUT]: [com.layue13.clashweave.validation.ClientReplay:viewReplay:295]: P0_VIEW COMPLETE nano=32822437950100
[16:00:06] [Client thread/INFO] [STDOUT]: [com.layue13.clashweave.validation.ClientReplay:viewReplay:295]: P0_VIEW COMPLETE nano=32822487889199
[16:00:06] [Client thread/INFO] [STDOUT]: [com.layue13.clashweave.validation.ClientReplay:viewReplay:295]: P0_VIEW COMPLETE nano=32822537869300
[16:00:06] [Client thread/INFO] [STDOUT]: [com.layue13.clashweave.validation.ClientReplay:viewReplay:295]: P0_VIEW COMPLETE nano=32822587800600
[16:00:07] [Client thread/INFO] [STDOUT]: [com.layue13.clashweave.validation.ClientReplay:viewReplay:295]: P0_VIEW COMPLETE nano=32822638446200
[16:00:07] [Client thread/INFO] [STDOUT]: [com.layue13.clashweave.validation.ClientReplay:viewReplay:295]: P0_VIEW COMPLETE nano=32822688177400
[16:00:07] [Client thread/INFO] [STDOUT]: [com.layue13.clashweave.validation.ClientReplay:viewReplay:295]: P0_VIEW COMPLETE nano=32822738078199
[16:00:07] [Client thread/INFO] [STDOUT]: [com.layue13.clashweave.validation.ClientReplay:viewReplay:295]: P0_VIEW COMPLETE nano=32822787929200
[16:00:07] [Client thread/INFO] [STDOUT]: [com.layue13.clashweave.validation.ClientReplay:viewReplay:295]: P0_VIEW COMPLETE nano=32822837884200
[16:00:07] [Client thread/INFO] [STDOUT]: [com.layue13.clashweave.validation.ClientReplay:viewReplay:295]: P0_VIEW COMPLETE nano=32822887992000
[16:00:07] [Client thread/INFO] [STDOUT]: [com.layue13.clashweave.validation.ClientReplay:viewReplay:295]: P0_VIEW COMPLETE nano=32822938163000
[16:00:07] [Client thread/INFO] [STDOUT]: [com.layue13.clashweave.validation.ClientReplay:viewReplay:295]: P0_VIEW COMPLETE nano=32822988216500
[16:00:07] [Client thread/INFO] [STDOUT]: [com.layue13.clashweave.validation.ClientReplay:viewReplay:295]: P0_VIEW COMPLETE nano=32823037901700
[16:00:07] [Client thread/INFO] [STDOUT]: [com.layue13.clashweave.validation.ClientReplay:viewReplay:295]: P0_VIEW COMPLETE nano=32823088835400
[16:00:07] [Client thread/INFO] [STDOUT]: [com.layue13.clashweave.validation.ClientReplay:viewReplay:295]: P0_VIEW COMPLETE nano=32823138276899
[16:00:07] [Client thread/INFO] [STDOUT]: [com.layue13.clashweave.validation.ClientReplay:viewReplay:295]: P0_VIEW COMPLETE nano=32823188327600
[16:00:07] [Client thread/INFO] [STDOUT]: [com.layue13.clashweave.validation.ClientReplay:viewReplay:295]: P0_VIEW COMPLETE nano=32823238176200
[16:00:07] [Client thread/INFO] [STDOUT]: [com.layue13.clashweave.validation.ClientReplay:viewReplay:295]: P0_VIEW COMPLETE nano=32823288484400
[16:00:07] [Client thread/INFO] [STDOUT]: [com.layue13.clashweave.validation.ClientReplay:viewReplay:295]: P0_VIEW COMPLETE nano=32823338085700
[16:00:07] [Client thread/INFO] [STDOUT]: [com.layue13.clashweave.validation.ClientReplay:viewReplay:295]: P0_VIEW COMPLETE nano=32823388775500
[16:00:07] [Client thread/INFO] [STDOUT]: [com.layue13.clashweave.validation.ClientReplay:viewReplay:295]: P0_VIEW COMPLETE nano=32823438259800
[16:00:07] [Client thread/INFO] [STDOUT]: [com.layue13.clashweave.validation.ClientReplay:viewReplay:295]: P0_VIEW COMPLETE nano=32823488307300
[16:00:07] [Client thread/INFO] [STDOUT]: [com.layue13.clashweave.validation.ClientReplay:viewReplay:295]: P0_VIEW COMPLETE nano=32823538352600
[16:00:07] [Client thread/INFO] [STDOUT]: [com.layue13.clashweave.validation.ClientReplay:viewReplay:295]: P0_VIEW COMPLETE nano=32823588996500
[16:00:08] [Client thread/INFO] [STDOUT]: [com.layue13.clashweave.validation.ClientReplay:viewReplay:295]: P0_VIEW COMPLETE nano=32823637986100
[16:00:08] [Client thread/INFO] [STDOUT]: [com.layue13.clashweave.validation.ClientReplay:viewReplay:295]: P0_VIEW COMPLETE nano=32823688540700
[16:00:08] [Client thread/INFO] [STDOUT]: [com.layue13.clashweave.validation.ClientReplay:viewReplay:295]: P0_VIEW COMPLETE nano=32823738467000
[16:00:08] [Client thread/INFO] [STDOUT]: [com.layue13.clashweave.validation.ClientReplay:viewReplay:295]: P0_VIEW COMPLETE nano=32823789140600
[16:00:08] [Client thread/INFO] [STDOUT]: [com.layue13.clashweave.validation.ClientReplay:viewReplay:295]: P0_VIEW COMPLETE nano=32823838104100
[16:00:08] [Client thread/INFO] [STDOUT]: [com.layue13.clashweave.validation.ClientReplay:viewReplay:295]: P0_VIEW COMPLETE nano=32823888179700
[16:00:08] [Client thread/INFO] [STDOUT]: [com.layue13.clashweave.validation.ClientReplay:viewReplay:295]: P0_VIEW COMPLETE nano=32823938023700
[16:00:08] [Client thread/INFO] [STDOUT]: [com.layue13.clashweave.validation.ClientReplay:viewReplay:295]: P0_VIEW COMPLETE nano=32823987945499
[16:00:08] [Client thread/INFO] [STDOUT]: [com.layue13.clashweave.validation.ClientReplay:viewReplay:295]: P0_VIEW COMPLETE nano=32824038497600
[16:00:08] [Client thread/INFO] [STDOUT]: [com.layue13.clashweave.validation.ClientReplay:viewReplay:295]: P0_VIEW COMPLETE nano=32824089186300
[16:00:08] [Client thread/INFO] [STDOUT]: [com.layue13.clashweave.validation.ClientReplay:viewReplay:295]: P0_VIEW COMPLETE nano=32824138116600
[16:00:08] [Client thread/INFO] [STDOUT]: [com.layue13.clashweave.validation.ClientReplay:viewReplay:295]: P0_VIEW COMPLETE nano=32824188106800
[16:00:08] [Client thread/INFO] [STDOUT]: [com.layue13.clashweave.validation.ClientReplay:viewReplay:295]: P0_VIEW COMPLETE nano=32824237878900
[16:00:08] [Client thread/INFO] [STDOUT]: [com.layue13.clashweave.validation.ClientReplay:viewReplay:295]: P0_VIEW COMPLETE nano=32824288155200
[16:00:08] [Client thread/INFO] [STDOUT]: [com.layue13.clashweave.validation.ClientReplay:viewReplay:295]: P0_VIEW COMPLETE nano=32824337862900
[16:00:08] [Client thread/INFO] [STDOUT]: [com.layue13.clashweave.validation.ClientReplay:viewReplay:295]: P0_VIEW COMPLETE nano=32824388107000
[16:00:08] [Client thread/INFO] [STDOUT]: [com.layue13.clashweave.validation.ClientReplay:viewReplay:295]: P0_VIEW COMPLETE nano=32824438260600
[16:00:08] [Client thread/INFO] [STDOUT]: [com.layue13.clashweave.validation.ClientReplay:viewReplay:295]: P0_VIEW COMPLETE nano=32824488021600
[16:00:08] [Client thread/INFO] [STDOUT]: [com.layue13.clashweave.validation.ClientReplay:viewReplay:295]: P0_VIEW COMPLETE nano=32824538071199
[16:00:08] [Client thread/INFO] [STDOUT]: [com.layue13.clashweave.validation.ClientReplay:viewReplay:295]: P0_VIEW COMPLETE nano=32824587739700
[16:00:09] [Client thread/INFO] [STDOUT]: [com.layue13.clashweave.validation.ClientReplay:viewReplay:295]: P0_VIEW COMPLETE nano=32824638141600
[16:00:09] [Client thread/INFO] [STDOUT]: [com.layue13.clashweave.validation.ClientReplay:viewReplay:295]: P0_VIEW COMPLETE nano=32824688581700
[16:00:09] [Client thread/INFO] [STDOUT]: [com.layue13.clashweave.validation.ClientReplay:viewReplay:295]: P0_VIEW COMPLETE nano=32824738207800
[16:00:09] [Client thread/INFO] [STDOUT]: [com.layue13.clashweave.validation.ClientReplay:viewReplay:295]: P0_VIEW COMPLETE nano=32824788162600
[16:00:09] [Client thread/INFO] [STDOUT]: [com.layue13.clashweave.validation.ClientReplay:viewReplay:295]: P0_VIEW COMPLETE nano=32824838044500
[16:00:09] [Client thread/INFO] [STDOUT]: [com.layue13.clashweave.validation.ClientReplay:viewReplay:295]: P0_VIEW COMPLETE nano=32824888041799
[16:00:09] [Client thread/INFO] [STDOUT]: [com.layue13.clashweave.validation.ClientReplay:viewReplay:295]: P0_VIEW COMPLETE nano=32824938641200
[16:00:09] [Client thread/INFO] [STDOUT]: [com.layue13.clashweave.validation.ClientReplay:viewReplay:295]: P0_VIEW COMPLETE nano=32824988170800
[16:00:09] [Client thread/INFO] [STDOUT]: [com.layue13.clashweave.validation.ClientReplay:viewReplay:295]: P0_VIEW COMPLETE nano=32825038210200
[16:00:09] [Client thread/INFO] [STDOUT]: [com.layue13.clashweave.validation.ClientReplay:viewReplay:295]: P0_VIEW COMPLETE nano=32825088092300
[16:00:09] [Client thread/INFO] [STDOUT]: [com.layue13.clashweave.validation.ClientReplay:viewReplay:295]: P0_VIEW COMPLETE nano=32825137861800
[16:00:09] [Client thread/INFO] [STDOUT]: [com.layue13.clashweave.validation.ClientReplay:viewReplay:295]: P0_VIEW COMPLETE nano=32825188171500
[16:00:09] [Client thread/INFO] [STDOUT]: [com.layue13.clashweave.validation.ClientReplay:viewReplay:295]: P0_VIEW COMPLETE nano=32825238180000
[16:00:09] [Client thread/INFO] [STDOUT]: [com.layue13.clashweave.validation.ClientReplay:viewReplay:295]: P0_VIEW COMPLETE nano=32825287942700
[16:00:09] [Client thread/INFO] [STDOUT]: [com.layue13.clashweave.validation.ClientReplay:viewReplay:295]: P0_VIEW COMPLETE nano=32825337909800
[16:00:09] [Client thread/INFO] [STDOUT]: [com.layue13.clashweave.validation.ClientReplay:viewReplay:295]: P0_VIEW COMPLETE nano=32825388319700
[16:00:09] [Client thread/INFO] [STDOUT]: [com.layue13.clashweave.validation.ClientReplay:viewReplay:295]: P0_VIEW COMPLETE nano=32825437987500
[16:00:09] [Client thread/INFO] [STDOUT]: [com.layue13.clashweave.validation.ClientReplay:viewReplay:295]: P0_VIEW COMPLETE nano=32825488135800
[16:00:09] [Client thread/INFO] [STDOUT]: [com.layue13.clashweave.validation.ClientReplay:viewReplay:295]: P0_VIEW COMPLETE nano=32825537977200
[16:00:09] [Client thread/INFO] [STDOUT]: [com.layue13.clashweave.validation.ClientReplay:viewReplay:295]: P0_VIEW COMPLETE nano=32825588249599
[16:00:10] [Client thread/INFO] [STDOUT]: [com.layue13.clashweave.validation.ClientReplay:viewReplay:295]: P0_VIEW COMPLETE nano=32825638301200
[16:00:10] [Client thread/INFO] [STDOUT]: [com.layue13.clashweave.validation.ClientReplay:viewReplay:295]: P0_VIEW COMPLETE nano=32825687948400
[16:00:10] [Client thread/INFO] [STDOUT]: [com.layue13.clashweave.validation.ClientReplay:viewReplay:295]: P0_VIEW COMPLETE nano=32825738679299
[16:00:10] [Client thread/INFO] [STDOUT]: [com.layue13.clashweave.validation.ClientReplay:viewReplay:295]: P0_VIEW COMPLETE nano=32825788435399
[16:00:10] [Client thread/INFO] [STDOUT]: [com.layue13.clashweave.validation.ClientReplay:viewReplay:295]: P0_VIEW COMPLETE nano=32825838130199
[16:00:10] [Client thread/INFO] [STDOUT]: [com.layue13.clashweave.validation.ClientReplay:viewReplay:295]: P0_VIEW COMPLETE nano=32825887773299
[16:00:10] [Client thread/INFO] [STDOUT]: [com.layue13.clashweave.validation.ClientReplay:viewReplay:295]: P0_VIEW COMPLETE nano=32825938114800
[16:00:10] [Client thread/INFO] [STDOUT]: [com.layue13.clashweave.validation.ClientReplay:viewReplay:295]: P0_VIEW COMPLETE nano=32825988250399
[16:00:10] [Client thread/INFO] [STDOUT]: [com.layue13.clashweave.validation.ClientReplay:viewReplay:295]: P0_VIEW COMPLETE nano=32826038042599
[16:00:10] [Client thread/INFO] [STDOUT]: [com.layue13.clashweave.validation.ClientReplay:viewReplay:295]: P0_VIEW COMPLETE nano=32826088031800
[16:00:10] [Client thread/INFO] [STDOUT]: [com.layue13.clashweave.validation.ClientReplay:viewReplay:295]: P0_VIEW COMPLETE nano=32826138103200
[16:00:10] [Client thread/INFO] [STDOUT]: [com.layue13.clashweave.validation.ClientReplay:viewReplay:295]: P0_VIEW COMPLETE nano=32826187925000
[16:00:10] [Client thread/INFO] [STDOUT]: [com.layue13.clashweave.validation.ClientReplay:viewReplay:295]: P0_VIEW COMPLETE nano=32826238274900
[16:00:10] [Client thread/INFO] [STDOUT]: [com.layue13.clashweave.validation.ClientReplay:viewReplay:295]: P0_VIEW COMPLETE nano=32826287734500
[16:00:10] [Client thread/INFO] [STDOUT]: [com.layue13.clashweave.validation.ClientReplay:viewReplay:295]: P0_VIEW COMPLETE nano=32826338635400
[16:00:10] [Client thread/INFO] [STDOUT]: [com.layue13.clashweave.validation.ClientReplay:viewReplay:295]: P0_VIEW COMPLETE nano=32826387952100
[16:00:10] [Client thread/INFO] [STDOUT]: [com.layue13.clashweave.validation.ClientReplay:viewReplay:295]: P0_VIEW COMPLETE nano=32826438014300
[16:00:10] [Client thread/INFO] [STDOUT]: [com.layue13.clashweave.validation.ClientReplay:viewReplay:295]: P0_VIEW COMPLETE nano=32826487908400
[16:00:10] [Client thread/INFO] [STDOUT]: [com.layue13.clashweave.validation.ClientReplay:viewReplay:295]: P0_VIEW COMPLETE nano=32826538115299
[16:00:10] [Client thread/INFO] [STDOUT]: [com.layue13.clashweave.validation.ClientReplay:viewReplay:295]: P0_VIEW COMPLETE nano=32826588216099
[16:00:11] [Client thread/INFO] [STDOUT]: [com.layue13.clashweave.validation.ClientReplay:viewReplay:295]: P0_VIEW COMPLETE nano=32826638377199
[16:00:11] [Client thread/INFO] [STDOUT]: [com.layue13.clashweave.validation.ClientReplay:viewReplay:295]: P0_VIEW COMPLETE nano=32826688546899
[16:00:11] [Client thread/INFO] [STDOUT]: [com.layue13.clashweave.validation.ClientReplay:viewReplay:295]: P0_VIEW COMPLETE nano=32826738262300
[16:00:11] [Client thread/INFO] [STDOUT]: [com.layue13.clashweave.validation.ClientReplay:viewReplay:295]: P0_VIEW COMPLETE nano=32826787773700
[16:00:11] [Client thread/INFO] [STDOUT]: [com.layue13.clashweave.validation.ClientReplay:viewReplay:295]: P0_VIEW COMPLETE nano=32826837859699
[16:00:11] [Client thread/INFO] [STDOUT]: [com.layue13.clashweave.validation.ClientReplay:viewReplay:295]: P0_VIEW COMPLETE nano=32826888805199
[16:00:11] [Client thread/INFO] [STDOUT]: [com.layue13.clashweave.validation.ClientReplay:viewReplay:295]: P0_VIEW COMPLETE nano=32826937949500
[16:00:11] [Client thread/INFO] [STDOUT]: [com.layue13.clashweave.validation.ClientReplay:viewReplay:295]: P0_VIEW COMPLETE nano=32826988611499
[16:00:11] [Client thread/INFO] [STDOUT]: [com.layue13.clashweave.validation.ClientReplay:viewReplay:295]: P0_VIEW COMPLETE nano=32827038860300
[16:00:11] [Client thread/INFO] [STDOUT]: [com.layue13.clashweave.validation.ClientReplay:viewReplay:295]: P0_VIEW COMPLETE nano=32827088178400
[16:00:11] [Client thread/INFO] [STDOUT]: [com.layue13.clashweave.validation.ClientReplay:viewReplay:295]: P0_VIEW COMPLETE nano=32827138253999
[16:00:11] [Client thread/INFO] [STDOUT]: [com.layue13.clashweave.validation.ClientReplay:viewReplay:295]: P0_VIEW COMPLETE nano=32827187970600
[16:00:11] [Client thread/INFO] [STDOUT]: [com.layue13.clashweave.validation.ClientReplay:viewReplay:295]: P0_VIEW COMPLETE nano=32827238178599
[16:00:11] [Client thread/INFO] [STDOUT]: [com.layue13.clashweave.validation.ClientReplay:viewReplay:295]: P0_VIEW COMPLETE nano=32827288302399
[16:00:11] [Client thread/INFO] [STDOUT]: [com.layue13.clashweave.validation.ClientReplay:viewReplay:295]: P0_VIEW COMPLETE nano=32827338695500
[16:00:11] [Client thread/INFO] [STDOUT]: [com.layue13.clashweave.validation.ClientReplay:viewReplay:295]: P0_VIEW COMPLETE nano=32827388867399
[16:00:11] [Client thread/INFO] [STDOUT]: [com.layue13.clashweave.validation.ClientReplay:viewReplay:295]: P0_VIEW COMPLETE nano=32827438173900
[16:00:11] [Client thread/INFO] [STDOUT]: [com.layue13.clashweave.validation.ClientReplay:viewReplay:295]: P0_VIEW COMPLETE nano=32827487825900
[16:00:11] [Client thread/INFO] [STDOUT]: [com.layue13.clashweave.validation.ClientReplay:viewReplay:295]: P0_VIEW COMPLETE nano=32827538113199
[16:00:11] [Client thread/INFO] [STDOUT]: [com.layue13.clashweave.validation.ClientReplay:viewReplay:295]: P0_VIEW COMPLETE nano=32827587800000
[16:00:12] [Client thread/INFO] [STDOUT]: [com.layue13.clashweave.validation.ClientReplay:viewReplay:295]: P0_VIEW COMPLETE nano=32827638156300
[16:00:12] [Client thread/INFO] [STDOUT]: [com.layue13.clashweave.validation.ClientReplay:viewReplay:295]: P0_VIEW COMPLETE nano=32827687913600
[16:00:12] [Client thread/INFO] [STDOUT]: [com.layue13.clashweave.validation.ClientReplay:viewReplay:295]: P0_VIEW COMPLETE nano=32827738227299
[16:00:12] [Client thread/INFO] [STDOUT]: [com.layue13.clashweave.validation.ClientReplay:viewReplay:295]: P0_VIEW COMPLETE nano=32827788338699
[16:00:12] [Client thread/INFO] [STDOUT]: [com.layue13.clashweave.validation.ClientReplay:viewReplay:295]: P0_VIEW COMPLETE nano=32827837807000
[16:00:12] [Client thread/INFO] [STDOUT]: [com.layue13.clashweave.validation.ClientReplay:viewReplay:295]: P0_VIEW COMPLETE nano=32827888000100
[16:00:12] [Client thread/INFO] [STDOUT]: [com.layue13.clashweave.validation.ClientReplay:viewReplay:295]: P0_VIEW COMPLETE nano=32827938481400
[16:00:12] [Client thread/INFO] [STDOUT]: [com.layue13.clashweave.validation.ClientReplay:viewReplay:295]: P0_VIEW COMPLETE nano=32827988657100
[16:00:12] [Client thread/INFO] [STDOUT]: [com.layue13.clashweave.validation.ClientReplay:viewReplay:295]: P0_VIEW COMPLETE nano=32828038609600
[16:00:12] [Client thread/INFO] [STDOUT]: [com.layue13.clashweave.validation.ClientReplay:viewReplay:295]: P0_VIEW COMPLETE nano=32828088092600
[16:00:12] [Client thread/INFO] [STDOUT]: [com.layue13.clashweave.validation.ClientReplay:viewReplay:295]: P0_VIEW COMPLETE nano=32828138029600
[16:00:12] [Client thread/INFO] [STDOUT]: [com.layue13.clashweave.validation.ClientReplay:viewReplay:295]: P0_VIEW COMPLETE nano=32828188160400
[16:00:12] [Client thread/INFO] [STDOUT]: [com.layue13.clashweave.validation.ClientReplay:viewReplay:295]: P0_VIEW COMPLETE nano=32828238213999
[16:00:12] [Client thread/INFO] [STDOUT]: [com.layue13.clashweave.validation.ClientReplay:viewReplay:295]: P0_VIEW COMPLETE nano=32828288758299
[16:00:12] [Client thread/INFO] [STDOUT]: [com.layue13.clashweave.validation.ClientReplay:viewReplay:295]: P0_VIEW COMPLETE nano=32828338056300
[16:00:12] [Client thread/INFO] [STDOUT]: [com.layue13.clashweave.validation.ClientReplay:viewReplay:295]: P0_VIEW COMPLETE nano=32828388484199
[16:00:12] [Client thread/INFO] [STDOUT]: [com.layue13.clashweave.validation.ClientReplay:viewReplay:295]: P0_VIEW COMPLETE nano=32828439405200
[16:00:12] [Client thread/INFO] [STDOUT]: [com.layue13.clashweave.validation.ClientReplay:viewReplay:295]: P0_VIEW COMPLETE nano=32828488385800
[16:00:12] [Client thread/INFO] [STDOUT]: [com.layue13.clashweave.validation.ClientReplay:viewReplay:295]: P0_VIEW COMPLETE nano=32828538483600
[16:00:12] [Client thread/INFO] [STDOUT]: [com.layue13.clashweave.validation.ClientReplay:viewReplay:295]: P0_VIEW COMPLETE nano=32828588781900
[16:00:13] [Client thread/INFO] [STDOUT]: [com.layue13.clashweave.validation.ClientReplay:viewReplay:295]: P0_VIEW COMPLETE nano=32828637989299
[16:00:13] [Client thread/INFO] [STDOUT]: [com.layue13.clashweave.validation.ClientReplay:viewReplay:295]: P0_VIEW COMPLETE nano=32828688278800
[16:00:13] [Client thread/INFO] [STDOUT]: [com.layue13.clashweave.validation.ClientReplay:viewReplay:295]: P0_VIEW COMPLETE nano=32828738398399
[16:00:13] [Client thread/INFO] [STDOUT]: [com.layue13.clashweave.validation.ClientReplay:viewReplay:295]: P0_VIEW COMPLETE nano=32828788681000
[16:00:13] [Client thread/INFO] [STDOUT]: [com.layue13.clashweave.validation.ClientReplay:viewReplay:295]: P0_VIEW COMPLETE nano=32828838219899
[16:00:13] [Client thread/INFO] [STDOUT]: [com.layue13.clashweave.validation.ClientReplay:viewReplay:295]: P0_VIEW COMPLETE nano=32828888913500
[16:00:13] [Client thread/INFO] [STDOUT]: [com.layue13.clashweave.validation.ClientReplay:viewReplay:295]: P0_VIEW COMPLETE nano=32828938340100
[16:00:13] [Client thread/INFO] [STDOUT]: [com.layue13.clashweave.validation.ClientReplay:viewReplay:295]: P0_VIEW COMPLETE nano=32828988817700
[16:00:13] [Client thread/INFO] [STDOUT]: [com.layue13.clashweave.validation.ClientReplay:viewReplay:295]: P0_VIEW COMPLETE nano=32829038409499
[16:00:13] [Client thread/INFO] [STDOUT]: [com.layue13.clashweave.validation.ClientReplay:viewReplay:295]: P0_VIEW COMPLETE nano=32829089111000
[16:00:13] [Client thread/INFO] [STDOUT]: [com.layue13.clashweave.validation.ClientReplay:viewReplay:295]: P0_VIEW COMPLETE nano=32829138553800
[16:00:13] [Client thread/INFO] [STDOUT]: [com.layue13.clashweave.validation.ClientReplay:viewReplay:295]: P0_VIEW COMPLETE nano=32829187991000
[16:00:13] [Client thread/INFO] [STDOUT]: [com.layue13.clashweave.validation.ClientReplay:viewReplay:295]: P0_VIEW COMPLETE nano=32829238033900
[16:00:13] [Client thread/INFO] [STDOUT]: [com.layue13.clashweave.validation.ClientReplay:viewReplay:295]: P0_VIEW COMPLETE nano=32829289010599
[16:00:13] [Client thread/INFO] [STDOUT]: [com.layue13.clashweave.validation.ClientReplay:viewReplay:295]: P0_VIEW COMPLETE nano=32829338430400
[16:00:13] [Client thread/INFO] [STDOUT]: [com.layue13.clashweave.validation.ClientReplay:viewReplay:295]: P0_VIEW COMPLETE nano=32829388681999
[16:00:13] [Client thread/INFO] [STDOUT]: [com.layue13.clashweave.validation.ClientReplay:viewReplay:295]: P0_VIEW COMPLETE nano=32829438095700
[16:00:13] [Client thread/INFO] [STDOUT]: [com.layue13.clashweave.validation.ClientReplay:viewReplay:295]: P0_VIEW COMPLETE nano=32829488136599
[16:00:13] [Client thread/INFO] [STDOUT]: [com.layue13.clashweave.validation.ClientReplay:viewReplay:295]: P0_VIEW COMPLETE nano=32829538082400
[16:00:13] [Client thread/INFO] [STDOUT]: [com.layue13.clashweave.validation.ClientReplay:viewReplay:295]: P0_VIEW COMPLETE nano=32829588301800
[16:00:14] [Client thread/INFO] [STDOUT]: [com.layue13.clashweave.validation.ClientReplay:viewReplay:295]: P0_VIEW COMPLETE nano=32829638346699
[16:00:14] [Client thread/INFO] [STDOUT]: [com.layue13.clashweave.validation.ClientReplay:viewReplay:295]: P0_VIEW COMPLETE nano=32829688625400
[16:00:14] [Client thread/INFO] [STDOUT]: [com.layue13.clashweave.validation.ClientReplay:viewReplay:295]: P0_VIEW COMPLETE nano=32829738443100
[16:00:14] [Client thread/INFO] [STDOUT]: [com.layue13.clashweave.validation.ClientReplay:viewReplay:295]: P0_VIEW COMPLETE nano=32829788799200
[16:00:14] [Client thread/INFO] [STDOUT]: [com.layue13.clashweave.validation.ClientReplay:viewReplay:295]: P0_VIEW COMPLETE nano=32829837983100
[16:00:14] [Client thread/INFO] [STDOUT]: [com.layue13.clashweave.validation.ClientReplay:viewReplay:295]: P0_VIEW COMPLETE nano=32829888051700
[16:00:14] [Client thread/INFO] [STDOUT]: [com.layue13.clashweave.validation.ClientReplay:viewReplay:295]: P0_VIEW COMPLETE nano=32829937811300
[16:00:14] [Client thread/INFO] [STDOUT]: [com.layue13.clashweave.validation.ClientReplay:viewReplay:295]: P0_VIEW COMPLETE nano=32829988428899
[16:00:14] [Client thread/INFO] [STDOUT]: [com.layue13.clashweave.validation.ClientReplay:viewReplay:295]: P0_VIEW COMPLETE nano=32830038014200
[16:00:14] [Client thread/INFO] [STDOUT]: [com.layue13.clashweave.validation.ClientReplay:viewReplay:295]: P0_VIEW COMPLETE nano=32830088178200
[16:00:14] [Client thread/INFO] [STDOUT]: [com.layue13.clashweave.validation.ClientReplay:viewReplay:295]: P0_VIEW COMPLETE nano=32830138160000
[16:00:14] [Client thread/INFO] [STDOUT]: [com.layue13.clashweave.validation.ClientReplay:viewReplay:295]: P0_VIEW COMPLETE nano=32830188108100
[16:00:14] [Client thread/INFO] [STDOUT]: [com.layue13.clashweave.validation.ClientReplay:viewReplay:295]: P0_VIEW COMPLETE nano=32830239546999
[16:00:14] [Client thread/INFO] [STDOUT]: [com.layue13.clashweave.validation.ClientReplay:viewReplay:295]: P0_VIEW COMPLETE nano=32830288639400
[16:00:14] [Client thread/INFO] [STDOUT]: [com.layue13.clashweave.validation.ClientReplay:viewReplay:295]: P0_VIEW COMPLETE nano=32830338906400
[16:00:14] [Client thread/INFO] [STDOUT]: [com.layue13.clashweave.validation.ClientReplay:viewReplay:295]: P0_VIEW COMPLETE nano=32830388141099
[16:00:14] [Client thread/INFO] [STDOUT]: [com.layue13.clashweave.validation.ClientReplay:viewReplay:295]: P0_VIEW COMPLETE nano=32830438656400
[16:00:14] [Client thread/INFO] [STDOUT]: [com.layue13.clashweave.validation.ClientReplay:viewReplay:295]: P0_VIEW COMPLETE nano=32830488730800
[16:00:14] [Client thread/INFO] [STDOUT]: [com.layue13.clashweave.validation.ClientReplay:viewReplay:295]: P0_VIEW COMPLETE nano=32830538386499
[16:00:14] [Client thread/INFO] [STDOUT]: [com.layue13.clashweave.validation.ClientReplay:viewReplay:295]: P0_VIEW COMPLETE nano=32830588638399
[16:00:15] [Client thread/INFO] [STDOUT]: [com.layue13.clashweave.validation.ClientReplay:viewReplay:295]: P0_VIEW COMPLETE nano=32830638791700
[16:00:15] [Client thread/INFO] [STDOUT]: [com.layue13.clashweave.validation.ClientReplay:viewReplay:295]: P0_VIEW COMPLETE nano=32830688360700
[16:00:15] [Client thread/INFO] [STDOUT]: [com.layue13.clashweave.validation.ClientReplay:viewReplay:295]: P0_VIEW COMPLETE nano=32830738042099
[16:00:15] [Client thread/INFO] [STDOUT]: [com.layue13.clashweave.validation.ClientReplay:viewReplay:295]: P0_VIEW COMPLETE nano=32830788196600
[16:00:15] [Client thread/INFO] [STDOUT]: [com.layue13.clashweave.validation.ClientReplay:viewReplay:295]: P0_VIEW COMPLETE nano=32830837790400
[16:00:15] [Client thread/INFO] [STDOUT]: [com.layue13.clashweave.validation.ClientReplay:viewReplay:295]: P0_VIEW COMPLETE nano=32830888268500
[16:00:15] [Client thread/INFO] [STDOUT]: [com.layue13.clashweave.validation.ClientReplay:viewReplay:295]: P0_VIEW COMPLETE nano=32830937805299
[16:00:15] [Client thread/INFO] [STDOUT]: [com.layue13.clashweave.validation.ClientReplay:viewReplay:295]: P0_VIEW COMPLETE nano=32830988201700
[16:00:15] [Client thread/INFO] [STDOUT]: [com.layue13.clashweave.validation.ClientReplay:viewReplay:295]: P0_VIEW COMPLETE nano=32831037815999
[16:00:15] [Client thread/INFO] [STDOUT]: [com.layue13.clashweave.validation.ClientReplay:viewReplay:295]: P0_VIEW COMPLETE nano=32831088235900
[16:00:15] [Client thread/INFO] [STDOUT]: [com.layue13.clashweave.validation.ClientReplay:viewReplay:295]: P0_VIEW COMPLETE nano=32831137983000
[16:00:15] [Client thread/INFO] [STDOUT]: [com.layue13.clashweave.validation.ClientReplay:viewReplay:295]: P0_VIEW COMPLETE nano=32831188011799
[16:00:15] [Client thread/INFO] [STDOUT]: [com.layue13.clashweave.validation.ClientReplay:viewReplay:295]: P0_VIEW COMPLETE nano=32831238203800
[16:00:15] [Client thread/INFO] [STDOUT]: [com.layue13.clashweave.validation.ClientReplay:viewReplay:295]: P0_VIEW COMPLETE nano=32831288346100
[16:00:15] [Client thread/INFO] [STDOUT]: [com.layue13.clashweave.validation.ClientReplay:viewReplay:295]: P0_VIEW COMPLETE nano=32831338084700
[16:00:15] [Client thread/INFO] [STDOUT]: [com.layue13.clashweave.validation.ClientReplay:viewReplay:295]: P0_VIEW COMPLETE nano=32831388123099
[16:00:15] [Client thread/INFO] [STDOUT]: [com.layue13.clashweave.validation.ClientReplay:viewReplay:295]: P0_VIEW COMPLETE nano=32831437770300
[16:00:15] [Client thread/INFO] [STDOUT]: [com.layue13.clashweave.validation.ClientReplay:viewReplay:295]: P0_VIEW COMPLETE nano=32831488103700
[16:00:15] [Client thread/INFO] [STDOUT]: [com.layue13.clashweave.validation.ClientReplay:viewReplay:295]: P0_VIEW COMPLETE nano=32831538079400
[16:00:15] [Client thread/INFO] [STDOUT]: [com.layue13.clashweave.validation.ClientReplay:viewReplay:295]: P0_VIEW COMPLETE nano=32831588280099
[16:00:16] [Client thread/INFO] [STDOUT]: [com.layue13.clashweave.validation.ClientReplay:viewReplay:295]: P0_VIEW COMPLETE nano=32831639734300
[16:00:16] [Client thread/INFO] [STDOUT]: [com.layue13.clashweave.validation.ClientReplay:viewReplay:295]: P0_VIEW COMPLETE nano=32831687917199
[16:00:16] [Client thread/INFO] [STDOUT]: [com.layue13.clashweave.validation.ClientReplay:viewReplay:295]: P0_VIEW COMPLETE nano=32831737926500
[16:00:16] [Client thread/INFO] [STDOUT]: [com.layue13.clashweave.validation.ClientReplay:viewReplay:295]: P0_VIEW COMPLETE nano=32831788528100
[16:00:16] [Client thread/INFO] [STDOUT]: [com.layue13.clashweave.validation.ClientReplay:viewReplay:295]: P0_VIEW COMPLETE nano=32831837915700
[16:00:16] [Client thread/INFO] [STDOUT]: [com.layue13.clashweave.validation.ClientReplay:viewReplay:295]: P0_VIEW COMPLETE nano=32831888190700
[16:00:16] [Client thread/INFO] [STDOUT]: [com.layue13.clashweave.validation.ClientReplay:viewReplay:295]: P0_VIEW COMPLETE nano=32831937856300
[16:00:16] [Client thread/INFO] [STDOUT]: [com.layue13.clashweave.validation.ClientReplay:viewReplay:295]: P0_VIEW COMPLETE nano=32831988117499
[16:00:16] [Client thread/INFO] [STDOUT]: [com.layue13.clashweave.validation.ClientReplay:viewReplay:295]: P0_VIEW COMPLETE nano=32832038124600
[16:00:16] [Client thread/INFO] [STDOUT]: [com.layue13.clashweave.validation.ClientReplay:viewReplay:295]: P0_VIEW COMPLETE nano=32832088589900
[16:00:16] [Client thread/INFO] [STDOUT]: [com.layue13.clashweave.validation.ClientReplay:viewReplay:295]: P0_VIEW COMPLETE nano=32832138067800
[16:00:16] [Client thread/INFO] [STDOUT]: [com.layue13.clashweave.validation.ClientReplay:viewReplay:295]: P0_VIEW COMPLETE nano=32832188001900
[16:00:16] [Client thread/INFO] [STDOUT]: [com.layue13.clashweave.validation.ClientReplay:viewReplay:295]: P0_VIEW COMPLETE nano=32832238259400
[16:00:16] [Client thread/INFO] [STDOUT]: [com.layue13.clashweave.validation.ClientReplay:viewReplay:295]: P0_VIEW COMPLETE nano=32832288381000
[16:00:16] [Client thread/INFO] [STDOUT]: [com.layue13.clashweave.validation.ClientReplay:viewReplay:295]: P0_VIEW COMPLETE nano=32832338205700
[16:00:16] [Client thread/INFO] [STDOUT]: [com.layue13.clashweave.validation.ClientReplay:viewReplay:295]: P0_VIEW COMPLETE nano=32832388629100
[16:00:16] [Client thread/INFO] [STDOUT]: [com.layue13.clashweave.validation.ClientReplay:viewReplay:295]: P0_VIEW COMPLETE nano=32832438025400
[16:00:16] [Client thread/INFO] [STDOUT]: [com.layue13.clashweave.validation.ClientReplay:viewReplay:295]: P0_VIEW COMPLETE nano=32832487937600
[16:00:16] [Client thread/INFO] [STDOUT]: [com.layue13.clashweave.validation.ClientReplay:viewReplay:295]: P0_VIEW COMPLETE nano=32832538084599
[16:00:16] [Client thread/INFO] [STDOUT]: [com.layue13.clashweave.validation.ClientReplay:viewReplay:295]: P0_VIEW COMPLETE nano=32832588315200
[16:00:17] [Client thread/INFO] [STDOUT]: [com.layue13.clashweave.validation.ClientReplay:viewReplay:295]: P0_VIEW COMPLETE nano=32832638341200
[16:00:17] [Client thread/INFO] [STDOUT]: [com.layue13.clashweave.validation.ClientReplay:viewReplay:295]: P0_VIEW COMPLETE nano=32832688299700
[16:00:17] [Client thread/INFO] [STDOUT]: [com.layue13.clashweave.validation.ClientReplay:viewReplay:295]: P0_VIEW COMPLETE nano=32832738017000
[16:00:17] [Client thread/INFO] [STDOUT]: [com.layue13.clashweave.validation.ClientReplay:viewReplay:295]: P0_VIEW COMPLETE nano=32832787809700
[16:00:17] [Client thread/INFO] [STDOUT]: [com.layue13.clashweave.validation.ClientReplay:viewReplay:295]: P0_VIEW COMPLETE nano=32832838147199
[16:00:17] [Client thread/INFO] [STDOUT]: [com.layue13.clashweave.validation.ClientReplay:viewReplay:295]: P0_VIEW COMPLETE nano=32832888030299
[16:00:17] [Client thread/INFO] [STDOUT]: [com.layue13.clashweave.validation.ClientReplay:viewReplay:295]: P0_VIEW COMPLETE nano=32832938496700
[16:00:17] [Client thread/INFO] [STDOUT]: [com.layue13.clashweave.validation.ClientReplay:viewReplay:295]: P0_VIEW COMPLETE nano=32832988194100
[16:00:17] [Client thread/INFO] [STDOUT]: [com.layue13.clashweave.validation.ClientReplay:viewReplay:295]: P0_VIEW COMPLETE nano=32833044299700
[16:00:17] [Client thread/INFO] [STDOUT]: [com.layue13.clashweave.validation.ClientReplay:viewReplay:295]: P0_VIEW COMPLETE nano=32833088074800
[16:00:17] [Client thread/INFO] [STDOUT]: [com.layue13.clashweave.validation.ClientReplay:viewReplay:295]: P0_VIEW COMPLETE nano=32833138225000
[16:00:17] [Client thread/INFO] [STDOUT]: [com.layue13.clashweave.validation.ClientReplay:viewReplay:295]: P0_VIEW COMPLETE nano=32833187979399
[16:00:17] [Client thread/INFO] [STDOUT]: [com.layue13.clashweave.validation.ClientReplay:viewReplay:295]: P0_VIEW COMPLETE nano=32833238438300
[16:00:17] [Client thread/INFO] [STDOUT]: [com.layue13.clashweave.validation.ClientReplay:viewReplay:295]: P0_VIEW COMPLETE nano=32833288135400
[16:00:17] [Client thread/INFO] [STDOUT]: [com.layue13.clashweave.validation.ClientReplay:viewReplay:295]: P0_VIEW COMPLETE nano=32833337998700
[16:00:17] [Client thread/INFO] [STDOUT]: [com.layue13.clashweave.validation.ClientReplay:viewReplay:295]: P0_VIEW COMPLETE nano=32833388501499
[16:00:17] [Client thread/INFO] [STDOUT]: [com.layue13.clashweave.validation.ClientReplay:viewReplay:295]: P0_VIEW COMPLETE nano=32833438157200
[16:00:17] [Client thread/INFO] [STDOUT]: [com.layue13.clashweave.validation.ClientReplay:viewReplay:295]: P0_VIEW COMPLETE nano=32833488565599
[16:00:17] [Client thread/INFO] [STDOUT]: [com.layue13.clashweave.validation.ClientReplay:viewReplay:295]: P0_VIEW COMPLETE nano=32833538934800
[16:00:17] [Client thread/INFO] [STDOUT]: [com.layue13.clashweave.validation.ClientReplay:viewReplay:295]: P0_VIEW COMPLETE nano=32833588220600
[16:00:18] [Client thread/INFO] [STDOUT]: [com.layue13.clashweave.validation.ClientReplay:viewReplay:295]: P0_VIEW COMPLETE nano=32833638016800
[16:00:18] [Client thread/INFO] [STDOUT]: [com.layue13.clashweave.validation.ClientReplay:viewReplay:295]: P0_VIEW COMPLETE nano=32833688835700
[16:00:18] [Client thread/INFO] [STDOUT]: [com.layue13.clashweave.validation.ClientReplay:viewReplay:295]: P0_VIEW COMPLETE nano=32833738441200
[16:00:18] [Client thread/INFO] [STDOUT]: [com.layue13.clashweave.validation.ClientReplay:viewReplay:295]: P0_VIEW COMPLETE nano=32833788291600
[16:00:18] [Client thread/INFO] [STDOUT]: [com.layue13.clashweave.validation.ClientReplay:viewReplay:295]: P0_VIEW COMPLETE nano=32833838092300
[16:00:18] [Client thread/INFO] [STDOUT]: [com.layue13.clashweave.validation.ClientReplay:viewReplay:295]: P0_VIEW COMPLETE nano=32833888056300
[16:00:18] [Client thread/INFO] [STDOUT]: [com.layue13.clashweave.validation.ClientReplay:viewReplay:295]: P0_VIEW COMPLETE nano=32833938204200
[16:00:18] [Client thread/INFO] [STDOUT]: [com.layue13.clashweave.validation.ClientReplay:viewReplay:295]: P0_VIEW COMPLETE nano=32833988144400
[16:00:18] [Client thread/INFO] [STDOUT]: [com.layue13.clashweave.validation.ClientReplay:viewReplay:295]: P0_VIEW COMPLETE nano=32834038222600
[16:00:18] [Client thread/INFO] [STDOUT]: [com.layue13.clashweave.validation.ClientReplay:viewReplay:295]: P0_VIEW COMPLETE nano=32834088134700
[16:00:18] [Client thread/INFO] [STDOUT]: [com.layue13.clashweave.validation.ClientReplay:viewReplay:295]: P0_VIEW COMPLETE nano=32834137865500
[16:00:18] [Client thread/INFO] [STDOUT]: [com.layue13.clashweave.validation.ClientReplay:viewReplay:295]: P0_VIEW COMPLETE nano=32834188358599
[16:00:18] [Client thread/INFO] [STDOUT]: [com.layue13.clashweave.validation.ClientReplay:viewReplay:295]: P0_VIEW COMPLETE nano=32834237738700
[16:00:18] [Client thread/INFO] [STDOUT]: [com.layue13.clashweave.validation.ClientReplay:viewReplay:295]: P0_VIEW COMPLETE nano=32834288572300
[16:00:18] [Client thread/INFO] [STDOUT]: [com.layue13.clashweave.validation.ClientReplay:viewReplay:295]: P0_VIEW COMPLETE nano=32834337925800
[16:00:18] [Client thread/INFO] [STDOUT]: [com.layue13.clashweave.validation.ClientReplay:viewReplay:295]: P0_VIEW COMPLETE nano=32834388171500
[16:00:18] [Client thread/INFO] [STDOUT]: [com.layue13.clashweave.validation.ClientReplay:viewReplay:295]: P0_VIEW COMPLETE nano=32834438618100
[16:00:18] [Client thread/INFO] [STDOUT]: [com.layue13.clashweave.validation.ClientReplay:viewReplay:295]: P0_VIEW COMPLETE nano=32834488056500
[16:00:18] [Client thread/INFO] [STDOUT]: [com.layue13.clashweave.validation.ClientReplay:viewReplay:295]: P0_VIEW COMPLETE nano=32834537817700
[16:00:18] [Client thread/INFO] [STDOUT]: [com.layue13.clashweave.validation.ClientReplay:viewReplay:295]: P0_VIEW COMPLETE nano=32834592156500
[16:00:19] [Client thread/INFO] [STDOUT]: [com.layue13.clashweave.validation.ClientReplay:viewReplay:295]: P0_VIEW COMPLETE nano=32834638228300
[16:00:19] [Client thread/INFO] [STDOUT]: [com.layue13.clashweave.validation.ClientReplay:viewReplay:295]: P0_VIEW COMPLETE nano=32834688378100
[16:00:19] [Client thread/INFO] [STDOUT]: [com.layue13.clashweave.validation.ClientReplay:viewReplay:295]: P0_VIEW COMPLETE nano=32834738229600
[16:00:19] [Client thread/INFO] [STDOUT]: [com.layue13.clashweave.validation.ClientReplay:viewReplay:295]: P0_VIEW COMPLETE nano=32834787837099
[16:00:19] [Client thread/INFO] [STDOUT]: [com.layue13.clashweave.validation.ClientReplay:viewReplay:295]: P0_VIEW COMPLETE nano=32834838161100
[16:00:19] [Client thread/INFO] [STDOUT]: [com.layue13.clashweave.validation.ClientReplay:viewReplay:295]: P0_VIEW COMPLETE nano=32834887889899
[16:00:19] [Client thread/INFO] [STDOUT]: [com.layue13.clashweave.validation.ClientReplay:viewReplay:295]: P0_VIEW COMPLETE nano=32834938338499
[16:00:19] [Client thread/INFO] [STDOUT]: [com.layue13.clashweave.validation.ClientReplay:viewReplay:295]: P0_VIEW COMPLETE nano=32834988602600
[16:00:19] [Client thread/INFO] [STDOUT]: [com.layue13.clashweave.validation.ClientReplay:viewReplay:295]: P0_VIEW COMPLETE nano=32835038322800
[16:00:19] [Client thread/INFO] [STDOUT]: [com.layue13.clashweave.validation.ClientReplay:viewReplay:295]: P0_VIEW COMPLETE nano=32835087803000
[16:00:19] [Client thread/INFO] [STDOUT]: [com.layue13.clashweave.validation.ClientReplay:viewReplay:295]: P0_VIEW COMPLETE nano=32835137955600
[16:00:19] [Client thread/INFO] [STDOUT]: [com.layue13.clashweave.validation.ClientReplay:viewReplay:295]: P0_VIEW COMPLETE nano=32835188278299
[16:00:19] [Client thread/INFO] [STDOUT]: [com.layue13.clashweave.validation.ClientReplay:viewReplay:295]: P0_VIEW COMPLETE nano=32835238181399
[16:00:19] [Client thread/INFO] [STDOUT]: [com.layue13.clashweave.validation.ClientReplay:viewReplay:295]: P0_VIEW COMPLETE nano=32835288245000
[16:00:19] [Client thread/INFO] [STDOUT]: [com.layue13.clashweave.validation.ClientReplay:viewReplay:295]: P0_VIEW COMPLETE nano=32835338177500
[16:00:19] [Client thread/INFO] [STDOUT]: [com.layue13.clashweave.validation.ClientReplay:viewReplay:295]: P0_VIEW COMPLETE nano=32835387998799
[16:00:19] [Client thread/INFO] [STDOUT]: [com.layue13.clashweave.validation.ClientReplay:viewReplay:295]: P0_VIEW COMPLETE nano=32835438206500
[16:00:19] [Client thread/INFO] [STDOUT]: [com.layue13.clashweave.validation.ClientReplay:viewReplay:295]: P0_VIEW COMPLETE nano=32835487788900
[16:00:19] [Client thread/INFO] [STDOUT]: [com.layue13.clashweave.validation.ClientReplay:viewReplay:295]: P0_VIEW COMPLETE nano=32835538424500
[16:00:19] [Client thread/INFO] [STDOUT]: [com.layue13.clashweave.validation.ClientReplay:viewReplay:295]: P0_VIEW COMPLETE nano=32835588891800
[16:00:20] [Client thread/INFO] [STDOUT]: [com.layue13.clashweave.validation.ClientReplay:viewReplay:295]: P0_VIEW COMPLETE nano=32835638340200
[16:00:20] [Client thread/INFO] [STDOUT]: [com.layue13.clashweave.validation.ClientReplay:viewReplay:295]: P0_VIEW COMPLETE nano=32835687918099
[16:00:20] [Client thread/INFO] [STDOUT]: [com.layue13.clashweave.validation.ClientReplay:viewReplay:295]: P0_VIEW COMPLETE nano=32835737728499
[16:00:20] [Client thread/INFO] [STDOUT]: [com.layue13.clashweave.validation.ClientReplay:viewReplay:295]: P0_VIEW COMPLETE nano=32835788480000
[16:00:20] [Client thread/INFO] [STDOUT]: [com.layue13.clashweave.validation.ClientReplay:viewReplay:295]: P0_VIEW COMPLETE nano=32835838052599
[16:00:20] [Client thread/INFO] [STDOUT]: [com.layue13.clashweave.validation.ClientReplay:viewReplay:295]: P0_VIEW COMPLETE nano=32835887812499
[16:00:20] [Client thread/INFO] [STDOUT]: [com.layue13.clashweave.validation.ClientReplay:viewReplay:295]: P0_VIEW COMPLETE nano=32835938060400
[16:00:20] [Client thread/INFO] [STDOUT]: [com.layue13.clashweave.validation.ClientReplay:viewReplay:295]: P0_VIEW COMPLETE nano=32835988248100
[16:00:20] [Client thread/INFO] [STDOUT]: [com.layue13.clashweave.validation.ClientReplay:viewReplay:295]: P0_VIEW COMPLETE nano=32836038305900
[16:00:20] [Client thread/INFO] [STDOUT]: [com.layue13.clashweave.validation.ClientReplay:viewReplay:295]: P0_VIEW COMPLETE nano=32836088147000
[16:00:20] [Client thread/INFO] [STDOUT]: [com.layue13.clashweave.validation.ClientReplay:viewReplay:295]: P0_VIEW COMPLETE nano=32836138505000
[16:00:20] [Client thread/INFO] [STDOUT]: [com.layue13.clashweave.validation.ClientReplay:viewReplay:295]: P0_VIEW COMPLETE nano=32836188427399
[16:00:20] [Client thread/INFO] [STDOUT]: [com.layue13.clashweave.validation.ClientReplay:viewReplay:295]: P0_VIEW COMPLETE nano=32836238657299
[16:00:20] [Client thread/INFO] [STDOUT]: [com.layue13.clashweave.validation.ClientReplay:viewReplay:295]: P0_VIEW COMPLETE nano=32836287870400
[16:00:20] [Client thread/INFO] [STDOUT]: [com.layue13.clashweave.validation.ClientReplay:viewReplay:295]: P0_VIEW COMPLETE nano=32836338487499
[16:00:20] [Client thread/INFO] [STDOUT]: [com.layue13.clashweave.validation.ClientReplay:viewReplay:295]: P0_VIEW COMPLETE nano=32836388127300
[16:00:20] [Client thread/INFO] [STDOUT]: [com.layue13.clashweave.validation.ClientReplay:viewReplay:295]: P0_VIEW COMPLETE nano=32836438343800
[16:00:20] [Client thread/INFO] [STDOUT]: [com.layue13.clashweave.validation.ClientReplay:viewReplay:295]: P0_VIEW COMPLETE nano=32836487769400
[16:00:20] [Client thread/INFO] [STDOUT]: [com.layue13.clashweave.validation.ClientReplay:viewReplay:295]: P0_VIEW COMPLETE nano=32836538235400
[16:00:20] [Client thread/INFO] [STDOUT]: [com.layue13.clashweave.validation.ClientReplay:viewReplay:295]: P0_VIEW COMPLETE nano=32836588521100
[16:00:21] [Client thread/INFO] [STDOUT]: [com.layue13.clashweave.validation.ClientReplay:viewReplay:295]: P0_VIEW COMPLETE nano=32836638578600
[16:00:21] [Client thread/INFO] [STDOUT]: [com.layue13.clashweave.validation.ClientReplay:viewReplay:295]: P0_VIEW COMPLETE nano=32836688343299
[16:00:21] [Client thread/INFO] [STDOUT]: [com.layue13.clashweave.validation.ClientReplay:viewReplay:295]: P0_VIEW COMPLETE nano=32836738832100
[16:00:21] [Client thread/INFO] [STDOUT]: [com.layue13.clashweave.validation.ClientReplay:viewReplay:295]: P0_VIEW COMPLETE nano=32836788233800
[16:00:21] [Client thread/INFO] [STDOUT]: [com.layue13.clashweave.validation.ClientReplay:viewReplay:295]: P0_VIEW COMPLETE nano=32836838391800
[16:00:21] [Client thread/INFO] [STDOUT]: [com.layue13.clashweave.validation.ClientReplay:viewReplay:295]: P0_VIEW COMPLETE nano=32836887874700
[16:00:21] [Client thread/INFO] [STDOUT]: [com.layue13.clashweave.validation.ClientReplay:viewReplay:295]: P0_VIEW COMPLETE nano=32836937855900
[16:00:21] [Client thread/INFO] [STDOUT]: [com.layue13.clashweave.validation.ClientReplay:viewReplay:295]: P0_VIEW COMPLETE nano=32836987862299
[16:00:21] [Client thread/INFO] [STDOUT]: [com.layue13.clashweave.validation.ClientReplay:viewReplay:295]: P0_VIEW COMPLETE nano=32837038228500
[16:00:21] [Client thread/INFO] [STDOUT]: [com.layue13.clashweave.validation.ClientReplay:viewReplay:295]: P0_VIEW COMPLETE nano=32837088227499
[16:00:21] [Client thread/INFO] [STDOUT]: [com.layue13.clashweave.validation.ClientReplay:viewReplay:295]: P0_VIEW COMPLETE nano=32837138164700
[16:00:21] [Client thread/INFO] [STDOUT]: [com.layue13.clashweave.validation.ClientReplay:viewReplay:295]: P0_VIEW COMPLETE nano=32837188620600
[16:00:21] [Client thread/INFO] [STDOUT]: [com.layue13.clashweave.validation.ClientReplay:viewReplay:295]: P0_VIEW COMPLETE nano=32837238381400
[16:00:21] [Client thread/INFO] [STDOUT]: [com.layue13.clashweave.validation.ClientReplay:viewReplay:295]: P0_VIEW COMPLETE nano=32837288187600
[16:00:21] [Client thread/INFO] [STDOUT]: [com.layue13.clashweave.validation.ClientReplay:viewReplay:295]: P0_VIEW COMPLETE nano=32837338301300
[16:00:21] [Client thread/INFO] [STDOUT]: [com.layue13.clashweave.validation.ClientReplay:viewReplay:295]: P0_VIEW COMPLETE nano=32837387942499
[16:00:21] [Client thread/INFO] [STDOUT]: [com.layue13.clashweave.validation.ClientReplay:viewReplay:295]: P0_VIEW COMPLETE nano=32837438252599
[16:00:21] [Client thread/INFO] [STDOUT]: [com.layue13.clashweave.validation.ClientReplay:viewReplay:295]: P0_VIEW COMPLETE nano=32837489047800
[16:00:21] [Client thread/INFO] [STDOUT]: [com.layue13.clashweave.validation.ClientReplay:viewReplay:295]: P0_VIEW COMPLETE nano=32837538353400
[16:00:21] [Client thread/INFO] [STDOUT]: [com.layue13.clashweave.validation.ClientReplay:viewReplay:295]: P0_VIEW COMPLETE nano=32837587795599
[16:00:22] [Client thread/INFO] [STDOUT]: [com.layue13.clashweave.validation.ClientReplay:viewReplay:295]: P0_VIEW COMPLETE nano=32837637716999
[16:00:22] [Client thread/INFO] [STDOUT]: [com.layue13.clashweave.validation.ClientReplay:viewReplay:295]: P0_VIEW COMPLETE nano=32837687946100
[16:00:22] [Client thread/INFO] [STDOUT]: [com.layue13.clashweave.validation.ClientReplay:viewReplay:295]: P0_VIEW COMPLETE nano=32837738232900
[16:00:22] [Client thread/INFO] [STDOUT]: [com.layue13.clashweave.validation.ClientReplay:viewReplay:295]: P0_VIEW COMPLETE nano=32837788360400
[16:00:22] [Client thread/INFO] [STDOUT]: [com.layue13.clashweave.validation.ClientReplay:viewReplay:295]: P0_VIEW COMPLETE nano=32837837917099
[16:00:22] [Client thread/INFO] [STDOUT]: [com.layue13.clashweave.validation.ClientReplay:viewReplay:295]: P0_VIEW COMPLETE nano=32837888200399
[16:00:22] [Client thread/INFO] [STDOUT]: [com.layue13.clashweave.validation.ClientReplay:viewReplay:295]: P0_VIEW COMPLETE nano=32837937842100
[16:00:22] [Client thread/INFO] [STDOUT]: [com.layue13.clashweave.validation.ClientReplay:viewReplay:295]: P0_VIEW COMPLETE nano=32837987766200
[16:00:22] [Client thread/INFO] [STDOUT]: [com.layue13.clashweave.validation.ClientReplay:viewReplay:295]: P0_VIEW COMPLETE nano=32838037953100
[16:00:22] [Client thread/INFO] [STDOUT]: [com.layue13.clashweave.validation.ClientReplay:viewReplay:295]: P0_VIEW COMPLETE nano=32838088726299
[16:00:22] [Client thread/INFO] [STDOUT]: [com.layue13.clashweave.validation.ClientReplay:viewReplay:295]: P0_VIEW COMPLETE nano=32838138668400
[16:00:22] [Client thread/INFO] [STDOUT]: [com.layue13.clashweave.validation.ClientReplay:viewReplay:295]: P0_VIEW COMPLETE nano=32838188280500
[16:00:22] [Client thread/INFO] [STDOUT]: [com.layue13.clashweave.validation.ClientReplay:viewReplay:295]: P0_VIEW COMPLETE nano=32838237738500
[16:00:22] [Client thread/INFO] [STDOUT]: [com.layue13.clashweave.validation.ClientReplay:viewReplay:295]: P0_VIEW COMPLETE nano=32838289213999
[16:00:22] [Client thread/INFO] [STDOUT]: [com.layue13.clashweave.validation.ClientReplay:viewReplay:295]: P0_VIEW COMPLETE nano=32838338224300
[16:00:22] [Client thread/INFO] [STDOUT]: [com.layue13.clashweave.validation.ClientReplay:viewReplay:295]: P0_VIEW COMPLETE nano=32838388167600
[16:00:22] [Client thread/INFO] [STDOUT]: [com.layue13.clashweave.validation.ClientReplay:viewReplay:295]: P0_VIEW COMPLETE nano=32838437858300
[16:00:22] [Client thread/INFO] [STDOUT]: [com.layue13.clashweave.validation.ClientReplay:viewReplay:295]: P0_VIEW COMPLETE nano=32838488175000
[16:00:22] [Client thread/INFO] [STDOUT]: [com.layue13.clashweave.validation.ClientReplay:viewReplay:295]: P0_VIEW COMPLETE nano=32838537850300
[16:00:22] [Client thread/INFO] [STDOUT]: [com.layue13.clashweave.validation.ClientReplay:viewReplay:295]: P0_VIEW COMPLETE nano=32838588111400
[16:00:23] [Client thread/INFO] [STDOUT]: [com.layue13.clashweave.validation.ClientReplay:viewReplay:295]: P0_VIEW COMPLETE nano=32838638161600
[16:00:23] [Client thread/INFO] [STDOUT]: [com.layue13.clashweave.validation.ClientReplay:viewReplay:295]: P0_VIEW COMPLETE nano=32838688636300
[16:00:23] [Client thread/INFO] [STDOUT]: [com.layue13.clashweave.validation.ClientReplay:viewReplay:295]: P0_VIEW COMPLETE nano=32838738249200
[16:00:23] [Client thread/INFO] [STDOUT]: [com.layue13.clashweave.validation.ClientReplay:viewReplay:295]: P0_VIEW COMPLETE nano=32838788029500
[16:00:23] [Client thread/INFO] [STDOUT]: [com.layue13.clashweave.validation.ClientReplay:viewReplay:295]: P0_VIEW COMPLETE nano=32838838569400
[16:00:23] [Client thread/INFO] [STDOUT]: [com.layue13.clashweave.validation.ClientReplay:viewReplay:295]: P0_VIEW COMPLETE nano=32838888345500
[16:00:23] [Client thread/INFO] [STDOUT]: [com.layue13.clashweave.validation.ClientReplay:viewReplay:295]: P0_VIEW COMPLETE nano=32838937803900
[16:00:23] [Client thread/INFO] [STDOUT]: [com.layue13.clashweave.validation.ClientReplay:viewReplay:295]: P0_VIEW COMPLETE nano=32838988303899
[16:00:23] [Client thread/INFO] [STDOUT]: [com.layue13.clashweave.validation.ClientReplay:viewReplay:295]: P0_VIEW COMPLETE nano=32839038024000
[16:00:23] [Client thread/INFO] [STDOUT]: [com.layue13.clashweave.validation.ClientReplay:viewReplay:295]: P0_VIEW COMPLETE nano=32839087887100
[16:00:23] [Client thread/INFO] [STDOUT]: [com.layue13.clashweave.validation.ClientReplay:viewReplay:295]: P0_VIEW COMPLETE nano=32839138140700
[16:00:23] [Client thread/INFO] [STDOUT]: [com.layue13.clashweave.validation.ClientReplay:viewReplay:295]: P0_VIEW COMPLETE nano=32839188251599
[16:00:23] [Client thread/INFO] [STDOUT]: [com.layue13.clashweave.validation.ClientReplay:viewReplay:295]: P0_VIEW COMPLETE nano=32839237969200
[16:00:23] [Client thread/INFO] [STDOUT]: [com.layue13.clashweave.validation.ClientReplay:viewReplay:295]: P0_VIEW COMPLETE nano=32839287987800
[16:00:23] [Client thread/INFO] [STDOUT]: [com.layue13.clashweave.validation.ClientReplay:viewReplay:295]: P0_VIEW COMPLETE nano=32839339213100
[16:00:23] [Client thread/INFO] [STDOUT]: [com.layue13.clashweave.validation.ClientReplay:viewReplay:295]: P0_VIEW COMPLETE nano=32839387979400
[16:00:23] [Client thread/INFO] [STDOUT]: [com.layue13.clashweave.validation.ClientReplay:viewReplay:295]: P0_VIEW COMPLETE nano=32839437848200
[16:00:23] [Client thread/INFO] [STDOUT]: [com.layue13.clashweave.validation.ClientReplay:viewReplay:295]: P0_VIEW COMPLETE nano=32839488037299
[16:00:23] [Client thread/INFO] [STDOUT]: [com.layue13.clashweave.validation.ClientReplay:viewReplay:295]: P0_VIEW COMPLETE nano=32839537868800
[16:00:23] [Client thread/INFO] [STDOUT]: [com.layue13.clashweave.validation.ClientReplay:viewReplay:295]: P0_VIEW COMPLETE nano=32839588090100
[16:00:24] [Client thread/INFO] [STDOUT]: [com.layue13.clashweave.validation.ClientReplay:viewReplay:295]: P0_VIEW COMPLETE nano=32839638045800
[16:00:24] [Client thread/INFO] [STDOUT]: [com.layue13.clashweave.validation.ClientReplay:viewReplay:295]: P0_VIEW COMPLETE nano=32839688555000
[16:00:24] [Client thread/INFO] [STDOUT]: [com.layue13.clashweave.validation.ClientReplay:viewReplay:295]: P0_VIEW COMPLETE nano=32839737946900
[16:00:24] [Client thread/INFO] [STDOUT]: [com.layue13.clashweave.validation.ClientReplay:viewReplay:295]: P0_VIEW COMPLETE nano=32839788163100
[16:00:24] [Client thread/INFO] [STDOUT]: [com.layue13.clashweave.validation.ClientReplay:viewReplay:295]: P0_VIEW COMPLETE nano=32839837999000
[16:00:24] [Client thread/INFO] [STDOUT]: [com.layue13.clashweave.validation.ClientReplay:viewReplay:295]: P0_VIEW COMPLETE nano=32839887986100
[16:00:24] [Client thread/INFO] [STDOUT]: [com.layue13.clashweave.validation.ClientReplay:viewReplay:295]: P0_VIEW COMPLETE nano=32839938760700
[16:00:24] [Client thread/INFO] [STDOUT]: [com.layue13.clashweave.validation.ClientReplay:viewReplay:295]: P0_VIEW COMPLETE nano=32839988233400
[16:00:24] [Client thread/INFO] [STDOUT]: [com.layue13.clashweave.validation.ClientReplay:viewReplay:295]: P0_VIEW COMPLETE nano=32840037941900
[16:00:24] [Client thread/INFO] [STDOUT]: [com.layue13.clashweave.validation.ClientReplay:viewReplay:295]: P0_VIEW COMPLETE nano=32840087950100
[16:00:24] [Client thread/INFO] [STDOUT]: [com.layue13.clashweave.validation.ClientReplay:viewReplay:295]: P0_VIEW COMPLETE nano=32840138154100
[16:00:24] [Client thread/INFO] [STDOUT]: [com.layue13.clashweave.validation.ClientReplay:viewReplay:295]: P0_VIEW COMPLETE nano=32840188481200
[16:00:24] [Client thread/INFO] [STDOUT]: [com.layue13.clashweave.validation.ClientReplay:viewReplay:295]: P0_VIEW COMPLETE nano=32840237974199
[16:00:24] [Client thread/INFO] [STDOUT]: [com.layue13.clashweave.validation.ClientReplay:viewReplay:295]: P0_VIEW COMPLETE nano=32840288860200
[16:00:24] [Client thread/INFO] [STDOUT]: [com.layue13.clashweave.validation.ClientReplay:viewReplay:295]: P0_VIEW COMPLETE nano=32840338127500
[16:00:24] [Client thread/INFO] [STDOUT]: [com.layue13.clashweave.validation.ClientReplay:viewReplay:295]: P0_VIEW COMPLETE nano=32840388462600
[16:00:24] [Client thread/INFO] [STDOUT]: [com.layue13.clashweave.validation.ClientReplay:viewReplay:295]: P0_VIEW COMPLETE nano=32840437825300
[16:00:24] [Client thread/INFO] [STDOUT]: [com.layue13.clashweave.validation.ClientReplay:viewReplay:295]: P0_VIEW COMPLETE nano=32840487986599
[16:00:24] [Client thread/INFO] [STDOUT]: [com.layue13.clashweave.validation.ClientReplay:viewReplay:295]: P0_VIEW COMPLETE nano=32840538118600
[16:00:24] [Client thread/INFO] [STDOUT]: [com.layue13.clashweave.validation.ClientReplay:viewReplay:295]: P0_VIEW COMPLETE nano=32840588249000
[16:00:25] [Client thread/INFO] [STDOUT]: [com.layue13.clashweave.validation.ClientReplay:viewReplay:295]: P0_VIEW COMPLETE nano=32840638453300
[16:00:25] [Client thread/INFO] [STDOUT]: [com.layue13.clashweave.validation.ClientReplay:viewReplay:295]: P0_VIEW COMPLETE nano=32840688180500
[16:00:25] [Client thread/INFO] [STDOUT]: [com.layue13.clashweave.validation.ClientReplay:viewReplay:295]: P0_VIEW COMPLETE nano=32840738389700
[16:00:25] [Client thread/INFO] [STDOUT]: [com.layue13.clashweave.validation.ClientReplay:viewReplay:295]: P0_VIEW COMPLETE nano=32840787805599
[16:00:25] [Client thread/INFO] [STDOUT]: [com.layue13.clashweave.validation.ClientReplay:viewReplay:295]: P0_VIEW COMPLETE nano=32840838696300
[16:00:25] [Client thread/INFO] [STDOUT]: [com.layue13.clashweave.validation.ClientReplay:viewReplay:295]: P0_VIEW COMPLETE nano=32840888103200
[16:00:25] [Client thread/INFO] [STDOUT]: [com.layue13.clashweave.validation.ClientReplay:viewReplay:295]: P0_VIEW COMPLETE nano=32840938451299
[16:00:25] [Client thread/INFO] [STDOUT]: [com.layue13.clashweave.validation.ClientReplay:viewReplay:295]: P0_VIEW COMPLETE nano=32840988873299
[16:00:25] [Client thread/INFO] [STDOUT]: [com.layue13.clashweave.validation.ClientReplay:viewReplay:295]: P0_VIEW COMPLETE nano=32841038020000
[16:00:25] [Client thread/INFO] [STDOUT]: [com.layue13.clashweave.validation.ClientReplay:viewReplay:295]: P0_VIEW COMPLETE nano=32841088365199
[16:00:25] [Client thread/INFO] [STDOUT]: [com.layue13.clashweave.validation.ClientReplay:viewReplay:295]: P0_VIEW COMPLETE nano=32841138173800
[16:00:25] [Client thread/INFO] [STDOUT]: [com.layue13.clashweave.validation.ClientReplay:viewReplay:295]: P0_VIEW COMPLETE nano=32841188471000
[16:00:25] [Client thread/INFO] [STDOUT]: [com.layue13.clashweave.validation.ClientReplay:viewReplay:295]: P0_VIEW COMPLETE nano=32841238888200
[16:00:25] [Client thread/INFO] [STDOUT]: [com.layue13.clashweave.validation.ClientReplay:viewReplay:295]: P0_VIEW COMPLETE nano=32841288237900
[16:00:25] [Client thread/INFO] [STDOUT]: [com.layue13.clashweave.validation.ClientReplay:viewReplay:295]: P0_VIEW COMPLETE nano=32841338313900
[16:00:25] [Client thread/INFO] [STDOUT]: [com.layue13.clashweave.validation.ClientReplay:viewReplay:295]: P0_VIEW COMPLETE nano=32841388334500
[16:00:25] [Client thread/INFO] [STDOUT]: [com.layue13.clashweave.validation.ClientReplay:viewReplay:295]: P0_VIEW COMPLETE nano=32841438400599
[16:00:25] [Client thread/INFO] [STDOUT]: [com.layue13.clashweave.validation.ClientReplay:viewReplay:295]: P0_VIEW COMPLETE nano=32841488130400
[16:00:25] [Client thread/INFO] [STDOUT]: [com.layue13.clashweave.validation.ClientReplay:viewReplay:295]: P0_VIEW COMPLETE nano=32841539329500
[16:00:25] [Client thread/INFO] [STDOUT]: [com.layue13.clashweave.validation.ClientReplay:viewReplay:295]: P0_VIEW COMPLETE nano=32841587772900
[16:00:26] [Client thread/INFO] [STDOUT]: [com.layue13.clashweave.validation.ClientReplay:viewReplay:295]: P0_VIEW COMPLETE nano=32841639646000
[16:00:26] [Client thread/INFO] [STDOUT]: [com.layue13.clashweave.validation.ClientReplay:viewReplay:295]: P0_VIEW COMPLETE nano=32841688597900
[16:00:26] [Client thread/INFO] [STDOUT]: [com.layue13.clashweave.validation.ClientReplay:viewReplay:295]: P0_VIEW COMPLETE nano=32841738051300
[16:00:26] [Client thread/INFO] [STDOUT]: [com.layue13.clashweave.validation.ClientReplay:viewReplay:295]: P0_VIEW COMPLETE nano=32841788233699
[16:00:26] [Client thread/INFO] [STDOUT]: [com.layue13.clashweave.validation.ClientReplay:viewReplay:295]: P0_VIEW COMPLETE nano=32841837985700
[16:00:26] [Client thread/INFO] [STDOUT]: [com.layue13.clashweave.validation.ClientReplay:viewReplay:295]: P0_VIEW COMPLETE nano=32841888171600
[16:00:26] [Client thread/INFO] [STDOUT]: [com.layue13.clashweave.validation.ClientReplay:viewReplay:295]: P0_VIEW COMPLETE nano=32841937997399
[16:00:26] [Client thread/INFO] [STDOUT]: [com.layue13.clashweave.validation.ClientReplay:viewReplay:295]: P0_VIEW COMPLETE nano=32841987972600
[16:00:26] [Client thread/INFO] [STDOUT]: [com.layue13.clashweave.validation.ClientReplay:viewReplay:295]: P0_VIEW COMPLETE nano=32842038033700
[16:00:26] [Client thread/INFO] [STDOUT]: [com.layue13.clashweave.validation.ClientReplay:viewReplay:295]: P0_VIEW COMPLETE nano=32842088402200
[16:00:26] [Client thread/INFO] [STDOUT]: [com.layue13.clashweave.validation.ClientReplay:viewReplay:295]: P0_VIEW COMPLETE nano=32842138168300
[16:00:26] [Client thread/INFO] [STDOUT]: [com.layue13.clashweave.validation.ClientReplay:viewReplay:295]: P0_VIEW COMPLETE nano=32842188222899
[16:00:26] [Client thread/INFO] [STDOUT]: [com.layue13.clashweave.validation.ClientReplay:viewReplay:295]: P0_VIEW COMPLETE nano=32842237798299
[16:00:26] [Client thread/INFO] [STDOUT]: [com.layue13.clashweave.validation.ClientReplay:viewReplay:295]: P0_VIEW COMPLETE nano=32842288423700
[16:00:26] [Client thread/INFO] [STDOUT]: [com.layue13.clashweave.validation.ClientReplay:viewReplay:295]: P0_VIEW COMPLETE nano=32842338393799
[16:00:26] [Client thread/INFO] [STDOUT]: [com.layue13.clashweave.validation.ClientReplay:viewReplay:295]: P0_VIEW COMPLETE nano=32842388340899
[16:00:26] [Client thread/INFO] [STDOUT]: [com.layue13.clashweave.validation.ClientReplay:viewReplay:295]: P0_VIEW COMPLETE nano=32842438749300
[16:00:26] [Client thread/INFO] [STDOUT]: [com.layue13.clashweave.validation.ClientReplay:viewReplay:295]: P0_VIEW COMPLETE nano=32842488576099
[16:00:26] [Client thread/INFO] [STDOUT]: [com.layue13.clashweave.validation.ClientReplay:viewReplay:295]: P0_VIEW COMPLETE nano=32842539248700
[16:00:26] [Client thread/INFO] [STDOUT]: [com.layue13.clashweave.validation.ClientReplay:viewReplay:295]: P0_VIEW COMPLETE nano=32842588525599
[16:00:27] [Client thread/INFO] [STDOUT]: [com.layue13.clashweave.validation.ClientReplay:viewReplay:295]: P0_VIEW COMPLETE nano=32842637904900
[16:00:27] [Client thread/INFO] [STDOUT]: [com.layue13.clashweave.validation.ClientReplay:viewReplay:295]: P0_VIEW COMPLETE nano=32842688115500
[16:00:27] [Client thread/INFO] [STDOUT]: [com.layue13.clashweave.validation.ClientReplay:viewReplay:295]: P0_VIEW COMPLETE nano=32842738279100
[16:00:27] [Client thread/INFO] [STDOUT]: [com.layue13.clashweave.validation.ClientReplay:viewReplay:295]: P0_VIEW COMPLETE nano=32842787923000
[16:00:27] [Client thread/INFO] [STDOUT]: [com.layue13.clashweave.validation.ClientReplay:viewReplay:295]: P0_VIEW COMPLETE nano=32842838677500
[16:00:27] [Client thread/INFO] [STDOUT]: [com.layue13.clashweave.validation.ClientReplay:viewReplay:295]: P0_VIEW COMPLETE nano=32842888453300
[16:00:27] [Client thread/INFO] [STDOUT]: [com.layue13.clashweave.validation.ClientReplay:viewReplay:295]: P0_VIEW COMPLETE nano=32842938501899
[16:00:27] [Client thread/INFO] [STDOUT]: [com.layue13.clashweave.validation.ClientReplay:viewReplay:295]: P0_VIEW COMPLETE nano=32842987978999
[16:00:27] [Client thread/INFO] [STDOUT]: [com.layue13.clashweave.validation.ClientReplay:viewReplay:295]: P0_VIEW COMPLETE nano=32843038493000
[16:00:27] [Client thread/INFO] [STDOUT]: [com.layue13.clashweave.validation.ClientReplay:viewReplay:295]: P0_VIEW COMPLETE nano=32843088379399
[16:00:27] [Client thread/INFO] [STDOUT]: [com.layue13.clashweave.validation.ClientReplay:viewReplay:295]: P0_VIEW COMPLETE nano=32843138433599
[16:00:27] [Client thread/INFO] [STDOUT]: [com.layue13.clashweave.validation.ClientReplay:viewReplay:295]: P0_VIEW COMPLETE nano=32843188360900
[16:00:27] [Client thread/INFO] [STDOUT]: [com.layue13.clashweave.validation.ClientReplay:viewReplay:295]: P0_VIEW COMPLETE nano=32843237829700
[16:00:27] [Client thread/INFO] [STDOUT]: [com.layue13.clashweave.validation.ClientReplay:viewReplay:295]: P0_VIEW COMPLETE nano=32843288270099
[16:00:27] [Client thread/INFO] [STDOUT]: [com.layue13.clashweave.validation.ClientReplay:viewReplay:295]: P0_VIEW COMPLETE nano=32843337934000
[16:00:27] [Client thread/INFO] [STDOUT]: [com.layue13.clashweave.validation.ClientReplay:viewReplay:295]: P0_VIEW COMPLETE nano=32843387861700
[16:00:27] [Client thread/INFO] [STDOUT]: [com.layue13.clashweave.validation.ClientReplay:viewReplay:295]: P0_VIEW COMPLETE nano=32843437972599
[16:00:27] [Client thread/INFO] [STDOUT]: [com.layue13.clashweave.validation.ClientReplay:viewReplay:295]: P0_VIEW COMPLETE nano=32843487792400
[16:00:27] [Client thread/INFO] [STDOUT]: [com.layue13.clashweave.validation.ClientReplay:viewReplay:295]: P0_VIEW COMPLETE nano=32843537999400
[16:00:27] [Client thread/INFO] [STDOUT]: [com.layue13.clashweave.validation.ClientReplay:viewReplay:295]: P0_VIEW COMPLETE nano=32843588327500
[16:00:28] [Client thread/INFO] [STDOUT]: [com.layue13.clashweave.validation.ClientReplay:viewReplay:295]: P0_VIEW COMPLETE nano=32843638175300
[16:00:28] [Client thread/INFO] [STDOUT]: [com.layue13.clashweave.validation.ClientReplay:viewReplay:295]: P0_VIEW COMPLETE nano=32843688215399
[16:00:28] [Client thread/INFO] [STDOUT]: [com.layue13.clashweave.validation.ClientReplay:viewReplay:295]: P0_VIEW COMPLETE nano=32843737807799
[16:00:28] [Client thread/INFO] [STDOUT]: [com.layue13.clashweave.validation.ClientReplay:viewReplay:295]: P0_VIEW COMPLETE nano=32843788905700
[16:00:28] [Client thread/INFO] [STDOUT]: [com.layue13.clashweave.validation.ClientReplay:viewReplay:295]: P0_VIEW COMPLETE nano=32843838336100
[16:00:28] [Client thread/INFO] [STDOUT]: [com.layue13.clashweave.validation.ClientReplay:viewReplay:295]: P0_VIEW COMPLETE nano=32843887947800
[16:00:28] [Client thread/INFO] [STDOUT]: [com.layue13.clashweave.validation.ClientReplay:viewReplay:295]: P0_VIEW COMPLETE nano=32843938326700
[16:00:28] [Client thread/INFO] [STDOUT]: [com.layue13.clashweave.validation.ClientReplay:viewReplay:295]: P0_VIEW COMPLETE nano=32843987935400
[16:00:28] [Client thread/INFO] [STDOUT]: [com.layue13.clashweave.validation.ClientReplay:viewReplay:295]: P0_VIEW COMPLETE nano=32844038131900
[16:00:28] [Client thread/INFO] [STDOUT]: [com.layue13.clashweave.validation.ClientReplay:viewReplay:295]: P0_VIEW COMPLETE nano=32844088457100
[16:00:28] [Client thread/INFO] [STDOUT]: [com.layue13.clashweave.validation.ClientReplay:viewReplay:295]: P0_VIEW COMPLETE nano=32844138664200
[16:00:28] [Client thread/INFO] [STDOUT]: [com.layue13.clashweave.validation.ClientReplay:viewReplay:295]: P0_VIEW COMPLETE nano=32844187999399
[16:00:28] [Client thread/INFO] [STDOUT]: [com.layue13.clashweave.validation.ClientReplay:viewReplay:295]: P0_VIEW COMPLETE nano=32844237913700
[16:00:28] [Client thread/INFO] [STDOUT]: [com.layue13.clashweave.validation.ClientReplay:viewReplay:295]: P0_VIEW COMPLETE nano=32844287900800
[16:00:28] [Client thread/INFO] [STDOUT]: [com.layue13.clashweave.validation.ClientReplay:viewReplay:295]: P0_VIEW COMPLETE nano=32844338129800
[16:00:28] [Client thread/INFO] [STDOUT]: [com.layue13.clashweave.validation.ClientReplay:viewReplay:295]: P0_VIEW COMPLETE nano=32844387801400
[16:00:28] [Client thread/INFO] [STDOUT]: [com.layue13.clashweave.validation.ClientReplay:viewReplay:295]: P0_VIEW COMPLETE nano=32844438004700
[16:00:28] [Client thread/INFO] [STDOUT]: [com.layue13.clashweave.validation.ClientReplay:viewReplay:295]: P0_VIEW COMPLETE nano=32844487860800
[16:00:28] [Client thread/INFO] [STDOUT]: [com.layue13.clashweave.validation.ClientReplay:viewReplay:295]: P0_VIEW COMPLETE nano=32844538441300
[16:00:28] [Client thread/INFO] [STDOUT]: [com.layue13.clashweave.validation.ClientReplay:viewReplay:295]: P0_VIEW COMPLETE nano=32844588332699
[16:00:29] [Client thread/INFO] [STDOUT]: [com.layue13.clashweave.validation.ClientReplay:viewReplay:295]: P0_VIEW COMPLETE nano=32844638028399
[16:00:29] [Client thread/INFO] [STDOUT]: [com.layue13.clashweave.validation.ClientReplay:viewReplay:295]: P0_VIEW COMPLETE nano=32844688171600
[16:00:29] [Client thread/INFO] [STDOUT]: [com.layue13.clashweave.validation.ClientReplay:viewReplay:295]: P0_VIEW COMPLETE nano=32844738714799
[16:00:29] [Client thread/INFO] [STDOUT]: [com.layue13.clashweave.validation.ClientReplay:viewReplay:295]: P0_VIEW COMPLETE nano=32844788657899
[16:00:29] [Client thread/INFO] [STDOUT]: [com.layue13.clashweave.validation.ClientReplay:viewReplay:295]: P0_VIEW COMPLETE nano=32844838022400
[16:00:29] [Client thread/INFO] [STDOUT]: [com.layue13.clashweave.validation.ClientReplay:viewReplay:295]: P0_VIEW COMPLETE nano=32844888648400
[16:00:29] [Client thread/INFO] [STDOUT]: [com.layue13.clashweave.validation.ClientReplay:viewReplay:295]: P0_VIEW COMPLETE nano=32844938514600
[16:00:29] [Client thread/INFO] [STDOUT]: [com.layue13.clashweave.validation.ClientReplay:viewReplay:295]: P0_VIEW COMPLETE nano=32844987953999
[16:00:29] [Client thread/INFO] [STDOUT]: [com.layue13.clashweave.validation.ClientReplay:viewReplay:295]: P0_VIEW COMPLETE nano=32845038270400
[16:00:29] [Client thread/INFO] [STDOUT]: [com.layue13.clashweave.validation.ClientReplay:viewReplay:295]: P0_VIEW COMPLETE nano=32845088582700
[16:00:29] [Client thread/INFO] [STDOUT]: [com.layue13.clashweave.validation.ClientReplay:viewReplay:295]: P0_VIEW COMPLETE nano=32845138293000
[16:00:29] [Client thread/INFO] [STDOUT]: [com.layue13.clashweave.validation.ClientReplay:viewReplay:295]: P0_VIEW COMPLETE nano=32845188226200
[16:00:29] [Client thread/INFO] [STDOUT]: [com.layue13.clashweave.validation.ClientReplay:viewReplay:295]: P0_VIEW COMPLETE nano=32845238161700
[16:00:29] [Client thread/INFO] [STDOUT]: [com.layue13.clashweave.validation.ClientReplay:viewReplay:295]: P0_VIEW COMPLETE nano=32845288264500
[16:00:29] [Client thread/INFO] [STDOUT]: [com.layue13.clashweave.validation.ClientReplay:viewReplay:295]: P0_VIEW COMPLETE nano=32845338734999
[16:00:29] [Client thread/INFO] [STDOUT]: [com.layue13.clashweave.validation.ClientReplay:viewReplay:295]: P0_VIEW COMPLETE nano=32845388600899
[16:00:29] [Client thread/INFO] [STDOUT]: [com.layue13.clashweave.validation.ClientReplay:viewReplay:295]: P0_VIEW COMPLETE nano=32845438003600
[16:00:29] [Client thread/INFO] [STDOUT]: [com.layue13.clashweave.validation.ClientReplay:viewReplay:295]: P0_VIEW COMPLETE nano=32845488546200
[16:00:29] [Client thread/INFO] [STDOUT]: [com.layue13.clashweave.validation.ClientReplay:viewReplay:295]: P0_VIEW COMPLETE nano=32845538730599
[16:00:29] [Client thread/INFO] [STDOUT]: [com.layue13.clashweave.validation.ClientReplay:viewReplay:295]: P0_VIEW COMPLETE nano=32845588470199
[16:00:30] [Client thread/INFO] [STDOUT]: [com.layue13.clashweave.validation.ClientReplay:viewReplay:295]: P0_VIEW COMPLETE nano=32845638069300
[16:00:30] [Client thread/INFO] [STDOUT]: [com.layue13.clashweave.validation.ClientReplay:viewReplay:295]: P0_VIEW COMPLETE nano=32845688279500
[16:00:30] [Client thread/INFO] [STDOUT]: [com.layue13.clashweave.validation.ClientReplay:viewReplay:295]: P0_VIEW COMPLETE nano=32845738053200
[16:00:30] [Client thread/INFO] [STDOUT]: [com.layue13.clashweave.validation.ClientReplay:viewReplay:295]: P0_VIEW COMPLETE nano=32845787981100
[16:00:30] [Client thread/INFO] [STDOUT]: [com.layue13.clashweave.validation.ClientReplay:viewReplay:295]: P0_VIEW COMPLETE nano=32845837792799
[16:00:30] [Client thread/INFO] [STDOUT]: [com.layue13.clashweave.validation.ClientReplay:viewReplay:295]: P0_VIEW COMPLETE nano=32845887775600
[16:00:30] [Client thread/INFO] [STDOUT]: [com.layue13.clashweave.validation.ClientReplay:viewReplay:295]: P0_VIEW COMPLETE nano=32845937819400
[16:00:30] [Client thread/INFO] [STDOUT]: [com.layue13.clashweave.validation.ClientReplay:viewReplay:295]: P0_VIEW COMPLETE nano=32845989288999
[16:00:30] [Client thread/INFO] [STDOUT]: [com.layue13.clashweave.validation.ClientReplay:viewReplay:295]: P0_VIEW COMPLETE nano=32846038077500
[16:00:30] [Client thread/INFO] [STDOUT]: [com.layue13.clashweave.validation.ClientReplay:viewReplay:295]: P0_VIEW COMPLETE nano=32846087841800
[16:00:30] [Client thread/INFO] [STDOUT]: [com.layue13.clashweave.validation.ClientReplay:viewReplay:295]: P0_VIEW COMPLETE nano=32846138064200
[16:00:30] [Client thread/INFO] [STDOUT]: [com.layue13.clashweave.validation.ClientReplay:viewReplay:295]: P0_VIEW COMPLETE nano=32846188660000
[16:00:30] [Client thread/INFO] [STDOUT]: [com.layue13.clashweave.validation.ClientReplay:viewReplay:295]: P0_VIEW COMPLETE nano=32846238864300
[16:00:30] [Client thread/INFO] [STDOUT]: [com.layue13.clashweave.validation.ClientReplay:viewReplay:295]: P0_VIEW COMPLETE nano=32846288417700
[16:00:30] [Client thread/INFO] [STDOUT]: [com.layue13.clashweave.validation.ClientReplay:viewReplay:295]: P0_VIEW COMPLETE nano=32846338080299
[16:00:30] [Client thread/INFO] [STDOUT]: [com.layue13.clashweave.validation.ClientReplay:viewReplay:295]: P0_VIEW COMPLETE nano=32846388737499
[16:00:30] [Client thread/INFO] [STDOUT]: [com.layue13.clashweave.validation.ClientReplay:viewReplay:295]: P0_VIEW COMPLETE nano=32846438323500
[16:00:30] [Client thread/INFO] [STDOUT]: [com.layue13.clashweave.validation.ClientReplay:viewReplay:295]: P0_VIEW COMPLETE nano=32846488494899
[16:00:30] [Client thread/INFO] [STDOUT]: [com.layue13.clashweave.validation.ClientReplay:viewReplay:295]: P0_VIEW COMPLETE nano=32846538740400
[16:00:30] [Client thread/INFO] [STDOUT]: [com.layue13.clashweave.validation.ClientReplay:viewReplay:295]: P0_VIEW COMPLETE nano=32846588387099
[16:00:31] [Client thread/INFO] [STDOUT]: [com.layue13.clashweave.validation.ClientReplay:viewReplay:295]: P0_VIEW COMPLETE nano=32846637999600
[16:00:31] [Client thread/INFO] [STDOUT]: [com.layue13.clashweave.validation.ClientReplay:viewReplay:295]: P0_VIEW COMPLETE nano=32846688006800
[16:00:31] [Client thread/INFO] [STDOUT]: [com.layue13.clashweave.validation.ClientReplay:viewReplay:295]: P0_VIEW COMPLETE nano=32846738087500
[16:00:31] [Client thread/INFO] [STDOUT]: [com.layue13.clashweave.validation.ClientReplay:viewReplay:295]: P0_VIEW COMPLETE nano=32846787983100
